company_year_id,company,fiscal_year,discovered,downloaded,historical_url,population_source,population_source_sha256,source_row_or_index,evidence_source,evidence_locator,evidence_temporality,evidence_type,request_status,http_status,exception_type,retry_evidence,timestamp_evidence,invocation_evidence,failure_layer,reason_code,evidence_strength,historical_cause_status,notes
INE002A01018::FY2010,Reliance Industries Limited,2010,True,False,https://nsearchives.nseindia.com/annual_reports/AR_RELIANCE_2009_2010_20082010120000.zip,reports/pm5_stage_table.csv,30e93b59ac689f00fab182583fb25883322e429be42b4ba14e13a1011b916dc9,pm5_stage_table.csv:row_2,pm5_stage_table.csv; cohort_reports.jsonl; live_store_documents.jsonl,"pm5_stage_table.csv:L2; cohort_reports.jsonl:L1,2",NEAR_CONTEMPORANEOUS,HISTORICAL_STAGE_TABLE_AND_DISCOVERY_MANIFEST,REQUEST_NOT_CONFIRMED,NOT_RECORDED,NOT_RECORDED,NONE_RECORDED,DISCOVERY_TIMESTAMP_ONLY,NO_REQUEST_EVIDENCE,UNKNOWN,REASON_CODE_MISSING,UNKNOWN_AFTER_REVIEW,UNKNOWN_AFTER_REVIEW,cands=2 (bse:1+nse:1); top_src=nse; top_ext=zip; in_fetch_manifest=NO
INE002A01018::FY2011,Reliance Industries Limited,2011,True,False,https://nsearchives.nseindia.com/annual_reports/AR_RELIANCE_2010_2011_14072011112222.zip,reports/pm5_stage_table.csv,30e93b59ac689f00fab182583fb25883322e429be42b4ba14e13a1011b916dc9,pm5_stage_table.csv:row_3,pm5_stage_table.csv; cohort_reports.jsonl; live_store_documents.jsonl,"pm5_stage_table.csv:L3; cohort_reports.jsonl:L3,4",NEAR_CONTEMPORANEOUS,HISTORICAL_STAGE_TABLE_AND_DISCOVERY_MANIFEST,REQUEST_NOT_CONFIRMED,NOT_RECORDED,NOT_RECORDED,NONE_RECORDED,DISCOVERY_TIMESTAMP_ONLY,NO_REQUEST_EVIDENCE,UNKNOWN,REASON_CODE_MISSING,UNKNOWN_AFTER_REVIEW,UNKNOWN_AFTER_REVIEW,cands=2 (bse:1+nse:1); top_src=nse; top_ext=zip; in_fetch_manifest=NO
INE002A01018::FY2014,Reliance Industries Limited,2014,True,False,https://nsearchives.nseindia.com/annual_reports/AR_3303_RELIANCE_2013_2014_22052014100211.zip,reports/pm5_stage_table.csv,30e93b59ac689f00fab182583fb25883322e429be42b4ba14e13a1011b916dc9,pm5_stage_table.csv:row_6,pm5_stage_table.csv; cohort_reports.jsonl; live_store_documents.jsonl,"pm5_stage_table.csv:L6; cohort_reports.jsonl:L11,12,13",NEAR_CONTEMPORANEOUS,HISTORICAL_STAGE_TABLE_AND_DISCOVERY_MANIFEST,REQUEST_NOT_CONFIRMED,NOT_RECORDED,NOT_RECORDED,NONE_RECORDED,DISCOVERY_TIMESTAMP_ONLY,NO_REQUEST_EVIDENCE,UNKNOWN,REASON_CODE_MISSING,UNKNOWN_AFTER_REVIEW,UNKNOWN_AFTER_REVIEW,cands=3 (bse:1+nse:1+screener:1); top_src=nse; top_ext=zip; in_fetch_manifest=NO
INE002A01018::FY2015,Reliance Industries Limited,2015,True,False,https://nsearchives.nseindia.com/annual_reports/AR_6032_RELIANCE_2014_2015_25052015103822.zip,reports/pm5_stage_table.csv,30e93b59ac689f00fab182583fb25883322e429be42b4ba14e13a1011b916dc9,pm5_stage_table.csv:row_7,pm5_stage_table.csv; cohort_reports.jsonl; live_store_documents.jsonl,"pm5_stage_table.csv:L7; cohort_reports.jsonl:L14,15,16",NEAR_CONTEMPORANEOUS,HISTORICAL_STAGE_TABLE_AND_DISCOVERY_MANIFEST,REQUEST_NOT_CONFIRMED,NOT_RECORDED,NOT_RECORDED,NONE_RECORDED,DISCOVERY_TIMESTAMP_ONLY,NO_REQUEST_EVIDENCE,UNKNOWN,REASON_CODE_MISSING,UNKNOWN_AFTER_REVIEW,UNKNOWN_AFTER_REVIEW,cands=3 (bse:1+nse:1+screener:1); top_src=nse; top_ext=zip; in_fetch_manifest=NO
INE002A01018::FY2016,Reliance Industries Limited,2016,True,False,https://nsearchives.nseindia.com/annual_reports/AR_9570_RELIANCE_2015_2016_09092016095858.zip,reports/pm5_stage_table.csv,30e93b59ac689f00fab182583fb25883322e429be42b4ba14e13a1011b916dc9,pm5_stage_table.csv:row_8,pm5_stage_table.csv; cohort_reports.jsonl; live_store_documents.jsonl,"pm5_stage_table.csv:L8; cohort_reports.jsonl:L17,18,19",NEAR_CONTEMPORANEOUS,HISTORICAL_STAGE_TABLE_AND_DISCOVERY_MANIFEST,REQUEST_NOT_CONFIRMED,NOT_RECORDED,NOT_RECORDED,NONE_RECORDED,DISCOVERY_TIMESTAMP_ONLY,NO_REQUEST_EVIDENCE,UNKNOWN,REASON_CODE_MISSING,UNKNOWN_AFTER_REVIEW,UNKNOWN_AFTER_REVIEW,cands=3 (bse:1+nse:1+screener:1); top_src=nse; top_ext=zip; in_fetch_manifest=NO
INE002A01018::FY2019,Reliance Industries Limited,2019,True,False,https://nsearchives.nseindia.com/annual_reports/AR_14981_RELIANCE_2018_2019_19072019205801_19072019210006.zip,reports/pm5_stage_table.csv,30e93b59ac689f00fab182583fb25883322e429be42b4ba14e13a1011b916dc9,pm5_stage_table.csv:row_11,pm5_stage_table.csv; cohort_reports.jsonl; live_store_documents.jsonl,"pm5_stage_table.csv:L11; cohort_reports.jsonl:L26,27,28",NEAR_CONTEMPORANEOUS,HISTORICAL_STAGE_TABLE_AND_DISCOVERY_MANIFEST,REQUEST_NOT_CONFIRMED,NOT_RECORDED,NOT_RECORDED,NONE_RECORDED,DISCOVERY_TIMESTAMP_ONLY,NO_REQUEST_EVIDENCE,UNKNOWN,REASON_CODE_MISSING,UNKNOWN_AFTER_REVIEW,UNKNOWN_AFTER_REVIEW,cands=3 (bse:1+nse:1+screener:1); top_src=nse; top_ext=zip; in_fetch_manifest=NO
INE002A01018::FY2020,Reliance Industries Limited,2020,True,False,https://nsearchives.nseindia.com/annual_reports/AR_16311_RELIANCE_2019_2020_23062020175839_23062020180002.zip,reports/pm5_stage_table.csv,30e93b59ac689f00fab182583fb25883322e429be42b4ba14e13a1011b916dc9,pm5_stage_table.csv:row_12,pm5_stage_table.csv; cohort_reports.jsonl; live_store_documents.jsonl,"pm5_stage_table.csv:L12; cohort_reports.jsonl:L29,30,31",NEAR_CONTEMPORANEOUS,HISTORICAL_STAGE_TABLE_AND_DISCOVERY_MANIFEST,REQUEST_NOT_CONFIRMED,NOT_RECORDED,NOT_RECORDED,NONE_RECORDED,DISCOVERY_TIMESTAMP_ONLY,NO_REQUEST_EVIDENCE,UNKNOWN,REASON_CODE_MISSING,UNKNOWN_AFTER_REVIEW,UNKNOWN_AFTER_REVIEW,cands=3 (bse:1+nse:1+screener:1); top_src=nse; top_ext=zip; in_fetch_manifest=NO
INE002A01018::FY2021,Reliance Industries Limited,2021,True,False,https://nsearchives.nseindia.com/annual_reports/AR_18110_RELIANCE_2020_2021_02062021182738_02062021190007.zip,reports/pm5_stage_table.csv,30e93b59ac689f00fab182583fb25883322e429be42b4ba14e13a1011b916dc9,pm5_stage_table.csv:row_13,pm5_stage_table.csv; cohort_reports.jsonl; live_store_documents.jsonl,"pm5_stage_table.csv:L13; cohort_reports.jsonl:L32,33,34",NEAR_CONTEMPORANEOUS,HISTORICAL_STAGE_TABLE_AND_DISCOVERY_MANIFEST,REQUEST_NOT_CONFIRMED,NOT_RECORDED,NOT_RECORDED,NONE_RECORDED,DISCOVERY_TIMESTAMP_ONLY,NO_REQUEST_EVIDENCE,UNKNOWN,REASON_CODE_MISSING,UNKNOWN_AFTER_REVIEW,UNKNOWN_AFTER_REVIEW,cands=3 (bse:1+nse:1+screener:1); top_src=nse; top_ext=zip; in_fetch_manifest=NO
INE002A01018::FY2022,Reliance Industries Limited,2022,True,False,https://nsearchives.nseindia.com/annual_reports/AR_20656_RELIANCE_2021_2022_07082022233831.zip,reports/pm5_stage_table.csv,30e93b59ac689f00fab182583fb25883322e429be42b4ba14e13a1011b916dc9,pm5_stage_table.csv:row_14,pm5_stage_table.csv; cohort_reports.jsonl; live_store_documents.jsonl,"pm5_stage_table.csv:L14; cohort_reports.jsonl:L35,36,37",NEAR_CONTEMPORANEOUS,HISTORICAL_STAGE_TABLE_AND_DISCOVERY_MANIFEST,REQUEST_NOT_CONFIRMED,NOT_RECORDED,NOT_RECORDED,NONE_RECORDED,DISCOVERY_TIMESTAMP_ONLY,NO_REQUEST_EVIDENCE,UNKNOWN,REASON_CODE_MISSING,UNKNOWN_AFTER_REVIEW,UNKNOWN_AFTER_REVIEW,cands=3 (bse:1+nse:1+screener:1); top_src=nse; top_ext=zip; in_fetch_manifest=NO
INE002A01018::FY2023,Reliance Industries Limited,2023,True,False,https://nsearchives.nseindia.com/annual_reports/AR_22673_RELIANCE_2022_2023_06082023144106_08062023150000.zip,reports/pm5_stage_table.csv,30e93b59ac689f00fab182583fb25883322e429be42b4ba14e13a1011b916dc9,pm5_stage_table.csv:row_15,pm5_stage_table.csv; cohort_reports.jsonl; live_store_documents.jsonl,"pm5_stage_table.csv:L15; cohort_reports.jsonl:L38,39,40",NEAR_CONTEMPORANEOUS,HISTORICAL_STAGE_TABLE_AND_DISCOVERY_MANIFEST,REQUEST_NOT_CONFIRMED,NOT_RECORDED,NOT_RECORDED,NONE_RECORDED,DISCOVERY_TIMESTAMP_ONLY,NO_REQUEST_EVIDENCE,UNKNOWN,REASON_CODE_MISSING,UNKNOWN_AFTER_REVIEW,UNKNOWN_AFTER_REVIEW,cands=3 (bse:1+nse:1+screener:1); top_src=nse; top_ext=zip; in_fetch_manifest=NO
INE009A01021::FY2010,Infosys Limited,2010,True,False,https://nsearchives.nseindia.com/annual_reports/AR_INFOSYSTCH_2009_2010_18082010121500.zip,reports/pm5_stage_table.csv,30e93b59ac689f00fab182583fb25883322e429be42b4ba14e13a1011b916dc9,pm5_stage_table.csv:row_18,pm5_stage_table.csv; cohort_reports.jsonl; live_store_documents.jsonl,"pm5_stage_table.csv:L18; cohort_reports.jsonl:L47,48",NEAR_CONTEMPORANEOUS,HISTORICAL_STAGE_TABLE_AND_DISCOVERY_MANIFEST,REQUEST_NOT_CONFIRMED,NOT_RECORDED,NOT_RECORDED,NONE_RECORDED,DISCOVERY_TIMESTAMP_ONLY,NO_REQUEST_EVIDENCE,UNKNOWN,REASON_CODE_MISSING,UNKNOWN_AFTER_REVIEW,UNKNOWN_AFTER_REVIEW,cands=2 (bse:1+nse:1); top_src=nse; top_ext=zip; in_fetch_manifest=NO
INE009A01021::FY2011,Infosys Limited,2011,True,False,https://www.bseindia.com/bseplus/AnnualReport/500209/5002090311.pdf,reports/pm5_stage_table.csv,30e93b59ac689f00fab182583fb25883322e429be42b4ba14e13a1011b916dc9,pm5_stage_table.csv:row_19,pm5_stage_table.csv; cohort_reports.jsonl; live_store_documents.jsonl,pm5_stage_table.csv:L19; cohort_reports.jsonl:L49,NEAR_CONTEMPORANEOUS,HISTORICAL_STAGE_TABLE_AND_DISCOVERY_MANIFEST,REQUEST_NOT_CONFIRMED,NOT_RECORDED,NOT_RECORDED,NONE_RECORDED,DISCOVERY_TIMESTAMP_ONLY,NO_REQUEST_EVIDENCE,UNKNOWN,REASON_CODE_MISSING,UNKNOWN_AFTER_REVIEW,UNKNOWN_AFTER_REVIEW,cands=1 (bse:1); top_src=bse; top_ext=pdf; in_fetch_manifest=NO
INE009A01021::FY2014,Infosys Limited,2014,True,False,https://nsearchives.nseindia.com/annual_reports/AR_3291_INFY_2013_2014_15052014150002.zip,reports/pm5_stage_table.csv,30e93b59ac689f00fab182583fb25883322e429be42b4ba14e13a1011b916dc9,pm5_stage_table.csv:row_22,pm5_stage_table.csv; cohort_reports.jsonl; live_store_documents.jsonl,"pm5_stage_table.csv:L22; cohort_reports.jsonl:L55,56,57",NEAR_CONTEMPORANEOUS,HISTORICAL_STAGE_TABLE_AND_DISCOVERY_MANIFEST,REQUEST_NOT_CONFIRMED,NOT_RECORDED,NOT_RECORDED,NONE_RECORDED,DISCOVERY_TIMESTAMP_ONLY,NO_REQUEST_EVIDENCE,UNKNOWN,REASON_CODE_MISSING,UNKNOWN_AFTER_REVIEW,UNKNOWN_AFTER_REVIEW,cands=3 (bse:1+nse:1+screener:1); top_src=nse; top_ext=zip; in_fetch_manifest=NO
INE009A01021::FY2015,Infosys Limited,2015,True,False,https://nsearchives.nseindia.com/annual_reports/AR_6038_INFY_2014_2015_25052015182909.zip,reports/pm5_stage_table.csv,30e93b59ac689f00fab182583fb25883322e429be42b4ba14e13a1011b916dc9,pm5_stage_table.csv:row_23,pm5_stage_table.csv; cohort_reports.jsonl; live_store_documents.jsonl,"pm5_stage_table.csv:L23; cohort_reports.jsonl:L58,59,60",NEAR_CONTEMPORANEOUS,HISTORICAL_STAGE_TABLE_AND_DISCOVERY_MANIFEST,REQUEST_NOT_CONFIRMED,NOT_RECORDED,NOT_RECORDED,NONE_RECORDED,DISCOVERY_TIMESTAMP_ONLY,NO_REQUEST_EVIDENCE,UNKNOWN,REASON_CODE_MISSING,UNKNOWN_AFTER_REVIEW,UNKNOWN_AFTER_REVIEW,cands=3 (bse:1+nse:1+screener:1); top_src=nse; top_ext=zip; in_fetch_manifest=NO
INE009A01021::FY2016,Infosys Limited,2016,True,False,https://nsearchives.nseindia.com/annual_reports/AR_9411_INFY_2015_2016_19082016140004.zip,reports/pm5_stage_table.csv,30e93b59ac689f00fab182583fb25883322e429be42b4ba14e13a1011b916dc9,pm5_stage_table.csv:row_24,pm5_stage_table.csv; cohort_reports.jsonl; live_store_documents.jsonl,"pm5_stage_table.csv:L24; cohort_reports.jsonl:L61,62,63",NEAR_CONTEMPORANEOUS,HISTORICAL_STAGE_TABLE_AND_DISCOVERY_MANIFEST,REQUEST_NOT_CONFIRMED,NOT_RECORDED,NOT_RECORDED,NONE_RECORDED,DISCOVERY_TIMESTAMP_ONLY,NO_REQUEST_EVIDENCE,UNKNOWN,REASON_CODE_MISSING,UNKNOWN_AFTER_REVIEW,UNKNOWN_AFTER_REVIEW,cands=3 (bse:1+nse:1+screener:1); top_src=nse; top_ext=zip; in_fetch_manifest=NO
INE009A01021::FY2019,Infosys Limited,2019,True,False,https://nsearchives.nseindia.com/annual_reports/AR_15996_INFY_2018_2019_12092019125217_12092019130003.zip,reports/pm5_stage_table.csv,30e93b59ac689f00fab182583fb25883322e429be42b4ba14e13a1011b916dc9,pm5_stage_table.csv:row_27,pm5_stage_table.csv; cohort_reports.jsonl; live_store_documents.jsonl,"pm5_stage_table.csv:L27; cohort_reports.jsonl:L70,71,72",NEAR_CONTEMPORANEOUS,HISTORICAL_STAGE_TABLE_AND_DISCOVERY_MANIFEST,REQUEST_NOT_CONFIRMED,NOT_RECORDED,NOT_RECORDED,NONE_RECORDED,DISCOVERY_TIMESTAMP_ONLY,NO_REQUEST_EVIDENCE,UNKNOWN,REASON_CODE_MISSING,UNKNOWN_AFTER_REVIEW,UNKNOWN_AFTER_REVIEW,cands=3 (bse:1+nse:1+screener:1); top_src=nse; top_ext=zip; in_fetch_manifest=NO
INE009A01021::FY2020,Infosys Limited,2020,True,False,https://nsearchives.nseindia.com/annual_reports/AR_16421_INFY_2019_2020_09072020213841_09072020220002.zip,reports/pm5_stage_table.csv,30e93b59ac689f00fab182583fb25883322e429be42b4ba14e13a1011b916dc9,pm5_stage_table.csv:row_28,pm5_stage_table.csv; cohort_reports.jsonl; live_store_documents.jsonl,"pm5_stage_table.csv:L28; cohort_reports.jsonl:L73,74,75",NEAR_CONTEMPORANEOUS,HISTORICAL_STAGE_TABLE_AND_DISCOVERY_MANIFEST,REQUEST_NOT_CONFIRMED,NOT_RECORDED,NOT_RECORDED,NONE_RECORDED,DISCOVERY_TIMESTAMP_ONLY,NO_REQUEST_EVIDENCE,UNKNOWN,REASON_CODE_MISSING,UNKNOWN_AFTER_REVIEW,UNKNOWN_AFTER_REVIEW,cands=3 (bse:1+nse:1+screener:1); top_src=nse; top_ext=zip; in_fetch_manifest=NO
INE009A01021::FY2021,Infosys Limited,2021,True,False,https://nsearchives.nseindia.com/annual_reports/AR_18089_INFY_2020_2021_26052021171221_26052021180006.zip,reports/pm5_stage_table.csv,30e93b59ac689f00fab182583fb25883322e429be42b4ba14e13a1011b916dc9,pm5_stage_table.csv:row_29,pm5_stage_table.csv; cohort_reports.jsonl; live_store_documents.jsonl,"pm5_stage_table.csv:L29; cohort_reports.jsonl:L76,77,78",NEAR_CONTEMPORANEOUS,HISTORICAL_STAGE_TABLE_AND_DISCOVERY_MANIFEST,REQUEST_NOT_CONFIRMED,NOT_RECORDED,NOT_RECORDED,NONE_RECORDED,DISCOVERY_TIMESTAMP_ONLY,NO_REQUEST_EVIDENCE,UNKNOWN,REASON_CODE_MISSING,UNKNOWN_AFTER_REVIEW,UNKNOWN_AFTER_REVIEW,cands=3 (bse:1+nse:1+screener:1); top_src=nse; top_ext=zip; in_fetch_manifest=NO
INE009A01021::FY2022,Infosys Limited,2022,True,False,https://nsearchives.nseindia.com/annual_reports/AR_21446_INFY_2021_2022_06092022113659_09062022120009.zip,reports/pm5_stage_table.csv,30e93b59ac689f00fab182583fb25883322e429be42b4ba14e13a1011b916dc9,pm5_stage_table.csv:row_30,pm5_stage_table.csv; cohort_reports.jsonl; live_store_documents.jsonl,"pm5_stage_table.csv:L30; cohort_reports.jsonl:L79,80,81",NEAR_CONTEMPORANEOUS,HISTORICAL_STAGE_TABLE_AND_DISCOVERY_MANIFEST,REQUEST_NOT_CONFIRMED,NOT_RECORDED,NOT_RECORDED,NONE_RECORDED,DISCOVERY_TIMESTAMP_ONLY,NO_REQUEST_EVIDENCE,UNKNOWN,REASON_CODE_MISSING,UNKNOWN_AFTER_REVIEW,UNKNOWN_AFTER_REVIEW,cands=3 (bse:1+nse:1+screener:1); top_src=nse; top_ext=zip; in_fetch_manifest=NO
INE009A01021::FY2023,Infosys Limited,2023,True,False,https://nsearchives.nseindia.com/annual_reports/AR_21960_INFY_2022_2023_02062023190044_06022023200001.zip,reports/pm5_stage_table.csv,30e93b59ac689f00fab182583fb25883322e429be42b4ba14e13a1011b916dc9,pm5_stage_table.csv:row_31,pm5_stage_table.csv; cohort_reports.jsonl; live_store_documents.jsonl,"pm5_stage_table.csv:L31; cohort_reports.jsonl:L82,83,84",NEAR_CONTEMPORANEOUS,HISTORICAL_STAGE_TABLE_AND_DISCOVERY_MANIFEST,REQUEST_NOT_CONFIRMED,NOT_RECORDED,NOT_RECORDED,NONE_RECORDED,DISCOVERY_TIMESTAMP_ONLY,NO_REQUEST_EVIDENCE,UNKNOWN,REASON_CODE_MISSING,UNKNOWN_AFTER_REVIEW,UNKNOWN_AFTER_REVIEW,cands=3 (bse:1+nse:1+screener:1); top_src=nse; top_ext=zip; in_fetch_manifest=NO
INE040A01034::FY2010,HDFC Bank Limited,2010,True,False,https://nsearchives.nseindia.com/annual_reports/AR_HDFCBANK_2009_2010_18082010121500.zip,reports/pm5_stage_table.csv,30e93b59ac689f00fab182583fb25883322e429be42b4ba14e13a1011b916dc9,pm5_stage_table.csv:row_34,pm5_stage_table.csv; cohort_reports.jsonl; live_store_documents.jsonl,"pm5_stage_table.csv:L34; cohort_reports.jsonl:L91,92",NEAR_CONTEMPORANEOUS,HISTORICAL_STAGE_TABLE_AND_DISCOVERY_MANIFEST,REQUEST_NOT_CONFIRMED,NOT_RECORDED,NOT_RECORDED,NONE_RECORDED,DISCOVERY_TIMESTAMP_ONLY,NO_REQUEST_EVIDENCE,UNKNOWN,REASON_CODE_MISSING,UNKNOWN_AFTER_REVIEW,UNKNOWN_AFTER_REVIEW,cands=2 (bse:1+nse:1); top_src=nse; top_ext=zip; in_fetch_manifest=NO
INE040A01034::FY2011,HDFC Bank Limited,2011,True,False,https://nsearchives.nseindia.com/annual_reports/AR_HDFCBANK_2010_2011_14072011105623.zip,reports/pm5_stage_table.csv,30e93b59ac689f00fab182583fb25883322e429be42b4ba14e13a1011b916dc9,pm5_stage_table.csv:row_35,pm5_stage_table.csv; cohort_reports.jsonl; live_store_documents.jsonl,"pm5_stage_table.csv:L35; cohort_reports.jsonl:L93,94",NEAR_CONTEMPORANEOUS,HISTORICAL_STAGE_TABLE_AND_DISCOVERY_MANIFEST,REQUEST_NOT_CONFIRMED,NOT_RECORDED,NOT_RECORDED,NONE_RECORDED,DISCOVERY_TIMESTAMP_ONLY,NO_REQUEST_EVIDENCE,UNKNOWN,REASON_CODE_MISSING,UNKNOWN_AFTER_REVIEW,UNKNOWN_AFTER_REVIEW,cands=2 (bse:1+nse:1); top_src=nse; top_ext=zip; in_fetch_manifest=NO
INE040A01034::FY2014,HDFC Bank Limited,2014,True,False,https://nsearchives.nseindia.com/annual_reports/AR_3393_HDFCBANK_2013_2014_12062014114216.zip,reports/pm5_stage_table.csv,30e93b59ac689f00fab182583fb25883322e429be42b4ba14e13a1011b916dc9,pm5_stage_table.csv:row_38,pm5_stage_table.csv; cohort_reports.jsonl; live_store_documents.jsonl,"pm5_stage_table.csv:L38; cohort_reports.jsonl:L99,100",NEAR_CONTEMPORANEOUS,HISTORICAL_STAGE_TABLE_AND_DISCOVERY_MANIFEST,REQUEST_NOT_CONFIRMED,NOT_RECORDED,NOT_RECORDED,NONE_RECORDED,DISCOVERY_TIMESTAMP_ONLY,NO_REQUEST_EVIDENCE,UNKNOWN,REASON_CODE_MISSING,UNKNOWN_AFTER_REVIEW,UNKNOWN_AFTER_REVIEW,cands=2 (bse:1+nse:1); top_src=nse; top_ext=zip; in_fetch_manifest=NO
INE040A01034::FY2015,HDFC Bank Limited,2015,True,False,https://nsearchives.nseindia.com/annual_reports/AR_6180_HDFCBANK_2014_2015_29062015190351.zip,reports/pm5_stage_table.csv,30e93b59ac689f00fab182583fb25883322e429be42b4ba14e13a1011b916dc9,pm5_stage_table.csv:row_39,pm5_stage_table.csv; cohort_reports.jsonl; live_store_documents.jsonl,"pm5_stage_table.csv:L39; cohort_reports.jsonl:L101,102",NEAR_CONTEMPORANEOUS,HISTORICAL_STAGE_TABLE_AND_DISCOVERY_MANIFEST,REQUEST_NOT_CONFIRMED,NOT_RECORDED,NOT_RECORDED,NONE_RECORDED,DISCOVERY_TIMESTAMP_ONLY,NO_REQUEST_EVIDENCE,UNKNOWN,REASON_CODE_MISSING,UNKNOWN_AFTER_REVIEW,UNKNOWN_AFTER_REVIEW,cands=2 (bse:1+nse:1); top_src=nse; top_ext=zip; in_fetch_manifest=NO
INE040A01034::FY2016,HDFC Bank Limited,2016,True,False,https://nsearchives.nseindia.com/annual_reports/AR_9108_HDFCBANK_2015_2016_26072016101219.zip,reports/pm5_stage_table.csv,30e93b59ac689f00fab182583fb25883322e429be42b4ba14e13a1011b916dc9,pm5_stage_table.csv:row_40,pm5_stage_table.csv; cohort_reports.jsonl; live_store_documents.jsonl,"pm5_stage_table.csv:L40; cohort_reports.jsonl:L103,104",NEAR_CONTEMPORANEOUS,HISTORICAL_STAGE_TABLE_AND_DISCOVERY_MANIFEST,REQUEST_NOT_CONFIRMED,NOT_RECORDED,NOT_RECORDED,NONE_RECORDED,DISCOVERY_TIMESTAMP_ONLY,NO_REQUEST_EVIDENCE,UNKNOWN,REASON_CODE_MISSING,UNKNOWN_AFTER_REVIEW,UNKNOWN_AFTER_REVIEW,cands=2 (bse:1+nse:1); top_src=nse; top_ext=zip; in_fetch_manifest=NO
INE040A01034::FY2019,HDFC Bank Limited,2019,True,False,https://nsearchives.nseindia.com/annual_reports/AR_14530_HDFCBANK_2018_2019_11062019151036.zip,reports/pm5_stage_table.csv,30e93b59ac689f00fab182583fb25883322e429be42b4ba14e13a1011b916dc9,pm5_stage_table.csv:row_43,pm5_stage_table.csv; cohort_reports.jsonl; live_store_documents.jsonl,"pm5_stage_table.csv:L43; cohort_reports.jsonl:L109,110",NEAR_CONTEMPORANEOUS,HISTORICAL_STAGE_TABLE_AND_DISCOVERY_MANIFEST,REQUEST_NOT_CONFIRMED,NOT_RECORDED,NOT_RECORDED,NONE_RECORDED,DISCOVERY_TIMESTAMP_ONLY,NO_REQUEST_EVIDENCE,UNKNOWN,REASON_CODE_MISSING,UNKNOWN_AFTER_REVIEW,UNKNOWN_AFTER_REVIEW,cands=2 (bse:1+nse:1); top_src=nse; top_ext=zip; in_fetch_manifest=NO
INE040A01034::FY2020,HDFC Bank Limited,2020,True,False,https://nsearchives.nseindia.com/annual_reports/AR_16315_HDFCBANK_2019_2020_24062020213340.zip,reports/pm5_stage_table.csv,30e93b59ac689f00fab182583fb25883322e429be42b4ba14e13a1011b916dc9,pm5_stage_table.csv:row_44,pm5_stage_table.csv; cohort_reports.jsonl; live_store_documents.jsonl,"pm5_stage_table.csv:L44; cohort_reports.jsonl:L111,112",NEAR_CONTEMPORANEOUS,HISTORICAL_STAGE_TABLE_AND_DISCOVERY_MANIFEST,REQUEST_NOT_CONFIRMED,NOT_RECORDED,NOT_RECORDED,NONE_RECORDED,DISCOVERY_TIMESTAMP_ONLY,NO_REQUEST_EVIDENCE,UNKNOWN,REASON_CODE_MISSING,UNKNOWN_AFTER_REVIEW,UNKNOWN_AFTER_REVIEW,cands=2 (bse:1+nse:1); top_src=nse; top_ext=zip; in_fetch_manifest=NO
INE040A01034::FY2021,HDFC Bank Limited,2021,True,False,https://nsearchives.nseindia.com/annual_reports/AR_18179_HDFCBANK_2020_2021_22062021195835_22062021200007.zip,reports/pm5_stage_table.csv,30e93b59ac689f00fab182583fb25883322e429be42b4ba14e13a1011b916dc9,pm5_stage_table.csv:row_45,pm5_stage_table.csv; cohort_reports.jsonl; live_store_documents.jsonl,"pm5_stage_table.csv:L45; cohort_reports.jsonl:L113,114",NEAR_CONTEMPORANEOUS,HISTORICAL_STAGE_TABLE_AND_DISCOVERY_MANIFEST,REQUEST_NOT_CONFIRMED,NOT_RECORDED,NOT_RECORDED,NONE_RECORDED,DISCOVERY_TIMESTAMP_ONLY,NO_REQUEST_EVIDENCE,UNKNOWN,REASON_CODE_MISSING,UNKNOWN_AFTER_REVIEW,UNKNOWN_AFTER_REVIEW,cands=2 (bse:1+nse:1); top_src=nse; top_ext=zip; in_fetch_manifest=NO
INE040A01034::FY2022,HDFC Bank Limited,2022,True,False,https://nsearchives.nseindia.com/annual_reports/AR_20085_HDFCBANK_2021_2022_21062022163130_06212022170003.zip,reports/pm5_stage_table.csv,30e93b59ac689f00fab182583fb25883322e429be42b4ba14e13a1011b916dc9,pm5_stage_table.csv:row_46,pm5_stage_table.csv; cohort_reports.jsonl; live_store_documents.jsonl,"pm5_stage_table.csv:L46; cohort_reports.jsonl:L115,116",NEAR_CONTEMPORANEOUS,HISTORICAL_STAGE_TABLE_AND_DISCOVERY_MANIFEST,REQUEST_NOT_CONFIRMED,NOT_RECORDED,NOT_RECORDED,NONE_RECORDED,DISCOVERY_TIMESTAMP_ONLY,NO_REQUEST_EVIDENCE,UNKNOWN,REASON_CODE_MISSING,UNKNOWN_AFTER_REVIEW,UNKNOWN_AFTER_REVIEW,cands=2 (bse:1+nse:1); top_src=nse; top_ext=zip; in_fetch_manifest=NO
INE040A01034::FY2023,HDFC Bank Limited,2023,True,False,https://nsearchives.nseindia.com/annual_reports/AR_22445_HDFCBANK_2022_2023_19072023141052_07192023150000.zip,reports/pm5_stage_table.csv,30e93b59ac689f00fab182583fb25883322e429be42b4ba14e13a1011b916dc9,pm5_stage_table.csv:row_47,pm5_stage_table.csv; cohort_reports.jsonl; live_store_documents.jsonl,"pm5_stage_table.csv:L47; cohort_reports.jsonl:L117,118",NEAR_CONTEMPORANEOUS,HISTORICAL_STAGE_TABLE_AND_DISCOVERY_MANIFEST,REQUEST_NOT_CONFIRMED,NOT_RECORDED,NOT_RECORDED,NONE_RECORDED,DISCOVERY_TIMESTAMP_ONLY,NO_REQUEST_EVIDENCE,UNKNOWN,REASON_CODE_MISSING,UNKNOWN_AFTER_REVIEW,UNKNOWN_AFTER_REVIEW,cands=2 (bse:1+nse:1); top_src=nse; top_ext=zip; in_fetch_manifest=NO
INE044A01036::FY2010,Sun Pharmaceutical Industries Limited,2010,True,False,https://nsearchives.nseindia.com/annual_reports/AR_SUNPHARMA_2009_2010_13042011020000.zip,reports/pm5_stage_table.csv,30e93b59ac689f00fab182583fb25883322e429be42b4ba14e13a1011b916dc9,pm5_stage_table.csv:row_50,pm5_stage_table.csv; cohort_reports.jsonl; live_store_documents.jsonl,"pm5_stage_table.csv:L50; cohort_reports.jsonl:L124,125",NEAR_CONTEMPORANEOUS,HISTORICAL_STAGE_TABLE_AND_DISCOVERY_MANIFEST,REQUEST_NOT_CONFIRMED,NOT_RECORDED,NOT_RECORDED,NONE_RECORDED,DISCOVERY_TIMESTAMP_ONLY,NO_REQUEST_EVIDENCE,UNKNOWN,REASON_CODE_MISSING,UNKNOWN_AFTER_REVIEW,UNKNOWN_AFTER_REVIEW,cands=2 (bse:1+nse:1); top_src=nse; top_ext=zip; in_fetch_manifest=NO
INE044A01036::FY2011,Sun Pharmaceutical Industries Limited,2011,True,False,https://nsearchives.nseindia.com/annual_reports/AR_SUNPHARMA_2010_2011_20092011024040.zip,reports/pm5_stage_table.csv,30e93b59ac689f00fab182583fb25883322e429be42b4ba14e13a1011b916dc9,pm5_stage_table.csv:row_51,pm5_stage_table.csv; cohort_reports.jsonl; live_store_documents.jsonl,"pm5_stage_table.csv:L51; cohort_reports.jsonl:L126,127",NEAR_CONTEMPORANEOUS,HISTORICAL_STAGE_TABLE_AND_DISCOVERY_MANIFEST,REQUEST_NOT_CONFIRMED,NOT_RECORDED,NOT_RECORDED,NONE_RECORDED,DISCOVERY_TIMESTAMP_ONLY,NO_REQUEST_EVIDENCE,UNKNOWN,REASON_CODE_MISSING,UNKNOWN_AFTER_REVIEW,UNKNOWN_AFTER_REVIEW,cands=2 (bse:1+nse:1); top_src=nse; top_ext=zip; in_fetch_manifest=NO
INE044A01036::FY2014,Sun Pharmaceutical Industries Limited,2014,True,False,https://nsearchives.nseindia.com/annual_reports/AR_5436_SUNPHARMA_2013_2014_17092014111723.zip,reports/pm5_stage_table.csv,30e93b59ac689f00fab182583fb25883322e429be42b4ba14e13a1011b916dc9,pm5_stage_table.csv:row_54,pm5_stage_table.csv; cohort_reports.jsonl; live_store_documents.jsonl,"pm5_stage_table.csv:L54; cohort_reports.jsonl:L134,135,136",NEAR_CONTEMPORANEOUS,HISTORICAL_STAGE_TABLE_AND_DISCOVERY_MANIFEST,REQUEST_NOT_CONFIRMED,NOT_RECORDED,NOT_RECORDED,NONE_RECORDED,DISCOVERY_TIMESTAMP_ONLY,NO_REQUEST_EVIDENCE,UNKNOWN,REASON_CODE_MISSING,UNKNOWN_AFTER_REVIEW,UNKNOWN_AFTER_REVIEW,cands=3 (bse:1+nse:1+screener:1); top_src=nse; top_ext=zip; in_fetch_manifest=NO
INE044A01036::FY2015,Sun Pharmaceutical Industries Limited,2015,True,False,https://nsearchives.nseindia.com/annual_reports/AR_8644_SUNPHARMA_2014_2015_07102015123110.zip,reports/pm5_stage_table.csv,30e93b59ac689f00fab182583fb25883322e429be42b4ba14e13a1011b916dc9,pm5_stage_table.csv:row_55,pm5_stage_table.csv; cohort_reports.jsonl; live_store_documents.jsonl,"pm5_stage_table.csv:L55; cohort_reports.jsonl:L137,138,139",NEAR_CONTEMPORANEOUS,HISTORICAL_STAGE_TABLE_AND_DISCOVERY_MANIFEST,REQUEST_NOT_CONFIRMED,NOT_RECORDED,NOT_RECORDED,NONE_RECORDED,DISCOVERY_TIMESTAMP_ONLY,NO_REQUEST_EVIDENCE,UNKNOWN,REASON_CODE_MISSING,UNKNOWN_AFTER_REVIEW,UNKNOWN_AFTER_REVIEW,cands=3 (bse:1+nse:1+screener:1); top_src=nse; top_ext=zip; in_fetch_manifest=NO
INE044A01036::FY2016,Sun Pharmaceutical Industries Limited,2016,True,False,https://nsearchives.nseindia.com/annual_reports/AR_9833_SUNPHARMA_2015_2016_23092016182100.zip,reports/pm5_stage_table.csv,30e93b59ac689f00fab182583fb25883322e429be42b4ba14e13a1011b916dc9,pm5_stage_table.csv:row_56,pm5_stage_table.csv; cohort_reports.jsonl; live_store_documents.jsonl,"pm5_stage_table.csv:L56; cohort_reports.jsonl:L140,141,142",NEAR_CONTEMPORANEOUS,HISTORICAL_STAGE_TABLE_AND_DISCOVERY_MANIFEST,REQUEST_NOT_CONFIRMED,NOT_RECORDED,NOT_RECORDED,NONE_RECORDED,DISCOVERY_TIMESTAMP_ONLY,NO_REQUEST_EVIDENCE,UNKNOWN,REASON_CODE_MISSING,UNKNOWN_AFTER_REVIEW,UNKNOWN_AFTER_REVIEW,cands=3 (bse:1+nse:1+screener:1); top_src=nse; top_ext=zip; in_fetch_manifest=NO
INE044A01036::FY2019,Sun Pharmaceutical Industries Limited,2019,True,False,https://nsearchives.nseindia.com/annual_reports/AR_15064_SUNPHARMA_2018_2019_30072019181959_30072019190007.zip,reports/pm5_stage_table.csv,30e93b59ac689f00fab182583fb25883322e429be42b4ba14e13a1011b916dc9,pm5_stage_table.csv:row_59,pm5_stage_table.csv; cohort_reports.jsonl; live_store_documents.jsonl,"pm5_stage_table.csv:L59; cohort_reports.jsonl:L149,150,151",NEAR_CONTEMPORANEOUS,HISTORICAL_STAGE_TABLE_AND_DISCOVERY_MANIFEST,REQUEST_NOT_CONFIRMED,NOT_RECORDED,NOT_RECORDED,NONE_RECORDED,DISCOVERY_TIMESTAMP_ONLY,NO_REQUEST_EVIDENCE,UNKNOWN,REASON_CODE_MISSING,UNKNOWN_AFTER_REVIEW,UNKNOWN_AFTER_REVIEW,cands=3 (bse:1+nse:1+screener:1); top_src=nse; top_ext=zip; in_fetch_manifest=NO
INE044A01036::FY2020,Sun Pharmaceutical Industries Limited,2020,True,False,https://nsearchives.nseindia.com/annual_reports/AR_16630_SUNPHARMA_2019_2020_03082020161028_03082020170003.zip,reports/pm5_stage_table.csv,30e93b59ac689f00fab182583fb25883322e429be42b4ba14e13a1011b916dc9,pm5_stage_table.csv:row_60,pm5_stage_table.csv; cohort_reports.jsonl; live_store_documents.jsonl,"pm5_stage_table.csv:L60; cohort_reports.jsonl:L152,153,154",NEAR_CONTEMPORANEOUS,HISTORICAL_STAGE_TABLE_AND_DISCOVERY_MANIFEST,REQUEST_NOT_CONFIRMED,NOT_RECORDED,NOT_RECORDED,NONE_RECORDED,DISCOVERY_TIMESTAMP_ONLY,NO_REQUEST_EVIDENCE,UNKNOWN,REASON_CODE_MISSING,UNKNOWN_AFTER_REVIEW,UNKNOWN_AFTER_REVIEW,cands=3 (bse:1+nse:1+screener:1); top_src=nse; top_ext=zip; in_fetch_manifest=NO
INE044A01036::FY2021,Sun Pharmaceutical Industries Limited,2021,True,False,https://nsearchives.nseindia.com/annual_reports/AR_18640_SUNPHARMA_2020_2021_06082021150740_06082021160002.zip,reports/pm5_stage_table.csv,30e93b59ac689f00fab182583fb25883322e429be42b4ba14e13a1011b916dc9,pm5_stage_table.csv:row_61,pm5_stage_table.csv; cohort_reports.jsonl; live_store_documents.jsonl,"pm5_stage_table.csv:L61; cohort_reports.jsonl:L155,156,157",NEAR_CONTEMPORANEOUS,HISTORICAL_STAGE_TABLE_AND_DISCOVERY_MANIFEST,REQUEST_NOT_CONFIRMED,NOT_RECORDED,NOT_RECORDED,NONE_RECORDED,DISCOVERY_TIMESTAMP_ONLY,NO_REQUEST_EVIDENCE,UNKNOWN,REASON_CODE_MISSING,UNKNOWN_AFTER_REVIEW,UNKNOWN_AFTER_REVIEW,cands=3 (bse:1+nse:1+screener:1); top_src=nse; top_ext=zip; in_fetch_manifest=NO
INE044A01036::FY2022,Sun Pharmaceutical Industries Limited,2022,True,False,https://nsearchives.nseindia.com/annual_reports/AR_20619_SUNPHARMA_2021_2022_05082022171004.zip,reports/pm5_stage_table.csv,30e93b59ac689f00fab182583fb25883322e429be42b4ba14e13a1011b916dc9,pm5_stage_table.csv:row_62,pm5_stage_table.csv; cohort_reports.jsonl; live_store_documents.jsonl,"pm5_stage_table.csv:L62; cohort_reports.jsonl:L158,159,160",NEAR_CONTEMPORANEOUS,HISTORICAL_STAGE_TABLE_AND_DISCOVERY_MANIFEST,REQUEST_NOT_CONFIRMED,NOT_RECORDED,NOT_RECORDED,NONE_RECORDED,DISCOVERY_TIMESTAMP_ONLY,NO_REQUEST_EVIDENCE,UNKNOWN,REASON_CODE_MISSING,UNKNOWN_AFTER_REVIEW,UNKNOWN_AFTER_REVIEW,cands=3 (bse:1+nse:1+screener:1); top_src=nse; top_ext=zip; in_fetch_manifest=NO
INE044A01036::FY2023,Sun Pharmaceutical Industries Limited,2023,True,False,https://nsearchives.nseindia.com/annual_reports/AR_22527_SUNPHARMA_2022_2023_27072023180137.zip,reports/pm5_stage_table.csv,30e93b59ac689f00fab182583fb25883322e429be42b4ba14e13a1011b916dc9,pm5_stage_table.csv:row_63,pm5_stage_table.csv; cohort_reports.jsonl; live_store_documents.jsonl,"pm5_stage_table.csv:L63; cohort_reports.jsonl:L161,162,163",NEAR_CONTEMPORANEOUS,HISTORICAL_STAGE_TABLE_AND_DISCOVERY_MANIFEST,REQUEST_NOT_CONFIRMED,NOT_RECORDED,NOT_RECORDED,NONE_RECORDED,DISCOVERY_TIMESTAMP_ONLY,NO_REQUEST_EVIDENCE,UNKNOWN,REASON_CODE_MISSING,UNKNOWN_AFTER_REVIEW,UNKNOWN_AFTER_REVIEW,cands=3 (bse:1+nse:1+screener:1); top_src=nse; top_ext=zip; in_fetch_manifest=NO
INE081A01020::FY2010,Tata Steel Limited,2010,True,False,https://nsearchives.nseindia.com/annual_reports/AR_TATASTEEL_2009_2010_20082010120000.zip,reports/pm5_stage_table.csv,30e93b59ac689f00fab182583fb25883322e429be42b4ba14e13a1011b916dc9,pm5_stage_table.csv:row_66,pm5_stage_table.csv; cohort_reports.jsonl; live_store_documents.jsonl,"pm5_stage_table.csv:L66; cohort_reports.jsonl:L170,171",NEAR_CONTEMPORANEOUS,HISTORICAL_STAGE_TABLE_AND_DISCOVERY_MANIFEST,REQUEST_NOT_CONFIRMED,NOT_RECORDED,NOT_RECORDED,NONE_RECORDED,DISCOVERY_TIMESTAMP_ONLY,NO_REQUEST_EVIDENCE,UNKNOWN,REASON_CODE_MISSING,UNKNOWN_AFTER_REVIEW,UNKNOWN_AFTER_REVIEW,cands=2 (bse:1+nse:1); top_src=nse; top_ext=zip; in_fetch_manifest=NO
INE081A01020::FY2011,Tata Steel Limited,2011,True,False,https://nsearchives.nseindia.com/annual_reports/AR_TATASTEEL_2010_2011_15072011102826.zip,reports/pm5_stage_table.csv,30e93b59ac689f00fab182583fb25883322e429be42b4ba14e13a1011b916dc9,pm5_stage_table.csv:row_67,pm5_stage_table.csv; cohort_reports.jsonl; live_store_documents.jsonl,"pm5_stage_table.csv:L67; cohort_reports.jsonl:L172,173",NEAR_CONTEMPORANEOUS,HISTORICAL_STAGE_TABLE_AND_DISCOVERY_MANIFEST,REQUEST_NOT_CONFIRMED,NOT_RECORDED,NOT_RECORDED,NONE_RECORDED,DISCOVERY_TIMESTAMP_ONLY,NO_REQUEST_EVIDENCE,UNKNOWN,REASON_CODE_MISSING,UNKNOWN_AFTER_REVIEW,UNKNOWN_AFTER_REVIEW,cands=2 (bse:1+nse:1); top_src=nse; top_ext=zip; in_fetch_manifest=NO
INE081A01020::FY2014,Tata Steel Limited,2014,True,False,https://nsearchives.nseindia.com/annual_reports/AR_4012_TATASTEEL_2013_2014_23072014101312.zip,reports/pm5_stage_table.csv,30e93b59ac689f00fab182583fb25883322e429be42b4ba14e13a1011b916dc9,pm5_stage_table.csv:row_70,pm5_stage_table.csv; cohort_reports.jsonl; live_store_documents.jsonl,"pm5_stage_table.csv:L70; cohort_reports.jsonl:L180,181,182",NEAR_CONTEMPORANEOUS,HISTORICAL_STAGE_TABLE_AND_DISCOVERY_MANIFEST,REQUEST_NOT_CONFIRMED,NOT_RECORDED,NOT_RECORDED,NONE_RECORDED,DISCOVERY_TIMESTAMP_ONLY,NO_REQUEST_EVIDENCE,UNKNOWN,REASON_CODE_MISSING,UNKNOWN_AFTER_REVIEW,UNKNOWN_AFTER_REVIEW,cands=3 (bse:1+nse:1+screener:1); top_src=nse; top_ext=zip; in_fetch_manifest=NO
INE081A01020::FY2015,Tata Steel Limited,2015,True,False,https://nsearchives.nseindia.com/annual_reports/AR_6632_TATASTEEL_2014_2015_21072015134936.zip,reports/pm5_stage_table.csv,30e93b59ac689f00fab182583fb25883322e429be42b4ba14e13a1011b916dc9,pm5_stage_table.csv:row_71,pm5_stage_table.csv; cohort_reports.jsonl; live_store_documents.jsonl,"pm5_stage_table.csv:L71; cohort_reports.jsonl:L183,184,185",NEAR_CONTEMPORANEOUS,HISTORICAL_STAGE_TABLE_AND_DISCOVERY_MANIFEST,REQUEST_NOT_CONFIRMED,NOT_RECORDED,NOT_RECORDED,NONE_RECORDED,DISCOVERY_TIMESTAMP_ONLY,NO_REQUEST_EVIDENCE,UNKNOWN,REASON_CODE_MISSING,UNKNOWN_AFTER_REVIEW,UNKNOWN_AFTER_REVIEW,cands=3 (bse:1+nse:1+screener:1); top_src=nse; top_ext=zip; in_fetch_manifest=NO
INE081A01020::FY2016,Tata Steel Limited,2016,True,False,https://nsearchives.nseindia.com/annual_reports/AR_9362_TATASTEEL_2015_2016_16082016104323.zip,reports/pm5_stage_table.csv,30e93b59ac689f00fab182583fb25883322e429be42b4ba14e13a1011b916dc9,pm5_stage_table.csv:row_72,pm5_stage_table.csv; cohort_reports.jsonl; live_store_documents.jsonl,"pm5_stage_table.csv:L72; cohort_reports.jsonl:L186,187,188",NEAR_CONTEMPORANEOUS,HISTORICAL_STAGE_TABLE_AND_DISCOVERY_MANIFEST,REQUEST_NOT_CONFIRMED,NOT_RECORDED,NOT_RECORDED,NONE_RECORDED,DISCOVERY_TIMESTAMP_ONLY,NO_REQUEST_EVIDENCE,UNKNOWN,REASON_CODE_MISSING,UNKNOWN_AFTER_REVIEW,UNKNOWN_AFTER_REVIEW,cands=3 (bse:1+nse:1+screener:1); top_src=nse; top_ext=zip; in_fetch_manifest=NO
INE081A01020::FY2019,Tata Steel Limited,2019,True,False,https://nsearchives.nseindia.com/annual_reports/AR_14575_TATASTEEL_2018_2019_23062019000512_23062019070009.zip,reports/pm5_stage_table.csv,30e93b59ac689f00fab182583fb25883322e429be42b4ba14e13a1011b916dc9,pm5_stage_table.csv:row_75,pm5_stage_table.csv; cohort_reports.jsonl; live_store_documents.jsonl,"pm5_stage_table.csv:L75; cohort_reports.jsonl:L195,196,197",NEAR_CONTEMPORANEOUS,HISTORICAL_STAGE_TABLE_AND_DISCOVERY_MANIFEST,REQUEST_NOT_CONFIRMED,NOT_RECORDED,NOT_RECORDED,NONE_RECORDED,DISCOVERY_TIMESTAMP_ONLY,NO_REQUEST_EVIDENCE,UNKNOWN,REASON_CODE_MISSING,UNKNOWN_AFTER_REVIEW,UNKNOWN_AFTER_REVIEW,cands=3 (bse:1+nse:1+screener:1); top_src=nse; top_ext=zip; in_fetch_manifest=NO
INE081A01020::FY2020,Tata Steel Limited,2020,True,False,https://nsearchives.nseindia.com/annual_reports/AR_16597_TATASTEEL_2019_2020_29072020200235_29072020210002.zip,reports/pm5_stage_table.csv,30e93b59ac689f00fab182583fb25883322e429be42b4ba14e13a1011b916dc9,pm5_stage_table.csv:row_76,pm5_stage_table.csv; cohort_reports.jsonl; live_store_documents.jsonl,"pm5_stage_table.csv:L76; cohort_reports.jsonl:L198,199,200",NEAR_CONTEMPORANEOUS,HISTORICAL_STAGE_TABLE_AND_DISCOVERY_MANIFEST,REQUEST_NOT_CONFIRMED,NOT_RECORDED,NOT_RECORDED,NONE_RECORDED,DISCOVERY_TIMESTAMP_ONLY,NO_REQUEST_EVIDENCE,UNKNOWN,REASON_CODE_MISSING,UNKNOWN_AFTER_REVIEW,UNKNOWN_AFTER_REVIEW,cands=3 (bse:1+nse:1+screener:1); top_src=nse; top_ext=zip; in_fetch_manifest=NO
INE081A01020::FY2021,Tata Steel Limited,2021,True,False,https://nsearchives.nseindia.com/annual_reports/AR_18127_TATASTEEL_2020_2021_07062021210611_07062021220013.zip,reports/pm5_stage_table.csv,30e93b59ac689f00fab182583fb25883322e429be42b4ba14e13a1011b916dc9,pm5_stage_table.csv:row_77,pm5_stage_table.csv; cohort_reports.jsonl; live_store_documents.jsonl,"pm5_stage_table.csv:L77; cohort_reports.jsonl:L201,202,203",NEAR_CONTEMPORANEOUS,HISTORICAL_STAGE_TABLE_AND_DISCOVERY_MANIFEST,REQUEST_NOT_CONFIRMED,NOT_RECORDED,NOT_RECORDED,NONE_RECORDED,DISCOVERY_TIMESTAMP_ONLY,NO_REQUEST_EVIDENCE,UNKNOWN,REASON_CODE_MISSING,UNKNOWN_AFTER_REVIEW,UNKNOWN_AFTER_REVIEW,cands=3 (bse:1+nse:1+screener:1); top_src=nse; top_ext=zip; in_fetch_manifest=NO
INE081A01020::FY2022,Tata Steel Limited,2022,True,False,https://nsearchives.nseindia.com/annual_reports/AR_20008_TATASTEEL_2021_2022_04062022215719_06042022220003.zip,reports/pm5_stage_table.csv,30e93b59ac689f00fab182583fb25883322e429be42b4ba14e13a1011b916dc9,pm5_stage_table.csv:row_78,pm5_stage_table.csv; cohort_reports.jsonl; live_store_documents.jsonl,"pm5_stage_table.csv:L78; cohort_reports.jsonl:L204,205,206",NEAR_CONTEMPORANEOUS,HISTORICAL_STAGE_TABLE_AND_DISCOVERY_MANIFEST,REQUEST_NOT_CONFIRMED,NOT_RECORDED,NOT_RECORDED,NONE_RECORDED,DISCOVERY_TIMESTAMP_ONLY,NO_REQUEST_EVIDENCE,UNKNOWN,REASON_CODE_MISSING,UNKNOWN_AFTER_REVIEW,UNKNOWN_AFTER_REVIEW,cands=3 (bse:1+nse:1+screener:1); top_src=nse; top_ext=zip; in_fetch_manifest=NO
INE081A01020::FY2023,Tata Steel Limited,2023,True,False,https://nsearchives.nseindia.com/annual_reports/AR_22010_TATASTEEL_2022_2023_13062023000121_06132023070003.zip,reports/pm5_stage_table.csv,30e93b59ac689f00fab182583fb25883322e429be42b4ba14e13a1011b916dc9,pm5_stage_table.csv:row_79,pm5_stage_table.csv; cohort_reports.jsonl; live_store_documents.jsonl,"pm5_stage_table.csv:L79; cohort_reports.jsonl:L207,208,209",NEAR_CONTEMPORANEOUS,HISTORICAL_STAGE_TABLE_AND_DISCOVERY_MANIFEST,REQUEST_NOT_CONFIRMED,NOT_RECORDED,NOT_RECORDED,NONE_RECORDED,DISCOVERY_TIMESTAMP_ONLY,NO_REQUEST_EVIDENCE,UNKNOWN,REASON_CODE_MISSING,UNKNOWN_AFTER_REVIEW,UNKNOWN_AFTER_REVIEW,cands=3 (bse:1+nse:1+screener:1); top_src=nse; top_ext=zip; in_fetch_manifest=NO
INE154A01025::FY2010,ITC Limited,2010,True,False,https://www.bseindia.com/bseplus/AnnualReport/500875/5008750310.pdf,reports/pm5_stage_table.csv,30e93b59ac689f00fab182583fb25883322e429be42b4ba14e13a1011b916dc9,pm5_stage_table.csv:row_82,pm5_stage_table.csv; cohort_reports.jsonl; live_store_documents.jsonl,pm5_stage_table.csv:L82; cohort_reports.jsonl:L217,NEAR_CONTEMPORANEOUS,HISTORICAL_STAGE_TABLE_AND_DISCOVERY_MANIFEST,REQUEST_NOT_CONFIRMED,NOT_RECORDED,NOT_RECORDED,NONE_RECORDED,DISCOVERY_TIMESTAMP_ONLY,NO_REQUEST_EVIDENCE,UNKNOWN,REASON_CODE_MISSING,UNKNOWN_AFTER_REVIEW,UNKNOWN_AFTER_REVIEW,cands=1 (bse:1); top_src=bse; top_ext=pdf; in_fetch_manifest=NO
INE154A01025::FY2011,ITC Limited,2011,True,False,https://nsearchives.nseindia.com/annual_reports/AR_ITC_2010_2011_21072011082535.zip,reports/pm5_stage_table.csv,30e93b59ac689f00fab182583fb25883322e429be42b4ba14e13a1011b916dc9,pm5_stage_table.csv:row_83,pm5_stage_table.csv; cohort_reports.jsonl; live_store_documents.jsonl,"pm5_stage_table.csv:L83; cohort_reports.jsonl:L218,219",NEAR_CONTEMPORANEOUS,HISTORICAL_STAGE_TABLE_AND_DISCOVERY_MANIFEST,REQUEST_NOT_CONFIRMED,NOT_RECORDED,NOT_RECORDED,NONE_RECORDED,DISCOVERY_TIMESTAMP_ONLY,NO_REQUEST_EVIDENCE,UNKNOWN,REASON_CODE_MISSING,UNKNOWN_AFTER_REVIEW,UNKNOWN_AFTER_REVIEW,cands=2 (bse:1+nse:1); top_src=nse; top_ext=zip; in_fetch_manifest=NO
INE154A01025::FY2014,ITC Limited,2014,True,False,https://nsearchives.nseindia.com/annual_reports/AR_3483_ITC_2013_2014_24062014181145.zip,reports/pm5_stage_table.csv,30e93b59ac689f00fab182583fb25883322e429be42b4ba14e13a1011b916dc9,pm5_stage_table.csv:row_86,pm5_stage_table.csv; cohort_reports.jsonl; live_store_documents.jsonl,"pm5_stage_table.csv:L86; cohort_reports.jsonl:L226,227,228",NEAR_CONTEMPORANEOUS,HISTORICAL_STAGE_TABLE_AND_DISCOVERY_MANIFEST,REQUEST_NOT_CONFIRMED,NOT_RECORDED,NOT_RECORDED,NONE_RECORDED,DISCOVERY_TIMESTAMP_ONLY,NO_REQUEST_EVIDENCE,UNKNOWN,REASON_CODE_MISSING,UNKNOWN_AFTER_REVIEW,UNKNOWN_AFTER_REVIEW,cands=3 (bse:1+nse:1+screener:1); top_src=nse; top_ext=zip; in_fetch_manifest=NO
INE154A01025::FY2015,ITC Limited,2015,True,False,https://nsearchives.nseindia.com/annual_reports/AR_6155_ITC_2014_2015_23062015145609.zip,reports/pm5_stage_table.csv,30e93b59ac689f00fab182583fb25883322e429be42b4ba14e13a1011b916dc9,pm5_stage_table.csv:row_87,pm5_stage_table.csv; cohort_reports.jsonl; live_store_documents.jsonl,"pm5_stage_table.csv:L87; cohort_reports.jsonl:L229,230,231",NEAR_CONTEMPORANEOUS,HISTORICAL_STAGE_TABLE_AND_DISCOVERY_MANIFEST,REQUEST_NOT_CONFIRMED,NOT_RECORDED,NOT_RECORDED,NONE_RECORDED,DISCOVERY_TIMESTAMP_ONLY,NO_REQUEST_EVIDENCE,UNKNOWN,REASON_CODE_MISSING,UNKNOWN_AFTER_REVIEW,UNKNOWN_AFTER_REVIEW,cands=3 (bse:1+nse:1+screener:1); top_src=nse; top_ext=zip; in_fetch_manifest=NO
INE154A01025::FY2016,ITC Limited,2016,True,False,https://nsearchives.nseindia.com/annual_reports/AR_9167_ITC_2015_2016_02082016123337.zip,reports/pm5_stage_table.csv,30e93b59ac689f00fab182583fb25883322e429be42b4ba14e13a1011b916dc9,pm5_stage_table.csv:row_88,pm5_stage_table.csv; cohort_reports.jsonl; live_store_documents.jsonl,"pm5_stage_table.csv:L88; cohort_reports.jsonl:L232,233,234",NEAR_CONTEMPORANEOUS,HISTORICAL_STAGE_TABLE_AND_DISCOVERY_MANIFEST,REQUEST_NOT_CONFIRMED,NOT_RECORDED,NOT_RECORDED,NONE_RECORDED,DISCOVERY_TIMESTAMP_ONLY,NO_REQUEST_EVIDENCE,UNKNOWN,REASON_CODE_MISSING,UNKNOWN_AFTER_REVIEW,UNKNOWN_AFTER_REVIEW,cands=3 (bse:1+nse:1+screener:1); top_src=nse; top_ext=zip; in_fetch_manifest=NO
INE154A01025::FY2019,ITC Limited,2019,True,False,https://nsearchives.nseindia.com/annual_reports/AR_14535_ITC_2018_2019_13062019141634_13062019150007.zip,reports/pm5_stage_table.csv,30e93b59ac689f00fab182583fb25883322e429be42b4ba14e13a1011b916dc9,pm5_stage_table.csv:row_91,pm5_stage_table.csv; cohort_reports.jsonl; live_store_documents.jsonl,"pm5_stage_table.csv:L91; cohort_reports.jsonl:L241,242,243",NEAR_CONTEMPORANEOUS,HISTORICAL_STAGE_TABLE_AND_DISCOVERY_MANIFEST,REQUEST_NOT_CONFIRMED,NOT_RECORDED,NOT_RECORDED,NONE_RECORDED,DISCOVERY_TIMESTAMP_ONLY,NO_REQUEST_EVIDENCE,UNKNOWN,REASON_CODE_MISSING,UNKNOWN_AFTER_REVIEW,UNKNOWN_AFTER_REVIEW,cands=3 (bse:1+nse:1+screener:1); top_src=nse; top_ext=zip; in_fetch_manifest=NO
INE154A01025::FY2020,ITC Limited,2020,True,False,https://nsearchives.nseindia.com/annual_reports/AR_16645_ITC_2019_2020_04082020145227_04082020150003.zip,reports/pm5_stage_table.csv,30e93b59ac689f00fab182583fb25883322e429be42b4ba14e13a1011b916dc9,pm5_stage_table.csv:row_92,pm5_stage_table.csv; cohort_reports.jsonl; live_store_documents.jsonl,"pm5_stage_table.csv:L92; cohort_reports.jsonl:L244,245,246",NEAR_CONTEMPORANEOUS,HISTORICAL_STAGE_TABLE_AND_DISCOVERY_MANIFEST,REQUEST_NOT_CONFIRMED,NOT_RECORDED,NOT_RECORDED,NONE_RECORDED,DISCOVERY_TIMESTAMP_ONLY,NO_REQUEST_EVIDENCE,UNKNOWN,REASON_CODE_MISSING,UNKNOWN_AFTER_REVIEW,UNKNOWN_AFTER_REVIEW,cands=3 (bse:1+nse:1+screener:1); top_src=nse; top_ext=zip; in_fetch_manifest=NO
INE154A01025::FY2021,ITC Limited,2021,True,False,https://nsearchives.nseindia.com/annual_reports/AR_18389_ITC_2020_2021_13072021230506_14072021070003.zip,reports/pm5_stage_table.csv,30e93b59ac689f00fab182583fb25883322e429be42b4ba14e13a1011b916dc9,pm5_stage_table.csv:row_93,pm5_stage_table.csv; cohort_reports.jsonl; live_store_documents.jsonl,"pm5_stage_table.csv:L93; cohort_reports.jsonl:L247,248,249",NEAR_CONTEMPORANEOUS,HISTORICAL_STAGE_TABLE_AND_DISCOVERY_MANIFEST,REQUEST_NOT_CONFIRMED,NOT_RECORDED,NOT_RECORDED,NONE_RECORDED,DISCOVERY_TIMESTAMP_ONLY,NO_REQUEST_EVIDENCE,UNKNOWN,REASON_CODE_MISSING,UNKNOWN_AFTER_REVIEW,UNKNOWN_AFTER_REVIEW,cands=3 (bse:1+nse:1+screener:1); top_src=nse; top_ext=zip; in_fetch_manifest=NO
INE154A01025::FY2022,ITC Limited,2022,True,False,https://nsearchives.nseindia.com/annual_reports/AR_20089_ITC_2021_2022_22062022120218_06222022130003.zip,reports/pm5_stage_table.csv,30e93b59ac689f00fab182583fb25883322e429be42b4ba14e13a1011b916dc9,pm5_stage_table.csv:row_94,pm5_stage_table.csv; cohort_reports.jsonl; live_store_documents.jsonl,"pm5_stage_table.csv:L94; cohort_reports.jsonl:L250,251,252",NEAR_CONTEMPORANEOUS,HISTORICAL_STAGE_TABLE_AND_DISCOVERY_MANIFEST,REQUEST_NOT_CONFIRMED,NOT_RECORDED,NOT_RECORDED,NONE_RECORDED,DISCOVERY_TIMESTAMP_ONLY,NO_REQUEST_EVIDENCE,UNKNOWN,REASON_CODE_MISSING,UNKNOWN_AFTER_REVIEW,UNKNOWN_AFTER_REVIEW,cands=3 (bse:1+nse:1+screener:1); top_src=nse; top_ext=zip; in_fetch_manifest=NO
INE154A01025::FY2023,ITC Limited,2023,True,False,https://nsearchives.nseindia.com/annual_reports/AR_22277_ITC_2022_2023_11072023111027_07112023120000.zip,reports/pm5_stage_table.csv,30e93b59ac689f00fab182583fb25883322e429be42b4ba14e13a1011b916dc9,pm5_stage_table.csv:row_95,pm5_stage_table.csv; cohort_reports.jsonl; live_store_documents.jsonl,"pm5_stage_table.csv:L95; cohort_reports.jsonl:L253,254,255",NEAR_CONTEMPORANEOUS,HISTORICAL_STAGE_TABLE_AND_DISCOVERY_MANIFEST,REQUEST_NOT_CONFIRMED,NOT_RECORDED,NOT_RECORDED,NONE_RECORDED,DISCOVERY_TIMESTAMP_ONLY,NO_REQUEST_EVIDENCE,UNKNOWN,REASON_CODE_MISSING,UNKNOWN_AFTER_REVIEW,UNKNOWN_AFTER_REVIEW,cands=3 (bse:1+nse:1+screener:1); top_src=nse; top_ext=zip; in_fetch_manifest=NO
INE002L01015::FY2010,SJVN Limited,2010,True,False,https://nsearchives.nseindia.com/annual_reports/AR_SJVN_2009_2010_09092010120000.zip,reports/pm5_stage_table.csv,30e93b59ac689f00fab182583fb25883322e429be42b4ba14e13a1011b916dc9,pm5_stage_table.csv:row_98,pm5_stage_table.csv; cohort_reports.jsonl; live_store_documents.jsonl,"pm5_stage_table.csv:L98; cohort_reports.jsonl:L262,263",NEAR_CONTEMPORANEOUS,HISTORICAL_STAGE_TABLE_AND_DISCOVERY_MANIFEST,REQUEST_NOT_CONFIRMED,NOT_RECORDED,NOT_RECORDED,NONE_RECORDED,DISCOVERY_TIMESTAMP_ONLY,NO_REQUEST_EVIDENCE,UNKNOWN,REASON_CODE_MISSING,UNKNOWN_AFTER_REVIEW,UNKNOWN_AFTER_REVIEW,cands=2 (bse:1+nse:1); top_src=nse; top_ext=zip; in_fetch_manifest=NO
INE002L01015::FY2011,SJVN Limited,2011,True,False,https://nsearchives.nseindia.com/annual_reports/AR_SJVN_2010_2011_25102011055252.zip,reports/pm5_stage_table.csv,30e93b59ac689f00fab182583fb25883322e429be42b4ba14e13a1011b916dc9,pm5_stage_table.csv:row_99,pm5_stage_table.csv; cohort_reports.jsonl; live_store_documents.jsonl,"pm5_stage_table.csv:L99; cohort_reports.jsonl:L264,265",NEAR_CONTEMPORANEOUS,HISTORICAL_STAGE_TABLE_AND_DISCOVERY_MANIFEST,REQUEST_NOT_CONFIRMED,NOT_RECORDED,NOT_RECORDED,NONE_RECORDED,DISCOVERY_TIMESTAMP_ONLY,NO_REQUEST_EVIDENCE,UNKNOWN,REASON_CODE_MISSING,UNKNOWN_AFTER_REVIEW,UNKNOWN_AFTER_REVIEW,cands=2 (bse:1+nse:1); top_src=nse; top_ext=zip; in_fetch_manifest=NO
INE002L01015::FY2014,SJVN Limited,2014,True,False,https://nsearchives.nseindia.com/annual_reports/AR_4490_SJVN_2013_2014_26082014100156.zip,reports/pm5_stage_table.csv,30e93b59ac689f00fab182583fb25883322e429be42b4ba14e13a1011b916dc9,pm5_stage_table.csv:row_102,pm5_stage_table.csv; cohort_reports.jsonl; live_store_documents.jsonl,"pm5_stage_table.csv:L102; cohort_reports.jsonl:L272,273,274",NEAR_CONTEMPORANEOUS,HISTORICAL_STAGE_TABLE_AND_DISCOVERY_MANIFEST,REQUEST_NOT_CONFIRMED,NOT_RECORDED,NOT_RECORDED,NONE_RECORDED,DISCOVERY_TIMESTAMP_ONLY,NO_REQUEST_EVIDENCE,UNKNOWN,REASON_CODE_MISSING,UNKNOWN_AFTER_REVIEW,UNKNOWN_AFTER_REVIEW,cands=3 (bse:1+nse:1+screener:1); top_src=nse; top_ext=zip; in_fetch_manifest=NO
INE002L01015::FY2015,SJVN Limited,2015,True,False,https://nsearchives.nseindia.com/annual_reports/AR_7208_SJVN_2014_2015_21082015141734.zip,reports/pm5_stage_table.csv,30e93b59ac689f00fab182583fb25883322e429be42b4ba14e13a1011b916dc9,pm5_stage_table.csv:row_103,pm5_stage_table.csv; cohort_reports.jsonl; live_store_documents.jsonl,"pm5_stage_table.csv:L103; cohort_reports.jsonl:L275,276,277",NEAR_CONTEMPORANEOUS,HISTORICAL_STAGE_TABLE_AND_DISCOVERY_MANIFEST,REQUEST_NOT_CONFIRMED,NOT_RECORDED,NOT_RECORDED,NONE_RECORDED,DISCOVERY_TIMESTAMP_ONLY,NO_REQUEST_EVIDENCE,UNKNOWN,REASON_CODE_MISSING,UNKNOWN_AFTER_REVIEW,UNKNOWN_AFTER_REVIEW,cands=3 (bse:1+nse:1+screener:1); top_src=nse; top_ext=zip; in_fetch_manifest=NO
INE002L01015::FY2016,SJVN Limited,2016,True,False,https://nsearchives.nseindia.com/annual_reports/AR_9902_SJVN_2015_2016_26092016181113.zip,reports/pm5_stage_table.csv,30e93b59ac689f00fab182583fb25883322e429be42b4ba14e13a1011b916dc9,pm5_stage_table.csv:row_104,pm5_stage_table.csv; cohort_reports.jsonl; live_store_documents.jsonl,"pm5_stage_table.csv:L104; cohort_reports.jsonl:L278,279,280",NEAR_CONTEMPORANEOUS,HISTORICAL_STAGE_TABLE_AND_DISCOVERY_MANIFEST,REQUEST_NOT_CONFIRMED,NOT_RECORDED,NOT_RECORDED,NONE_RECORDED,DISCOVERY_TIMESTAMP_ONLY,NO_REQUEST_EVIDENCE,UNKNOWN,REASON_CODE_MISSING,UNKNOWN_AFTER_REVIEW,UNKNOWN_AFTER_REVIEW,cands=3 (bse:1+nse:1+screener:1); top_src=nse; top_ext=zip; in_fetch_manifest=NO
INE002L01015::FY2019,SJVN Limited,2019,True,False,https://nsearchives.nseindia.com/annual_reports/AR_15503_SJVN_2018_2019_30082019175051_30082019180019.zip,reports/pm5_stage_table.csv,30e93b59ac689f00fab182583fb25883322e429be42b4ba14e13a1011b916dc9,pm5_stage_table.csv:row_107,pm5_stage_table.csv; cohort_reports.jsonl; live_store_documents.jsonl,"pm5_stage_table.csv:L107; cohort_reports.jsonl:L287,288,289",NEAR_CONTEMPORANEOUS,HISTORICAL_STAGE_TABLE_AND_DISCOVERY_MANIFEST,REQUEST_NOT_CONFIRMED,NOT_RECORDED,NOT_RECORDED,NONE_RECORDED,DISCOVERY_TIMESTAMP_ONLY,NO_REQUEST_EVIDENCE,UNKNOWN,REASON_CODE_MISSING,UNKNOWN_AFTER_REVIEW,UNKNOWN_AFTER_REVIEW,cands=3 (bse:1+nse:1+screener:1); top_src=nse; top_ext=zip; in_fetch_manifest=NO
INE002L01015::FY2020,SJVN Limited,2020,True,False,https://nsearchives.nseindia.com/annual_reports/AR_17198_SJVN_2019_2020_03092020160932_03092020170006.zip,reports/pm5_stage_table.csv,30e93b59ac689f00fab182583fb25883322e429be42b4ba14e13a1011b916dc9,pm5_stage_table.csv:row_108,pm5_stage_table.csv; cohort_reports.jsonl; live_store_documents.jsonl,"pm5_stage_table.csv:L108; cohort_reports.jsonl:L290,291,292",NEAR_CONTEMPORANEOUS,HISTORICAL_STAGE_TABLE_AND_DISCOVERY_MANIFEST,REQUEST_NOT_CONFIRMED,NOT_RECORDED,NOT_RECORDED,NONE_RECORDED,DISCOVERY_TIMESTAMP_ONLY,NO_REQUEST_EVIDENCE,UNKNOWN,REASON_CODE_MISSING,UNKNOWN_AFTER_REVIEW,UNKNOWN_AFTER_REVIEW,cands=3 (bse:1+nse:1+screener:1); top_src=nse; top_ext=zip; in_fetch_manifest=NO
INE002L01015::FY2021,SJVN Limited,2021,True,False,https://nsearchives.nseindia.com/annual_reports/AR_19157_SJVN_2020_2021_02092021120553_09022021130012.zip,reports/pm5_stage_table.csv,30e93b59ac689f00fab182583fb25883322e429be42b4ba14e13a1011b916dc9,pm5_stage_table.csv:row_109,pm5_stage_table.csv; cohort_reports.jsonl; live_store_documents.jsonl,"pm5_stage_table.csv:L109; cohort_reports.jsonl:L293,294,295",NEAR_CONTEMPORANEOUS,HISTORICAL_STAGE_TABLE_AND_DISCOVERY_MANIFEST,REQUEST_NOT_CONFIRMED,NOT_RECORDED,NOT_RECORDED,NONE_RECORDED,DISCOVERY_TIMESTAMP_ONLY,NO_REQUEST_EVIDENCE,UNKNOWN,REASON_CODE_MISSING,UNKNOWN_AFTER_REVIEW,UNKNOWN_AFTER_REVIEW,cands=3 (bse:1+nse:1+screener:1); top_src=nse; top_ext=zip; in_fetch_manifest=NO
INE002L01015::FY2022,SJVN Limited,2022,True,False,https://nsearchives.nseindia.com/annual_reports/AR_21057_SJVN_2021_2022_02092022112934_09022022120001.zip,reports/pm5_stage_table.csv,30e93b59ac689f00fab182583fb25883322e429be42b4ba14e13a1011b916dc9,pm5_stage_table.csv:row_110,pm5_stage_table.csv; cohort_reports.jsonl; live_store_documents.jsonl,"pm5_stage_table.csv:L110; cohort_reports.jsonl:L296,297,298",NEAR_CONTEMPORANEOUS,HISTORICAL_STAGE_TABLE_AND_DISCOVERY_MANIFEST,REQUEST_NOT_CONFIRMED,NOT_RECORDED,NOT_RECORDED,NONE_RECORDED,DISCOVERY_TIMESTAMP_ONLY,NO_REQUEST_EVIDENCE,UNKNOWN,REASON_CODE_MISSING,UNKNOWN_AFTER_REVIEW,UNKNOWN_AFTER_REVIEW,cands=3 (bse:1+nse:1+screener:1); top_src=nse; top_ext=zip; in_fetch_manifest=NO
INE002L01015::FY2023,SJVN Limited,2023,True,False,https://nsearchives.nseindia.com/annual_reports/AR_23104_SJVN_2022_2023_30082023175105_08302023180025.zip,reports/pm5_stage_table.csv,30e93b59ac689f00fab182583fb25883322e429be42b4ba14e13a1011b916dc9,pm5_stage_table.csv:row_111,pm5_stage_table.csv; cohort_reports.jsonl; live_store_documents.jsonl,"pm5_stage_table.csv:L111; cohort_reports.jsonl:L299,300,301",NEAR_CONTEMPORANEOUS,HISTORICAL_STAGE_TABLE_AND_DISCOVERY_MANIFEST,REQUEST_NOT_CONFIRMED,NOT_RECORDED,NOT_RECORDED,NONE_RECORDED,DISCOVERY_TIMESTAMP_ONLY,NO_REQUEST_EVIDENCE,UNKNOWN,REASON_CODE_MISSING,UNKNOWN_AFTER_REVIEW,UNKNOWN_AFTER_REVIEW,cands=3 (bse:1+nse:1+screener:1); top_src=nse; top_ext=zip; in_fetch_manifest=NO
INE006I01046::FY2010,Astral Limited,2010,True,False,https://nsearchives.nseindia.com/annual_reports/AR_ASTRAL_2009_2010_18082010121500.zip,reports/pm5_stage_table.csv,30e93b59ac689f00fab182583fb25883322e429be42b4ba14e13a1011b916dc9,pm5_stage_table.csv:row_114,pm5_stage_table.csv; cohort_reports.jsonl; live_store_documents.jsonl,"pm5_stage_table.csv:L114; cohort_reports.jsonl:L308,309",NEAR_CONTEMPORANEOUS,HISTORICAL_STAGE_TABLE_AND_DISCOVERY_MANIFEST,REQUEST_NOT_CONFIRMED,NOT_RECORDED,NOT_RECORDED,NONE_RECORDED,DISCOVERY_TIMESTAMP_ONLY,NO_REQUEST_EVIDENCE,UNKNOWN,REASON_CODE_MISSING,UNKNOWN_AFTER_REVIEW,UNKNOWN_AFTER_REVIEW,cands=2 (bse:1+nse:1); top_src=nse; top_ext=zip; in_fetch_manifest=NO
INE006I01046::FY2011,Astral Limited,2011,True,False,https://nsearchives.nseindia.com/annual_reports/AR_ASTRAL_2010_2011_14072011122628.zip,reports/pm5_stage_table.csv,30e93b59ac689f00fab182583fb25883322e429be42b4ba14e13a1011b916dc9,pm5_stage_table.csv:row_115,pm5_stage_table.csv; cohort_reports.jsonl; live_store_documents.jsonl,"pm5_stage_table.csv:L115; cohort_reports.jsonl:L310,311",NEAR_CONTEMPORANEOUS,HISTORICAL_STAGE_TABLE_AND_DISCOVERY_MANIFEST,REQUEST_NOT_CONFIRMED,NOT_RECORDED,NOT_RECORDED,NONE_RECORDED,DISCOVERY_TIMESTAMP_ONLY,NO_REQUEST_EVIDENCE,UNKNOWN,REASON_CODE_MISSING,UNKNOWN_AFTER_REVIEW,UNKNOWN_AFTER_REVIEW,cands=2 (bse:1+nse:1); top_src=nse; top_ext=zip; in_fetch_manifest=NO
INE006I01046::FY2014,Astral Limited,2014,True,False,https://nsearchives.nseindia.com/annual_reports/AR_4120_ASTRAL_2013_2014_04082014143828.zip,reports/pm5_stage_table.csv,30e93b59ac689f00fab182583fb25883322e429be42b4ba14e13a1011b916dc9,pm5_stage_table.csv:row_118,pm5_stage_table.csv; cohort_reports.jsonl; live_store_documents.jsonl,"pm5_stage_table.csv:L118; cohort_reports.jsonl:L318,319,320",NEAR_CONTEMPORANEOUS,HISTORICAL_STAGE_TABLE_AND_DISCOVERY_MANIFEST,REQUEST_NOT_CONFIRMED,NOT_RECORDED,NOT_RECORDED,NONE_RECORDED,DISCOVERY_TIMESTAMP_ONLY,NO_REQUEST_EVIDENCE,UNKNOWN,REASON_CODE_MISSING,UNKNOWN_AFTER_REVIEW,UNKNOWN_AFTER_REVIEW,cands=3 (bse:1+nse:1+screener:1); top_src=nse; top_ext=zip; in_fetch_manifest=NO
INE006I01046::FY2015,Astral Limited,2015,True,False,https://nsearchives.nseindia.com/annual_reports/AR_6536_ASTRAL_2014_2015_16072015155836.zip,reports/pm5_stage_table.csv,30e93b59ac689f00fab182583fb25883322e429be42b4ba14e13a1011b916dc9,pm5_stage_table.csv:row_119,pm5_stage_table.csv; cohort_reports.jsonl; live_store_documents.jsonl,"pm5_stage_table.csv:L119; cohort_reports.jsonl:L321,322,323",NEAR_CONTEMPORANEOUS,HISTORICAL_STAGE_TABLE_AND_DISCOVERY_MANIFEST,REQUEST_NOT_CONFIRMED,NOT_RECORDED,NOT_RECORDED,NONE_RECORDED,DISCOVERY_TIMESTAMP_ONLY,NO_REQUEST_EVIDENCE,UNKNOWN,REASON_CODE_MISSING,UNKNOWN_AFTER_REVIEW,UNKNOWN_AFTER_REVIEW,cands=3 (bse:1+nse:1+screener:1); top_src=nse; top_ext=zip; in_fetch_manifest=NO
INE006I01046::FY2016,Astral Limited,2016,True,False,https://nsearchives.nseindia.com/annual_reports/AR_9667_ASTRAL_2015_2016_14092016174539.zip,reports/pm5_stage_table.csv,30e93b59ac689f00fab182583fb25883322e429be42b4ba14e13a1011b916dc9,pm5_stage_table.csv:row_120,pm5_stage_table.csv; cohort_reports.jsonl; live_store_documents.jsonl,"pm5_stage_table.csv:L120; cohort_reports.jsonl:L324,325,326",NEAR_CONTEMPORANEOUS,HISTORICAL_STAGE_TABLE_AND_DISCOVERY_MANIFEST,REQUEST_NOT_CONFIRMED,NOT_RECORDED,NOT_RECORDED,NONE_RECORDED,DISCOVERY_TIMESTAMP_ONLY,NO_REQUEST_EVIDENCE,UNKNOWN,REASON_CODE_MISSING,UNKNOWN_AFTER_REVIEW,UNKNOWN_AFTER_REVIEW,cands=3 (bse:1+nse:1+screener:1); top_src=nse; top_ext=zip; in_fetch_manifest=NO
INE006I01046::FY2019,Astral Limited,2019,True,False,https://nsearchives.nseindia.com/annual_reports/AR_14782_ASTRAL_2018_2019_09072019152950.zip,reports/pm5_stage_table.csv,30e93b59ac689f00fab182583fb25883322e429be42b4ba14e13a1011b916dc9,pm5_stage_table.csv:row_123,pm5_stage_table.csv; cohort_reports.jsonl; live_store_documents.jsonl,"pm5_stage_table.csv:L123; cohort_reports.jsonl:L333,334,335",NEAR_CONTEMPORANEOUS,HISTORICAL_STAGE_TABLE_AND_DISCOVERY_MANIFEST,REQUEST_NOT_CONFIRMED,NOT_RECORDED,NOT_RECORDED,NONE_RECORDED,DISCOVERY_TIMESTAMP_ONLY,NO_REQUEST_EVIDENCE,UNKNOWN,REASON_CODE_MISSING,UNKNOWN_AFTER_REVIEW,UNKNOWN_AFTER_REVIEW,cands=3 (bse:1+nse:1+screener:1); top_src=nse; top_ext=zip; in_fetch_manifest=NO
INE006I01046::FY2020,Astral Limited,2020,True,False,https://nsearchives.nseindia.com/annual_reports/AR_16588_ASTRAL_2019_2020_28072020225424_28072020230002.zip,reports/pm5_stage_table.csv,30e93b59ac689f00fab182583fb25883322e429be42b4ba14e13a1011b916dc9,pm5_stage_table.csv:row_124,pm5_stage_table.csv; cohort_reports.jsonl; live_store_documents.jsonl,"pm5_stage_table.csv:L124; cohort_reports.jsonl:L336,337,338",NEAR_CONTEMPORANEOUS,HISTORICAL_STAGE_TABLE_AND_DISCOVERY_MANIFEST,REQUEST_NOT_CONFIRMED,NOT_RECORDED,NOT_RECORDED,NONE_RECORDED,DISCOVERY_TIMESTAMP_ONLY,NO_REQUEST_EVIDENCE,UNKNOWN,REASON_CODE_MISSING,UNKNOWN_AFTER_REVIEW,UNKNOWN_AFTER_REVIEW,cands=3 (bse:1+nse:1+screener:1); top_src=nse; top_ext=zip; in_fetch_manifest=NO
INE006I01046::FY2021,Astral Limited,2021,True,False,https://nsearchives.nseindia.com/annual_reports/AR_18665_ASTRAL_2020_2021_08082021182411_08082021190002.zip,reports/pm5_stage_table.csv,30e93b59ac689f00fab182583fb25883322e429be42b4ba14e13a1011b916dc9,pm5_stage_table.csv:row_125,pm5_stage_table.csv; cohort_reports.jsonl; live_store_documents.jsonl,"pm5_stage_table.csv:L125; cohort_reports.jsonl:L339,340,341",NEAR_CONTEMPORANEOUS,HISTORICAL_STAGE_TABLE_AND_DISCOVERY_MANIFEST,REQUEST_NOT_CONFIRMED,NOT_RECORDED,NOT_RECORDED,NONE_RECORDED,DISCOVERY_TIMESTAMP_ONLY,NO_REQUEST_EVIDENCE,UNKNOWN,REASON_CODE_MISSING,UNKNOWN_AFTER_REVIEW,UNKNOWN_AFTER_REVIEW,cands=3 (bse:1+nse:1+screener:1); top_src=nse; top_ext=zip; in_fetch_manifest=NO
INE006I01046::FY2022,Astral Limited,2022,True,False,https://nsearchives.nseindia.com/annual_reports/AR_20636_ASTRAL_2021_2022_06082022111603.zip,reports/pm5_stage_table.csv,30e93b59ac689f00fab182583fb25883322e429be42b4ba14e13a1011b916dc9,pm5_stage_table.csv:row_126,pm5_stage_table.csv; cohort_reports.jsonl; live_store_documents.jsonl,"pm5_stage_table.csv:L126; cohort_reports.jsonl:L342,343,344",NEAR_CONTEMPORANEOUS,HISTORICAL_STAGE_TABLE_AND_DISCOVERY_MANIFEST,REQUEST_NOT_CONFIRMED,NOT_RECORDED,NOT_RECORDED,NONE_RECORDED,DISCOVERY_TIMESTAMP_ONLY,NO_REQUEST_EVIDENCE,UNKNOWN,REASON_CODE_MISSING,UNKNOWN_AFTER_REVIEW,UNKNOWN_AFTER_REVIEW,cands=3 (bse:1+nse:1+screener:1); top_src=nse; top_ext=zip; in_fetch_manifest=NO
INE006I01046::FY2023,Astral Limited,2023,True,False,https://nsearchives.nseindia.com/annual_reports/AR_22349_ASTRAL_2022_2023_14072023164548_07142023170004.zip,reports/pm5_stage_table.csv,30e93b59ac689f00fab182583fb25883322e429be42b4ba14e13a1011b916dc9,pm5_stage_table.csv:row_127,pm5_stage_table.csv; cohort_reports.jsonl; live_store_documents.jsonl,"pm5_stage_table.csv:L127; cohort_reports.jsonl:L345,346,347",NEAR_CONTEMPORANEOUS,HISTORICAL_STAGE_TABLE_AND_DISCOVERY_MANIFEST,REQUEST_NOT_CONFIRMED,NOT_RECORDED,NOT_RECORDED,NONE_RECORDED,DISCOVERY_TIMESTAMP_ONLY,NO_REQUEST_EVIDENCE,UNKNOWN,REASON_CODE_MISSING,UNKNOWN_AFTER_REVIEW,UNKNOWN_AFTER_REVIEW,cands=3 (bse:1+nse:1+screener:1); top_src=nse; top_ext=zip; in_fetch_manifest=NO
INE007A01025::FY2010,Crisil Limited,2010,True,False,https://nsearchives.nseindia.com/annual_reports/AR_CRISIL_2010_2010_07042011101220.zip,reports/pm5_stage_table.csv,30e93b59ac689f00fab182583fb25883322e429be42b4ba14e13a1011b916dc9,pm5_stage_table.csv:row_130,pm5_stage_table.csv; cohort_reports.jsonl; live_store_documents.jsonl,"pm5_stage_table.csv:L130; cohort_reports.jsonl:L354,355",NEAR_CONTEMPORANEOUS,HISTORICAL_STAGE_TABLE_AND_DISCOVERY_MANIFEST,REQUEST_NOT_CONFIRMED,NOT_RECORDED,NOT_RECORDED,NONE_RECORDED,DISCOVERY_TIMESTAMP_ONLY,NO_REQUEST_EVIDENCE,UNKNOWN,REASON_CODE_MISSING,UNKNOWN_AFTER_REVIEW,UNKNOWN_AFTER_REVIEW,cands=2 (bse:1+nse:1); top_src=nse; top_ext=zip; in_fetch_manifest=NO
INE007A01025::FY2011,Crisil Limited,2011,True,False,https://nsearchives.nseindia.com/annual_reports/AR_CRISIL_2011_2011_29032012102228.zip,reports/pm5_stage_table.csv,30e93b59ac689f00fab182583fb25883322e429be42b4ba14e13a1011b916dc9,pm5_stage_table.csv:row_131,pm5_stage_table.csv; cohort_reports.jsonl; live_store_documents.jsonl,"pm5_stage_table.csv:L131; cohort_reports.jsonl:L356,357",NEAR_CONTEMPORANEOUS,HISTORICAL_STAGE_TABLE_AND_DISCOVERY_MANIFEST,REQUEST_NOT_CONFIRMED,NOT_RECORDED,NOT_RECORDED,NONE_RECORDED,DISCOVERY_TIMESTAMP_ONLY,NO_REQUEST_EVIDENCE,UNKNOWN,REASON_CODE_MISSING,UNKNOWN_AFTER_REVIEW,UNKNOWN_AFTER_REVIEW,cands=2 (bse:1+nse:1); top_src=nse; top_ext=zip; in_fetch_manifest=NO
INE007A01025::FY2014,Crisil Limited,2014,True,False,https://nsearchives.nseindia.com/annual_reports/AR_5982_CRISIL_2014_2014_18032015173605.zip,reports/pm5_stage_table.csv,30e93b59ac689f00fab182583fb25883322e429be42b4ba14e13a1011b916dc9,pm5_stage_table.csv:row_134,pm5_stage_table.csv; cohort_reports.jsonl; live_store_documents.jsonl,"pm5_stage_table.csv:L134; cohort_reports.jsonl:L365,366,367",NEAR_CONTEMPORANEOUS,HISTORICAL_STAGE_TABLE_AND_DISCOVERY_MANIFEST,REQUEST_NOT_CONFIRMED,NOT_RECORDED,NOT_RECORDED,NONE_RECORDED,DISCOVERY_TIMESTAMP_ONLY,NO_REQUEST_EVIDENCE,UNKNOWN,REASON_CODE_MISSING,UNKNOWN_AFTER_REVIEW,UNKNOWN_AFTER_REVIEW,cands=3 (bse:1+nse:1+screener:1); top_src=nse; top_ext=zip; in_fetch_manifest=NO
INE007A01025::FY2015,Crisil Limited,2015,True,False,https://nsearchives.nseindia.com/annual_reports/AR_8808_CRISIL_2015_2015_29042016163523.zip,reports/pm5_stage_table.csv,30e93b59ac689f00fab182583fb25883322e429be42b4ba14e13a1011b916dc9,pm5_stage_table.csv:row_135,pm5_stage_table.csv; cohort_reports.jsonl; live_store_documents.jsonl,"pm5_stage_table.csv:L135; cohort_reports.jsonl:L368,369,370",NEAR_CONTEMPORANEOUS,HISTORICAL_STAGE_TABLE_AND_DISCOVERY_MANIFEST,REQUEST_NOT_CONFIRMED,NOT_RECORDED,NOT_RECORDED,NONE_RECORDED,DISCOVERY_TIMESTAMP_ONLY,NO_REQUEST_EVIDENCE,UNKNOWN,REASON_CODE_MISSING,UNKNOWN_AFTER_REVIEW,UNKNOWN_AFTER_REVIEW,cands=3 (bse:1+nse:1+screener:1); top_src=nse; top_ext=zip; in_fetch_manifest=NO
INE007A01025::FY2016,Crisil Limited,2016,True,False,https://nsearchives.nseindia.com/annual_reports/AR_10693_CRISIL_2016_2016_26042017145756.zip,reports/pm5_stage_table.csv,30e93b59ac689f00fab182583fb25883322e429be42b4ba14e13a1011b916dc9,pm5_stage_table.csv:row_136,pm5_stage_table.csv; cohort_reports.jsonl; live_store_documents.jsonl,"pm5_stage_table.csv:L136; cohort_reports.jsonl:L371,372,373",NEAR_CONTEMPORANEOUS,HISTORICAL_STAGE_TABLE_AND_DISCOVERY_MANIFEST,REQUEST_NOT_CONFIRMED,NOT_RECORDED,NOT_RECORDED,NONE_RECORDED,DISCOVERY_TIMESTAMP_ONLY,NO_REQUEST_EVIDENCE,UNKNOWN,REASON_CODE_MISSING,UNKNOWN_AFTER_REVIEW,UNKNOWN_AFTER_REVIEW,cands=3 (bse:1+nse:1+screener:1); top_src=nse; top_ext=zip; in_fetch_manifest=NO
INE007A01025::FY2019,Crisil Limited,2019,True,False,https://nsearchives.nseindia.com/annual_reports/AR_18042_CRISIL_2019_2019_07012021194506_07012021200008.zip,reports/pm5_stage_table.csv,30e93b59ac689f00fab182583fb25883322e429be42b4ba14e13a1011b916dc9,pm5_stage_table.csv:row_139,pm5_stage_table.csv; cohort_reports.jsonl; live_store_documents.jsonl,"pm5_stage_table.csv:L139; cohort_reports.jsonl:L380,381,382",NEAR_CONTEMPORANEOUS,HISTORICAL_STAGE_TABLE_AND_DISCOVERY_MANIFEST,REQUEST_NOT_CONFIRMED,NOT_RECORDED,NOT_RECORDED,NONE_RECORDED,DISCOVERY_TIMESTAMP_ONLY,NO_REQUEST_EVIDENCE,UNKNOWN,REASON_CODE_MISSING,UNKNOWN_AFTER_REVIEW,UNKNOWN_AFTER_REVIEW,cands=3 (bse:1+nse:1+screener:1); top_src=nse; top_ext=zip; in_fetch_manifest=NO
INE007A01025::FY2020,Crisil Limited,2020,True,False,https://nsearchives.nseindia.com/annual_reports/AR_18063_CRISIL_2020_2020_22032021144530_22032021150007.zip,reports/pm5_stage_table.csv,30e93b59ac689f00fab182583fb25883322e429be42b4ba14e13a1011b916dc9,pm5_stage_table.csv:row_140,pm5_stage_table.csv; cohort_reports.jsonl; live_store_documents.jsonl,"pm5_stage_table.csv:L140; cohort_reports.jsonl:L383,384,385",NEAR_CONTEMPORANEOUS,HISTORICAL_STAGE_TABLE_AND_DISCOVERY_MANIFEST,REQUEST_NOT_CONFIRMED,NOT_RECORDED,NOT_RECORDED,NONE_RECORDED,DISCOVERY_TIMESTAMP_ONLY,NO_REQUEST_EVIDENCE,UNKNOWN,REASON_CODE_MISSING,UNKNOWN_AFTER_REVIEW,UNKNOWN_AFTER_REVIEW,cands=3 (bse:1+nse:1+screener:1); top_src=nse; top_ext=zip; in_fetch_manifest=NO
INE007A01025::FY2021,Crisil Limited,2021,True,False,https://nsearchives.nseindia.com/annual_reports/AR_19918_CRISIL_2021_2021_28032022165136_03282022170003.zip,reports/pm5_stage_table.csv,30e93b59ac689f00fab182583fb25883322e429be42b4ba14e13a1011b916dc9,pm5_stage_table.csv:row_141,pm5_stage_table.csv; cohort_reports.jsonl; live_store_documents.jsonl,"pm5_stage_table.csv:L141; cohort_reports.jsonl:L386,387,388",NEAR_CONTEMPORANEOUS,HISTORICAL_STAGE_TABLE_AND_DISCOVERY_MANIFEST,REQUEST_NOT_CONFIRMED,NOT_RECORDED,NOT_RECORDED,NONE_RECORDED,DISCOVERY_TIMESTAMP_ONLY,NO_REQUEST_EVIDENCE,UNKNOWN,REASON_CODE_MISSING,UNKNOWN_AFTER_REVIEW,UNKNOWN_AFTER_REVIEW,cands=3 (bse:1+nse:1+screener:1); top_src=nse; top_ext=zip; in_fetch_manifest=NO
INE007A01025::FY2022,Crisil Limited,2022,True,False,https://nsearchives.nseindia.com/annual_reports/AR_21894_CRISIL_2022_2022_24032023120811.zip,reports/pm5_stage_table.csv,30e93b59ac689f00fab182583fb25883322e429be42b4ba14e13a1011b916dc9,pm5_stage_table.csv:row_142,pm5_stage_table.csv; cohort_reports.jsonl; live_store_documents.jsonl,"pm5_stage_table.csv:L142; cohort_reports.jsonl:L389,390,391",NEAR_CONTEMPORANEOUS,HISTORICAL_STAGE_TABLE_AND_DISCOVERY_MANIFEST,REQUEST_NOT_CONFIRMED,NOT_RECORDED,NOT_RECORDED,NONE_RECORDED,DISCOVERY_TIMESTAMP_ONLY,NO_REQUEST_EVIDENCE,UNKNOWN,REASON_CODE_MISSING,UNKNOWN_AFTER_REVIEW,UNKNOWN_AFTER_REVIEW,cands=3 (bse:1+nse:1+screener:1); top_src=nse; top_ext=zip; in_fetch_manifest=NO
INE007A01025::FY2023,Crisil Limited,2023,True,False,https://nsearchives.nseindia.com/annual_reports/AR_23998_CRISIL_2023_2023_22032024124649.pdf,reports/pm5_stage_table.csv,30e93b59ac689f00fab182583fb25883322e429be42b4ba14e13a1011b916dc9,pm5_stage_table.csv:row_143,pm5_stage_table.csv; cohort_reports.jsonl; live_store_documents.jsonl,"pm5_stage_table.csv:L143; cohort_reports.jsonl:L392,393,394",NEAR_CONTEMPORANEOUS,HISTORICAL_STAGE_TABLE_AND_DISCOVERY_MANIFEST,REQUEST_NOT_CONFIRMED,NOT_RECORDED,NOT_RECORDED,NONE_RECORDED,DISCOVERY_TIMESTAMP_ONLY,NO_REQUEST_EVIDENCE,UNKNOWN,REASON_CODE_MISSING,UNKNOWN_AFTER_REVIEW,UNKNOWN_AFTER_REVIEW,cands=3 (bse:1+nse:1+screener:1); top_src=nse; top_ext=pdf; in_fetch_manifest=NO
INE151A01013::FY2010,Tata Communications Limited,2010,True,False,https://nsearchives.nseindia.com/annual_reports/AR_TATACOMM_2009_2010_13042011020502.zip,reports/pm5_stage_table.csv,30e93b59ac689f00fab182583fb25883322e429be42b4ba14e13a1011b916dc9,pm5_stage_table.csv:row_146,pm5_stage_table.csv; cohort_reports.jsonl; live_store_documents.jsonl,"pm5_stage_table.csv:L146; cohort_reports.jsonl:L401,402",NEAR_CONTEMPORANEOUS,HISTORICAL_STAGE_TABLE_AND_DISCOVERY_MANIFEST,REQUEST_NOT_CONFIRMED,NOT_RECORDED,NOT_RECORDED,NONE_RECORDED,DISCOVERY_TIMESTAMP_ONLY,NO_REQUEST_EVIDENCE,UNKNOWN,REASON_CODE_MISSING,UNKNOWN_AFTER_REVIEW,UNKNOWN_AFTER_REVIEW,cands=2 (bse:1+nse:1); top_src=nse; top_ext=zip; in_fetch_manifest=NO
INE151A01013::FY2011,Tata Communications Limited,2011,True,False,https://nsearchives.nseindia.com/annual_reports/AR_TATACOMM_2010_2011_21092011110404.zip,reports/pm5_stage_table.csv,30e93b59ac689f00fab182583fb25883322e429be42b4ba14e13a1011b916dc9,pm5_stage_table.csv:row_147,pm5_stage_table.csv; cohort_reports.jsonl; live_store_documents.jsonl,"pm5_stage_table.csv:L147; cohort_reports.jsonl:L403,404",NEAR_CONTEMPORANEOUS,HISTORICAL_STAGE_TABLE_AND_DISCOVERY_MANIFEST,REQUEST_NOT_CONFIRMED,NOT_RECORDED,NOT_RECORDED,NONE_RECORDED,DISCOVERY_TIMESTAMP_ONLY,NO_REQUEST_EVIDENCE,UNKNOWN,REASON_CODE_MISSING,UNKNOWN_AFTER_REVIEW,UNKNOWN_AFTER_REVIEW,cands=2 (bse:1+nse:1); top_src=nse; top_ext=zip; in_fetch_manifest=NO
INE151A01013::FY2014,Tata Communications Limited,2014,True,False,https://nsearchives.nseindia.com/annual_reports/AR_3772_TATACOMM_2013_2014_15072014123854.zip,reports/pm5_stage_table.csv,30e93b59ac689f00fab182583fb25883322e429be42b4ba14e13a1011b916dc9,pm5_stage_table.csv:row_150,pm5_stage_table.csv; cohort_reports.jsonl; live_store_documents.jsonl,"pm5_stage_table.csv:L150; cohort_reports.jsonl:L411,412,413",NEAR_CONTEMPORANEOUS,HISTORICAL_STAGE_TABLE_AND_DISCOVERY_MANIFEST,REQUEST_NOT_CONFIRMED,NOT_RECORDED,NOT_RECORDED,NONE_RECORDED,DISCOVERY_TIMESTAMP_ONLY,NO_REQUEST_EVIDENCE,UNKNOWN,REASON_CODE_MISSING,UNKNOWN_AFTER_REVIEW,UNKNOWN_AFTER_REVIEW,cands=3 (bse:1+nse:1+screener:1); top_src=nse; top_ext=zip; in_fetch_manifest=NO
INE151A01013::FY2015,Tata Communications Limited,2015,True,False,https://nsearchives.nseindia.com/annual_reports/AR_7868_TATACOMM_2014_2015_07092015185122.zip,reports/pm5_stage_table.csv,30e93b59ac689f00fab182583fb25883322e429be42b4ba14e13a1011b916dc9,pm5_stage_table.csv:row_151,pm5_stage_table.csv; cohort_reports.jsonl; live_store_documents.jsonl,"pm5_stage_table.csv:L151; cohort_reports.jsonl:L414,415,416",NEAR_CONTEMPORANEOUS,HISTORICAL_STAGE_TABLE_AND_DISCOVERY_MANIFEST,REQUEST_NOT_CONFIRMED,NOT_RECORDED,NOT_RECORDED,NONE_RECORDED,DISCOVERY_TIMESTAMP_ONLY,NO_REQUEST_EVIDENCE,UNKNOWN,REASON_CODE_MISSING,UNKNOWN_AFTER_REVIEW,UNKNOWN_AFTER_REVIEW,cands=3 (bse:1+nse:1+screener:1); top_src=nse; top_ext=zip; in_fetch_manifest=NO
INE151A01013::FY2016,Tata Communications Limited,2016,True,False,https://nsearchives.nseindia.com/annual_reports/AR_9253_TATACOMM_2015_2016_08082016154235.zip,reports/pm5_stage_table.csv,30e93b59ac689f00fab182583fb25883322e429be42b4ba14e13a1011b916dc9,pm5_stage_table.csv:row_152,pm5_stage_table.csv; cohort_reports.jsonl; live_store_documents.jsonl,"pm5_stage_table.csv:L152; cohort_reports.jsonl:L417,418,419",NEAR_CONTEMPORANEOUS,HISTORICAL_STAGE_TABLE_AND_DISCOVERY_MANIFEST,REQUEST_NOT_CONFIRMED,NOT_RECORDED,NOT_RECORDED,NONE_RECORDED,DISCOVERY_TIMESTAMP_ONLY,NO_REQUEST_EVIDENCE,UNKNOWN,REASON_CODE_MISSING,UNKNOWN_AFTER_REVIEW,UNKNOWN_AFTER_REVIEW,cands=3 (bse:1+nse:1+screener:1); top_src=nse; top_ext=zip; in_fetch_manifest=NO
INE151A01013::FY2019,Tata Communications Limited,2019,True,False,https://nsearchives.nseindia.com/annual_reports/AR_14765_TATACOMM_2018_2019_08072019183106_08072019190009.zip,reports/pm5_stage_table.csv,30e93b59ac689f00fab182583fb25883322e429be42b4ba14e13a1011b916dc9,pm5_stage_table.csv:row_155,pm5_stage_table.csv; cohort_reports.jsonl; live_store_documents.jsonl,"pm5_stage_table.csv:L155; cohort_reports.jsonl:L426,427,428",NEAR_CONTEMPORANEOUS,HISTORICAL_STAGE_TABLE_AND_DISCOVERY_MANIFEST,REQUEST_NOT_CONFIRMED,NOT_RECORDED,NOT_RECORDED,NONE_RECORDED,DISCOVERY_TIMESTAMP_ONLY,NO_REQUEST_EVIDENCE,UNKNOWN,REASON_CODE_MISSING,UNKNOWN_AFTER_REVIEW,UNKNOWN_AFTER_REVIEW,cands=3 (bse:1+nse:1+screener:1); top_src=nse; top_ext=zip; in_fetch_manifest=NO
INE151A01013::FY2020,Tata Communications Limited,2020,True,False,https://nsearchives.nseindia.com/annual_reports/AR_16680_TATACOMM_2019_2020_07082020001822_07082020070002.zip,reports/pm5_stage_table.csv,30e93b59ac689f00fab182583fb25883322e429be42b4ba14e13a1011b916dc9,pm5_stage_table.csv:row_156,pm5_stage_table.csv; cohort_reports.jsonl; live_store_documents.jsonl,"pm5_stage_table.csv:L156; cohort_reports.jsonl:L429,430,431",NEAR_CONTEMPORANEOUS,HISTORICAL_STAGE_TABLE_AND_DISCOVERY_MANIFEST,REQUEST_NOT_CONFIRMED,NOT_RECORDED,NOT_RECORDED,NONE_RECORDED,DISCOVERY_TIMESTAMP_ONLY,NO_REQUEST_EVIDENCE,UNKNOWN,REASON_CODE_MISSING,UNKNOWN_AFTER_REVIEW,UNKNOWN_AFTER_REVIEW,cands=3 (bse:1+nse:1+screener:1); top_src=nse; top_ext=zip; in_fetch_manifest=NO
INE151A01013::FY2021,Tata Communications Limited,2021,True,False,https://nsearchives.nseindia.com/annual_reports/AR_18128_TATACOMM_2020_2021_07062021211031_07062021220007.zip,reports/pm5_stage_table.csv,30e93b59ac689f00fab182583fb25883322e429be42b4ba14e13a1011b916dc9,pm5_stage_table.csv:row_157,pm5_stage_table.csv; cohort_reports.jsonl; live_store_documents.jsonl,"pm5_stage_table.csv:L157; cohort_reports.jsonl:L432,433,434",NEAR_CONTEMPORANEOUS,HISTORICAL_STAGE_TABLE_AND_DISCOVERY_MANIFEST,REQUEST_NOT_CONFIRMED,NOT_RECORDED,NOT_RECORDED,NONE_RECORDED,DISCOVERY_TIMESTAMP_ONLY,NO_REQUEST_EVIDENCE,UNKNOWN,REASON_CODE_MISSING,UNKNOWN_AFTER_REVIEW,UNKNOWN_AFTER_REVIEW,cands=3 (bse:1+nse:1+screener:1); top_src=nse; top_ext=zip; in_fetch_manifest=NO
INE151A01013::FY2022,Tata Communications Limited,2022,True,False,https://nsearchives.nseindia.com/annual_reports/AR_20020_TATACOMM_2021_2022_06062022201016_06062022210003.zip,reports/pm5_stage_table.csv,30e93b59ac689f00fab182583fb25883322e429be42b4ba14e13a1011b916dc9,pm5_stage_table.csv:row_158,pm5_stage_table.csv; cohort_reports.jsonl; live_store_documents.jsonl,"pm5_stage_table.csv:L158; cohort_reports.jsonl:L435,436,437",NEAR_CONTEMPORANEOUS,HISTORICAL_STAGE_TABLE_AND_DISCOVERY_MANIFEST,REQUEST_NOT_CONFIRMED,NOT_RECORDED,NOT_RECORDED,NONE_RECORDED,DISCOVERY_TIMESTAMP_ONLY,NO_REQUEST_EVIDENCE,UNKNOWN,REASON_CODE_MISSING,UNKNOWN_AFTER_REVIEW,UNKNOWN_AFTER_REVIEW,cands=3 (bse:1+nse:1+screener:1); top_src=nse; top_ext=zip; in_fetch_manifest=NO
INE151A01013::FY2023,Tata Communications Limited,2023,True,False,https://nsearchives.nseindia.com/annual_reports/AR_22063_TATACOMM_2022_2023_23062023205212_06232023210000.zip,reports/pm5_stage_table.csv,30e93b59ac689f00fab182583fb25883322e429be42b4ba14e13a1011b916dc9,pm5_stage_table.csv:row_159,pm5_stage_table.csv; cohort_reports.jsonl; live_store_documents.jsonl,"pm5_stage_table.csv:L159; cohort_reports.jsonl:L438,439,440",NEAR_CONTEMPORANEOUS,HISTORICAL_STAGE_TABLE_AND_DISCOVERY_MANIFEST,REQUEST_NOT_CONFIRMED,NOT_RECORDED,NOT_RECORDED,NONE_RECORDED,DISCOVERY_TIMESTAMP_ONLY,NO_REQUEST_EVIDENCE,UNKNOWN,REASON_CODE_MISSING,UNKNOWN_AFTER_REVIEW,UNKNOWN_AFTER_REVIEW,cands=3 (bse:1+nse:1+screener:1); top_src=nse; top_ext=zip; in_fetch_manifest=NO
INE171A01029::FY2010,The Federal Bank  Limited,2010,True,False,https://nsearchives.nseindia.com/annual_reports/AR_FEDERALBNK_2009_2010_13062011100515.zip,reports/pm5_stage_table.csv,30e93b59ac689f00fab182583fb25883322e429be42b4ba14e13a1011b916dc9,pm5_stage_table.csv:row_162,pm5_stage_table.csv; cohort_reports.jsonl; live_store_documents.jsonl,"pm5_stage_table.csv:L162; cohort_reports.jsonl:L447,448",NEAR_CONTEMPORANEOUS,HISTORICAL_STAGE_TABLE_AND_DISCOVERY_MANIFEST,REQUEST_NOT_CONFIRMED,NOT_RECORDED,NOT_RECORDED,NONE_RECORDED,DISCOVERY_TIMESTAMP_ONLY,NO_REQUEST_EVIDENCE,UNKNOWN,REASON_CODE_MISSING,UNKNOWN_AFTER_REVIEW,UNKNOWN_AFTER_REVIEW,cands=2 (bse:1+nse:1); top_src=nse; top_ext=zip; in_fetch_manifest=NO
INE171A01029::FY2011,The Federal Bank  Limited,2011,True,False,https://nsearchives.nseindia.com/annual_reports/AR_FEDERALBNK_2010_2011_02072012100321.zip,reports/pm5_stage_table.csv,30e93b59ac689f00fab182583fb25883322e429be42b4ba14e13a1011b916dc9,pm5_stage_table.csv:row_163,pm5_stage_table.csv; cohort_reports.jsonl; live_store_documents.jsonl,"pm5_stage_table.csv:L163; cohort_reports.jsonl:L449,450",NEAR_CONTEMPORANEOUS,HISTORICAL_STAGE_TABLE_AND_DISCOVERY_MANIFEST,REQUEST_NOT_CONFIRMED,NOT_RECORDED,NOT_RECORDED,NONE_RECORDED,DISCOVERY_TIMESTAMP_ONLY,NO_REQUEST_EVIDENCE,UNKNOWN,REASON_CODE_MISSING,UNKNOWN_AFTER_REVIEW,UNKNOWN_AFTER_REVIEW,cands=2 (bse:1+nse:1); top_src=nse; top_ext=zip; in_fetch_manifest=NO
INE171A01029::FY2014,The Federal Bank  Limited,2014,True,False,https://nsearchives.nseindia.com/annual_reports/AR_3508_FEDERALBNK_2013_2014_27062014100714.zip,reports/pm5_stage_table.csv,30e93b59ac689f00fab182583fb25883322e429be42b4ba14e13a1011b916dc9,pm5_stage_table.csv:row_166,pm5_stage_table.csv; cohort_reports.jsonl; live_store_documents.jsonl,"pm5_stage_table.csv:L166; cohort_reports.jsonl:L457,458,459",NEAR_CONTEMPORANEOUS,HISTORICAL_STAGE_TABLE_AND_DISCOVERY_MANIFEST,REQUEST_NOT_CONFIRMED,NOT_RECORDED,NOT_RECORDED,NONE_RECORDED,DISCOVERY_TIMESTAMP_ONLY,NO_REQUEST_EVIDENCE,UNKNOWN,REASON_CODE_MISSING,UNKNOWN_AFTER_REVIEW,UNKNOWN_AFTER_REVIEW,cands=3 (bse:1+nse:1+screener:1); top_src=nse; top_ext=zip; in_fetch_manifest=NO
INE171A01029::FY2015,The Federal Bank  Limited,2015,True,False,https://nsearchives.nseindia.com/annual_reports/AR_6158_FEDERALBNK_2014_2015_24062015110152.zip,reports/pm5_stage_table.csv,30e93b59ac689f00fab182583fb25883322e429be42b4ba14e13a1011b916dc9,pm5_stage_table.csv:row_167,pm5_stage_table.csv; cohort_reports.jsonl; live_store_documents.jsonl,"pm5_stage_table.csv:L167; cohort_reports.jsonl:L460,461,462",NEAR_CONTEMPORANEOUS,HISTORICAL_STAGE_TABLE_AND_DISCOVERY_MANIFEST,REQUEST_NOT_CONFIRMED,NOT_RECORDED,NOT_RECORDED,NONE_RECORDED,DISCOVERY_TIMESTAMP_ONLY,NO_REQUEST_EVIDENCE,UNKNOWN,REASON_CODE_MISSING,UNKNOWN_AFTER_REVIEW,UNKNOWN_AFTER_REVIEW,cands=3 (bse:1+nse:1+screener:1); top_src=nse; top_ext=zip; in_fetch_manifest=NO
INE171A01029::FY2016,The Federal Bank  Limited,2016,True,False,https://nsearchives.nseindia.com/annual_reports/AR_9373_FEDERALBNK_2015_2016_16082016145445.zip,reports/pm5_stage_table.csv,30e93b59ac689f00fab182583fb25883322e429be42b4ba14e13a1011b916dc9,pm5_stage_table.csv:row_168,pm5_stage_table.csv; cohort_reports.jsonl; live_store_documents.jsonl,"pm5_stage_table.csv:L168; cohort_reports.jsonl:L463,464,465",NEAR_CONTEMPORANEOUS,HISTORICAL_STAGE_TABLE_AND_DISCOVERY_MANIFEST,REQUEST_NOT_CONFIRMED,NOT_RECORDED,NOT_RECORDED,NONE_RECORDED,DISCOVERY_TIMESTAMP_ONLY,NO_REQUEST_EVIDENCE,UNKNOWN,REASON_CODE_MISSING,UNKNOWN_AFTER_REVIEW,UNKNOWN_AFTER_REVIEW,cands=3 (bse:1+nse:1+screener:1); top_src=nse; top_ext=zip; in_fetch_manifest=NO
INE171A01029::FY2019,The Federal Bank  Limited,2019,True,False,https://nsearchives.nseindia.com/annual_reports/AR_14660_FEDERALBNK_2018_2019_01072019174114.zip,reports/pm5_stage_table.csv,30e93b59ac689f00fab182583fb25883322e429be42b4ba14e13a1011b916dc9,pm5_stage_table.csv:row_171,pm5_stage_table.csv; cohort_reports.jsonl; live_store_documents.jsonl,"pm5_stage_table.csv:L171; cohort_reports.jsonl:L472,473,474",NEAR_CONTEMPORANEOUS,HISTORICAL_STAGE_TABLE_AND_DISCOVERY_MANIFEST,REQUEST_NOT_CONFIRMED,NOT_RECORDED,NOT_RECORDED,NONE_RECORDED,DISCOVERY_TIMESTAMP_ONLY,NO_REQUEST_EVIDENCE,UNKNOWN,REASON_CODE_MISSING,UNKNOWN_AFTER_REVIEW,UNKNOWN_AFTER_REVIEW,cands=3 (bse:1+nse:1+screener:1); top_src=nse; top_ext=zip; in_fetch_manifest=NO
INE171A01029::FY2020,The Federal Bank  Limited,2020,True,False,https://nsearchives.nseindia.com/annual_reports/AR_16314_FEDERALBNK_2019_2020_24062020184557_24062020190002.zip,reports/pm5_stage_table.csv,30e93b59ac689f00fab182583fb25883322e429be42b4ba14e13a1011b916dc9,pm5_stage_table.csv:row_172,pm5_stage_table.csv; cohort_reports.jsonl; live_store_documents.jsonl,"pm5_stage_table.csv:L172; cohort_reports.jsonl:L475,476,477",NEAR_CONTEMPORANEOUS,HISTORICAL_STAGE_TABLE_AND_DISCOVERY_MANIFEST,REQUEST_NOT_CONFIRMED,NOT_RECORDED,NOT_RECORDED,NONE_RECORDED,DISCOVERY_TIMESTAMP_ONLY,NO_REQUEST_EVIDENCE,UNKNOWN,REASON_CODE_MISSING,UNKNOWN_AFTER_REVIEW,UNKNOWN_AFTER_REVIEW,cands=3 (bse:1+nse:1+screener:1); top_src=nse; top_ext=zip; in_fetch_manifest=NO
INE171A01029::FY2021,The Federal Bank  Limited,2021,True,False,https://nsearchives.nseindia.com/annual_reports/AR_18152_FEDERALBNK_2020_2021_17062021235201_18062021070010.zip,reports/pm5_stage_table.csv,30e93b59ac689f00fab182583fb25883322e429be42b4ba14e13a1011b916dc9,pm5_stage_table.csv:row_173,pm5_stage_table.csv; cohort_reports.jsonl; live_store_documents.jsonl,"pm5_stage_table.csv:L173; cohort_reports.jsonl:L478,479,480",NEAR_CONTEMPORANEOUS,HISTORICAL_STAGE_TABLE_AND_DISCOVERY_MANIFEST,REQUEST_NOT_CONFIRMED,NOT_RECORDED,NOT_RECORDED,NONE_RECORDED,DISCOVERY_TIMESTAMP_ONLY,NO_REQUEST_EVIDENCE,UNKNOWN,REASON_CODE_MISSING,UNKNOWN_AFTER_REVIEW,UNKNOWN_AFTER_REVIEW,cands=3 (bse:1+nse:1+screener:1); top_src=nse; top_ext=zip; in_fetch_manifest=NO
INE171A01029::FY2022,The Federal Bank  Limited,2022,True,False,https://nsearchives.nseindia.com/annual_reports/AR_20243_FEDERALBNK_2021_2022_05072022233909_07062022070005.zip,reports/pm5_stage_table.csv,30e93b59ac689f00fab182583fb25883322e429be42b4ba14e13a1011b916dc9,pm5_stage_table.csv:row_174,pm5_stage_table.csv; cohort_reports.jsonl; live_store_documents.jsonl,"pm5_stage_table.csv:L174; cohort_reports.jsonl:L481,482,483",NEAR_CONTEMPORANEOUS,HISTORICAL_STAGE_TABLE_AND_DISCOVERY_MANIFEST,REQUEST_NOT_CONFIRMED,NOT_RECORDED,NOT_RECORDED,NONE_RECORDED,DISCOVERY_TIMESTAMP_ONLY,NO_REQUEST_EVIDENCE,UNKNOWN,REASON_CODE_MISSING,UNKNOWN_AFTER_REVIEW,UNKNOWN_AFTER_REVIEW,cands=3 (bse:1+nse:1+screener:1); top_src=nse; top_ext=zip; in_fetch_manifest=NO
INE171A01029::FY2023,The Federal Bank  Limited,2023,True,False,https://nsearchives.nseindia.com/annual_reports/AR_22533_FEDERALBNK_2022_2023_27072023225717_07282023070003.zip,reports/pm5_stage_table.csv,30e93b59ac689f00fab182583fb25883322e429be42b4ba14e13a1011b916dc9,pm5_stage_table.csv:row_175,pm5_stage_table.csv; cohort_reports.jsonl; live_store_documents.jsonl,"pm5_stage_table.csv:L175; cohort_reports.jsonl:L484,485,486,487",NEAR_CONTEMPORANEOUS,HISTORICAL_STAGE_TABLE_AND_DISCOVERY_MANIFEST,REQUEST_NOT_CONFIRMED,NOT_RECORDED,NOT_RECORDED,NONE_RECORDED,DISCOVERY_TIMESTAMP_ONLY,NO_REQUEST_EVIDENCE,UNKNOWN,REASON_CODE_MISSING,UNKNOWN_AFTER_REVIEW,UNKNOWN_AFTER_REVIEW,cands=4 (bse:2+nse:1+screener:1); top_src=nse; top_ext=zip; in_fetch_manifest=NO
INE226A01021::FY2010,Voltas Limited,2010,True,False,https://nsearchives.nseindia.com/annual_reports/AR_VOLTAS_2009_2010_18082010121500.zip,reports/pm5_stage_table.csv,30e93b59ac689f00fab182583fb25883322e429be42b4ba14e13a1011b916dc9,pm5_stage_table.csv:row_178,pm5_stage_table.csv; cohort_reports.jsonl; live_store_documents.jsonl,"pm5_stage_table.csv:L178; cohort_reports.jsonl:L494,495",NEAR_CONTEMPORANEOUS,HISTORICAL_STAGE_TABLE_AND_DISCOVERY_MANIFEST,REQUEST_NOT_CONFIRMED,NOT_RECORDED,NOT_RECORDED,NONE_RECORDED,DISCOVERY_TIMESTAMP_ONLY,NO_REQUEST_EVIDENCE,UNKNOWN,REASON_CODE_MISSING,UNKNOWN_AFTER_REVIEW,UNKNOWN_AFTER_REVIEW,cands=2 (bse:1+nse:1); top_src=nse; top_ext=zip; in_fetch_manifest=NO
INE226A01021::FY2011,Voltas Limited,2011,True,False,https://nsearchives.nseindia.com/annual_reports/AR_VOLTAS_2010_2011_08082011091125.zip,reports/pm5_stage_table.csv,30e93b59ac689f00fab182583fb25883322e429be42b4ba14e13a1011b916dc9,pm5_stage_table.csv:row_179,pm5_stage_table.csv; cohort_reports.jsonl; live_store_documents.jsonl,"pm5_stage_table.csv:L179; cohort_reports.jsonl:L496,497",NEAR_CONTEMPORANEOUS,HISTORICAL_STAGE_TABLE_AND_DISCOVERY_MANIFEST,REQUEST_NOT_CONFIRMED,NOT_RECORDED,NOT_RECORDED,NONE_RECORDED,DISCOVERY_TIMESTAMP_ONLY,NO_REQUEST_EVIDENCE,UNKNOWN,REASON_CODE_MISSING,UNKNOWN_AFTER_REVIEW,UNKNOWN_AFTER_REVIEW,cands=2 (bse:1+nse:1); top_src=nse; top_ext=zip; in_fetch_manifest=NO
INE226A01021::FY2014,Voltas Limited,2014,True,False,https://nsearchives.nseindia.com/annual_reports/AR_4112_VOLTAS_2013_2014_04082014124648.zip,reports/pm5_stage_table.csv,30e93b59ac689f00fab182583fb25883322e429be42b4ba14e13a1011b916dc9,pm5_stage_table.csv:row_182,pm5_stage_table.csv; cohort_reports.jsonl; live_store_documents.jsonl,"pm5_stage_table.csv:L182; cohort_reports.jsonl:L504,505,506",NEAR_CONTEMPORANEOUS,HISTORICAL_STAGE_TABLE_AND_DISCOVERY_MANIFEST,REQUEST_NOT_CONFIRMED,NOT_RECORDED,NOT_RECORDED,NONE_RECORDED,DISCOVERY_TIMESTAMP_ONLY,NO_REQUEST_EVIDENCE,UNKNOWN,REASON_CODE_MISSING,UNKNOWN_AFTER_REVIEW,UNKNOWN_AFTER_REVIEW,cands=3 (bse:1+nse:1+screener:1); top_src=nse; top_ext=zip; in_fetch_manifest=NO
INE226A01021::FY2015,Voltas Limited,2015,True,False,https://nsearchives.nseindia.com/annual_reports/AR_6349_VOLTAS_2014_2015_08072015175729.zip,reports/pm5_stage_table.csv,30e93b59ac689f00fab182583fb25883322e429be42b4ba14e13a1011b916dc9,pm5_stage_table.csv:row_183,pm5_stage_table.csv; cohort_reports.jsonl; live_store_documents.jsonl,"pm5_stage_table.csv:L183; cohort_reports.jsonl:L507,508,509",NEAR_CONTEMPORANEOUS,HISTORICAL_STAGE_TABLE_AND_DISCOVERY_MANIFEST,REQUEST_NOT_CONFIRMED,NOT_RECORDED,NOT_RECORDED,NONE_RECORDED,DISCOVERY_TIMESTAMP_ONLY,NO_REQUEST_EVIDENCE,UNKNOWN,REASON_CODE_MISSING,UNKNOWN_AFTER_REVIEW,UNKNOWN_AFTER_REVIEW,cands=3 (bse:1+nse:1+screener:1); top_src=nse; top_ext=zip; in_fetch_manifest=NO
INE226A01021::FY2016,Voltas Limited,2016,True,False,https://nsearchives.nseindia.com/annual_reports/AR_9551_VOLTAS_2015_2016_09092016173005.zip,reports/pm5_stage_table.csv,30e93b59ac689f00fab182583fb25883322e429be42b4ba14e13a1011b916dc9,pm5_stage_table.csv:row_184,pm5_stage_table.csv; cohort_reports.jsonl; live_store_documents.jsonl,"pm5_stage_table.csv:L184; cohort_reports.jsonl:L510,511,512",NEAR_CONTEMPORANEOUS,HISTORICAL_STAGE_TABLE_AND_DISCOVERY_MANIFEST,REQUEST_NOT_CONFIRMED,NOT_RECORDED,NOT_RECORDED,NONE_RECORDED,DISCOVERY_TIMESTAMP_ONLY,NO_REQUEST_EVIDENCE,UNKNOWN,REASON_CODE_MISSING,UNKNOWN_AFTER_REVIEW,UNKNOWN_AFTER_REVIEW,cands=3 (bse:1+nse:1+screener:1); top_src=nse; top_ext=zip; in_fetch_manifest=NO
INE226A01021::FY2019,Voltas Limited,2019,True,False,https://nsearchives.nseindia.com/annual_reports/AR_14861_VOLTAS_2018_2019_12072019205854_12072019210003.zip,reports/pm5_stage_table.csv,30e93b59ac689f00fab182583fb25883322e429be42b4ba14e13a1011b916dc9,pm5_stage_table.csv:row_187,pm5_stage_table.csv; cohort_reports.jsonl; live_store_documents.jsonl,"pm5_stage_table.csv:L187; cohort_reports.jsonl:L519,520,521",NEAR_CONTEMPORANEOUS,HISTORICAL_STAGE_TABLE_AND_DISCOVERY_MANIFEST,REQUEST_NOT_CONFIRMED,NOT_RECORDED,NOT_RECORDED,NONE_RECORDED,DISCOVERY_TIMESTAMP_ONLY,NO_REQUEST_EVIDENCE,UNKNOWN,REASON_CODE_MISSING,UNKNOWN_AFTER_REVIEW,UNKNOWN_AFTER_REVIEW,cands=3 (bse:1+nse:1+screener:1); top_src=nse; top_ext=zip; in_fetch_manifest=NO
INE226A01021::FY2020,Voltas Limited,2020,True,False,https://nsearchives.nseindia.com/annual_reports/AR_16566_VOLTAS_2019_2020_25072020174714_25072020180002.zip,reports/pm5_stage_table.csv,30e93b59ac689f00fab182583fb25883322e429be42b4ba14e13a1011b916dc9,pm5_stage_table.csv:row_188,pm5_stage_table.csv; cohort_reports.jsonl; live_store_documents.jsonl,"pm5_stage_table.csv:L188; cohort_reports.jsonl:L522,523,524",NEAR_CONTEMPORANEOUS,HISTORICAL_STAGE_TABLE_AND_DISCOVERY_MANIFEST,REQUEST_NOT_CONFIRMED,NOT_RECORDED,NOT_RECORDED,NONE_RECORDED,DISCOVERY_TIMESTAMP_ONLY,NO_REQUEST_EVIDENCE,UNKNOWN,REASON_CODE_MISSING,UNKNOWN_AFTER_REVIEW,UNKNOWN_AFTER_REVIEW,cands=3 (bse:1+nse:1+screener:1); top_src=nse; top_ext=zip; in_fetch_manifest=NO
INE226A01021::FY2021,Voltas Limited,2021,True,False,https://nsearchives.nseindia.com/annual_reports/AR_19914_VOLTAS_2020_2021_16022022192722_02162022200005.zip,reports/pm5_stage_table.csv,30e93b59ac689f00fab182583fb25883322e429be42b4ba14e13a1011b916dc9,pm5_stage_table.csv:row_189,pm5_stage_table.csv; cohort_reports.jsonl; live_store_documents.jsonl,"pm5_stage_table.csv:L189; cohort_reports.jsonl:L525,526,527",NEAR_CONTEMPORANEOUS,HISTORICAL_STAGE_TABLE_AND_DISCOVERY_MANIFEST,REQUEST_NOT_CONFIRMED,NOT_RECORDED,NOT_RECORDED,NONE_RECORDED,DISCOVERY_TIMESTAMP_ONLY,NO_REQUEST_EVIDENCE,UNKNOWN,REASON_CODE_MISSING,UNKNOWN_AFTER_REVIEW,UNKNOWN_AFTER_REVIEW,cands=3 (bse:1+nse:1+screener:1); top_src=nse; top_ext=zip; in_fetch_manifest=NO
INE226A01021::FY2022,Voltas Limited,2022,True,False,https://nsearchives.nseindia.com/annual_reports/AR_19956_VOLTAS_2021_2022_28052022144748_05282022150002.zip,reports/pm5_stage_table.csv,30e93b59ac689f00fab182583fb25883322e429be42b4ba14e13a1011b916dc9,pm5_stage_table.csv:row_190,pm5_stage_table.csv; cohort_reports.jsonl; live_store_documents.jsonl,"pm5_stage_table.csv:L190; cohort_reports.jsonl:L528,529,530",NEAR_CONTEMPORANEOUS,HISTORICAL_STAGE_TABLE_AND_DISCOVERY_MANIFEST,REQUEST_NOT_CONFIRMED,NOT_RECORDED,NOT_RECORDED,NONE_RECORDED,DISCOVERY_TIMESTAMP_ONLY,NO_REQUEST_EVIDENCE,UNKNOWN,REASON_CODE_MISSING,UNKNOWN_AFTER_REVIEW,UNKNOWN_AFTER_REVIEW,cands=3 (bse:1+nse:1+screener:1); top_src=nse; top_ext=zip; in_fetch_manifest=NO
INE226A01021::FY2023,Voltas Limited,2023,True,False,https://nsearchives.nseindia.com/annual_reports/AR_21928_VOLTAS_2022_2023_26052023210412_05262023220001.zip,reports/pm5_stage_table.csv,30e93b59ac689f00fab182583fb25883322e429be42b4ba14e13a1011b916dc9,pm5_stage_table.csv:row_191,pm5_stage_table.csv; cohort_reports.jsonl; live_store_documents.jsonl,"pm5_stage_table.csv:L191; cohort_reports.jsonl:L531,532,533",NEAR_CONTEMPORANEOUS,HISTORICAL_STAGE_TABLE_AND_DISCOVERY_MANIFEST,REQUEST_NOT_CONFIRMED,NOT_RECORDED,NOT_RECORDED,NONE_RECORDED,DISCOVERY_TIMESTAMP_ONLY,NO_REQUEST_EVIDENCE,UNKNOWN,REASON_CODE_MISSING,UNKNOWN_AFTER_REVIEW,UNKNOWN_AFTER_REVIEW,cands=3 (bse:1+nse:1+screener:1); top_src=nse; top_ext=zip; in_fetch_manifest=NO
INE761H01022::FY2010,Page Industries Limited,2010,True,False,https://nsearchives.nseindia.com/annual_reports/AR_PAGEIND_2009_2010_29092010120000.zip,reports/pm5_stage_table.csv,30e93b59ac689f00fab182583fb25883322e429be42b4ba14e13a1011b916dc9,pm5_stage_table.csv:row_194,pm5_stage_table.csv; cohort_reports.jsonl; live_store_documents.jsonl,"pm5_stage_table.csv:L194; cohort_reports.jsonl:L541,542",NEAR_CONTEMPORANEOUS,HISTORICAL_STAGE_TABLE_AND_DISCOVERY_MANIFEST,REQUEST_NOT_CONFIRMED,NOT_RECORDED,NOT_RECORDED,NONE_RECORDED,DISCOVERY_TIMESTAMP_ONLY,NO_REQUEST_EVIDENCE,UNKNOWN,REASON_CODE_MISSING,UNKNOWN_AFTER_REVIEW,UNKNOWN_AFTER_REVIEW,cands=2 (bse:1+nse:1); top_src=nse; top_ext=zip; in_fetch_manifest=NO
INE761H01022::FY2011,Page Industries Limited,2011,True,False,https://nsearchives.nseindia.com/annual_reports/AR_PAGEIND_2010_2011_15072011102628.zip,reports/pm5_stage_table.csv,30e93b59ac689f00fab182583fb25883322e429be42b4ba14e13a1011b916dc9,pm5_stage_table.csv:row_195,pm5_stage_table.csv; cohort_reports.jsonl; live_store_documents.jsonl,"pm5_stage_table.csv:L195; cohort_reports.jsonl:L543,544",NEAR_CONTEMPORANEOUS,HISTORICAL_STAGE_TABLE_AND_DISCOVERY_MANIFEST,REQUEST_NOT_CONFIRMED,NOT_RECORDED,NOT_RECORDED,NONE_RECORDED,DISCOVERY_TIMESTAMP_ONLY,NO_REQUEST_EVIDENCE,UNKNOWN,REASON_CODE_MISSING,UNKNOWN_AFTER_REVIEW,UNKNOWN_AFTER_REVIEW,cands=2 (bse:1+nse:1); top_src=nse; top_ext=zip; in_fetch_manifest=NO
INE761H01022::FY2014,Page Industries Limited,2014,True,False,https://nsearchives.nseindia.com/annual_reports/AR_3949_PAGEIND_2013_2014_22072014110035.zip,reports/pm5_stage_table.csv,30e93b59ac689f00fab182583fb25883322e429be42b4ba14e13a1011b916dc9,pm5_stage_table.csv:row_198,pm5_stage_table.csv; cohort_reports.jsonl; live_store_documents.jsonl,"pm5_stage_table.csv:L198; cohort_reports.jsonl:L551,552,553",NEAR_CONTEMPORANEOUS,HISTORICAL_STAGE_TABLE_AND_DISCOVERY_MANIFEST,REQUEST_NOT_CONFIRMED,NOT_RECORDED,NOT_RECORDED,NONE_RECORDED,DISCOVERY_TIMESTAMP_ONLY,NO_REQUEST_EVIDENCE,UNKNOWN,REASON_CODE_MISSING,UNKNOWN_AFTER_REVIEW,UNKNOWN_AFTER_REVIEW,cands=3 (bse:1+nse:1+screener:1); top_src=nse; top_ext=zip; in_fetch_manifest=NO
INE761H01022::FY2015,Page Industries Limited,2015,True,False,https://nsearchives.nseindia.com/annual_reports/AR_6558_PAGEIND_2014_2015_16072015150547.zip,reports/pm5_stage_table.csv,30e93b59ac689f00fab182583fb25883322e429be42b4ba14e13a1011b916dc9,pm5_stage_table.csv:row_199,pm5_stage_table.csv; cohort_reports.jsonl; live_store_documents.jsonl,"pm5_stage_table.csv:L199; cohort_reports.jsonl:L554,555,556,557",NEAR_CONTEMPORANEOUS,HISTORICAL_STAGE_TABLE_AND_DISCOVERY_MANIFEST,REQUEST_NOT_CONFIRMED,NOT_RECORDED,NOT_RECORDED,NONE_RECORDED,DISCOVERY_TIMESTAMP_ONLY,NO_REQUEST_EVIDENCE,UNKNOWN,REASON_CODE_MISSING,UNKNOWN_AFTER_REVIEW,UNKNOWN_AFTER_REVIEW,cands=4 (bse:1+nse:1+screener:2); top_src=nse; top_ext=zip; in_fetch_manifest=NO
INE761H01022::FY2016,Page Industries Limited,2016,True,False,https://nsearchives.nseindia.com/annual_reports/AR_9335_PAGEIND_2015_2016_16082016131411.zip,reports/pm5_stage_table.csv,30e93b59ac689f00fab182583fb25883322e429be42b4ba14e13a1011b916dc9,pm5_stage_table.csv:row_200,pm5_stage_table.csv; cohort_reports.jsonl; live_store_documents.jsonl,"pm5_stage_table.csv:L200; cohort_reports.jsonl:L558,559,560",NEAR_CONTEMPORANEOUS,HISTORICAL_STAGE_TABLE_AND_DISCOVERY_MANIFEST,REQUEST_NOT_CONFIRMED,NOT_RECORDED,NOT_RECORDED,NONE_RECORDED,DISCOVERY_TIMESTAMP_ONLY,NO_REQUEST_EVIDENCE,UNKNOWN,REASON_CODE_MISSING,UNKNOWN_AFTER_REVIEW,UNKNOWN_AFTER_REVIEW,cands=3 (bse:1+nse:1+screener:1); top_src=nse; top_ext=zip; in_fetch_manifest=NO
INE761H01022::FY2019,Page Industries Limited,2019,True,False,https://nsearchives.nseindia.com/annual_reports/AR_14820_PAGEIND_2018_2019_11072019124917_11072019130011.zip,reports/pm5_stage_table.csv,30e93b59ac689f00fab182583fb25883322e429be42b4ba14e13a1011b916dc9,pm5_stage_table.csv:row_203,pm5_stage_table.csv; cohort_reports.jsonl; live_store_documents.jsonl,"pm5_stage_table.csv:L203; cohort_reports.jsonl:L567,568,569",NEAR_CONTEMPORANEOUS,HISTORICAL_STAGE_TABLE_AND_DISCOVERY_MANIFEST,REQUEST_NOT_CONFIRMED,NOT_RECORDED,NOT_RECORDED,NONE_RECORDED,DISCOVERY_TIMESTAMP_ONLY,NO_REQUEST_EVIDENCE,UNKNOWN,REASON_CODE_MISSING,UNKNOWN_AFTER_REVIEW,UNKNOWN_AFTER_REVIEW,cands=3 (bse:1+nse:1+screener:1); top_src=nse; top_ext=zip; in_fetch_manifest=NO
INE761H01022::FY2020,Page Industries Limited,2020,True,False,https://nsearchives.nseindia.com/annual_reports/AR_16527_PAGEIND_2019_2020_21072020132018_21072020140003.zip,reports/pm5_stage_table.csv,30e93b59ac689f00fab182583fb25883322e429be42b4ba14e13a1011b916dc9,pm5_stage_table.csv:row_204,pm5_stage_table.csv; cohort_reports.jsonl; live_store_documents.jsonl,"pm5_stage_table.csv:L204; cohort_reports.jsonl:L570,571,572",NEAR_CONTEMPORANEOUS,HISTORICAL_STAGE_TABLE_AND_DISCOVERY_MANIFEST,REQUEST_NOT_CONFIRMED,NOT_RECORDED,NOT_RECORDED,NONE_RECORDED,DISCOVERY_TIMESTAMP_ONLY,NO_REQUEST_EVIDENCE,UNKNOWN,REASON_CODE_MISSING,UNKNOWN_AFTER_REVIEW,UNKNOWN_AFTER_REVIEW,cands=3 (bse:1+nse:1+screener:1); top_src=nse; top_ext=zip; in_fetch_manifest=NO
INE761H01022::FY2021,Page Industries Limited,2021,True,False,https://nsearchives.nseindia.com/annual_reports/AR_18348_PAGEIND_2020_2021_10072021153406_10072021160013.zip,reports/pm5_stage_table.csv,30e93b59ac689f00fab182583fb25883322e429be42b4ba14e13a1011b916dc9,pm5_stage_table.csv:row_205,pm5_stage_table.csv; cohort_reports.jsonl; live_store_documents.jsonl,"pm5_stage_table.csv:L205; cohort_reports.jsonl:L573,574,575",NEAR_CONTEMPORANEOUS,HISTORICAL_STAGE_TABLE_AND_DISCOVERY_MANIFEST,REQUEST_NOT_CONFIRMED,NOT_RECORDED,NOT_RECORDED,NONE_RECORDED,DISCOVERY_TIMESTAMP_ONLY,NO_REQUEST_EVIDENCE,UNKNOWN,REASON_CODE_MISSING,UNKNOWN_AFTER_REVIEW,UNKNOWN_AFTER_REVIEW,cands=3 (bse:1+nse:1+screener:1); top_src=nse; top_ext=zip; in_fetch_manifest=NO
INE761H01022::FY2022,Page Industries Limited,2022,True,False,https://nsearchives.nseindia.com/annual_reports/AR_20357_PAGEIND_2021_2022_13072022225424_07132022230006.zip,reports/pm5_stage_table.csv,30e93b59ac689f00fab182583fb25883322e429be42b4ba14e13a1011b916dc9,pm5_stage_table.csv:row_206,pm5_stage_table.csv; cohort_reports.jsonl; live_store_documents.jsonl,"pm5_stage_table.csv:L206; cohort_reports.jsonl:L576,577,578",NEAR_CONTEMPORANEOUS,HISTORICAL_STAGE_TABLE_AND_DISCOVERY_MANIFEST,REQUEST_NOT_CONFIRMED,NOT_RECORDED,NOT_RECORDED,NONE_RECORDED,DISCOVERY_TIMESTAMP_ONLY,NO_REQUEST_EVIDENCE,UNKNOWN,REASON_CODE_MISSING,UNKNOWN_AFTER_REVIEW,UNKNOWN_AFTER_REVIEW,cands=3 (bse:1+nse:1+screener:1); top_src=nse; top_ext=zip; in_fetch_manifest=NO
INE761H01022::FY2023,Page Industries Limited,2023,True,False,https://nsearchives.nseindia.com/annual_reports/AR_22323_PAGEIND_2022_2023_13072023164359_07132023170000.zip,reports/pm5_stage_table.csv,30e93b59ac689f00fab182583fb25883322e429be42b4ba14e13a1011b916dc9,pm5_stage_table.csv:row_207,pm5_stage_table.csv; cohort_reports.jsonl; live_store_documents.jsonl,"pm5_stage_table.csv:L207; cohort_reports.jsonl:L579,580,581",NEAR_CONTEMPORANEOUS,HISTORICAL_STAGE_TABLE_AND_DISCOVERY_MANIFEST,REQUEST_NOT_CONFIRMED,NOT_RECORDED,NOT_RECORDED,NONE_RECORDED,DISCOVERY_TIMESTAMP_ONLY,NO_REQUEST_EVIDENCE,UNKNOWN,REASON_CODE_MISSING,UNKNOWN_AFTER_REVIEW,UNKNOWN_AFTER_REVIEW,cands=3 (bse:1+nse:1+screener:1); top_src=nse; top_ext=zip; in_fetch_manifest=NO
INE797F01020::FY2010,Jubilant Foodworks Limited,2010,True,False,https://nsearchives.nseindia.com/annual_reports/AR_JUBLFOOD_2009_2010_17092010120000.zip,reports/pm5_stage_table.csv,30e93b59ac689f00fab182583fb25883322e429be42b4ba14e13a1011b916dc9,pm5_stage_table.csv:row_210,pm5_stage_table.csv; cohort_reports.jsonl; live_store_documents.jsonl,"pm5_stage_table.csv:L210; cohort_reports.jsonl:L588,589",NEAR_CONTEMPORANEOUS,HISTORICAL_STAGE_TABLE_AND_DISCOVERY_MANIFEST,REQUEST_NOT_CONFIRMED,NOT_RECORDED,NOT_RECORDED,NONE_RECORDED,DISCOVERY_TIMESTAMP_ONLY,NO_REQUEST_EVIDENCE,UNKNOWN,REASON_CODE_MISSING,UNKNOWN_AFTER_REVIEW,UNKNOWN_AFTER_REVIEW,cands=2 (bse:1+nse:1); top_src=nse; top_ext=zip; in_fetch_manifest=NO
INE797F01020::FY2011,Jubilant Foodworks Limited,2011,True,False,https://nsearchives.nseindia.com/annual_reports/AR_JUBLFOOD_2010_2011_08082011082526.zip,reports/pm5_stage_table.csv,30e93b59ac689f00fab182583fb25883322e429be42b4ba14e13a1011b916dc9,pm5_stage_table.csv:row_211,pm5_stage_table.csv; cohort_reports.jsonl; live_store_documents.jsonl,"pm5_stage_table.csv:L211; cohort_reports.jsonl:L590,591",NEAR_CONTEMPORANEOUS,HISTORICAL_STAGE_TABLE_AND_DISCOVERY_MANIFEST,REQUEST_NOT_CONFIRMED,NOT_RECORDED,NOT_RECORDED,NONE_RECORDED,DISCOVERY_TIMESTAMP_ONLY,NO_REQUEST_EVIDENCE,UNKNOWN,REASON_CODE_MISSING,UNKNOWN_AFTER_REVIEW,UNKNOWN_AFTER_REVIEW,cands=2 (bse:1+nse:1); top_src=nse; top_ext=zip; in_fetch_manifest=NO
INE797F01020::FY2014,Jubilant Foodworks Limited,2014,True,False,https://nsearchives.nseindia.com/annual_reports/AR_4176_JUBLFOOD_2013_2014_07082014144526.zip,reports/pm5_stage_table.csv,30e93b59ac689f00fab182583fb25883322e429be42b4ba14e13a1011b916dc9,pm5_stage_table.csv:row_214,pm5_stage_table.csv; cohort_reports.jsonl; live_store_documents.jsonl,"pm5_stage_table.csv:L214; cohort_reports.jsonl:L597,598,599",NEAR_CONTEMPORANEOUS,HISTORICAL_STAGE_TABLE_AND_DISCOVERY_MANIFEST,REQUEST_NOT_CONFIRMED,NOT_RECORDED,NOT_RECORDED,NONE_RECORDED,DISCOVERY_TIMESTAMP_ONLY,NO_REQUEST_EVIDENCE,UNKNOWN,REASON_CODE_MISSING,UNKNOWN_AFTER_REVIEW,UNKNOWN_AFTER_REVIEW,cands=3 (bse:1+nse:1+screener:1); top_src=nse; top_ext=zip; in_fetch_manifest=NO
INE797F01020::FY2015,Jubilant Foodworks Limited,2015,True,False,https://nsearchives.nseindia.com/annual_reports/AR_6927_JUBLFOOD_2014_2015_07082015112031.zip,reports/pm5_stage_table.csv,30e93b59ac689f00fab182583fb25883322e429be42b4ba14e13a1011b916dc9,pm5_stage_table.csv:row_215,pm5_stage_table.csv; cohort_reports.jsonl; live_store_documents.jsonl,"pm5_stage_table.csv:L215; cohort_reports.jsonl:L600,601,602",NEAR_CONTEMPORANEOUS,HISTORICAL_STAGE_TABLE_AND_DISCOVERY_MANIFEST,REQUEST_NOT_CONFIRMED,NOT_RECORDED,NOT_RECORDED,NONE_RECORDED,DISCOVERY_TIMESTAMP_ONLY,NO_REQUEST_EVIDENCE,UNKNOWN,REASON_CODE_MISSING,UNKNOWN_AFTER_REVIEW,UNKNOWN_AFTER_REVIEW,cands=3 (bse:1+nse:1+screener:1); top_src=nse; top_ext=zip; in_fetch_manifest=NO
INE797F01020::FY2016,Jubilant Foodworks Limited,2016,True,False,https://nsearchives.nseindia.com/annual_reports/AR_9601_JUBLFOOD_2015_2016_21092016113935.zip,reports/pm5_stage_table.csv,30e93b59ac689f00fab182583fb25883322e429be42b4ba14e13a1011b916dc9,pm5_stage_table.csv:row_216,pm5_stage_table.csv; cohort_reports.jsonl; live_store_documents.jsonl,"pm5_stage_table.csv:L216; cohort_reports.jsonl:L603,604,605",NEAR_CONTEMPORANEOUS,HISTORICAL_STAGE_TABLE_AND_DISCOVERY_MANIFEST,REQUEST_NOT_CONFIRMED,NOT_RECORDED,NOT_RECORDED,NONE_RECORDED,DISCOVERY_TIMESTAMP_ONLY,NO_REQUEST_EVIDENCE,UNKNOWN,REASON_CODE_MISSING,UNKNOWN_AFTER_REVIEW,UNKNOWN_AFTER_REVIEW,cands=3 (bse:1+nse:1+screener:1); top_src=nse; top_ext=zip; in_fetch_manifest=NO
INE797F01020::FY2019,Jubilant Foodworks Limited,2019,True,False,https://nsearchives.nseindia.com/annual_reports/AR_15387_JUBLFOOD_2018_2019_27082019130129_27082019140003.zip,reports/pm5_stage_table.csv,30e93b59ac689f00fab182583fb25883322e429be42b4ba14e13a1011b916dc9,pm5_stage_table.csv:row_219,pm5_stage_table.csv; cohort_reports.jsonl; live_store_documents.jsonl,"pm5_stage_table.csv:L219; cohort_reports.jsonl:L612,613,614",NEAR_CONTEMPORANEOUS,HISTORICAL_STAGE_TABLE_AND_DISCOVERY_MANIFEST,REQUEST_NOT_CONFIRMED,NOT_RECORDED,NOT_RECORDED,NONE_RECORDED,DISCOVERY_TIMESTAMP_ONLY,NO_REQUEST_EVIDENCE,UNKNOWN,REASON_CODE_MISSING,UNKNOWN_AFTER_REVIEW,UNKNOWN_AFTER_REVIEW,cands=3 (bse:1+nse:1+screener:1); top_src=nse; top_ext=zip; in_fetch_manifest=NO
INE797F01020::FY2020,Jubilant Foodworks Limited,2020,True,False,https://nsearchives.nseindia.com/annual_reports/AR_16834_JUBLFOOD_2019_2020_22082020113100_22082020120004.zip,reports/pm5_stage_table.csv,30e93b59ac689f00fab182583fb25883322e429be42b4ba14e13a1011b916dc9,pm5_stage_table.csv:row_220,pm5_stage_table.csv; cohort_reports.jsonl; live_store_documents.jsonl,"pm5_stage_table.csv:L220; cohort_reports.jsonl:L615,616,617",NEAR_CONTEMPORANEOUS,HISTORICAL_STAGE_TABLE_AND_DISCOVERY_MANIFEST,REQUEST_NOT_CONFIRMED,NOT_RECORDED,NOT_RECORDED,NONE_RECORDED,DISCOVERY_TIMESTAMP_ONLY,NO_REQUEST_EVIDENCE,UNKNOWN,REASON_CODE_MISSING,UNKNOWN_AFTER_REVIEW,UNKNOWN_AFTER_REVIEW,cands=3 (bse:1+nse:1+screener:1); top_src=nse; top_ext=zip; in_fetch_manifest=NO
INE797F01020::FY2021,Jubilant Foodworks Limited,2021,True,False,https://nsearchives.nseindia.com/annual_reports/AR_18824_JUBLFOOD_2020_2021_23082021131612_23082021140001.zip,reports/pm5_stage_table.csv,30e93b59ac689f00fab182583fb25883322e429be42b4ba14e13a1011b916dc9,pm5_stage_table.csv:row_221,pm5_stage_table.csv; cohort_reports.jsonl; live_store_documents.jsonl,"pm5_stage_table.csv:L221; cohort_reports.jsonl:L618,619,620",NEAR_CONTEMPORANEOUS,HISTORICAL_STAGE_TABLE_AND_DISCOVERY_MANIFEST,REQUEST_NOT_CONFIRMED,NOT_RECORDED,NOT_RECORDED,NONE_RECORDED,DISCOVERY_TIMESTAMP_ONLY,NO_REQUEST_EVIDENCE,UNKNOWN,REASON_CODE_MISSING,UNKNOWN_AFTER_REVIEW,UNKNOWN_AFTER_REVIEW,cands=3 (bse:1+nse:1+screener:1); top_src=nse; top_ext=zip; in_fetch_manifest=NO
INE797F01020::FY2022,Jubilant Foodworks Limited,2022,True,False,https://nsearchives.nseindia.com/annual_reports/AR_21318_JUBLFOOD_2021_2022_05092022131354_09052022140005.zip,reports/pm5_stage_table.csv,30e93b59ac689f00fab182583fb25883322e429be42b4ba14e13a1011b916dc9,pm5_stage_table.csv:row_222,pm5_stage_table.csv; cohort_reports.jsonl; live_store_documents.jsonl,"pm5_stage_table.csv:L222; cohort_reports.jsonl:L621,622,623",NEAR_CONTEMPORANEOUS,HISTORICAL_STAGE_TABLE_AND_DISCOVERY_MANIFEST,REQUEST_NOT_CONFIRMED,NOT_RECORDED,NOT_RECORDED,NONE_RECORDED,DISCOVERY_TIMESTAMP_ONLY,NO_REQUEST_EVIDENCE,UNKNOWN,REASON_CODE_MISSING,UNKNOWN_AFTER_REVIEW,UNKNOWN_AFTER_REVIEW,cands=3 (bse:1+nse:1+screener:1); top_src=nse; top_ext=zip; in_fetch_manifest=NO
INE797F01020::FY2023,Jubilant Foodworks Limited,2023,True,False,https://nsearchives.nseindia.com/annual_reports/AR_22653_JUBLFOOD_2022_2023_04082023212727_08042023220000.zip,reports/pm5_stage_table.csv,30e93b59ac689f00fab182583fb25883322e429be42b4ba14e13a1011b916dc9,pm5_stage_table.csv:row_223,pm5_stage_table.csv; cohort_reports.jsonl; live_store_documents.jsonl,"pm5_stage_table.csv:L223; cohort_reports.jsonl:L624,625,626",NEAR_CONTEMPORANEOUS,HISTORICAL_STAGE_TABLE_AND_DISCOVERY_MANIFEST,REQUEST_NOT_CONFIRMED,NOT_RECORDED,NOT_RECORDED,NONE_RECORDED,DISCOVERY_TIMESTAMP_ONLY,NO_REQUEST_EVIDENCE,UNKNOWN,REASON_CODE_MISSING,UNKNOWN_AFTER_REVIEW,UNKNOWN_AFTER_REVIEW,cands=3 (bse:1+nse:1+screener:1); top_src=nse; top_ext=zip; in_fetch_manifest=NO
INE002S01010::FY2014,Mahanagar Gas Limited,2014,True,False,https://www.bseindia.com/HIS_ANN_RPT/HISTANNR/2014/MAHANAGAR_GAS_LTD-539957-MARCH-2014.PDF,reports/pm5_stage_table.csv,30e93b59ac689f00fab182583fb25883322e429be42b4ba14e13a1011b916dc9,pm5_stage_table.csv:row_230,pm5_stage_table.csv; cohort_reports.jsonl; live_store_documents.jsonl,pm5_stage_table.csv:L230; cohort_reports.jsonl:L633,NEAR_CONTEMPORANEOUS,HISTORICAL_STAGE_TABLE_AND_DISCOVERY_MANIFEST,REQUEST_NOT_CONFIRMED,NOT_RECORDED,NOT_RECORDED,NONE_RECORDED,DISCOVERY_TIMESTAMP_ONLY,NO_REQUEST_EVIDENCE,UNKNOWN,REASON_CODE_MISSING,UNKNOWN_AFTER_REVIEW,UNKNOWN_AFTER_REVIEW,cands=1 (bse:1); top_src=bse; top_ext=pdf; in_fetch_manifest=NO
INE002S01010::FY2015,Mahanagar Gas Limited,2015,True,False,https://www.bseindia.com/HIS_ANN_RPT/HISTANNR/2015/MAHANAGAR_GAS_LTD-539957-MARCH-2015.PDF,reports/pm5_stage_table.csv,30e93b59ac689f00fab182583fb25883322e429be42b4ba14e13a1011b916dc9,pm5_stage_table.csv:row_231,pm5_stage_table.csv; cohort_reports.jsonl; live_store_documents.jsonl,pm5_stage_table.csv:L231; cohort_reports.jsonl:L634,NEAR_CONTEMPORANEOUS,HISTORICAL_STAGE_TABLE_AND_DISCOVERY_MANIFEST,REQUEST_NOT_CONFIRMED,NOT_RECORDED,NOT_RECORDED,NONE_RECORDED,DISCOVERY_TIMESTAMP_ONLY,NO_REQUEST_EVIDENCE,UNKNOWN,REASON_CODE_MISSING,UNKNOWN_AFTER_REVIEW,UNKNOWN_AFTER_REVIEW,cands=1 (bse:1); top_src=bse; top_ext=pdf; in_fetch_manifest=NO
INE002S01010::FY2016,Mahanagar Gas Limited,2016,True,False,https://nsearchives.nseindia.com/annual_reports/AR_10130_MGL_2015_2016_04102016124824.zip,reports/pm5_stage_table.csv,30e93b59ac689f00fab182583fb25883322e429be42b4ba14e13a1011b916dc9,pm5_stage_table.csv:row_232,pm5_stage_table.csv; cohort_reports.jsonl; live_store_documents.jsonl,"pm5_stage_table.csv:L232; cohort_reports.jsonl:L635,636,637",NEAR_CONTEMPORANEOUS,HISTORICAL_STAGE_TABLE_AND_DISCOVERY_MANIFEST,REQUEST_NOT_CONFIRMED,NOT_RECORDED,NOT_RECORDED,NONE_RECORDED,DISCOVERY_TIMESTAMP_ONLY,NO_REQUEST_EVIDENCE,UNKNOWN,REASON_CODE_MISSING,UNKNOWN_AFTER_REVIEW,UNKNOWN_AFTER_REVIEW,cands=3 (bse:1+nse:1+screener:1); top_src=nse; top_ext=zip; in_fetch_manifest=NO
INE002S01010::FY2019,Mahanagar Gas Limited,2019,True,False,https://nsearchives.nseindia.com/annual_reports/AR_15226_MGL_2018_2019_14082019214157_14082019220007.zip,reports/pm5_stage_table.csv,30e93b59ac689f00fab182583fb25883322e429be42b4ba14e13a1011b916dc9,pm5_stage_table.csv:row_235,pm5_stage_table.csv; cohort_reports.jsonl; live_store_documents.jsonl,"pm5_stage_table.csv:L235; cohort_reports.jsonl:L644,645,646",NEAR_CONTEMPORANEOUS,HISTORICAL_STAGE_TABLE_AND_DISCOVERY_MANIFEST,REQUEST_NOT_CONFIRMED,NOT_RECORDED,NOT_RECORDED,NONE_RECORDED,DISCOVERY_TIMESTAMP_ONLY,NO_REQUEST_EVIDENCE,UNKNOWN,REASON_CODE_MISSING,UNKNOWN_AFTER_REVIEW,UNKNOWN_AFTER_REVIEW,cands=3 (bse:1+nse:1+screener:1); top_src=nse; top_ext=zip; in_fetch_manifest=NO
INE002S01010::FY2020,Mahanagar Gas Limited,2020,True,False,https://nsearchives.nseindia.com/annual_reports/AR_16957_MGL_2019_2020_28082020202853_28082020210003.zip,reports/pm5_stage_table.csv,30e93b59ac689f00fab182583fb25883322e429be42b4ba14e13a1011b916dc9,pm5_stage_table.csv:row_236,pm5_stage_table.csv; cohort_reports.jsonl; live_store_documents.jsonl,"pm5_stage_table.csv:L236; cohort_reports.jsonl:L647,648,649",NEAR_CONTEMPORANEOUS,HISTORICAL_STAGE_TABLE_AND_DISCOVERY_MANIFEST,REQUEST_NOT_CONFIRMED,NOT_RECORDED,NOT_RECORDED,NONE_RECORDED,DISCOVERY_TIMESTAMP_ONLY,NO_REQUEST_EVIDENCE,UNKNOWN,REASON_CODE_MISSING,UNKNOWN_AFTER_REVIEW,UNKNOWN_AFTER_REVIEW,cands=3 (bse:1+nse:1+screener:1); top_src=nse; top_ext=zip; in_fetch_manifest=NO
INE002S01010::FY2021,Mahanagar Gas Limited,2021,True,False,https://nsearchives.nseindia.com/annual_reports/AR_19335_MGL_2020_2021_04092021142733_09042021150004.zip,reports/pm5_stage_table.csv,30e93b59ac689f00fab182583fb25883322e429be42b4ba14e13a1011b916dc9,pm5_stage_table.csv:row_237,pm5_stage_table.csv; cohort_reports.jsonl; live_store_documents.jsonl,"pm5_stage_table.csv:L237; cohort_reports.jsonl:L650,651,652",NEAR_CONTEMPORANEOUS,HISTORICAL_STAGE_TABLE_AND_DISCOVERY_MANIFEST,REQUEST_NOT_CONFIRMED,NOT_RECORDED,NOT_RECORDED,NONE_RECORDED,DISCOVERY_TIMESTAMP_ONLY,NO_REQUEST_EVIDENCE,UNKNOWN,REASON_CODE_MISSING,UNKNOWN_AFTER_REVIEW,UNKNOWN_AFTER_REVIEW,cands=3 (bse:1+nse:1+screener:1); top_src=nse; top_ext=zip; in_fetch_manifest=NO
INE002S01010::FY2022,Mahanagar Gas Limited,2022,True,False,https://nsearchives.nseindia.com/annual_reports/AR_20530_MGL_2021_2022_29072022195558_07292022200006.zip,reports/pm5_stage_table.csv,30e93b59ac689f00fab182583fb25883322e429be42b4ba14e13a1011b916dc9,pm5_stage_table.csv:row_238,pm5_stage_table.csv; cohort_reports.jsonl; live_store_documents.jsonl,"pm5_stage_table.csv:L238; cohort_reports.jsonl:L653,654,655",NEAR_CONTEMPORANEOUS,HISTORICAL_STAGE_TABLE_AND_DISCOVERY_MANIFEST,REQUEST_NOT_CONFIRMED,NOT_RECORDED,NOT_RECORDED,NONE_RECORDED,DISCOVERY_TIMESTAMP_ONLY,NO_REQUEST_EVIDENCE,UNKNOWN,REASON_CODE_MISSING,UNKNOWN_AFTER_REVIEW,UNKNOWN_AFTER_REVIEW,cands=3 (bse:1+nse:1+screener:1); top_src=nse; top_ext=zip; in_fetch_manifest=NO
INE002S01010::FY2023,Mahanagar Gas Limited,2023,True,False,https://nsearchives.nseindia.com/annual_reports/AR_22617_MGL_2022_2023_02082023203217_08022023210001.zip,reports/pm5_stage_table.csv,30e93b59ac689f00fab182583fb25883322e429be42b4ba14e13a1011b916dc9,pm5_stage_table.csv:row_239,pm5_stage_table.csv; cohort_reports.jsonl; live_store_documents.jsonl,"pm5_stage_table.csv:L239; cohort_reports.jsonl:L656,657,658",NEAR_CONTEMPORANEOUS,HISTORICAL_STAGE_TABLE_AND_DISCOVERY_MANIFEST,REQUEST_NOT_CONFIRMED,NOT_RECORDED,NOT_RECORDED,NONE_RECORDED,DISCOVERY_TIMESTAMP_ONLY,NO_REQUEST_EVIDENCE,UNKNOWN,REASON_CODE_MISSING,UNKNOWN_AFTER_REVIEW,UNKNOWN_AFTER_REVIEW,cands=3 (bse:1+nse:1+screener:1); top_src=nse; top_ext=zip; in_fetch_manifest=NO
INE008A01015::FY2010,IDBI Bank Limited,2010,True,False,https://nsearchives.nseindia.com/annual_reports/AR_IDBI_2009_2010_18082010121500.zip,reports/pm5_stage_table.csv,30e93b59ac689f00fab182583fb25883322e429be42b4ba14e13a1011b916dc9,pm5_stage_table.csv:row_242,pm5_stage_table.csv; cohort_reports.jsonl; live_store_documents.jsonl,"pm5_stage_table.csv:L242; cohort_reports.jsonl:L665,666",NEAR_CONTEMPORANEOUS,HISTORICAL_STAGE_TABLE_AND_DISCOVERY_MANIFEST,REQUEST_NOT_CONFIRMED,NOT_RECORDED,NOT_RECORDED,NONE_RECORDED,DISCOVERY_TIMESTAMP_ONLY,NO_REQUEST_EVIDENCE,UNKNOWN,REASON_CODE_MISSING,UNKNOWN_AFTER_REVIEW,UNKNOWN_AFTER_REVIEW,cands=2 (bse:1+nse:1); top_src=nse; top_ext=zip; in_fetch_manifest=NO
INE008A01015::FY2011,IDBI Bank Limited,2011,True,False,https://nsearchives.nseindia.com/annual_reports/AR_IDBI_2010_2011_09092011042828.zip,reports/pm5_stage_table.csv,30e93b59ac689f00fab182583fb25883322e429be42b4ba14e13a1011b916dc9,pm5_stage_table.csv:row_243,pm5_stage_table.csv; cohort_reports.jsonl; live_store_documents.jsonl,"pm5_stage_table.csv:L243; cohort_reports.jsonl:L667,668",NEAR_CONTEMPORANEOUS,HISTORICAL_STAGE_TABLE_AND_DISCOVERY_MANIFEST,REQUEST_NOT_CONFIRMED,NOT_RECORDED,NOT_RECORDED,NONE_RECORDED,DISCOVERY_TIMESTAMP_ONLY,NO_REQUEST_EVIDENCE,UNKNOWN,REASON_CODE_MISSING,UNKNOWN_AFTER_REVIEW,UNKNOWN_AFTER_REVIEW,cands=2 (bse:1+nse:1); top_src=nse; top_ext=zip; in_fetch_manifest=NO
INE008A01015::FY2014,IDBI Bank Limited,2014,True,False,https://nsearchives.nseindia.com/annual_reports/AR_3310_IDBI_2013_2014_27052014120049.zip,reports/pm5_stage_table.csv,30e93b59ac689f00fab182583fb25883322e429be42b4ba14e13a1011b916dc9,pm5_stage_table.csv:row_246,pm5_stage_table.csv; cohort_reports.jsonl; live_store_documents.jsonl,"pm5_stage_table.csv:L246; cohort_reports.jsonl:L675,676,677",NEAR_CONTEMPORANEOUS,HISTORICAL_STAGE_TABLE_AND_DISCOVERY_MANIFEST,REQUEST_NOT_CONFIRMED,NOT_RECORDED,NOT_RECORDED,NONE_RECORDED,DISCOVERY_TIMESTAMP_ONLY,NO_REQUEST_EVIDENCE,UNKNOWN,REASON_CODE_MISSING,UNKNOWN_AFTER_REVIEW,UNKNOWN_AFTER_REVIEW,cands=3 (bse:1+nse:1+screener:1); top_src=nse; top_ext=zip; in_fetch_manifest=NO
INE008A01015::FY2015,IDBI Bank Limited,2015,True,False,https://nsearchives.nseindia.com/annual_reports/AR_6480_IDBI_2014_2015_13072015142508.zip,reports/pm5_stage_table.csv,30e93b59ac689f00fab182583fb25883322e429be42b4ba14e13a1011b916dc9,pm5_stage_table.csv:row_247,pm5_stage_table.csv; cohort_reports.jsonl; live_store_documents.jsonl,"pm5_stage_table.csv:L247; cohort_reports.jsonl:L678,679,680",NEAR_CONTEMPORANEOUS,HISTORICAL_STAGE_TABLE_AND_DISCOVERY_MANIFEST,REQUEST_NOT_CONFIRMED,NOT_RECORDED,NOT_RECORDED,NONE_RECORDED,DISCOVERY_TIMESTAMP_ONLY,NO_REQUEST_EVIDENCE,UNKNOWN,REASON_CODE_MISSING,UNKNOWN_AFTER_REVIEW,UNKNOWN_AFTER_REVIEW,cands=3 (bse:1+nse:1+screener:1); top_src=nse; top_ext=zip; in_fetch_manifest=NO
INE008A01015::FY2016,IDBI Bank Limited,2016,True,False,https://nsearchives.nseindia.com/annual_reports/AR_9111_IDBI_2015_2016_26072016101046.zip,reports/pm5_stage_table.csv,30e93b59ac689f00fab182583fb25883322e429be42b4ba14e13a1011b916dc9,pm5_stage_table.csv:row_248,pm5_stage_table.csv; cohort_reports.jsonl; live_store_documents.jsonl,"pm5_stage_table.csv:L248; cohort_reports.jsonl:L681,682,683",NEAR_CONTEMPORANEOUS,HISTORICAL_STAGE_TABLE_AND_DISCOVERY_MANIFEST,REQUEST_NOT_CONFIRMED,NOT_RECORDED,NOT_RECORDED,NONE_RECORDED,DISCOVERY_TIMESTAMP_ONLY,NO_REQUEST_EVIDENCE,UNKNOWN,REASON_CODE_MISSING,UNKNOWN_AFTER_REVIEW,UNKNOWN_AFTER_REVIEW,cands=3 (bse:1+nse:1+screener:1); top_src=nse; top_ext=zip; in_fetch_manifest=NO
INE008A01015::FY2019,IDBI Bank Limited,2019,True,False,https://nsearchives.nseindia.com/annual_reports/AR_14951_IDBI_2018_2019_18072019161333.zip,reports/pm5_stage_table.csv,30e93b59ac689f00fab182583fb25883322e429be42b4ba14e13a1011b916dc9,pm5_stage_table.csv:row_251,pm5_stage_table.csv; cohort_reports.jsonl; live_store_documents.jsonl,"pm5_stage_table.csv:L251; cohort_reports.jsonl:L690,691,692",NEAR_CONTEMPORANEOUS,HISTORICAL_STAGE_TABLE_AND_DISCOVERY_MANIFEST,REQUEST_NOT_CONFIRMED,NOT_RECORDED,NOT_RECORDED,NONE_RECORDED,DISCOVERY_TIMESTAMP_ONLY,NO_REQUEST_EVIDENCE,UNKNOWN,REASON_CODE_MISSING,UNKNOWN_AFTER_REVIEW,UNKNOWN_AFTER_REVIEW,cands=3 (bse:1+nse:1+screener:1); top_src=nse; top_ext=zip; in_fetch_manifest=NO
INE008A01015::FY2020,IDBI Bank Limited,2020,True,False,https://nsearchives.nseindia.com/annual_reports/AR_16454_IDBI_2019_2020_15072020104521.zip,reports/pm5_stage_table.csv,30e93b59ac689f00fab182583fb25883322e429be42b4ba14e13a1011b916dc9,pm5_stage_table.csv:row_252,pm5_stage_table.csv; cohort_reports.jsonl; live_store_documents.jsonl,"pm5_stage_table.csv:L252; cohort_reports.jsonl:L693,694,695",NEAR_CONTEMPORANEOUS,HISTORICAL_STAGE_TABLE_AND_DISCOVERY_MANIFEST,REQUEST_NOT_CONFIRMED,NOT_RECORDED,NOT_RECORDED,NONE_RECORDED,DISCOVERY_TIMESTAMP_ONLY,NO_REQUEST_EVIDENCE,UNKNOWN,REASON_CODE_MISSING,UNKNOWN_AFTER_REVIEW,UNKNOWN_AFTER_REVIEW,cands=3 (bse:1+nse:1+screener:1); top_src=nse; top_ext=zip; in_fetch_manifest=NO
INE008A01015::FY2021,IDBI Bank Limited,2021,True,False,https://nsearchives.nseindia.com/annual_reports/AR_18411_IDBI_2020_2021_15072021184740_15072021190004.zip,reports/pm5_stage_table.csv,30e93b59ac689f00fab182583fb25883322e429be42b4ba14e13a1011b916dc9,pm5_stage_table.csv:row_253,pm5_stage_table.csv; cohort_reports.jsonl; live_store_documents.jsonl,"pm5_stage_table.csv:L253; cohort_reports.jsonl:L696,697,698",NEAR_CONTEMPORANEOUS,HISTORICAL_STAGE_TABLE_AND_DISCOVERY_MANIFEST,REQUEST_NOT_CONFIRMED,NOT_RECORDED,NOT_RECORDED,NONE_RECORDED,DISCOVERY_TIMESTAMP_ONLY,NO_REQUEST_EVIDENCE,UNKNOWN,REASON_CODE_MISSING,UNKNOWN_AFTER_REVIEW,UNKNOWN_AFTER_REVIEW,cands=3 (bse:1+nse:1+screener:1); top_src=nse; top_ext=zip; in_fetch_manifest=NO
INE008A01015::FY2022,IDBI Bank Limited,2022,True,False,https://nsearchives.nseindia.com/annual_reports/AR_20135_IDBI_2021_2022_29062022155431_06292022160005.zip,reports/pm5_stage_table.csv,30e93b59ac689f00fab182583fb25883322e429be42b4ba14e13a1011b916dc9,pm5_stage_table.csv:row_254,pm5_stage_table.csv; cohort_reports.jsonl; live_store_documents.jsonl,"pm5_stage_table.csv:L254; cohort_reports.jsonl:L699,700,701",NEAR_CONTEMPORANEOUS,HISTORICAL_STAGE_TABLE_AND_DISCOVERY_MANIFEST,REQUEST_NOT_CONFIRMED,NOT_RECORDED,NOT_RECORDED,NONE_RECORDED,DISCOVERY_TIMESTAMP_ONLY,NO_REQUEST_EVIDENCE,UNKNOWN,REASON_CODE_MISSING,UNKNOWN_AFTER_REVIEW,UNKNOWN_AFTER_REVIEW,cands=3 (bse:1+nse:1+screener:1); top_src=nse; top_ext=zip; in_fetch_manifest=NO
INE008A01015::FY2023,IDBI Bank Limited,2023,True,False,https://nsearchives.nseindia.com/annual_reports/AR_22032_IDBI_2022_2023_19062023144331_06192023150001.zip,reports/pm5_stage_table.csv,30e93b59ac689f00fab182583fb25883322e429be42b4ba14e13a1011b916dc9,pm5_stage_table.csv:row_255,pm5_stage_table.csv; cohort_reports.jsonl; live_store_documents.jsonl,"pm5_stage_table.csv:L255; cohort_reports.jsonl:L702,703,704",NEAR_CONTEMPORANEOUS,HISTORICAL_STAGE_TABLE_AND_DISCOVERY_MANIFEST,REQUEST_NOT_CONFIRMED,NOT_RECORDED,NOT_RECORDED,NONE_RECORDED,DISCOVERY_TIMESTAMP_ONLY,NO_REQUEST_EVIDENCE,UNKNOWN,REASON_CODE_MISSING,UNKNOWN_AFTER_REVIEW,UNKNOWN_AFTER_REVIEW,cands=3 (bse:1+nse:1+screener:1); top_src=nse; top_ext=zip; in_fetch_manifest=NO
INE119A01028::FY2011,Balrampur Chini Mills Limited,2011,True,False,https://nsearchives.nseindia.com/annual_reports/AR_BALRAMCHIN_2010_2011_02072012111024.zip,reports/pm5_stage_table.csv,30e93b59ac689f00fab182583fb25883322e429be42b4ba14e13a1011b916dc9,pm5_stage_table.csv:row_259,pm5_stage_table.csv; cohort_reports.jsonl; live_store_documents.jsonl,"pm5_stage_table.csv:L259; cohort_reports.jsonl:L711,712",NEAR_CONTEMPORANEOUS,HISTORICAL_STAGE_TABLE_AND_DISCOVERY_MANIFEST,REQUEST_NOT_CONFIRMED,NOT_RECORDED,NOT_RECORDED,NONE_RECORDED,DISCOVERY_TIMESTAMP_ONLY,NO_REQUEST_EVIDENCE,UNKNOWN,REASON_CODE_MISSING,UNKNOWN_AFTER_REVIEW,UNKNOWN_AFTER_REVIEW,cands=2 (bse:1+nse:1); top_src=nse; top_ext=zip; in_fetch_manifest=NO
INE119A01028::FY2014,Balrampur Chini Mills Limited,2014,True,False,https://nsearchives.nseindia.com/annual_reports/AR_3666_BALRAMCHIN_2013_2014_07072014125116.zip,reports/pm5_stage_table.csv,30e93b59ac689f00fab182583fb25883322e429be42b4ba14e13a1011b916dc9,pm5_stage_table.csv:row_262,pm5_stage_table.csv; cohort_reports.jsonl; live_store_documents.jsonl,"pm5_stage_table.csv:L262; cohort_reports.jsonl:L719,720,721",NEAR_CONTEMPORANEOUS,HISTORICAL_STAGE_TABLE_AND_DISCOVERY_MANIFEST,REQUEST_NOT_CONFIRMED,NOT_RECORDED,NOT_RECORDED,NONE_RECORDED,DISCOVERY_TIMESTAMP_ONLY,NO_REQUEST_EVIDENCE,UNKNOWN,REASON_CODE_MISSING,UNKNOWN_AFTER_REVIEW,UNKNOWN_AFTER_REVIEW,cands=3 (bse:1+nse:1+screener:1); top_src=nse; top_ext=zip; in_fetch_manifest=NO
INE119A01028::FY2015,Balrampur Chini Mills Limited,2015,True,False,https://nsearchives.nseindia.com/annual_reports/AR_6760_BALRAMCHIN_2014_2015_28072015150009.zip,reports/pm5_stage_table.csv,30e93b59ac689f00fab182583fb25883322e429be42b4ba14e13a1011b916dc9,pm5_stage_table.csv:row_263,pm5_stage_table.csv; cohort_reports.jsonl; live_store_documents.jsonl,"pm5_stage_table.csv:L263; cohort_reports.jsonl:L722,723,724",NEAR_CONTEMPORANEOUS,HISTORICAL_STAGE_TABLE_AND_DISCOVERY_MANIFEST,REQUEST_NOT_CONFIRMED,NOT_RECORDED,NOT_RECORDED,NONE_RECORDED,DISCOVERY_TIMESTAMP_ONLY,NO_REQUEST_EVIDENCE,UNKNOWN,REASON_CODE_MISSING,UNKNOWN_AFTER_REVIEW,UNKNOWN_AFTER_REVIEW,cands=3 (bse:1+nse:1+screener:1); top_src=nse; top_ext=zip; in_fetch_manifest=NO
INE119A01028::FY2016,Balrampur Chini Mills Limited,2016,True,False,https://nsearchives.nseindia.com/annual_reports/AR_9401_BALRAMCHIN_2015_2016_09092016155533.zip,reports/pm5_stage_table.csv,30e93b59ac689f00fab182583fb25883322e429be42b4ba14e13a1011b916dc9,pm5_stage_table.csv:row_264,pm5_stage_table.csv; cohort_reports.jsonl; live_store_documents.jsonl,"pm5_stage_table.csv:L264; cohort_reports.jsonl:L725,726,727",NEAR_CONTEMPORANEOUS,HISTORICAL_STAGE_TABLE_AND_DISCOVERY_MANIFEST,REQUEST_NOT_CONFIRMED,NOT_RECORDED,NOT_RECORDED,NONE_RECORDED,DISCOVERY_TIMESTAMP_ONLY,NO_REQUEST_EVIDENCE,UNKNOWN,REASON_CODE_MISSING,UNKNOWN_AFTER_REVIEW,UNKNOWN_AFTER_REVIEW,cands=3 (bse:1+nse:1+screener:1); top_src=nse; top_ext=zip; in_fetch_manifest=NO
INE119A01028::FY2019,Balrampur Chini Mills Limited,2019,True,False,https://nsearchives.nseindia.com/annual_reports/AR_15081_BALRAMCHIN_2018_2019_01082019152548.zip,reports/pm5_stage_table.csv,30e93b59ac689f00fab182583fb25883322e429be42b4ba14e13a1011b916dc9,pm5_stage_table.csv:row_267,pm5_stage_table.csv; cohort_reports.jsonl; live_store_documents.jsonl,"pm5_stage_table.csv:L267; cohort_reports.jsonl:L734,735,736",NEAR_CONTEMPORANEOUS,HISTORICAL_STAGE_TABLE_AND_DISCOVERY_MANIFEST,REQUEST_NOT_CONFIRMED,NOT_RECORDED,NOT_RECORDED,NONE_RECORDED,DISCOVERY_TIMESTAMP_ONLY,NO_REQUEST_EVIDENCE,UNKNOWN,REASON_CODE_MISSING,UNKNOWN_AFTER_REVIEW,UNKNOWN_AFTER_REVIEW,cands=3 (bse:1+nse:1+screener:1); top_src=nse; top_ext=zip; in_fetch_manifest=NO
INE119A01028::FY2020,Balrampur Chini Mills Limited,2020,True,False,https://nsearchives.nseindia.com/annual_reports/AR_16992_BALRAMCHIN_2019_2020_29082020220057_29082020230002.zip,reports/pm5_stage_table.csv,30e93b59ac689f00fab182583fb25883322e429be42b4ba14e13a1011b916dc9,pm5_stage_table.csv:row_268,pm5_stage_table.csv; cohort_reports.jsonl; live_store_documents.jsonl,"pm5_stage_table.csv:L268; cohort_reports.jsonl:L737,738,739",NEAR_CONTEMPORANEOUS,HISTORICAL_STAGE_TABLE_AND_DISCOVERY_MANIFEST,REQUEST_NOT_CONFIRMED,NOT_RECORDED,NOT_RECORDED,NONE_RECORDED,DISCOVERY_TIMESTAMP_ONLY,NO_REQUEST_EVIDENCE,UNKNOWN,REASON_CODE_MISSING,UNKNOWN_AFTER_REVIEW,UNKNOWN_AFTER_REVIEW,cands=3 (bse:1+nse:1+screener:1); top_src=nse; top_ext=zip; in_fetch_manifest=NO
INE119A01028::FY2021,Balrampur Chini Mills Limited,2021,True,False,https://nsearchives.nseindia.com/annual_reports/AR_18631_BALRAMCHIN_2020_2021_05082021173543_05082021175119.zip,reports/pm5_stage_table.csv,30e93b59ac689f00fab182583fb25883322e429be42b4ba14e13a1011b916dc9,pm5_stage_table.csv:row_269,pm5_stage_table.csv; cohort_reports.jsonl; live_store_documents.jsonl,"pm5_stage_table.csv:L269; cohort_reports.jsonl:L740,741,742",NEAR_CONTEMPORANEOUS,HISTORICAL_STAGE_TABLE_AND_DISCOVERY_MANIFEST,REQUEST_NOT_CONFIRMED,NOT_RECORDED,NOT_RECORDED,NONE_RECORDED,DISCOVERY_TIMESTAMP_ONLY,NO_REQUEST_EVIDENCE,UNKNOWN,REASON_CODE_MISSING,UNKNOWN_AFTER_REVIEW,UNKNOWN_AFTER_REVIEW,cands=3 (bse:1+nse:1+screener:1); top_src=nse; top_ext=zip; in_fetch_manifest=NO
INE119A01028::FY2022,Balrampur Chini Mills Limited,2022,True,False,https://nsearchives.nseindia.com/annual_reports/AR_20487_BALRAMCHIN_2021_2022_26072022190101_07262022200003.zip,reports/pm5_stage_table.csv,30e93b59ac689f00fab182583fb25883322e429be42b4ba14e13a1011b916dc9,pm5_stage_table.csv:row_270,pm5_stage_table.csv; cohort_reports.jsonl; live_store_documents.jsonl,"pm5_stage_table.csv:L270; cohort_reports.jsonl:L743,744,745",NEAR_CONTEMPORANEOUS,HISTORICAL_STAGE_TABLE_AND_DISCOVERY_MANIFEST,REQUEST_NOT_CONFIRMED,NOT_RECORDED,NOT_RECORDED,NONE_RECORDED,DISCOVERY_TIMESTAMP_ONLY,NO_REQUEST_EVIDENCE,UNKNOWN,REASON_CODE_MISSING,UNKNOWN_AFTER_REVIEW,UNKNOWN_AFTER_REVIEW,cands=3 (bse:1+nse:1+screener:1); top_src=nse; top_ext=zip; in_fetch_manifest=NO
INE119A01028::FY2023,Balrampur Chini Mills Limited,2023,True,False,https://nsearchives.nseindia.com/annual_reports/AR_22523_BALRAMCHIN_2022_2023_26072023221538_07272023070002.zip,reports/pm5_stage_table.csv,30e93b59ac689f00fab182583fb25883322e429be42b4ba14e13a1011b916dc9,pm5_stage_table.csv:row_271,pm5_stage_table.csv; cohort_reports.jsonl; live_store_documents.jsonl,"pm5_stage_table.csv:L271; cohort_reports.jsonl:L746,747,748",NEAR_CONTEMPORANEOUS,HISTORICAL_STAGE_TABLE_AND_DISCOVERY_MANIFEST,REQUEST_NOT_CONFIRMED,NOT_RECORDED,NOT_RECORDED,NONE_RECORDED,DISCOVERY_TIMESTAMP_ONLY,NO_REQUEST_EVIDENCE,UNKNOWN,REASON_CODE_MISSING,UNKNOWN_AFTER_REVIEW,UNKNOWN_AFTER_REVIEW,cands=3 (bse:1+nse:1+screener:1); top_src=nse; top_ext=zip; in_fetch_manifest=NO
INE191H01014::FY2010,PVR INOX Limited,2010,True,False,https://nsearchives.nseindia.com/annual_reports/AR_PVR_2009_2010_14092010120000.zip,reports/pm5_stage_table.csv,30e93b59ac689f00fab182583fb25883322e429be42b4ba14e13a1011b916dc9,pm5_stage_table.csv:row_274,pm5_stage_table.csv; cohort_reports.jsonl; live_store_documents.jsonl,"pm5_stage_table.csv:L274; cohort_reports.jsonl:L755,756",NEAR_CONTEMPORANEOUS,HISTORICAL_STAGE_TABLE_AND_DISCOVERY_MANIFEST,REQUEST_NOT_CONFIRMED,NOT_RECORDED,NOT_RECORDED,NONE_RECORDED,DISCOVERY_TIMESTAMP_ONLY,NO_REQUEST_EVIDENCE,UNKNOWN,REASON_CODE_MISSING,UNKNOWN_AFTER_REVIEW,UNKNOWN_AFTER_REVIEW,cands=2 (bse:1+nse:1); top_src=nse; top_ext=zip; in_fetch_manifest=NO
INE191H01014::FY2011,PVR INOX Limited,2011,True,False,https://nsearchives.nseindia.com/annual_reports/AR_PVR_2010_2011_14072011110516.zip,reports/pm5_stage_table.csv,30e93b59ac689f00fab182583fb25883322e429be42b4ba14e13a1011b916dc9,pm5_stage_table.csv:row_275,pm5_stage_table.csv; cohort_reports.jsonl; live_store_documents.jsonl,"pm5_stage_table.csv:L275; cohort_reports.jsonl:L757,758",NEAR_CONTEMPORANEOUS,HISTORICAL_STAGE_TABLE_AND_DISCOVERY_MANIFEST,REQUEST_NOT_CONFIRMED,NOT_RECORDED,NOT_RECORDED,NONE_RECORDED,DISCOVERY_TIMESTAMP_ONLY,NO_REQUEST_EVIDENCE,UNKNOWN,REASON_CODE_MISSING,UNKNOWN_AFTER_REVIEW,UNKNOWN_AFTER_REVIEW,cands=2 (bse:1+nse:1); top_src=nse; top_ext=zip; in_fetch_manifest=NO
INE191H01014::FY2014,PVR INOX Limited,2014,True,False,https://nsearchives.nseindia.com/annual_reports/AR_5332_PVR_2013_2014_16092014104438.zip,reports/pm5_stage_table.csv,30e93b59ac689f00fab182583fb25883322e429be42b4ba14e13a1011b916dc9,pm5_stage_table.csv:row_278,pm5_stage_table.csv; cohort_reports.jsonl; live_store_documents.jsonl,"pm5_stage_table.csv:L278; cohort_reports.jsonl:L765,766,767",NEAR_CONTEMPORANEOUS,HISTORICAL_STAGE_TABLE_AND_DISCOVERY_MANIFEST,REQUEST_NOT_CONFIRMED,NOT_RECORDED,NOT_RECORDED,NONE_RECORDED,DISCOVERY_TIMESTAMP_ONLY,NO_REQUEST_EVIDENCE,UNKNOWN,REASON_CODE_MISSING,UNKNOWN_AFTER_REVIEW,UNKNOWN_AFTER_REVIEW,cands=3 (bse:1+nse:1+screener:1); top_src=nse; top_ext=zip; in_fetch_manifest=NO
INE191H01014::FY2015,PVR INOX Limited,2015,True,False,https://nsearchives.nseindia.com/annual_reports/AR_8068_PVR_2014_2015_08092015153906.zip,reports/pm5_stage_table.csv,30e93b59ac689f00fab182583fb25883322e429be42b4ba14e13a1011b916dc9,pm5_stage_table.csv:row_279,pm5_stage_table.csv; cohort_reports.jsonl; live_store_documents.jsonl,"pm5_stage_table.csv:L279; cohort_reports.jsonl:L768,769,770",NEAR_CONTEMPORANEOUS,HISTORICAL_STAGE_TABLE_AND_DISCOVERY_MANIFEST,REQUEST_NOT_CONFIRMED,NOT_RECORDED,NOT_RECORDED,NONE_RECORDED,DISCOVERY_TIMESTAMP_ONLY,NO_REQUEST_EVIDENCE,UNKNOWN,REASON_CODE_MISSING,UNKNOWN_AFTER_REVIEW,UNKNOWN_AFTER_REVIEW,cands=3 (bse:1+nse:1+screener:1); top_src=nse; top_ext=zip; in_fetch_manifest=NO
INE191H01014::FY2016,PVR INOX Limited,2016,True,False,https://nsearchives.nseindia.com/annual_reports/AR_10642_PVR_2015_2016_08112016150031.zip,reports/pm5_stage_table.csv,30e93b59ac689f00fab182583fb25883322e429be42b4ba14e13a1011b916dc9,pm5_stage_table.csv:row_280,pm5_stage_table.csv; cohort_reports.jsonl; live_store_documents.jsonl,"pm5_stage_table.csv:L280; cohort_reports.jsonl:L771,772,773",NEAR_CONTEMPORANEOUS,HISTORICAL_STAGE_TABLE_AND_DISCOVERY_MANIFEST,REQUEST_NOT_CONFIRMED,NOT_RECORDED,NOT_RECORDED,NONE_RECORDED,DISCOVERY_TIMESTAMP_ONLY,NO_REQUEST_EVIDENCE,UNKNOWN,REASON_CODE_MISSING,UNKNOWN_AFTER_REVIEW,UNKNOWN_AFTER_REVIEW,cands=3 (bse:1+nse:1+screener:1); top_src=nse; top_ext=zip; in_fetch_manifest=NO
INE191H01014::FY2019,PVR INOX Limited,2019,True,False,https://nsearchives.nseindia.com/annual_reports/AR_14669_PVR_2018_2019_02072019130515_02072019140008.zip,reports/pm5_stage_table.csv,30e93b59ac689f00fab182583fb25883322e429be42b4ba14e13a1011b916dc9,pm5_stage_table.csv:row_283,pm5_stage_table.csv; cohort_reports.jsonl; live_store_documents.jsonl,"pm5_stage_table.csv:L283; cohort_reports.jsonl:L780,781,782",NEAR_CONTEMPORANEOUS,HISTORICAL_STAGE_TABLE_AND_DISCOVERY_MANIFEST,REQUEST_NOT_CONFIRMED,NOT_RECORDED,NOT_RECORDED,NONE_RECORDED,DISCOVERY_TIMESTAMP_ONLY,NO_REQUEST_EVIDENCE,UNKNOWN,REASON_CODE_MISSING,UNKNOWN_AFTER_REVIEW,UNKNOWN_AFTER_REVIEW,cands=3 (bse:1+nse:1+screener:1); top_src=nse; top_ext=zip; in_fetch_manifest=NO
INE191H01014::FY2020,PVR INOX Limited,2020,True,False,https://nsearchives.nseindia.com/annual_reports/AR_17070_PVR_2019_2020_01092020154148_01092020160004.zip,reports/pm5_stage_table.csv,30e93b59ac689f00fab182583fb25883322e429be42b4ba14e13a1011b916dc9,pm5_stage_table.csv:row_284,pm5_stage_table.csv; cohort_reports.jsonl; live_store_documents.jsonl,"pm5_stage_table.csv:L284; cohort_reports.jsonl:L783,784,785",NEAR_CONTEMPORANEOUS,HISTORICAL_STAGE_TABLE_AND_DISCOVERY_MANIFEST,REQUEST_NOT_CONFIRMED,NOT_RECORDED,NOT_RECORDED,NONE_RECORDED,DISCOVERY_TIMESTAMP_ONLY,NO_REQUEST_EVIDENCE,UNKNOWN,REASON_CODE_MISSING,UNKNOWN_AFTER_REVIEW,UNKNOWN_AFTER_REVIEW,cands=3 (bse:1+nse:1+screener:1); top_src=nse; top_ext=zip; in_fetch_manifest=NO
INE191H01014::FY2021,PVR INOX Limited,2021,True,False,https://nsearchives.nseindia.com/annual_reports/AR_19199_PVR_2020_2021_02092021182142_09022021190015.zip,reports/pm5_stage_table.csv,30e93b59ac689f00fab182583fb25883322e429be42b4ba14e13a1011b916dc9,pm5_stage_table.csv:row_285,pm5_stage_table.csv; cohort_reports.jsonl; live_store_documents.jsonl,"pm5_stage_table.csv:L285; cohort_reports.jsonl:L786,787,788",NEAR_CONTEMPORANEOUS,HISTORICAL_STAGE_TABLE_AND_DISCOVERY_MANIFEST,REQUEST_NOT_CONFIRMED,NOT_RECORDED,NOT_RECORDED,NONE_RECORDED,DISCOVERY_TIMESTAMP_ONLY,NO_REQUEST_EVIDENCE,UNKNOWN,REASON_CODE_MISSING,UNKNOWN_AFTER_REVIEW,UNKNOWN_AFTER_REVIEW,cands=3 (bse:1+nse:1+screener:1); top_src=nse; top_ext=zip; in_fetch_manifest=NO
INE191H01014::FY2022,PVR INOX Limited,2022,True,False,https://nsearchives.nseindia.com/annual_reports/AR_20128_PVR_2021_2022_28062022184302_06282022190006.zip,reports/pm5_stage_table.csv,30e93b59ac689f00fab182583fb25883322e429be42b4ba14e13a1011b916dc9,pm5_stage_table.csv:row_286,pm5_stage_table.csv; cohort_reports.jsonl; live_store_documents.jsonl,"pm5_stage_table.csv:L286; cohort_reports.jsonl:L789,790,791",NEAR_CONTEMPORANEOUS,HISTORICAL_STAGE_TABLE_AND_DISCOVERY_MANIFEST,REQUEST_NOT_CONFIRMED,NOT_RECORDED,NOT_RECORDED,NONE_RECORDED,DISCOVERY_TIMESTAMP_ONLY,NO_REQUEST_EVIDENCE,UNKNOWN,REASON_CODE_MISSING,UNKNOWN_AFTER_REVIEW,UNKNOWN_AFTER_REVIEW,cands=3 (bse:1+nse:1+screener:1); top_src=nse; top_ext=zip; in_fetch_manifest=NO
INE191H01014::FY2023,PVR INOX Limited,2023,True,False,https://nsearchives.nseindia.com/annual_reports/AR_23138_PVRINOX_2022_2023_31082023164158_08312023170002.zip,reports/pm5_stage_table.csv,30e93b59ac689f00fab182583fb25883322e429be42b4ba14e13a1011b916dc9,pm5_stage_table.csv:row_287,pm5_stage_table.csv; cohort_reports.jsonl; live_store_documents.jsonl,"pm5_stage_table.csv:L287; cohort_reports.jsonl:L792,793,794",NEAR_CONTEMPORANEOUS,HISTORICAL_STAGE_TABLE_AND_DISCOVERY_MANIFEST,REQUEST_NOT_CONFIRMED,NOT_RECORDED,NOT_RECORDED,NONE_RECORDED,DISCOVERY_TIMESTAMP_ONLY,NO_REQUEST_EVIDENCE,UNKNOWN,REASON_CODE_MISSING,UNKNOWN_AFTER_REVIEW,UNKNOWN_AFTER_REVIEW,cands=3 (bse:1+nse:1+screener:1); top_src=nse; top_ext=zip; in_fetch_manifest=NO
INE192B01031::FY2010,Welspun Living Limited,2010,True,False,https://nsearchives.nseindia.com/annual_reports/AR_WELSPUNIND_2009_2010_21042011105254.zip,reports/pm5_stage_table.csv,30e93b59ac689f00fab182583fb25883322e429be42b4ba14e13a1011b916dc9,pm5_stage_table.csv:row_290,pm5_stage_table.csv; cohort_reports.jsonl; live_store_documents.jsonl,"pm5_stage_table.csv:L290; cohort_reports.jsonl:L801,802",NEAR_CONTEMPORANEOUS,HISTORICAL_STAGE_TABLE_AND_DISCOVERY_MANIFEST,REQUEST_NOT_CONFIRMED,NOT_RECORDED,NOT_RECORDED,NONE_RECORDED,DISCOVERY_TIMESTAMP_ONLY,NO_REQUEST_EVIDENCE,UNKNOWN,REASON_CODE_MISSING,UNKNOWN_AFTER_REVIEW,UNKNOWN_AFTER_REVIEW,cands=2 (bse:1+nse:1); top_src=nse; top_ext=zip; in_fetch_manifest=NO
INE192B01031::FY2011,Welspun Living Limited,2011,True,False,https://nsearchives.nseindia.com/annual_reports/AR_WELSPUNIND_2010_2011_15092011092526.zip,reports/pm5_stage_table.csv,30e93b59ac689f00fab182583fb25883322e429be42b4ba14e13a1011b916dc9,pm5_stage_table.csv:row_291,pm5_stage_table.csv; cohort_reports.jsonl; live_store_documents.jsonl,"pm5_stage_table.csv:L291; cohort_reports.jsonl:L803,804",NEAR_CONTEMPORANEOUS,HISTORICAL_STAGE_TABLE_AND_DISCOVERY_MANIFEST,REQUEST_NOT_CONFIRMED,NOT_RECORDED,NOT_RECORDED,NONE_RECORDED,DISCOVERY_TIMESTAMP_ONLY,NO_REQUEST_EVIDENCE,UNKNOWN,REASON_CODE_MISSING,UNKNOWN_AFTER_REVIEW,UNKNOWN_AFTER_REVIEW,cands=2 (bse:1+nse:1); top_src=nse; top_ext=zip; in_fetch_manifest=NO
INE192B01031::FY2014,Welspun Living Limited,2014,True,False,https://nsearchives.nseindia.com/annual_reports/AR_5530_WELSPUNIND_2013_2014_18092014183402.zip,reports/pm5_stage_table.csv,30e93b59ac689f00fab182583fb25883322e429be42b4ba14e13a1011b916dc9,pm5_stage_table.csv:row_294,pm5_stage_table.csv; cohort_reports.jsonl; live_store_documents.jsonl,"pm5_stage_table.csv:L294; cohort_reports.jsonl:L811,812,813",NEAR_CONTEMPORANEOUS,HISTORICAL_STAGE_TABLE_AND_DISCOVERY_MANIFEST,REQUEST_NOT_CONFIRMED,NOT_RECORDED,NOT_RECORDED,NONE_RECORDED,DISCOVERY_TIMESTAMP_ONLY,NO_REQUEST_EVIDENCE,UNKNOWN,REASON_CODE_MISSING,UNKNOWN_AFTER_REVIEW,UNKNOWN_AFTER_REVIEW,cands=3 (bse:1+nse:1+screener:1); top_src=nse; top_ext=zip; in_fetch_manifest=NO
INE192B01031::FY2015,Welspun Living Limited,2015,True,False,https://nsearchives.nseindia.com/annual_reports/AR_6940_WELSPUNIND_2014_2015_05082015141134.zip,reports/pm5_stage_table.csv,30e93b59ac689f00fab182583fb25883322e429be42b4ba14e13a1011b916dc9,pm5_stage_table.csv:row_295,pm5_stage_table.csv; cohort_reports.jsonl; live_store_documents.jsonl,"pm5_stage_table.csv:L295; cohort_reports.jsonl:L814,815,816",NEAR_CONTEMPORANEOUS,HISTORICAL_STAGE_TABLE_AND_DISCOVERY_MANIFEST,REQUEST_NOT_CONFIRMED,NOT_RECORDED,NOT_RECORDED,NONE_RECORDED,DISCOVERY_TIMESTAMP_ONLY,NO_REQUEST_EVIDENCE,UNKNOWN,REASON_CODE_MISSING,UNKNOWN_AFTER_REVIEW,UNKNOWN_AFTER_REVIEW,cands=3 (bse:1+nse:1+screener:1); top_src=nse; top_ext=zip; in_fetch_manifest=NO
INE192B01031::FY2016,Welspun Living Limited,2016,True,False,https://nsearchives.nseindia.com/annual_reports/AR_9156_WELSPUNIND_2015_2016_29072016105118.zip,reports/pm5_stage_table.csv,30e93b59ac689f00fab182583fb25883322e429be42b4ba14e13a1011b916dc9,pm5_stage_table.csv:row_296,pm5_stage_table.csv; cohort_reports.jsonl; live_store_documents.jsonl,"pm5_stage_table.csv:L296; cohort_reports.jsonl:L817,818,819",NEAR_CONTEMPORANEOUS,HISTORICAL_STAGE_TABLE_AND_DISCOVERY_MANIFEST,REQUEST_NOT_CONFIRMED,NOT_RECORDED,NOT_RECORDED,NONE_RECORDED,DISCOVERY_TIMESTAMP_ONLY,NO_REQUEST_EVIDENCE,UNKNOWN,REASON_CODE_MISSING,UNKNOWN_AFTER_REVIEW,UNKNOWN_AFTER_REVIEW,cands=3 (bse:1+nse:1+screener:1); top_src=nse; top_ext=zip; in_fetch_manifest=NO
INE192B01031::FY2019,Welspun Living Limited,2019,True,False,https://nsearchives.nseindia.com/annual_reports/AR_14979_WELSPUNIND_2018_2019_19072019195414.zip,reports/pm5_stage_table.csv,30e93b59ac689f00fab182583fb25883322e429be42b4ba14e13a1011b916dc9,pm5_stage_table.csv:row_299,pm5_stage_table.csv; cohort_reports.jsonl; live_store_documents.jsonl,"pm5_stage_table.csv:L299; cohort_reports.jsonl:L826,827,828",NEAR_CONTEMPORANEOUS,HISTORICAL_STAGE_TABLE_AND_DISCOVERY_MANIFEST,REQUEST_NOT_CONFIRMED,NOT_RECORDED,NOT_RECORDED,NONE_RECORDED,DISCOVERY_TIMESTAMP_ONLY,NO_REQUEST_EVIDENCE,UNKNOWN,REASON_CODE_MISSING,UNKNOWN_AFTER_REVIEW,UNKNOWN_AFTER_REVIEW,cands=3 (bse:1+nse:1+screener:1); top_src=nse; top_ext=zip; in_fetch_manifest=NO
INE192B01031::FY2020,Welspun Living Limited,2020,True,False,https://nsearchives.nseindia.com/annual_reports/AR_17585_WELSPUNIND_2019_2020_07092020233618_08092020070006.zip,reports/pm5_stage_table.csv,30e93b59ac689f00fab182583fb25883322e429be42b4ba14e13a1011b916dc9,pm5_stage_table.csv:row_300,pm5_stage_table.csv; cohort_reports.jsonl; live_store_documents.jsonl,"pm5_stage_table.csv:L300; cohort_reports.jsonl:L829,830,831",NEAR_CONTEMPORANEOUS,HISTORICAL_STAGE_TABLE_AND_DISCOVERY_MANIFEST,REQUEST_NOT_CONFIRMED,NOT_RECORDED,NOT_RECORDED,NONE_RECORDED,DISCOVERY_TIMESTAMP_ONLY,NO_REQUEST_EVIDENCE,UNKNOWN,REASON_CODE_MISSING,UNKNOWN_AFTER_REVIEW,UNKNOWN_AFTER_REVIEW,cands=3 (bse:1+nse:1+screener:1); top_src=nse; top_ext=zip; in_fetch_manifest=NO
INE192B01031::FY2021,Welspun Living Limited,2021,True,False,https://nsearchives.nseindia.com/annual_reports/AR_18683_WELSPUNIND_2020_2021_09082021234601_10082021070003.zip,reports/pm5_stage_table.csv,30e93b59ac689f00fab182583fb25883322e429be42b4ba14e13a1011b916dc9,pm5_stage_table.csv:row_301,pm5_stage_table.csv; cohort_reports.jsonl; live_store_documents.jsonl,"pm5_stage_table.csv:L301; cohort_reports.jsonl:L832,833,834",NEAR_CONTEMPORANEOUS,HISTORICAL_STAGE_TABLE_AND_DISCOVERY_MANIFEST,REQUEST_NOT_CONFIRMED,NOT_RECORDED,NOT_RECORDED,NONE_RECORDED,DISCOVERY_TIMESTAMP_ONLY,NO_REQUEST_EVIDENCE,UNKNOWN,REASON_CODE_MISSING,UNKNOWN_AFTER_REVIEW,UNKNOWN_AFTER_REVIEW,cands=3 (bse:1+nse:1+screener:1); top_src=nse; top_ext=zip; in_fetch_manifest=NO
INE192B01031::FY2022,Welspun Living Limited,2022,True,False,https://nsearchives.nseindia.com/annual_reports/AR_21213_WELSPUNIND_2021_2022_03092022152342.zip,reports/pm5_stage_table.csv,30e93b59ac689f00fab182583fb25883322e429be42b4ba14e13a1011b916dc9,pm5_stage_table.csv:row_302,pm5_stage_table.csv; cohort_reports.jsonl; live_store_documents.jsonl,"pm5_stage_table.csv:L302; cohort_reports.jsonl:L835,836,837",NEAR_CONTEMPORANEOUS,HISTORICAL_STAGE_TABLE_AND_DISCOVERY_MANIFEST,REQUEST_NOT_CONFIRMED,NOT_RECORDED,NOT_RECORDED,NONE_RECORDED,DISCOVERY_TIMESTAMP_ONLY,NO_REQUEST_EVIDENCE,UNKNOWN,REASON_CODE_MISSING,UNKNOWN_AFTER_REVIEW,UNKNOWN_AFTER_REVIEW,cands=3 (bse:1+nse:1+screener:1); top_src=nse; top_ext=zip; in_fetch_manifest=NO
INE192B01031::FY2023,Welspun Living Limited,2023,True,False,https://nsearchives.nseindia.com/annual_reports/AR_23165_WELSPUNIND_2022_2023_31082023204204_08312023210005.zip,reports/pm5_stage_table.csv,30e93b59ac689f00fab182583fb25883322e429be42b4ba14e13a1011b916dc9,pm5_stage_table.csv:row_303,pm5_stage_table.csv; cohort_reports.jsonl; live_store_documents.jsonl,"pm5_stage_table.csv:L303; cohort_reports.jsonl:L838,839,840",NEAR_CONTEMPORANEOUS,HISTORICAL_STAGE_TABLE_AND_DISCOVERY_MANIFEST,REQUEST_NOT_CONFIRMED,NOT_RECORDED,NOT_RECORDED,NONE_RECORDED,DISCOVERY_TIMESTAMP_ONLY,NO_REQUEST_EVIDENCE,UNKNOWN,REASON_CODE_MISSING,UNKNOWN_AFTER_REVIEW,UNKNOWN_AFTER_REVIEW,cands=3 (bse:1+nse:1+screener:1); top_src=nse; top_ext=zip; in_fetch_manifest=NO
INE482A01020::FY2010,CEAT Limited,2010,True,False,https://nsearchives.nseindia.com/annual_reports/AR_CEATLTD_2009_2010_18082010121500.zip,reports/pm5_stage_table.csv,30e93b59ac689f00fab182583fb25883322e429be42b4ba14e13a1011b916dc9,pm5_stage_table.csv:row_306,pm5_stage_table.csv; cohort_reports.jsonl; live_store_documents.jsonl,"pm5_stage_table.csv:L306; cohort_reports.jsonl:L847,848",NEAR_CONTEMPORANEOUS,HISTORICAL_STAGE_TABLE_AND_DISCOVERY_MANIFEST,REQUEST_NOT_CONFIRMED,NOT_RECORDED,NOT_RECORDED,NONE_RECORDED,DISCOVERY_TIMESTAMP_ONLY,NO_REQUEST_EVIDENCE,UNKNOWN,REASON_CODE_MISSING,UNKNOWN_AFTER_REVIEW,UNKNOWN_AFTER_REVIEW,cands=2 (bse:1+nse:1); top_src=nse; top_ext=zip; in_fetch_manifest=NO
INE482A01020::FY2011,CEAT Limited,2011,True,False,https://www.bseindia.com/bseplus/AnnualReport/500878/5008780311.pdf,reports/pm5_stage_table.csv,30e93b59ac689f00fab182583fb25883322e429be42b4ba14e13a1011b916dc9,pm5_stage_table.csv:row_307,pm5_stage_table.csv; cohort_reports.jsonl; live_store_documents.jsonl,pm5_stage_table.csv:L307; cohort_reports.jsonl:L849,NEAR_CONTEMPORANEOUS,HISTORICAL_STAGE_TABLE_AND_DISCOVERY_MANIFEST,REQUEST_NOT_CONFIRMED,NOT_RECORDED,NOT_RECORDED,NONE_RECORDED,DISCOVERY_TIMESTAMP_ONLY,NO_REQUEST_EVIDENCE,UNKNOWN,REASON_CODE_MISSING,UNKNOWN_AFTER_REVIEW,UNKNOWN_AFTER_REVIEW,cands=1 (bse:1); top_src=bse; top_ext=pdf; in_fetch_manifest=NO
INE482A01020::FY2014,CEAT Limited,2014,True,False,https://nsearchives.nseindia.com/annual_reports/AR_4810_CEATLTD_2013_2014_03092014111248.zip,reports/pm5_stage_table.csv,30e93b59ac689f00fab182583fb25883322e429be42b4ba14e13a1011b916dc9,pm5_stage_table.csv:row_310,pm5_stage_table.csv; cohort_reports.jsonl; live_store_documents.jsonl,"pm5_stage_table.csv:L310; cohort_reports.jsonl:L856,857,858",NEAR_CONTEMPORANEOUS,HISTORICAL_STAGE_TABLE_AND_DISCOVERY_MANIFEST,REQUEST_NOT_CONFIRMED,NOT_RECORDED,NOT_RECORDED,NONE_RECORDED,DISCOVERY_TIMESTAMP_ONLY,NO_REQUEST_EVIDENCE,UNKNOWN,REASON_CODE_MISSING,UNKNOWN_AFTER_REVIEW,UNKNOWN_AFTER_REVIEW,cands=3 (bse:1+nse:1+screener:1); top_src=nse; top_ext=zip; in_fetch_manifest=NO
INE482A01020::FY2015,CEAT Limited,2015,True,False,https://nsearchives.nseindia.com/annual_reports/AR_6761_CEATLTD_2014_2015_28072015170001.zip,reports/pm5_stage_table.csv,30e93b59ac689f00fab182583fb25883322e429be42b4ba14e13a1011b916dc9,pm5_stage_table.csv:row_311,pm5_stage_table.csv; cohort_reports.jsonl; live_store_documents.jsonl,"pm5_stage_table.csv:L311; cohort_reports.jsonl:L859,860,861",NEAR_CONTEMPORANEOUS,HISTORICAL_STAGE_TABLE_AND_DISCOVERY_MANIFEST,REQUEST_NOT_CONFIRMED,NOT_RECORDED,NOT_RECORDED,NONE_RECORDED,DISCOVERY_TIMESTAMP_ONLY,NO_REQUEST_EVIDENCE,UNKNOWN,REASON_CODE_MISSING,UNKNOWN_AFTER_REVIEW,UNKNOWN_AFTER_REVIEW,cands=3 (bse:1+nse:1+screener:1); top_src=nse; top_ext=zip; in_fetch_manifest=NO
INE482A01020::FY2016,CEAT Limited,2016,True,False,https://nsearchives.nseindia.com/annual_reports/AR_9325_CEATLTD_2015_2016_16082016152630.zip,reports/pm5_stage_table.csv,30e93b59ac689f00fab182583fb25883322e429be42b4ba14e13a1011b916dc9,pm5_stage_table.csv:row_312,pm5_stage_table.csv; cohort_reports.jsonl; live_store_documents.jsonl,"pm5_stage_table.csv:L312; cohort_reports.jsonl:L862,863,864",NEAR_CONTEMPORANEOUS,HISTORICAL_STAGE_TABLE_AND_DISCOVERY_MANIFEST,REQUEST_NOT_CONFIRMED,NOT_RECORDED,NOT_RECORDED,NONE_RECORDED,DISCOVERY_TIMESTAMP_ONLY,NO_REQUEST_EVIDENCE,UNKNOWN,REASON_CODE_MISSING,UNKNOWN_AFTER_REVIEW,UNKNOWN_AFTER_REVIEW,cands=3 (bse:1+nse:1+screener:1); top_src=nse; top_ext=zip; in_fetch_manifest=NO
INE482A01020::FY2019,CEAT Limited,2019,True,False,https://nsearchives.nseindia.com/annual_reports/AR_14775_CEATLTD_2018_2019_08072019204646.zip,reports/pm5_stage_table.csv,30e93b59ac689f00fab182583fb25883322e429be42b4ba14e13a1011b916dc9,pm5_stage_table.csv:row_315,pm5_stage_table.csv; cohort_reports.jsonl; live_store_documents.jsonl,"pm5_stage_table.csv:L315; cohort_reports.jsonl:L871,872,873",NEAR_CONTEMPORANEOUS,HISTORICAL_STAGE_TABLE_AND_DISCOVERY_MANIFEST,REQUEST_NOT_CONFIRMED,NOT_RECORDED,NOT_RECORDED,NONE_RECORDED,DISCOVERY_TIMESTAMP_ONLY,NO_REQUEST_EVIDENCE,UNKNOWN,REASON_CODE_MISSING,UNKNOWN_AFTER_REVIEW,UNKNOWN_AFTER_REVIEW,cands=3 (bse:1+nse:1+screener:1); top_src=nse; top_ext=zip; in_fetch_manifest=NO
INE482A01020::FY2020,CEAT Limited,2020,True,False,https://nsearchives.nseindia.com/annual_reports/AR_16777_CEATLTD_2019_2020_18082020232331.zip,reports/pm5_stage_table.csv,30e93b59ac689f00fab182583fb25883322e429be42b4ba14e13a1011b916dc9,pm5_stage_table.csv:row_316,pm5_stage_table.csv; cohort_reports.jsonl; live_store_documents.jsonl,"pm5_stage_table.csv:L316; cohort_reports.jsonl:L874,875,876",NEAR_CONTEMPORANEOUS,HISTORICAL_STAGE_TABLE_AND_DISCOVERY_MANIFEST,REQUEST_NOT_CONFIRMED,NOT_RECORDED,NOT_RECORDED,NONE_RECORDED,DISCOVERY_TIMESTAMP_ONLY,NO_REQUEST_EVIDENCE,UNKNOWN,REASON_CODE_MISSING,UNKNOWN_AFTER_REVIEW,UNKNOWN_AFTER_REVIEW,cands=3 (bse:1+nse:1+screener:1); top_src=nse; top_ext=zip; in_fetch_manifest=NO
INE482A01020::FY2021,CEAT Limited,2021,True,False,https://nsearchives.nseindia.com/annual_reports/AR_18800_CEATLTD_2020_2021_20082021221145_20082021230002.zip,reports/pm5_stage_table.csv,30e93b59ac689f00fab182583fb25883322e429be42b4ba14e13a1011b916dc9,pm5_stage_table.csv:row_317,pm5_stage_table.csv; cohort_reports.jsonl; live_store_documents.jsonl,"pm5_stage_table.csv:L317; cohort_reports.jsonl:L877,878,879",NEAR_CONTEMPORANEOUS,HISTORICAL_STAGE_TABLE_AND_DISCOVERY_MANIFEST,REQUEST_NOT_CONFIRMED,NOT_RECORDED,NOT_RECORDED,NONE_RECORDED,DISCOVERY_TIMESTAMP_ONLY,NO_REQUEST_EVIDENCE,UNKNOWN,REASON_CODE_MISSING,UNKNOWN_AFTER_REVIEW,UNKNOWN_AFTER_REVIEW,cands=3 (bse:1+nse:1+screener:1); top_src=nse; top_ext=zip; in_fetch_manifest=NO
INE482A01020::FY2022,CEAT Limited,2022,True,False,https://nsearchives.nseindia.com/annual_reports/AR_20022_CEATLTD_2021_2022_06062022223922_06062022230005.zip,reports/pm5_stage_table.csv,30e93b59ac689f00fab182583fb25883322e429be42b4ba14e13a1011b916dc9,pm5_stage_table.csv:row_318,pm5_stage_table.csv; cohort_reports.jsonl; live_store_documents.jsonl,"pm5_stage_table.csv:L318; cohort_reports.jsonl:L880,881,882",NEAR_CONTEMPORANEOUS,HISTORICAL_STAGE_TABLE_AND_DISCOVERY_MANIFEST,REQUEST_NOT_CONFIRMED,NOT_RECORDED,NOT_RECORDED,NONE_RECORDED,DISCOVERY_TIMESTAMP_ONLY,NO_REQUEST_EVIDENCE,UNKNOWN,REASON_CODE_MISSING,UNKNOWN_AFTER_REVIEW,UNKNOWN_AFTER_REVIEW,cands=3 (bse:1+nse:1+screener:1); top_src=nse; top_ext=zip; in_fetch_manifest=NO
INE482A01020::FY2023,CEAT Limited,2023,True,False,https://nsearchives.nseindia.com/annual_reports/AR_22009_CEATLTD_2022_2023_12062023232542_06132023070001.zip,reports/pm5_stage_table.csv,30e93b59ac689f00fab182583fb25883322e429be42b4ba14e13a1011b916dc9,pm5_stage_table.csv:row_319,pm5_stage_table.csv; cohort_reports.jsonl; live_store_documents.jsonl,"pm5_stage_table.csv:L319; cohort_reports.jsonl:L883,884,885",NEAR_CONTEMPORANEOUS,HISTORICAL_STAGE_TABLE_AND_DISCOVERY_MANIFEST,REQUEST_NOT_CONFIRMED,NOT_RECORDED,NOT_RECORDED,NONE_RECORDED,DISCOVERY_TIMESTAMP_ONLY,NO_REQUEST_EVIDENCE,UNKNOWN,REASON_CODE_MISSING,UNKNOWN_AFTER_REVIEW,UNKNOWN_AFTER_REVIEW,cands=3 (bse:1+nse:1+screener:1); top_src=nse; top_ext=zip; in_fetch_manifest=NO
INE00E101023::FY2023,Bikaji Foods International Limited,2023,True,False,https://nsearchives.nseindia.com/annual_reports/AR_22520_BIKAJI_2022_2023_26072023190306_07262023200000.zip,reports/pm5_stage_table.csv,30e93b59ac689f00fab182583fb25883322e429be42b4ba14e13a1011b916dc9,pm5_stage_table.csv:row_335,pm5_stage_table.csv; cohort_reports.jsonl; live_store_documents.jsonl,"pm5_stage_table.csv:L335; cohort_reports.jsonl:L892,893,894",NEAR_CONTEMPORANEOUS,HISTORICAL_STAGE_TABLE_AND_DISCOVERY_MANIFEST,REQUEST_NOT_CONFIRMED,NOT_RECORDED,NOT_RECORDED,NONE_RECORDED,DISCOVERY_TIMESTAMP_ONLY,NO_REQUEST_EVIDENCE,UNKNOWN,REASON_CODE_MISSING,UNKNOWN_AFTER_REVIEW,UNKNOWN_AFTER_REVIEW,cands=3 (bse:1+nse:1+screener:1); top_src=nse; top_ext=zip; in_fetch_manifest=NO
INE00FF01025::FY2022,Acutaas Chemicals Limited,2022,True,False,https://nsearchives.nseindia.com/annual_reports/AR_20414_AMIORG_2021_2022_18072022174113_07182022180003.zip,reports/pm5_stage_table.csv,30e93b59ac689f00fab182583fb25883322e429be42b4ba14e13a1011b916dc9,pm5_stage_table.csv:row_350,pm5_stage_table.csv; cohort_reports.jsonl; live_store_documents.jsonl,"pm5_stage_table.csv:L350; cohort_reports.jsonl:L903,904,905,906",NEAR_CONTEMPORANEOUS,HISTORICAL_STAGE_TABLE_AND_DISCOVERY_MANIFEST,REQUEST_NOT_CONFIRMED,NOT_RECORDED,NOT_RECORDED,NONE_RECORDED,DISCOVERY_TIMESTAMP_ONLY,NO_REQUEST_EVIDENCE,UNKNOWN,REASON_CODE_MISSING,UNKNOWN_AFTER_REVIEW,UNKNOWN_AFTER_REVIEW,cands=4 (bse:1+nse:1+screener:2); top_src=nse; top_ext=zip; in_fetch_manifest=NO
INE00FF01025::FY2023,Acutaas Chemicals Limited,2023,True,False,https://nsearchives.nseindia.com/annual_reports/AR_23315_AMIORG_2022_2023_02092023212504_09022023220001.zip,reports/pm5_stage_table.csv,30e93b59ac689f00fab182583fb25883322e429be42b4ba14e13a1011b916dc9,pm5_stage_table.csv:row_351,pm5_stage_table.csv; cohort_reports.jsonl; live_store_documents.jsonl,"pm5_stage_table.csv:L351; cohort_reports.jsonl:L907,908,909,910",NEAR_CONTEMPORANEOUS,HISTORICAL_STAGE_TABLE_AND_DISCOVERY_MANIFEST,REQUEST_NOT_CONFIRMED,NOT_RECORDED,NOT_RECORDED,NONE_RECORDED,DISCOVERY_TIMESTAMP_ONLY,NO_REQUEST_EVIDENCE,UNKNOWN,REASON_CODE_MISSING,UNKNOWN_AFTER_REVIEW,UNKNOWN_AFTER_REVIEW,cands=4 (bse:2+nse:1+screener:1); top_src=nse; top_ext=zip; in_fetch_manifest=NO
INE00LO01017::FY2021,Craftsman Automation Limited,2021,True,False,https://nsearchives.nseindia.com/annual_reports/AR_18097_CRAFTSMAN_2020_2021_29052021194012_29052021210008.zip,reports/pm5_stage_table.csv,30e93b59ac689f00fab182583fb25883322e429be42b4ba14e13a1011b916dc9,pm5_stage_table.csv:row_365,pm5_stage_table.csv; cohort_reports.jsonl; live_store_documents.jsonl,"pm5_stage_table.csv:L365; cohort_reports.jsonl:L919,920,921",NEAR_CONTEMPORANEOUS,HISTORICAL_STAGE_TABLE_AND_DISCOVERY_MANIFEST,REQUEST_NOT_CONFIRMED,NOT_RECORDED,NOT_RECORDED,NONE_RECORDED,DISCOVERY_TIMESTAMP_ONLY,NO_REQUEST_EVIDENCE,UNKNOWN,REASON_CODE_MISSING,UNKNOWN_AFTER_REVIEW,UNKNOWN_AFTER_REVIEW,cands=3 (bse:1+nse:1+screener:1); top_src=nse; top_ext=zip; in_fetch_manifest=NO
INE00LO01017::FY2022,Craftsman Automation Limited,2022,True,False,https://nsearchives.nseindia.com/annual_reports/AR_19949_CRAFTSMAN_2021_2022_26052022155230_05262022160003.zip,reports/pm5_stage_table.csv,30e93b59ac689f00fab182583fb25883322e429be42b4ba14e13a1011b916dc9,pm5_stage_table.csv:row_366,pm5_stage_table.csv; cohort_reports.jsonl; live_store_documents.jsonl,"pm5_stage_table.csv:L366; cohort_reports.jsonl:L922,923,924",NEAR_CONTEMPORANEOUS,HISTORICAL_STAGE_TABLE_AND_DISCOVERY_MANIFEST,REQUEST_NOT_CONFIRMED,NOT_RECORDED,NOT_RECORDED,NONE_RECORDED,DISCOVERY_TIMESTAMP_ONLY,NO_REQUEST_EVIDENCE,UNKNOWN,REASON_CODE_MISSING,UNKNOWN_AFTER_REVIEW,UNKNOWN_AFTER_REVIEW,cands=3 (bse:1+nse:1+screener:1); top_src=nse; top_ext=zip; in_fetch_manifest=NO
INE00LO01017::FY2023,Craftsman Automation Limited,2023,True,False,https://nsearchives.nseindia.com/annual_reports/AR_21961_CRAFTSMAN_2022_2023_02062023211657.zip,reports/pm5_stage_table.csv,30e93b59ac689f00fab182583fb25883322e429be42b4ba14e13a1011b916dc9,pm5_stage_table.csv:row_367,pm5_stage_table.csv; cohort_reports.jsonl; live_store_documents.jsonl,"pm5_stage_table.csv:L367; cohort_reports.jsonl:L925,926,927",NEAR_CONTEMPORANEOUS,HISTORICAL_STAGE_TABLE_AND_DISCOVERY_MANIFEST,REQUEST_NOT_CONFIRMED,NOT_RECORDED,NOT_RECORDED,NONE_RECORDED,DISCOVERY_TIMESTAMP_ONLY,NO_REQUEST_EVIDENCE,UNKNOWN,REASON_CODE_MISSING,UNKNOWN_AFTER_REVIEW,UNKNOWN_AFTER_REVIEW,cands=3 (bse:1+nse:1+screener:1); top_src=nse; top_ext=zip; in_fetch_manifest=NO
INE00WC01027::FY2020,Affle 3i Limited,2020,True,False,https://nsearchives.nseindia.com/annual_reports/AR_17051_AFFLE_2019_2020_31082020234502_01092020070002.zip,reports/pm5_stage_table.csv,30e93b59ac689f00fab182583fb25883322e429be42b4ba14e13a1011b916dc9,pm5_stage_table.csv:row_380,pm5_stage_table.csv; cohort_reports.jsonl; live_store_documents.jsonl,"pm5_stage_table.csv:L380; cohort_reports.jsonl:L934,935,936",NEAR_CONTEMPORANEOUS,HISTORICAL_STAGE_TABLE_AND_DISCOVERY_MANIFEST,REQUEST_NOT_CONFIRMED,NOT_RECORDED,NOT_RECORDED,NONE_RECORDED,DISCOVERY_TIMESTAMP_ONLY,NO_REQUEST_EVIDENCE,UNKNOWN,REASON_CODE_MISSING,UNKNOWN_AFTER_REVIEW,UNKNOWN_AFTER_REVIEW,cands=3 (bse:1+nse:1+screener:1); top_src=nse; top_ext=zip; in_fetch_manifest=NO
INE00WC01027::FY2021,Affle 3i Limited,2021,True,False,https://nsearchives.nseindia.com/annual_reports/AR_19888_AFFLE_2020_2021_17122021140408_12172021150002.zip,reports/pm5_stage_table.csv,30e93b59ac689f00fab182583fb25883322e429be42b4ba14e13a1011b916dc9,pm5_stage_table.csv:row_381,pm5_stage_table.csv; cohort_reports.jsonl; live_store_documents.jsonl,"pm5_stage_table.csv:L381; cohort_reports.jsonl:L937,938,939",NEAR_CONTEMPORANEOUS,HISTORICAL_STAGE_TABLE_AND_DISCOVERY_MANIFEST,REQUEST_NOT_CONFIRMED,NOT_RECORDED,NOT_RECORDED,NONE_RECORDED,DISCOVERY_TIMESTAMP_ONLY,NO_REQUEST_EVIDENCE,UNKNOWN,REASON_CODE_MISSING,UNKNOWN_AFTER_REVIEW,UNKNOWN_AFTER_REVIEW,cands=3 (bse:1+nse:1+screener:1); top_src=nse; top_ext=zip; in_fetch_manifest=NO
INE00WC01027::FY2022,Affle 3i Limited,2022,True,False,https://nsearchives.nseindia.com/annual_reports/AR_20933_AFFLE_2021_2022_29082022171133_08292022180009.zip,reports/pm5_stage_table.csv,30e93b59ac689f00fab182583fb25883322e429be42b4ba14e13a1011b916dc9,pm5_stage_table.csv:row_382,pm5_stage_table.csv; cohort_reports.jsonl; live_store_documents.jsonl,"pm5_stage_table.csv:L382; cohort_reports.jsonl:L940,941,942",NEAR_CONTEMPORANEOUS,HISTORICAL_STAGE_TABLE_AND_DISCOVERY_MANIFEST,REQUEST_NOT_CONFIRMED,NOT_RECORDED,NOT_RECORDED,NONE_RECORDED,DISCOVERY_TIMESTAMP_ONLY,NO_REQUEST_EVIDENCE,UNKNOWN,REASON_CODE_MISSING,UNKNOWN_AFTER_REVIEW,UNKNOWN_AFTER_REVIEW,cands=3 (bse:1+nse:1+screener:1); top_src=nse; top_ext=zip; in_fetch_manifest=NO
INE00WC01027::FY2023,Affle 3i Limited,2023,True,False,https://nsearchives.nseindia.com/annual_reports/AR_23034_AFFLE_2022_2023_29082023113501_08292023120011.zip,reports/pm5_stage_table.csv,30e93b59ac689f00fab182583fb25883322e429be42b4ba14e13a1011b916dc9,pm5_stage_table.csv:row_383,pm5_stage_table.csv; cohort_reports.jsonl; live_store_documents.jsonl,"pm5_stage_table.csv:L383; cohort_reports.jsonl:L943,944,945",NEAR_CONTEMPORANEOUS,HISTORICAL_STAGE_TABLE_AND_DISCOVERY_MANIFEST,REQUEST_NOT_CONFIRMED,NOT_RECORDED,NOT_RECORDED,NONE_RECORDED,DISCOVERY_TIMESTAMP_ONLY,NO_REQUEST_EVIDENCE,UNKNOWN,REASON_CODE_MISSING,UNKNOWN_AFTER_REVIEW,UNKNOWN_AFTER_REVIEW,cands=3 (bse:1+nse:1+screener:1); top_src=nse; top_ext=zip; in_fetch_manifest=NO
INE001B01026::FY2010,KRBL Limited,2010,True,False,https://nsearchives.nseindia.com/annual_reports/AR_KRBL_2009_2010_13042011114623.zip,reports/pm5_stage_table.csv,30e93b59ac689f00fab182583fb25883322e429be42b4ba14e13a1011b916dc9,pm5_stage_table.csv:row_386,pm5_stage_table.csv; cohort_reports.jsonl; live_store_documents.jsonl,"pm5_stage_table.csv:L386; cohort_reports.jsonl:L952,953",NEAR_CONTEMPORANEOUS,HISTORICAL_STAGE_TABLE_AND_DISCOVERY_MANIFEST,REQUEST_NOT_CONFIRMED,NOT_RECORDED,NOT_RECORDED,NONE_RECORDED,DISCOVERY_TIMESTAMP_ONLY,NO_REQUEST_EVIDENCE,UNKNOWN,REASON_CODE_MISSING,UNKNOWN_AFTER_REVIEW,UNKNOWN_AFTER_REVIEW,cands=2 (bse:1+nse:1); top_src=nse; top_ext=zip; in_fetch_manifest=NO
INE001B01026::FY2011,KRBL Limited,2011,True,False,https://nsearchives.nseindia.com/annual_reports/AR_KRBL_2010_2011_08092011023131.zip,reports/pm5_stage_table.csv,30e93b59ac689f00fab182583fb25883322e429be42b4ba14e13a1011b916dc9,pm5_stage_table.csv:row_387,pm5_stage_table.csv; cohort_reports.jsonl; live_store_documents.jsonl,"pm5_stage_table.csv:L387; cohort_reports.jsonl:L954,955",NEAR_CONTEMPORANEOUS,HISTORICAL_STAGE_TABLE_AND_DISCOVERY_MANIFEST,REQUEST_NOT_CONFIRMED,NOT_RECORDED,NOT_RECORDED,NONE_RECORDED,DISCOVERY_TIMESTAMP_ONLY,NO_REQUEST_EVIDENCE,UNKNOWN,REASON_CODE_MISSING,UNKNOWN_AFTER_REVIEW,UNKNOWN_AFTER_REVIEW,cands=2 (bse:1+nse:1); top_src=nse; top_ext=zip; in_fetch_manifest=NO
INE001B01026::FY2014,KRBL Limited,2014,True,False,https://nsearchives.nseindia.com/annual_reports/AR_4242_KRBL_2013_2014_13082014165816.zip,reports/pm5_stage_table.csv,30e93b59ac689f00fab182583fb25883322e429be42b4ba14e13a1011b916dc9,pm5_stage_table.csv:row_390,pm5_stage_table.csv; cohort_reports.jsonl; live_store_documents.jsonl,"pm5_stage_table.csv:L390; cohort_reports.jsonl:L962,963,964",NEAR_CONTEMPORANEOUS,HISTORICAL_STAGE_TABLE_AND_DISCOVERY_MANIFEST,REQUEST_NOT_CONFIRMED,NOT_RECORDED,NOT_RECORDED,NONE_RECORDED,DISCOVERY_TIMESTAMP_ONLY,NO_REQUEST_EVIDENCE,UNKNOWN,REASON_CODE_MISSING,UNKNOWN_AFTER_REVIEW,UNKNOWN_AFTER_REVIEW,cands=3 (bse:1+nse:1+screener:1); top_src=nse; top_ext=zip; in_fetch_manifest=NO
INE001B01026::FY2015,KRBL Limited,2015,True,False,https://nsearchives.nseindia.com/annual_reports/AR_7716_KRBL_2014_2015_07092015154439.zip,reports/pm5_stage_table.csv,30e93b59ac689f00fab182583fb25883322e429be42b4ba14e13a1011b916dc9,pm5_stage_table.csv:row_391,pm5_stage_table.csv; cohort_reports.jsonl; live_store_documents.jsonl,"pm5_stage_table.csv:L391; cohort_reports.jsonl:L965,966,967",NEAR_CONTEMPORANEOUS,HISTORICAL_STAGE_TABLE_AND_DISCOVERY_MANIFEST,REQUEST_NOT_CONFIRMED,NOT_RECORDED,NOT_RECORDED,NONE_RECORDED,DISCOVERY_TIMESTAMP_ONLY,NO_REQUEST_EVIDENCE,UNKNOWN,REASON_CODE_MISSING,UNKNOWN_AFTER_REVIEW,UNKNOWN_AFTER_REVIEW,cands=3 (bse:1+nse:1+screener:1); top_src=nse; top_ext=zip; in_fetch_manifest=NO
INE001B01026::FY2016,KRBL Limited,2016,True,False,https://nsearchives.nseindia.com/annual_reports/AR_9635_KRBL_2015_2016_12092016151810.zip,reports/pm5_stage_table.csv,30e93b59ac689f00fab182583fb25883322e429be42b4ba14e13a1011b916dc9,pm5_stage_table.csv:row_392,pm5_stage_table.csv; cohort_reports.jsonl; live_store_documents.jsonl,"pm5_stage_table.csv:L392; cohort_reports.jsonl:L968,969,970",NEAR_CONTEMPORANEOUS,HISTORICAL_STAGE_TABLE_AND_DISCOVERY_MANIFEST,REQUEST_NOT_CONFIRMED,NOT_RECORDED,NOT_RECORDED,NONE_RECORDED,DISCOVERY_TIMESTAMP_ONLY,NO_REQUEST_EVIDENCE,UNKNOWN,REASON_CODE_MISSING,UNKNOWN_AFTER_REVIEW,UNKNOWN_AFTER_REVIEW,cands=3 (bse:1+nse:1+screener:1); top_src=nse; top_ext=zip; in_fetch_manifest=NO
INE001B01026::FY2019,KRBL Limited,2019,True,False,https://nsearchives.nseindia.com/annual_reports/AR_15255_KRBL_2018_2019_19082019154501_19082019160008.zip,reports/pm5_stage_table.csv,30e93b59ac689f00fab182583fb25883322e429be42b4ba14e13a1011b916dc9,pm5_stage_table.csv:row_395,pm5_stage_table.csv; cohort_reports.jsonl; live_store_documents.jsonl,"pm5_stage_table.csv:L395; cohort_reports.jsonl:L977,978,979",NEAR_CONTEMPORANEOUS,HISTORICAL_STAGE_TABLE_AND_DISCOVERY_MANIFEST,REQUEST_NOT_CONFIRMED,NOT_RECORDED,NOT_RECORDED,NONE_RECORDED,DISCOVERY_TIMESTAMP_ONLY,NO_REQUEST_EVIDENCE,UNKNOWN,REASON_CODE_MISSING,UNKNOWN_AFTER_REVIEW,UNKNOWN_AFTER_REVIEW,cands=3 (bse:1+nse:1+screener:1); top_src=nse; top_ext=zip; in_fetch_manifest=NO
INE001B01026::FY2020,KRBL Limited,2020,True,False,https://nsearchives.nseindia.com/annual_reports/AR_17506_KRBL_2019_2020_07092020153903_07092020160009.zip,reports/pm5_stage_table.csv,30e93b59ac689f00fab182583fb25883322e429be42b4ba14e13a1011b916dc9,pm5_stage_table.csv:row_396,pm5_stage_table.csv; cohort_reports.jsonl; live_store_documents.jsonl,"pm5_stage_table.csv:L396; cohort_reports.jsonl:L980,981,982",NEAR_CONTEMPORANEOUS,HISTORICAL_STAGE_TABLE_AND_DISCOVERY_MANIFEST,REQUEST_NOT_CONFIRMED,NOT_RECORDED,NOT_RECORDED,NONE_RECORDED,DISCOVERY_TIMESTAMP_ONLY,NO_REQUEST_EVIDENCE,UNKNOWN,REASON_CODE_MISSING,UNKNOWN_AFTER_REVIEW,UNKNOWN_AFTER_REVIEW,cands=3 (bse:1+nse:1+screener:1); top_src=nse; top_ext=zip; in_fetch_manifest=NO
INE001B01026::FY2021,KRBL Limited,2021,True,False,https://nsearchives.nseindia.com/annual_reports/AR_19696_KRBL_2020_2021_08092021124208_09082021130005.zip,reports/pm5_stage_table.csv,30e93b59ac689f00fab182583fb25883322e429be42b4ba14e13a1011b916dc9,pm5_stage_table.csv:row_397,pm5_stage_table.csv; cohort_reports.jsonl; live_store_documents.jsonl,"pm5_stage_table.csv:L397; cohort_reports.jsonl:L983,984,985",NEAR_CONTEMPORANEOUS,HISTORICAL_STAGE_TABLE_AND_DISCOVERY_MANIFEST,REQUEST_NOT_CONFIRMED,NOT_RECORDED,NOT_RECORDED,NONE_RECORDED,DISCOVERY_TIMESTAMP_ONLY,NO_REQUEST_EVIDENCE,UNKNOWN,REASON_CODE_MISSING,UNKNOWN_AFTER_REVIEW,UNKNOWN_AFTER_REVIEW,cands=3 (bse:1+nse:1+screener:1); top_src=nse; top_ext=zip; in_fetch_manifest=NO
INE001B01026::FY2022,KRBL Limited,2022,True,False,https://nsearchives.nseindia.com/annual_reports/AR_21281_KRBL_2021_2022_03092022233247_09042022070014.zip,reports/pm5_stage_table.csv,30e93b59ac689f00fab182583fb25883322e429be42b4ba14e13a1011b916dc9,pm5_stage_table.csv:row_398,pm5_stage_table.csv; cohort_reports.jsonl; live_store_documents.jsonl,"pm5_stage_table.csv:L398; cohort_reports.jsonl:L986,987,988",NEAR_CONTEMPORANEOUS,HISTORICAL_STAGE_TABLE_AND_DISCOVERY_MANIFEST,REQUEST_NOT_CONFIRMED,NOT_RECORDED,NOT_RECORDED,NONE_RECORDED,DISCOVERY_TIMESTAMP_ONLY,NO_REQUEST_EVIDENCE,UNKNOWN,REASON_CODE_MISSING,UNKNOWN_AFTER_REVIEW,UNKNOWN_AFTER_REVIEW,cands=3 (bse:1+nse:1+screener:1); top_src=nse; top_ext=zip; in_fetch_manifest=NO
INE001B01026::FY2023,KRBL Limited,2023,True,False,https://nsearchives.nseindia.com/annual_reports/AR_23563_KRBL_2022_2023_05092023193648_09052023200021.zip,reports/pm5_stage_table.csv,30e93b59ac689f00fab182583fb25883322e429be42b4ba14e13a1011b916dc9,pm5_stage_table.csv:row_399,pm5_stage_table.csv; cohort_reports.jsonl; live_store_documents.jsonl,"pm5_stage_table.csv:L399; cohort_reports.jsonl:L989,990,991",NEAR_CONTEMPORANEOUS,HISTORICAL_STAGE_TABLE_AND_DISCOVERY_MANIFEST,REQUEST_NOT_CONFIRMED,NOT_RECORDED,NOT_RECORDED,NONE_RECORDED,DISCOVERY_TIMESTAMP_ONLY,NO_REQUEST_EVIDENCE,UNKNOWN,REASON_CODE_MISSING,UNKNOWN_AFTER_REVIEW,UNKNOWN_AFTER_REVIEW,cands=3 (bse:1+nse:1+screener:1); top_src=nse; top_ext=zip; in_fetch_manifest=NO
INE001F01019::FY2010,Modern Steels Limited,2010,True,False,https://www.bseindia.com/bseplus/AnnualReport/513303/5133030310.pdf,reports/pm5_stage_table.csv,30e93b59ac689f00fab182583fb25883322e429be42b4ba14e13a1011b916dc9,pm5_stage_table.csv:row_402,pm5_stage_table.csv; cohort_reports.jsonl; live_store_documents.jsonl,pm5_stage_table.csv:L402; cohort_reports.jsonl:L998,NEAR_CONTEMPORANEOUS,HISTORICAL_STAGE_TABLE_AND_DISCOVERY_MANIFEST,REQUEST_NOT_CONFIRMED,NOT_RECORDED,NOT_RECORDED,NONE_RECORDED,DISCOVERY_TIMESTAMP_ONLY,NO_REQUEST_EVIDENCE,UNKNOWN,REASON_CODE_MISSING,UNKNOWN_AFTER_REVIEW,UNKNOWN_AFTER_REVIEW,cands=1 (bse:1); top_src=bse; top_ext=pdf; in_fetch_manifest=NO
INE001F01019::FY2011,Modern Steels Limited,2011,True,False,https://www.bseindia.com/HIS_ANN_RPT/HISTANNR/2011/MODERN_STEELS_LTD-513303-MARCH-2011.PDF,reports/pm5_stage_table.csv,30e93b59ac689f00fab182583fb25883322e429be42b4ba14e13a1011b916dc9,pm5_stage_table.csv:row_403,pm5_stage_table.csv; cohort_reports.jsonl; live_store_documents.jsonl,pm5_stage_table.csv:L403; cohort_reports.jsonl:L999,NEAR_CONTEMPORANEOUS,HISTORICAL_STAGE_TABLE_AND_DISCOVERY_MANIFEST,REQUEST_NOT_CONFIRMED,NOT_RECORDED,NOT_RECORDED,NONE_RECORDED,DISCOVERY_TIMESTAMP_ONLY,NO_REQUEST_EVIDENCE,UNKNOWN,REASON_CODE_MISSING,UNKNOWN_AFTER_REVIEW,UNKNOWN_AFTER_REVIEW,cands=1 (bse:1); top_src=bse; top_ext=pdf; in_fetch_manifest=NO
INE001F01019::FY2014,Modern Steels Limited,2014,True,False,https://www.bseindia.com/bseplus/AnnualReport/513303/5133030314.pdf,reports/pm5_stage_table.csv,30e93b59ac689f00fab182583fb25883322e429be42b4ba14e13a1011b916dc9,pm5_stage_table.csv:row_406,pm5_stage_table.csv; cohort_reports.jsonl; live_store_documents.jsonl,pm5_stage_table.csv:L406; cohort_reports.jsonl:L1002,NEAR_CONTEMPORANEOUS,HISTORICAL_STAGE_TABLE_AND_DISCOVERY_MANIFEST,REQUEST_NOT_CONFIRMED,NOT_RECORDED,NOT_RECORDED,NONE_RECORDED,DISCOVERY_TIMESTAMP_ONLY,NO_REQUEST_EVIDENCE,UNKNOWN,REASON_CODE_MISSING,UNKNOWN_AFTER_REVIEW,UNKNOWN_AFTER_REVIEW,cands=1 (bse:1); top_src=bse; top_ext=pdf; in_fetch_manifest=NO
INE001F01019::FY2015,Modern Steels Limited,2015,True,False,https://www.bseindia.com/bseplus/AnnualReport/513303/5133030315.pdf,reports/pm5_stage_table.csv,30e93b59ac689f00fab182583fb25883322e429be42b4ba14e13a1011b916dc9,pm5_stage_table.csv:row_407,pm5_stage_table.csv; cohort_reports.jsonl; live_store_documents.jsonl,pm5_stage_table.csv:L407; cohort_reports.jsonl:L1003,NEAR_CONTEMPORANEOUS,HISTORICAL_STAGE_TABLE_AND_DISCOVERY_MANIFEST,REQUEST_NOT_CONFIRMED,NOT_RECORDED,NOT_RECORDED,NONE_RECORDED,DISCOVERY_TIMESTAMP_ONLY,NO_REQUEST_EVIDENCE,UNKNOWN,REASON_CODE_MISSING,UNKNOWN_AFTER_REVIEW,UNKNOWN_AFTER_REVIEW,cands=1 (bse:1); top_src=bse; top_ext=pdf; in_fetch_manifest=NO
INE001F01019::FY2016,Modern Steels Limited,2016,True,False,https://www.bseindia.com/bseplus/AnnualReport/513303/5133030316.pdf,reports/pm5_stage_table.csv,30e93b59ac689f00fab182583fb25883322e429be42b4ba14e13a1011b916dc9,pm5_stage_table.csv:row_408,pm5_stage_table.csv; cohort_reports.jsonl; live_store_documents.jsonl,pm5_stage_table.csv:L408; cohort_reports.jsonl:L1004,NEAR_CONTEMPORANEOUS,HISTORICAL_STAGE_TABLE_AND_DISCOVERY_MANIFEST,REQUEST_NOT_CONFIRMED,NOT_RECORDED,NOT_RECORDED,NONE_RECORDED,DISCOVERY_TIMESTAMP_ONLY,NO_REQUEST_EVIDENCE,UNKNOWN,REASON_CODE_MISSING,UNKNOWN_AFTER_REVIEW,UNKNOWN_AFTER_REVIEW,cands=1 (bse:1); top_src=bse; top_ext=pdf; in_fetch_manifest=NO
INE001F01019::FY2019,Modern Steels Limited,2019,True,False,https://www.bseindia.com/bseplus/AnnualReport/513303/5133030319.pdf,reports/pm5_stage_table.csv,30e93b59ac689f00fab182583fb25883322e429be42b4ba14e13a1011b916dc9,pm5_stage_table.csv:row_411,pm5_stage_table.csv; cohort_reports.jsonl; live_store_documents.jsonl,pm5_stage_table.csv:L411; cohort_reports.jsonl:L1007,NEAR_CONTEMPORANEOUS,HISTORICAL_STAGE_TABLE_AND_DISCOVERY_MANIFEST,REQUEST_NOT_CONFIRMED,NOT_RECORDED,NOT_RECORDED,NONE_RECORDED,DISCOVERY_TIMESTAMP_ONLY,NO_REQUEST_EVIDENCE,UNKNOWN,REASON_CODE_MISSING,UNKNOWN_AFTER_REVIEW,UNKNOWN_AFTER_REVIEW,cands=1 (bse:1); top_src=bse; top_ext=pdf; in_fetch_manifest=NO
INE001F01019::FY2020,Modern Steels Limited,2020,True,False,https://www.bseindia.com/bseplus/AnnualReport/513303/67822513303.pdf,reports/pm5_stage_table.csv,30e93b59ac689f00fab182583fb25883322e429be42b4ba14e13a1011b916dc9,pm5_stage_table.csv:row_412,pm5_stage_table.csv; cohort_reports.jsonl; live_store_documents.jsonl,pm5_stage_table.csv:L412; cohort_reports.jsonl:L1008,NEAR_CONTEMPORANEOUS,HISTORICAL_STAGE_TABLE_AND_DISCOVERY_MANIFEST,REQUEST_NOT_CONFIRMED,NOT_RECORDED,NOT_RECORDED,NONE_RECORDED,DISCOVERY_TIMESTAMP_ONLY,NO_REQUEST_EVIDENCE,UNKNOWN,REASON_CODE_MISSING,UNKNOWN_AFTER_REVIEW,UNKNOWN_AFTER_REVIEW,cands=1 (bse:1); top_src=bse; top_ext=pdf; in_fetch_manifest=NO
INE001F01019::FY2021,Modern Steels Limited,2021,True,False,https://www.bseindia.com/bseplus/AnnualReport/513303/72829513303.pdf,reports/pm5_stage_table.csv,30e93b59ac689f00fab182583fb25883322e429be42b4ba14e13a1011b916dc9,pm5_stage_table.csv:row_413,pm5_stage_table.csv; cohort_reports.jsonl; live_store_documents.jsonl,pm5_stage_table.csv:L413; cohort_reports.jsonl:L1009,NEAR_CONTEMPORANEOUS,HISTORICAL_STAGE_TABLE_AND_DISCOVERY_MANIFEST,REQUEST_NOT_CONFIRMED,NOT_RECORDED,NOT_RECORDED,NONE_RECORDED,DISCOVERY_TIMESTAMP_ONLY,NO_REQUEST_EVIDENCE,UNKNOWN,REASON_CODE_MISSING,UNKNOWN_AFTER_REVIEW,UNKNOWN_AFTER_REVIEW,cands=1 (bse:1); top_src=bse; top_ext=pdf; in_fetch_manifest=NO
INE001F01019::FY2022,Modern Steels Limited,2022,True,False,https://www.bseindia.com/bseplus/AnnualReport/513303/76422513303.pdf,reports/pm5_stage_table.csv,30e93b59ac689f00fab182583fb25883322e429be42b4ba14e13a1011b916dc9,pm5_stage_table.csv:row_414,pm5_stage_table.csv; cohort_reports.jsonl; live_store_documents.jsonl,pm5_stage_table.csv:L414; cohort_reports.jsonl:L1010,NEAR_CONTEMPORANEOUS,HISTORICAL_STAGE_TABLE_AND_DISCOVERY_MANIFEST,REQUEST_NOT_CONFIRMED,NOT_RECORDED,NOT_RECORDED,NONE_RECORDED,DISCOVERY_TIMESTAMP_ONLY,NO_REQUEST_EVIDENCE,UNKNOWN,REASON_CODE_MISSING,UNKNOWN_AFTER_REVIEW,UNKNOWN_AFTER_REVIEW,cands=1 (bse:1); top_src=bse; top_ext=pdf; in_fetch_manifest=NO
INE001F01019::FY2023,Modern Steels Limited,2023,True,False,https://www.bseindia.com/xml-data/corpfiling/AttachHis/\3ef771a4-0fb2-4cbd-8bfa-d0ea01e2cab6.pdf,reports/pm5_stage_table.csv,30e93b59ac689f00fab182583fb25883322e429be42b4ba14e13a1011b916dc9,pm5_stage_table.csv:row_415,pm5_stage_table.csv; cohort_reports.jsonl; live_store_documents.jsonl,"pm5_stage_table.csv:L415; cohort_reports.jsonl:L1011,1012",NEAR_CONTEMPORANEOUS,HISTORICAL_STAGE_TABLE_AND_DISCOVERY_MANIFEST,REQUEST_NOT_CONFIRMED,NOT_RECORDED,NOT_RECORDED,NONE_RECORDED,DISCOVERY_TIMESTAMP_ONLY,NO_REQUEST_EVIDENCE,UNKNOWN,REASON_CODE_MISSING,UNKNOWN_AFTER_REVIEW,UNKNOWN_AFTER_REVIEW,cands=2 (bse:2); top_src=bse; top_ext=pdf; in_fetch_manifest=NO
INE003B01014::FY2010,Inter State Oil Carrier Ltd,2010,True,False,https://www.bseindia.com/bseplus/AnnualReport/530259/5302590310.pdf,reports/pm5_stage_table.csv,30e93b59ac689f00fab182583fb25883322e429be42b4ba14e13a1011b916dc9,pm5_stage_table.csv:row_418,pm5_stage_table.csv; cohort_reports.jsonl; live_store_documents.jsonl,pm5_stage_table.csv:L418; cohort_reports.jsonl:L1015,NEAR_CONTEMPORANEOUS,HISTORICAL_STAGE_TABLE_AND_DISCOVERY_MANIFEST,REQUEST_NOT_CONFIRMED,NOT_RECORDED,NOT_RECORDED,NONE_RECORDED,DISCOVERY_TIMESTAMP_ONLY,NO_REQUEST_EVIDENCE,UNKNOWN,REASON_CODE_MISSING,UNKNOWN_AFTER_REVIEW,UNKNOWN_AFTER_REVIEW,cands=1 (bse:1); top_src=bse; top_ext=pdf; in_fetch_manifest=NO
INE003B01014::FY2014,Inter State Oil Carrier Ltd,2014,True,False,https://www.bseindia.com/bseplus/AnnualReport/530259/5302590314.pdf,reports/pm5_stage_table.csv,30e93b59ac689f00fab182583fb25883322e429be42b4ba14e13a1011b916dc9,pm5_stage_table.csv:row_422,pm5_stage_table.csv; cohort_reports.jsonl; live_store_documents.jsonl,pm5_stage_table.csv:L422; cohort_reports.jsonl:L1018,NEAR_CONTEMPORANEOUS,HISTORICAL_STAGE_TABLE_AND_DISCOVERY_MANIFEST,REQUEST_NOT_CONFIRMED,NOT_RECORDED,NOT_RECORDED,NONE_RECORDED,DISCOVERY_TIMESTAMP_ONLY,NO_REQUEST_EVIDENCE,UNKNOWN,REASON_CODE_MISSING,UNKNOWN_AFTER_REVIEW,UNKNOWN_AFTER_REVIEW,cands=1 (bse:1); top_src=bse; top_ext=pdf; in_fetch_manifest=NO
INE003B01014::FY2015,Inter State Oil Carrier Ltd,2015,True,False,https://www.bseindia.com/HIS_ANN_RPT/HISTANNR/2015/INTER_STATE_OIL_CARRIER_LTD-530259-MARCH-2015.PDF,reports/pm5_stage_table.csv,30e93b59ac689f00fab182583fb25883322e429be42b4ba14e13a1011b916dc9,pm5_stage_table.csv:row_423,pm5_stage_table.csv; cohort_reports.jsonl; live_store_documents.jsonl,pm5_stage_table.csv:L423; cohort_reports.jsonl:L1019,NEAR_CONTEMPORANEOUS,HISTORICAL_STAGE_TABLE_AND_DISCOVERY_MANIFEST,REQUEST_NOT_CONFIRMED,NOT_RECORDED,NOT_RECORDED,NONE_RECORDED,DISCOVERY_TIMESTAMP_ONLY,NO_REQUEST_EVIDENCE,UNKNOWN,REASON_CODE_MISSING,UNKNOWN_AFTER_REVIEW,UNKNOWN_AFTER_REVIEW,cands=1 (bse:1); top_src=bse; top_ext=pdf; in_fetch_manifest=NO
INE003B01014::FY2016,Inter State Oil Carrier Ltd,2016,True,False,https://www.bseindia.com/bseplus/AnnualReport/530259/5302590316.pdf,reports/pm5_stage_table.csv,30e93b59ac689f00fab182583fb25883322e429be42b4ba14e13a1011b916dc9,pm5_stage_table.csv:row_424,pm5_stage_table.csv; cohort_reports.jsonl; live_store_documents.jsonl,pm5_stage_table.csv:L424; cohort_reports.jsonl:L1020,NEAR_CONTEMPORANEOUS,HISTORICAL_STAGE_TABLE_AND_DISCOVERY_MANIFEST,REQUEST_NOT_CONFIRMED,NOT_RECORDED,NOT_RECORDED,NONE_RECORDED,DISCOVERY_TIMESTAMP_ONLY,NO_REQUEST_EVIDENCE,UNKNOWN,REASON_CODE_MISSING,UNKNOWN_AFTER_REVIEW,UNKNOWN_AFTER_REVIEW,cands=1 (bse:1); top_src=bse; top_ext=pdf; in_fetch_manifest=NO
INE003B01014::FY2019,Inter State Oil Carrier Ltd,2019,True,False,https://www.bseindia.com/bseplus/AnnualReport/530259/5302590319.pdf,reports/pm5_stage_table.csv,30e93b59ac689f00fab182583fb25883322e429be42b4ba14e13a1011b916dc9,pm5_stage_table.csv:row_427,pm5_stage_table.csv; cohort_reports.jsonl; live_store_documents.jsonl,pm5_stage_table.csv:L427; cohort_reports.jsonl:L1023,NEAR_CONTEMPORANEOUS,HISTORICAL_STAGE_TABLE_AND_DISCOVERY_MANIFEST,REQUEST_NOT_CONFIRMED,NOT_RECORDED,NOT_RECORDED,NONE_RECORDED,DISCOVERY_TIMESTAMP_ONLY,NO_REQUEST_EVIDENCE,UNKNOWN,REASON_CODE_MISSING,UNKNOWN_AFTER_REVIEW,UNKNOWN_AFTER_REVIEW,cands=1 (bse:1); top_src=bse; top_ext=pdf; in_fetch_manifest=NO
INE003B01014::FY2020,Inter State Oil Carrier Ltd,2020,True,False,https://www.bseindia.com/bseplus/AnnualReport/530259/65249530259_29_09_20.pdf,reports/pm5_stage_table.csv,30e93b59ac689f00fab182583fb25883322e429be42b4ba14e13a1011b916dc9,pm5_stage_table.csv:row_428,pm5_stage_table.csv; cohort_reports.jsonl; live_store_documents.jsonl,pm5_stage_table.csv:L428; cohort_reports.jsonl:L1024,NEAR_CONTEMPORANEOUS,HISTORICAL_STAGE_TABLE_AND_DISCOVERY_MANIFEST,REQUEST_NOT_CONFIRMED,NOT_RECORDED,NOT_RECORDED,NONE_RECORDED,DISCOVERY_TIMESTAMP_ONLY,NO_REQUEST_EVIDENCE,UNKNOWN,REASON_CODE_MISSING,UNKNOWN_AFTER_REVIEW,UNKNOWN_AFTER_REVIEW,cands=1 (bse:1); top_src=bse; top_ext=pdf; in_fetch_manifest=NO
INE003B01014::FY2021,Inter State Oil Carrier Ltd,2021,True,False,https://www.bseindia.com/bseplus/AnnualReport/530259/70205530259_05_10_21.pdf,reports/pm5_stage_table.csv,30e93b59ac689f00fab182583fb25883322e429be42b4ba14e13a1011b916dc9,pm5_stage_table.csv:row_429,pm5_stage_table.csv; cohort_reports.jsonl; live_store_documents.jsonl,pm5_stage_table.csv:L429; cohort_reports.jsonl:L1025,NEAR_CONTEMPORANEOUS,HISTORICAL_STAGE_TABLE_AND_DISCOVERY_MANIFEST,REQUEST_NOT_CONFIRMED,NOT_RECORDED,NOT_RECORDED,NONE_RECORDED,DISCOVERY_TIMESTAMP_ONLY,NO_REQUEST_EVIDENCE,UNKNOWN,REASON_CODE_MISSING,UNKNOWN_AFTER_REVIEW,UNKNOWN_AFTER_REVIEW,cands=1 (bse:1); top_src=bse; top_ext=pdf; in_fetch_manifest=NO
INE003B01014::FY2022,Inter State Oil Carrier Ltd,2022,True,False,https://www.bseindia.com/bseplus/AnnualReport/530259/74761530259_17_09_22.pdf,reports/pm5_stage_table.csv,30e93b59ac689f00fab182583fb25883322e429be42b4ba14e13a1011b916dc9,pm5_stage_table.csv:row_430,pm5_stage_table.csv; cohort_reports.jsonl; live_store_documents.jsonl,pm5_stage_table.csv:L430; cohort_reports.jsonl:L1026,NEAR_CONTEMPORANEOUS,HISTORICAL_STAGE_TABLE_AND_DISCOVERY_MANIFEST,REQUEST_NOT_CONFIRMED,NOT_RECORDED,NOT_RECORDED,NONE_RECORDED,DISCOVERY_TIMESTAMP_ONLY,NO_REQUEST_EVIDENCE,UNKNOWN,REASON_CODE_MISSING,UNKNOWN_AFTER_REVIEW,UNKNOWN_AFTER_REVIEW,cands=1 (bse:1); top_src=bse; top_ext=pdf; in_fetch_manifest=NO
INE003B01014::FY2023,Inter State Oil Carrier Ltd,2023,True,False,https://www.bseindia.com/xml-data/corpfiling/AttachHis/\c971c932-3492-495b-832b-2d6b19dc1239.pdf,reports/pm5_stage_table.csv,30e93b59ac689f00fab182583fb25883322e429be42b4ba14e13a1011b916dc9,pm5_stage_table.csv:row_431,pm5_stage_table.csv; cohort_reports.jsonl; live_store_documents.jsonl,pm5_stage_table.csv:L431; cohort_reports.jsonl:L1027,NEAR_CONTEMPORANEOUS,HISTORICAL_STAGE_TABLE_AND_DISCOVERY_MANIFEST,REQUEST_NOT_CONFIRMED,NOT_RECORDED,NOT_RECORDED,NONE_RECORDED,DISCOVERY_TIMESTAMP_ONLY,NO_REQUEST_EVIDENCE,UNKNOWN,REASON_CODE_MISSING,UNKNOWN_AFTER_REVIEW,UNKNOWN_AFTER_REVIEW,cands=1 (bse:1); top_src=bse; top_ext=pdf; in_fetch_manifest=NO
INE003F01015::FY2010,Muller & Phipps (India) Ltd.,2010,True,False,https://www.bseindia.com/bseplus/AnnualReport/501477/5014770310.pdf,reports/pm5_stage_table.csv,30e93b59ac689f00fab182583fb25883322e429be42b4ba14e13a1011b916dc9,pm5_stage_table.csv:row_434,pm5_stage_table.csv; cohort_reports.jsonl; live_store_documents.jsonl,pm5_stage_table.csv:L434; cohort_reports.jsonl:L1030,NEAR_CONTEMPORANEOUS,HISTORICAL_STAGE_TABLE_AND_DISCOVERY_MANIFEST,REQUEST_NOT_CONFIRMED,NOT_RECORDED,NOT_RECORDED,NONE_RECORDED,DISCOVERY_TIMESTAMP_ONLY,NO_REQUEST_EVIDENCE,UNKNOWN,REASON_CODE_MISSING,UNKNOWN_AFTER_REVIEW,UNKNOWN_AFTER_REVIEW,cands=1 (bse:1); top_src=bse; top_ext=pdf; in_fetch_manifest=NO
INE003F01015::FY2011,Muller & Phipps (India) Ltd.,2011,True,False,https://www.bseindia.com/bseplus/AnnualReport/501477/5014770311.pdf,reports/pm5_stage_table.csv,30e93b59ac689f00fab182583fb25883322e429be42b4ba14e13a1011b916dc9,pm5_stage_table.csv:row_435,pm5_stage_table.csv; cohort_reports.jsonl; live_store_documents.jsonl,pm5_stage_table.csv:L435; cohort_reports.jsonl:L1031,NEAR_CONTEMPORANEOUS,HISTORICAL_STAGE_TABLE_AND_DISCOVERY_MANIFEST,REQUEST_NOT_CONFIRMED,NOT_RECORDED,NOT_RECORDED,NONE_RECORDED,DISCOVERY_TIMESTAMP_ONLY,NO_REQUEST_EVIDENCE,UNKNOWN,REASON_CODE_MISSING,UNKNOWN_AFTER_REVIEW,UNKNOWN_AFTER_REVIEW,cands=1 (bse:1); top_src=bse; top_ext=pdf; in_fetch_manifest=NO
INE003F01015::FY2014,Muller & Phipps (India) Ltd.,2014,True,False,https://www.bseindia.com/bseplus/AnnualReport/501477/5014770314.pdf,reports/pm5_stage_table.csv,30e93b59ac689f00fab182583fb25883322e429be42b4ba14e13a1011b916dc9,pm5_stage_table.csv:row_438,pm5_stage_table.csv; cohort_reports.jsonl; live_store_documents.jsonl,pm5_stage_table.csv:L438; cohort_reports.jsonl:L1034,NEAR_CONTEMPORANEOUS,HISTORICAL_STAGE_TABLE_AND_DISCOVERY_MANIFEST,REQUEST_NOT_CONFIRMED,NOT_RECORDED,NOT_RECORDED,NONE_RECORDED,DISCOVERY_TIMESTAMP_ONLY,NO_REQUEST_EVIDENCE,UNKNOWN,REASON_CODE_MISSING,UNKNOWN_AFTER_REVIEW,UNKNOWN_AFTER_REVIEW,cands=1 (bse:1); top_src=bse; top_ext=pdf; in_fetch_manifest=NO
INE003F01015::FY2015,Muller & Phipps (India) Ltd.,2015,True,False,https://www.bseindia.com/bseplus/AnnualReport/501477/5014770315.pdf,reports/pm5_stage_table.csv,30e93b59ac689f00fab182583fb25883322e429be42b4ba14e13a1011b916dc9,pm5_stage_table.csv:row_439,pm5_stage_table.csv; cohort_reports.jsonl; live_store_documents.jsonl,pm5_stage_table.csv:L439; cohort_reports.jsonl:L1035,NEAR_CONTEMPORANEOUS,HISTORICAL_STAGE_TABLE_AND_DISCOVERY_MANIFEST,REQUEST_NOT_CONFIRMED,NOT_RECORDED,NOT_RECORDED,NONE_RECORDED,DISCOVERY_TIMESTAMP_ONLY,NO_REQUEST_EVIDENCE,UNKNOWN,REASON_CODE_MISSING,UNKNOWN_AFTER_REVIEW,UNKNOWN_AFTER_REVIEW,cands=1 (bse:1); top_src=bse; top_ext=pdf; in_fetch_manifest=NO
INE003F01015::FY2016,Muller & Phipps (India) Ltd.,2016,True,False,https://www.bseindia.com/bseplus/AnnualReport/501477/5014770316.pdf,reports/pm5_stage_table.csv,30e93b59ac689f00fab182583fb25883322e429be42b4ba14e13a1011b916dc9,pm5_stage_table.csv:row_440,pm5_stage_table.csv; cohort_reports.jsonl; live_store_documents.jsonl,pm5_stage_table.csv:L440; cohort_reports.jsonl:L1036,NEAR_CONTEMPORANEOUS,HISTORICAL_STAGE_TABLE_AND_DISCOVERY_MANIFEST,REQUEST_NOT_CONFIRMED,NOT_RECORDED,NOT_RECORDED,NONE_RECORDED,DISCOVERY_TIMESTAMP_ONLY,NO_REQUEST_EVIDENCE,UNKNOWN,REASON_CODE_MISSING,UNKNOWN_AFTER_REVIEW,UNKNOWN_AFTER_REVIEW,cands=1 (bse:1); top_src=bse; top_ext=pdf; in_fetch_manifest=NO
INE003F01015::FY2019,Muller & Phipps (India) Ltd.,2019,True,False,https://www.bseindia.com/bseplus/AnnualReport/501477/5014770319.pdf,reports/pm5_stage_table.csv,30e93b59ac689f00fab182583fb25883322e429be42b4ba14e13a1011b916dc9,pm5_stage_table.csv:row_443,pm5_stage_table.csv; cohort_reports.jsonl; live_store_documents.jsonl,pm5_stage_table.csv:L443; cohort_reports.jsonl:L1039,NEAR_CONTEMPORANEOUS,HISTORICAL_STAGE_TABLE_AND_DISCOVERY_MANIFEST,REQUEST_NOT_CONFIRMED,NOT_RECORDED,NOT_RECORDED,NONE_RECORDED,DISCOVERY_TIMESTAMP_ONLY,NO_REQUEST_EVIDENCE,UNKNOWN,REASON_CODE_MISSING,UNKNOWN_AFTER_REVIEW,UNKNOWN_AFTER_REVIEW,cands=1 (bse:1); top_src=bse; top_ext=pdf; in_fetch_manifest=NO
INE003F01015::FY2020,Muller & Phipps (India) Ltd.,2020,True,False,https://www.bseindia.com/bseplus/AnnualReport/501477/65580501477.pdf,reports/pm5_stage_table.csv,30e93b59ac689f00fab182583fb25883322e429be42b4ba14e13a1011b916dc9,pm5_stage_table.csv:row_444,pm5_stage_table.csv; cohort_reports.jsonl; live_store_documents.jsonl,pm5_stage_table.csv:L444; cohort_reports.jsonl:L1040,NEAR_CONTEMPORANEOUS,HISTORICAL_STAGE_TABLE_AND_DISCOVERY_MANIFEST,REQUEST_NOT_CONFIRMED,NOT_RECORDED,NOT_RECORDED,NONE_RECORDED,DISCOVERY_TIMESTAMP_ONLY,NO_REQUEST_EVIDENCE,UNKNOWN,REASON_CODE_MISSING,UNKNOWN_AFTER_REVIEW,UNKNOWN_AFTER_REVIEW,cands=1 (bse:1); top_src=bse; top_ext=pdf; in_fetch_manifest=NO
INE003F01015::FY2021,Muller & Phipps (India) Ltd.,2021,True,False,https://www.bseindia.com/bseplus/AnnualReport/501477/71240501477.pdf,reports/pm5_stage_table.csv,30e93b59ac689f00fab182583fb25883322e429be42b4ba14e13a1011b916dc9,pm5_stage_table.csv:row_445,pm5_stage_table.csv; cohort_reports.jsonl; live_store_documents.jsonl,pm5_stage_table.csv:L445; cohort_reports.jsonl:L1041,NEAR_CONTEMPORANEOUS,HISTORICAL_STAGE_TABLE_AND_DISCOVERY_MANIFEST,REQUEST_NOT_CONFIRMED,NOT_RECORDED,NOT_RECORDED,NONE_RECORDED,DISCOVERY_TIMESTAMP_ONLY,NO_REQUEST_EVIDENCE,UNKNOWN,REASON_CODE_MISSING,UNKNOWN_AFTER_REVIEW,UNKNOWN_AFTER_REVIEW,cands=1 (bse:1); top_src=bse; top_ext=pdf; in_fetch_manifest=NO
INE003F01015::FY2022,Muller & Phipps (India) Ltd.,2022,True,False,https://www.bseindia.com/bseplus/AnnualReport/501477/74996501477_17_09_22.pdf,reports/pm5_stage_table.csv,30e93b59ac689f00fab182583fb25883322e429be42b4ba14e13a1011b916dc9,pm5_stage_table.csv:row_446,pm5_stage_table.csv; cohort_reports.jsonl; live_store_documents.jsonl,pm5_stage_table.csv:L446; cohort_reports.jsonl:L1042,NEAR_CONTEMPORANEOUS,HISTORICAL_STAGE_TABLE_AND_DISCOVERY_MANIFEST,REQUEST_NOT_CONFIRMED,NOT_RECORDED,NOT_RECORDED,NONE_RECORDED,DISCOVERY_TIMESTAMP_ONLY,NO_REQUEST_EVIDENCE,UNKNOWN,REASON_CODE_MISSING,UNKNOWN_AFTER_REVIEW,UNKNOWN_AFTER_REVIEW,cands=1 (bse:1); top_src=bse; top_ext=pdf; in_fetch_manifest=NO
INE003F01015::FY2023,Muller & Phipps (India) Ltd.,2023,True,False,https://www.bseindia.com/xml-data/corpfiling/AttachHis/\adf6ec78-f2f7-49a1-b23d-b17095bd37bf.pdf,reports/pm5_stage_table.csv,30e93b59ac689f00fab182583fb25883322e429be42b4ba14e13a1011b916dc9,pm5_stage_table.csv:row_447,pm5_stage_table.csv; cohort_reports.jsonl; live_store_documents.jsonl,pm5_stage_table.csv:L447; cohort_reports.jsonl:L1043,NEAR_CONTEMPORANEOUS,HISTORICAL_STAGE_TABLE_AND_DISCOVERY_MANIFEST,REQUEST_NOT_CONFIRMED,NOT_RECORDED,NOT_RECORDED,NONE_RECORDED,DISCOVERY_TIMESTAMP_ONLY,NO_REQUEST_EVIDENCE,UNKNOWN,REASON_CODE_MISSING,UNKNOWN_AFTER_REVIEW,UNKNOWN_AFTER_REVIEW,cands=1 (bse:1); top_src=bse; top_ext=pdf; in_fetch_manifest=NO
INE004C01028::FY2014,Gujarat Cotex Ltd,2014,True,False,https://www.bseindia.com/bseplus/AnnualReport/514386/5143860314.pdf,reports/pm5_stage_table.csv,30e93b59ac689f00fab182583fb25883322e429be42b4ba14e13a1011b916dc9,pm5_stage_table.csv:row_454,pm5_stage_table.csv; cohort_reports.jsonl; live_store_documents.jsonl,pm5_stage_table.csv:L454; cohort_reports.jsonl:L1046,NEAR_CONTEMPORANEOUS,HISTORICAL_STAGE_TABLE_AND_DISCOVERY_MANIFEST,REQUEST_NOT_CONFIRMED,NOT_RECORDED,NOT_RECORDED,NONE_RECORDED,DISCOVERY_TIMESTAMP_ONLY,NO_REQUEST_EVIDENCE,UNKNOWN,REASON_CODE_MISSING,UNKNOWN_AFTER_REVIEW,UNKNOWN_AFTER_REVIEW,cands=1 (bse:1); top_src=bse; top_ext=pdf; in_fetch_manifest=NO
INE004C01028::FY2015,Gujarat Cotex Ltd,2015,True,False,https://www.bseindia.com/bseplus/AnnualReport/514386/5143860315.pdf,reports/pm5_stage_table.csv,30e93b59ac689f00fab182583fb25883322e429be42b4ba14e13a1011b916dc9,pm5_stage_table.csv:row_455,pm5_stage_table.csv; cohort_reports.jsonl; live_store_documents.jsonl,pm5_stage_table.csv:L455; cohort_reports.jsonl:L1047,NEAR_CONTEMPORANEOUS,HISTORICAL_STAGE_TABLE_AND_DISCOVERY_MANIFEST,REQUEST_NOT_CONFIRMED,NOT_RECORDED,NOT_RECORDED,NONE_RECORDED,DISCOVERY_TIMESTAMP_ONLY,NO_REQUEST_EVIDENCE,UNKNOWN,REASON_CODE_MISSING,UNKNOWN_AFTER_REVIEW,UNKNOWN_AFTER_REVIEW,cands=1 (bse:1); top_src=bse; top_ext=pdf; in_fetch_manifest=NO
INE004C01028::FY2016,Gujarat Cotex Ltd,2016,True,False,https://www.bseindia.com/bseplus/AnnualReport/514386/5143860316.pdf,reports/pm5_stage_table.csv,30e93b59ac689f00fab182583fb25883322e429be42b4ba14e13a1011b916dc9,pm5_stage_table.csv:row_456,pm5_stage_table.csv; cohort_reports.jsonl; live_store_documents.jsonl,pm5_stage_table.csv:L456; cohort_reports.jsonl:L1048,NEAR_CONTEMPORANEOUS,HISTORICAL_STAGE_TABLE_AND_DISCOVERY_MANIFEST,REQUEST_NOT_CONFIRMED,NOT_RECORDED,NOT_RECORDED,NONE_RECORDED,DISCOVERY_TIMESTAMP_ONLY,NO_REQUEST_EVIDENCE,UNKNOWN,REASON_CODE_MISSING,UNKNOWN_AFTER_REVIEW,UNKNOWN_AFTER_REVIEW,cands=1 (bse:1); top_src=bse; top_ext=pdf; in_fetch_manifest=NO
INE004C01028::FY2019,Gujarat Cotex Ltd,2019,True,False,https://www.bseindia.com/bseplus/AnnualReport/514386/5143860319.pdf,reports/pm5_stage_table.csv,30e93b59ac689f00fab182583fb25883322e429be42b4ba14e13a1011b916dc9,pm5_stage_table.csv:row_459,pm5_stage_table.csv; cohort_reports.jsonl; live_store_documents.jsonl,pm5_stage_table.csv:L459; cohort_reports.jsonl:L1051,NEAR_CONTEMPORANEOUS,HISTORICAL_STAGE_TABLE_AND_DISCOVERY_MANIFEST,REQUEST_NOT_CONFIRMED,NOT_RECORDED,NOT_RECORDED,NONE_RECORDED,DISCOVERY_TIMESTAMP_ONLY,NO_REQUEST_EVIDENCE,UNKNOWN,REASON_CODE_MISSING,UNKNOWN_AFTER_REVIEW,UNKNOWN_AFTER_REVIEW,cands=1 (bse:1); top_src=bse; top_ext=pdf; in_fetch_manifest=NO
INE004C01028::FY2020,Gujarat Cotex Ltd,2020,True,False,https://www.bseindia.com/bseplus/AnnualReport/514386/67967514386.pdf,reports/pm5_stage_table.csv,30e93b59ac689f00fab182583fb25883322e429be42b4ba14e13a1011b916dc9,pm5_stage_table.csv:row_460,pm5_stage_table.csv; cohort_reports.jsonl; live_store_documents.jsonl,pm5_stage_table.csv:L460; cohort_reports.jsonl:L1052,NEAR_CONTEMPORANEOUS,HISTORICAL_STAGE_TABLE_AND_DISCOVERY_MANIFEST,REQUEST_NOT_CONFIRMED,NOT_RECORDED,NOT_RECORDED,NONE_RECORDED,DISCOVERY_TIMESTAMP_ONLY,NO_REQUEST_EVIDENCE,UNKNOWN,REASON_CODE_MISSING,UNKNOWN_AFTER_REVIEW,UNKNOWN_AFTER_REVIEW,cands=1 (bse:1); top_src=bse; top_ext=pdf; in_fetch_manifest=NO
INE004C01028::FY2021,Gujarat Cotex Ltd,2021,True,False,https://www.bseindia.com/bseplus/AnnualReport/514386/70415514386.pdf,reports/pm5_stage_table.csv,30e93b59ac689f00fab182583fb25883322e429be42b4ba14e13a1011b916dc9,pm5_stage_table.csv:row_461,pm5_stage_table.csv; cohort_reports.jsonl; live_store_documents.jsonl,pm5_stage_table.csv:L461; cohort_reports.jsonl:L1053,NEAR_CONTEMPORANEOUS,HISTORICAL_STAGE_TABLE_AND_DISCOVERY_MANIFEST,REQUEST_NOT_CONFIRMED,NOT_RECORDED,NOT_RECORDED,NONE_RECORDED,DISCOVERY_TIMESTAMP_ONLY,NO_REQUEST_EVIDENCE,UNKNOWN,REASON_CODE_MISSING,UNKNOWN_AFTER_REVIEW,UNKNOWN_AFTER_REVIEW,cands=1 (bse:1); top_src=bse; top_ext=pdf; in_fetch_manifest=NO
INE004C01028::FY2022,Gujarat Cotex Ltd,2022,True,False,https://www.bseindia.com/bseplus/AnnualReport/514386/75773514386.pdf,reports/pm5_stage_table.csv,30e93b59ac689f00fab182583fb25883322e429be42b4ba14e13a1011b916dc9,pm5_stage_table.csv:row_462,pm5_stage_table.csv; cohort_reports.jsonl; live_store_documents.jsonl,pm5_stage_table.csv:L462; cohort_reports.jsonl:L1054,NEAR_CONTEMPORANEOUS,HISTORICAL_STAGE_TABLE_AND_DISCOVERY_MANIFEST,REQUEST_NOT_CONFIRMED,NOT_RECORDED,NOT_RECORDED,NONE_RECORDED,DISCOVERY_TIMESTAMP_ONLY,NO_REQUEST_EVIDENCE,UNKNOWN,REASON_CODE_MISSING,UNKNOWN_AFTER_REVIEW,UNKNOWN_AFTER_REVIEW,cands=1 (bse:1); top_src=bse; top_ext=pdf; in_fetch_manifest=NO
INE004C01028::FY2023,Gujarat Cotex Ltd,2023,True,False,https://www.bseindia.com/xml-data/corpfiling/AttachHis/\f3bf4100-a3d2-4276-a251-7608a0a21b04.pdf,reports/pm5_stage_table.csv,30e93b59ac689f00fab182583fb25883322e429be42b4ba14e13a1011b916dc9,pm5_stage_table.csv:row_463,pm5_stage_table.csv; cohort_reports.jsonl; live_store_documents.jsonl,pm5_stage_table.csv:L463; cohort_reports.jsonl:L1055,NEAR_CONTEMPORANEOUS,HISTORICAL_STAGE_TABLE_AND_DISCOVERY_MANIFEST,REQUEST_NOT_CONFIRMED,NOT_RECORDED,NOT_RECORDED,NONE_RECORDED,DISCOVERY_TIMESTAMP_ONLY,NO_REQUEST_EVIDENCE,UNKNOWN,REASON_CODE_MISSING,UNKNOWN_AFTER_REVIEW,UNKNOWN_AFTER_REVIEW,cands=1 (bse:1); top_src=bse; top_ext=pdf; in_fetch_manifest=NO
INE004E01016::FY2010,Span Divergent Limited,2010,True,False,https://www.bseindia.com/bseplus/AnnualReport/524727/5247270310.pdf,reports/pm5_stage_table.csv,30e93b59ac689f00fab182583fb25883322e429be42b4ba14e13a1011b916dc9,pm5_stage_table.csv:row_466,pm5_stage_table.csv; cohort_reports.jsonl; live_store_documents.jsonl,pm5_stage_table.csv:L466; cohort_reports.jsonl:L1058,NEAR_CONTEMPORANEOUS,HISTORICAL_STAGE_TABLE_AND_DISCOVERY_MANIFEST,REQUEST_NOT_CONFIRMED,NOT_RECORDED,NOT_RECORDED,NONE_RECORDED,DISCOVERY_TIMESTAMP_ONLY,NO_REQUEST_EVIDENCE,UNKNOWN,REASON_CODE_MISSING,UNKNOWN_AFTER_REVIEW,UNKNOWN_AFTER_REVIEW,cands=1 (bse:1); top_src=bse; top_ext=pdf; in_fetch_manifest=NO
INE004E01016::FY2011,Span Divergent Limited,2011,True,False,https://www.bseindia.com/bseplus/AnnualReport/524727/5247270311.pdf,reports/pm5_stage_table.csv,30e93b59ac689f00fab182583fb25883322e429be42b4ba14e13a1011b916dc9,pm5_stage_table.csv:row_467,pm5_stage_table.csv; cohort_reports.jsonl; live_store_documents.jsonl,pm5_stage_table.csv:L467; cohort_reports.jsonl:L1059,NEAR_CONTEMPORANEOUS,HISTORICAL_STAGE_TABLE_AND_DISCOVERY_MANIFEST,REQUEST_NOT_CONFIRMED,NOT_RECORDED,NOT_RECORDED,NONE_RECORDED,DISCOVERY_TIMESTAMP_ONLY,NO_REQUEST_EVIDENCE,UNKNOWN,REASON_CODE_MISSING,UNKNOWN_AFTER_REVIEW,UNKNOWN_AFTER_REVIEW,cands=1 (bse:1); top_src=bse; top_ext=pdf; in_fetch_manifest=NO
INE004E01016::FY2014,Span Divergent Limited,2014,True,False,https://www.bseindia.com/bseplus/AnnualReport/524727/5247270314.pdf,reports/pm5_stage_table.csv,30e93b59ac689f00fab182583fb25883322e429be42b4ba14e13a1011b916dc9,pm5_stage_table.csv:row_470,pm5_stage_table.csv; cohort_reports.jsonl; live_store_documents.jsonl,pm5_stage_table.csv:L470; cohort_reports.jsonl:L1062,NEAR_CONTEMPORANEOUS,HISTORICAL_STAGE_TABLE_AND_DISCOVERY_MANIFEST,REQUEST_NOT_CONFIRMED,NOT_RECORDED,NOT_RECORDED,NONE_RECORDED,DISCOVERY_TIMESTAMP_ONLY,NO_REQUEST_EVIDENCE,UNKNOWN,REASON_CODE_MISSING,UNKNOWN_AFTER_REVIEW,UNKNOWN_AFTER_REVIEW,cands=1 (bse:1); top_src=bse; top_ext=pdf; in_fetch_manifest=NO
INE004E01016::FY2015,Span Divergent Limited,2015,True,False,https://www.bseindia.com/bseplus/AnnualReport/524727/5247270315.pdf,reports/pm5_stage_table.csv,30e93b59ac689f00fab182583fb25883322e429be42b4ba14e13a1011b916dc9,pm5_stage_table.csv:row_471,pm5_stage_table.csv; cohort_reports.jsonl; live_store_documents.jsonl,pm5_stage_table.csv:L471; cohort_reports.jsonl:L1063,NEAR_CONTEMPORANEOUS,HISTORICAL_STAGE_TABLE_AND_DISCOVERY_MANIFEST,REQUEST_NOT_CONFIRMED,NOT_RECORDED,NOT_RECORDED,NONE_RECORDED,DISCOVERY_TIMESTAMP_ONLY,NO_REQUEST_EVIDENCE,UNKNOWN,REASON_CODE_MISSING,UNKNOWN_AFTER_REVIEW,UNKNOWN_AFTER_REVIEW,cands=1 (bse:1); top_src=bse; top_ext=pdf; in_fetch_manifest=NO
INE004E01016::FY2016,Span Divergent Limited,2016,True,False,https://www.bseindia.com/bseplus/AnnualReport/524727/5247270316.pdf,reports/pm5_stage_table.csv,30e93b59ac689f00fab182583fb25883322e429be42b4ba14e13a1011b916dc9,pm5_stage_table.csv:row_472,pm5_stage_table.csv; cohort_reports.jsonl; live_store_documents.jsonl,pm5_stage_table.csv:L472; cohort_reports.jsonl:L1064,NEAR_CONTEMPORANEOUS,HISTORICAL_STAGE_TABLE_AND_DISCOVERY_MANIFEST,REQUEST_NOT_CONFIRMED,NOT_RECORDED,NOT_RECORDED,NONE_RECORDED,DISCOVERY_TIMESTAMP_ONLY,NO_REQUEST_EVIDENCE,UNKNOWN,REASON_CODE_MISSING,UNKNOWN_AFTER_REVIEW,UNKNOWN_AFTER_REVIEW,cands=1 (bse:1); top_src=bse; top_ext=pdf; in_fetch_manifest=NO
INE004E01016::FY2019,Span Divergent Limited,2019,True,False,https://www.bseindia.com/bseplus/AnnualReport/524727/5247270319.pdf,reports/pm5_stage_table.csv,30e93b59ac689f00fab182583fb25883322e429be42b4ba14e13a1011b916dc9,pm5_stage_table.csv:row_475,pm5_stage_table.csv; cohort_reports.jsonl; live_store_documents.jsonl,pm5_stage_table.csv:L475; cohort_reports.jsonl:L1067,NEAR_CONTEMPORANEOUS,HISTORICAL_STAGE_TABLE_AND_DISCOVERY_MANIFEST,REQUEST_NOT_CONFIRMED,NOT_RECORDED,NOT_RECORDED,NONE_RECORDED,DISCOVERY_TIMESTAMP_ONLY,NO_REQUEST_EVIDENCE,UNKNOWN,REASON_CODE_MISSING,UNKNOWN_AFTER_REVIEW,UNKNOWN_AFTER_REVIEW,cands=1 (bse:1); top_src=bse; top_ext=pdf; in_fetch_manifest=NO
INE004E01016::FY2020,Span Divergent Limited,2020,True,False,https://www.bseindia.com/bseplus/AnnualReport/524727/66341524727.pdf,reports/pm5_stage_table.csv,30e93b59ac689f00fab182583fb25883322e429be42b4ba14e13a1011b916dc9,pm5_stage_table.csv:row_476,pm5_stage_table.csv; cohort_reports.jsonl; live_store_documents.jsonl,pm5_stage_table.csv:L476; cohort_reports.jsonl:L1068,NEAR_CONTEMPORANEOUS,HISTORICAL_STAGE_TABLE_AND_DISCOVERY_MANIFEST,REQUEST_NOT_CONFIRMED,NOT_RECORDED,NOT_RECORDED,NONE_RECORDED,DISCOVERY_TIMESTAMP_ONLY,NO_REQUEST_EVIDENCE,UNKNOWN,REASON_CODE_MISSING,UNKNOWN_AFTER_REVIEW,UNKNOWN_AFTER_REVIEW,cands=1 (bse:1); top_src=bse; top_ext=pdf; in_fetch_manifest=NO
INE004E01016::FY2021,Span Divergent Limited,2021,True,False,https://www.bseindia.com/bseplus/AnnualReport/524727/70919524727.pdf,reports/pm5_stage_table.csv,30e93b59ac689f00fab182583fb25883322e429be42b4ba14e13a1011b916dc9,pm5_stage_table.csv:row_477,pm5_stage_table.csv; cohort_reports.jsonl; live_store_documents.jsonl,pm5_stage_table.csv:L477; cohort_reports.jsonl:L1069,NEAR_CONTEMPORANEOUS,HISTORICAL_STAGE_TABLE_AND_DISCOVERY_MANIFEST,REQUEST_NOT_CONFIRMED,NOT_RECORDED,NOT_RECORDED,NONE_RECORDED,DISCOVERY_TIMESTAMP_ONLY,NO_REQUEST_EVIDENCE,UNKNOWN,REASON_CODE_MISSING,UNKNOWN_AFTER_REVIEW,UNKNOWN_AFTER_REVIEW,cands=1 (bse:1); top_src=bse; top_ext=pdf; in_fetch_manifest=NO
INE004E01016::FY2022,Span Divergent Limited,2022,True,False,https://www.bseindia.com/bseplus/AnnualReport/524727/77303524727.pdf,reports/pm5_stage_table.csv,30e93b59ac689f00fab182583fb25883322e429be42b4ba14e13a1011b916dc9,pm5_stage_table.csv:row_478,pm5_stage_table.csv; cohort_reports.jsonl; live_store_documents.jsonl,pm5_stage_table.csv:L478; cohort_reports.jsonl:L1070,NEAR_CONTEMPORANEOUS,HISTORICAL_STAGE_TABLE_AND_DISCOVERY_MANIFEST,REQUEST_NOT_CONFIRMED,NOT_RECORDED,NOT_RECORDED,NONE_RECORDED,DISCOVERY_TIMESTAMP_ONLY,NO_REQUEST_EVIDENCE,UNKNOWN,REASON_CODE_MISSING,UNKNOWN_AFTER_REVIEW,UNKNOWN_AFTER_REVIEW,cands=1 (bse:1); top_src=bse; top_ext=pdf; in_fetch_manifest=NO
INE004E01016::FY2023,Span Divergent Limited,2023,True,False,https://www.bseindia.com/xml-data/corpfiling/AttachHis/\31ba45a3-e7e0-4f9d-b979-2915f1449d0e.pdf,reports/pm5_stage_table.csv,30e93b59ac689f00fab182583fb25883322e429be42b4ba14e13a1011b916dc9,pm5_stage_table.csv:row_479,pm5_stage_table.csv; cohort_reports.jsonl; live_store_documents.jsonl,pm5_stage_table.csv:L479; cohort_reports.jsonl:L1071,NEAR_CONTEMPORANEOUS,HISTORICAL_STAGE_TABLE_AND_DISCOVERY_MANIFEST,REQUEST_NOT_CONFIRMED,NOT_RECORDED,NOT_RECORDED,NONE_RECORDED,DISCOVERY_TIMESTAMP_ONLY,NO_REQUEST_EVIDENCE,UNKNOWN,REASON_CODE_MISSING,UNKNOWN_AFTER_REVIEW,UNKNOWN_AFTER_REVIEW,cands=1 (bse:1); top_src=bse; top_ext=pdf; in_fetch_manifest=NO
INE005E01013::FY2010,Ekansh Concepts Limited,2010,True,False,https://www.bseindia.com/bseplus/AnnualReport/531364/5313640310.pdf,reports/pm5_stage_table.csv,30e93b59ac689f00fab182583fb25883322e429be42b4ba14e13a1011b916dc9,pm5_stage_table.csv:row_482,pm5_stage_table.csv; cohort_reports.jsonl; live_store_documents.jsonl,pm5_stage_table.csv:L482; cohort_reports.jsonl:L1074,NEAR_CONTEMPORANEOUS,HISTORICAL_STAGE_TABLE_AND_DISCOVERY_MANIFEST,REQUEST_NOT_CONFIRMED,NOT_RECORDED,NOT_RECORDED,NONE_RECORDED,DISCOVERY_TIMESTAMP_ONLY,NO_REQUEST_EVIDENCE,UNKNOWN,REASON_CODE_MISSING,UNKNOWN_AFTER_REVIEW,UNKNOWN_AFTER_REVIEW,cands=1 (bse:1); top_src=bse; top_ext=pdf; in_fetch_manifest=NO
INE005E01013::FY2011,Ekansh Concepts Limited,2011,True,False,https://www.bseindia.com/bseplus/AnnualReport/531364/5313640311.pdf,reports/pm5_stage_table.csv,30e93b59ac689f00fab182583fb25883322e429be42b4ba14e13a1011b916dc9,pm5_stage_table.csv:row_483,pm5_stage_table.csv; cohort_reports.jsonl; live_store_documents.jsonl,pm5_stage_table.csv:L483; cohort_reports.jsonl:L1075,NEAR_CONTEMPORANEOUS,HISTORICAL_STAGE_TABLE_AND_DISCOVERY_MANIFEST,REQUEST_NOT_CONFIRMED,NOT_RECORDED,NOT_RECORDED,NONE_RECORDED,DISCOVERY_TIMESTAMP_ONLY,NO_REQUEST_EVIDENCE,UNKNOWN,REASON_CODE_MISSING,UNKNOWN_AFTER_REVIEW,UNKNOWN_AFTER_REVIEW,cands=1 (bse:1); top_src=bse; top_ext=pdf; in_fetch_manifest=NO
INE005E01013::FY2014,Ekansh Concepts Limited,2014,True,False,https://www.bseindia.com/bseplus/AnnualReport/531364/5313640314.pdf,reports/pm5_stage_table.csv,30e93b59ac689f00fab182583fb25883322e429be42b4ba14e13a1011b916dc9,pm5_stage_table.csv:row_486,pm5_stage_table.csv; cohort_reports.jsonl; live_store_documents.jsonl,pm5_stage_table.csv:L486; cohort_reports.jsonl:L1078,NEAR_CONTEMPORANEOUS,HISTORICAL_STAGE_TABLE_AND_DISCOVERY_MANIFEST,REQUEST_NOT_CONFIRMED,NOT_RECORDED,NOT_RECORDED,NONE_RECORDED,DISCOVERY_TIMESTAMP_ONLY,NO_REQUEST_EVIDENCE,UNKNOWN,REASON_CODE_MISSING,UNKNOWN_AFTER_REVIEW,UNKNOWN_AFTER_REVIEW,cands=1 (bse:1); top_src=bse; top_ext=pdf; in_fetch_manifest=NO
INE005E01013::FY2015,Ekansh Concepts Limited,2015,True,False,https://www.bseindia.com/bseplus/AnnualReport/531364/5313640315.pdf,reports/pm5_stage_table.csv,30e93b59ac689f00fab182583fb25883322e429be42b4ba14e13a1011b916dc9,pm5_stage_table.csv:row_487,pm5_stage_table.csv; cohort_reports.jsonl; live_store_documents.jsonl,pm5_stage_table.csv:L487; cohort_reports.jsonl:L1079,NEAR_CONTEMPORANEOUS,HISTORICAL_STAGE_TABLE_AND_DISCOVERY_MANIFEST,REQUEST_NOT_CONFIRMED,NOT_RECORDED,NOT_RECORDED,NONE_RECORDED,DISCOVERY_TIMESTAMP_ONLY,NO_REQUEST_EVIDENCE,UNKNOWN,REASON_CODE_MISSING,UNKNOWN_AFTER_REVIEW,UNKNOWN_AFTER_REVIEW,cands=1 (bse:1); top_src=bse; top_ext=pdf; in_fetch_manifest=NO
INE005E01013::FY2016,Ekansh Concepts Limited,2016,True,False,https://www.bseindia.com/bseplus/AnnualReport/531364/5313640316.pdf,reports/pm5_stage_table.csv,30e93b59ac689f00fab182583fb25883322e429be42b4ba14e13a1011b916dc9,pm5_stage_table.csv:row_488,pm5_stage_table.csv; cohort_reports.jsonl; live_store_documents.jsonl,pm5_stage_table.csv:L488; cohort_reports.jsonl:L1080,NEAR_CONTEMPORANEOUS,HISTORICAL_STAGE_TABLE_AND_DISCOVERY_MANIFEST,REQUEST_NOT_CONFIRMED,NOT_RECORDED,NOT_RECORDED,NONE_RECORDED,DISCOVERY_TIMESTAMP_ONLY,NO_REQUEST_EVIDENCE,UNKNOWN,REASON_CODE_MISSING,UNKNOWN_AFTER_REVIEW,UNKNOWN_AFTER_REVIEW,cands=1 (bse:1); top_src=bse; top_ext=pdf; in_fetch_manifest=NO
INE005E01013::FY2019,Ekansh Concepts Limited,2019,True,False,https://www.bseindia.com/bseplus/AnnualReport/531364/5313640319.pdf,reports/pm5_stage_table.csv,30e93b59ac689f00fab182583fb25883322e429be42b4ba14e13a1011b916dc9,pm5_stage_table.csv:row_491,pm5_stage_table.csv; cohort_reports.jsonl; live_store_documents.jsonl,pm5_stage_table.csv:L491; cohort_reports.jsonl:L1083,NEAR_CONTEMPORANEOUS,HISTORICAL_STAGE_TABLE_AND_DISCOVERY_MANIFEST,REQUEST_NOT_CONFIRMED,NOT_RECORDED,NOT_RECORDED,NONE_RECORDED,DISCOVERY_TIMESTAMP_ONLY,NO_REQUEST_EVIDENCE,UNKNOWN,REASON_CODE_MISSING,UNKNOWN_AFTER_REVIEW,UNKNOWN_AFTER_REVIEW,cands=1 (bse:1); top_src=bse; top_ext=pdf; in_fetch_manifest=NO
INE005E01013::FY2020,Ekansh Concepts Limited,2020,True,False,https://www.bseindia.com/bseplus/AnnualReport/531364/67909531364.pdf,reports/pm5_stage_table.csv,30e93b59ac689f00fab182583fb25883322e429be42b4ba14e13a1011b916dc9,pm5_stage_table.csv:row_492,pm5_stage_table.csv; cohort_reports.jsonl; live_store_documents.jsonl,pm5_stage_table.csv:L492; cohort_reports.jsonl:L1084,NEAR_CONTEMPORANEOUS,HISTORICAL_STAGE_TABLE_AND_DISCOVERY_MANIFEST,REQUEST_NOT_CONFIRMED,NOT_RECORDED,NOT_RECORDED,NONE_RECORDED,DISCOVERY_TIMESTAMP_ONLY,NO_REQUEST_EVIDENCE,UNKNOWN,REASON_CODE_MISSING,UNKNOWN_AFTER_REVIEW,UNKNOWN_AFTER_REVIEW,cands=1 (bse:1); top_src=bse; top_ext=pdf; in_fetch_manifest=NO
INE005E01013::FY2021,Ekansh Concepts Limited,2021,True,False,https://www.bseindia.com/bseplus/AnnualReport/531364/71882531364.pdf,reports/pm5_stage_table.csv,30e93b59ac689f00fab182583fb25883322e429be42b4ba14e13a1011b916dc9,pm5_stage_table.csv:row_493,pm5_stage_table.csv; cohort_reports.jsonl; live_store_documents.jsonl,pm5_stage_table.csv:L493; cohort_reports.jsonl:L1085,NEAR_CONTEMPORANEOUS,HISTORICAL_STAGE_TABLE_AND_DISCOVERY_MANIFEST,REQUEST_NOT_CONFIRMED,NOT_RECORDED,NOT_RECORDED,NONE_RECORDED,DISCOVERY_TIMESTAMP_ONLY,NO_REQUEST_EVIDENCE,UNKNOWN,REASON_CODE_MISSING,UNKNOWN_AFTER_REVIEW,UNKNOWN_AFTER_REVIEW,cands=1 (bse:1); top_src=bse; top_ext=pdf; in_fetch_manifest=NO
INE005E01013::FY2022,Ekansh Concepts Limited,2022,True,False,https://www.bseindia.com/bseplus/AnnualReport/531364/77050531364.pdf,reports/pm5_stage_table.csv,30e93b59ac689f00fab182583fb25883322e429be42b4ba14e13a1011b916dc9,pm5_stage_table.csv:row_494,pm5_stage_table.csv; cohort_reports.jsonl; live_store_documents.jsonl,pm5_stage_table.csv:L494; cohort_reports.jsonl:L1086,NEAR_CONTEMPORANEOUS,HISTORICAL_STAGE_TABLE_AND_DISCOVERY_MANIFEST,REQUEST_NOT_CONFIRMED,NOT_RECORDED,NOT_RECORDED,NONE_RECORDED,DISCOVERY_TIMESTAMP_ONLY,NO_REQUEST_EVIDENCE,UNKNOWN,REASON_CODE_MISSING,UNKNOWN_AFTER_REVIEW,UNKNOWN_AFTER_REVIEW,cands=1 (bse:1); top_src=bse; top_ext=pdf; in_fetch_manifest=NO
INE005E01013::FY2023,Ekansh Concepts Limited,2023,True,False,https://www.bseindia.com/xml-data/corpfiling/AttachHis/\92cb0965-4846-4ffd-804c-0ace936124d5.pdf,reports/pm5_stage_table.csv,30e93b59ac689f00fab182583fb25883322e429be42b4ba14e13a1011b916dc9,pm5_stage_table.csv:row_495,pm5_stage_table.csv; cohort_reports.jsonl; live_store_documents.jsonl,pm5_stage_table.csv:L495; cohort_reports.jsonl:L1087,NEAR_CONTEMPORANEOUS,HISTORICAL_STAGE_TABLE_AND_DISCOVERY_MANIFEST,REQUEST_NOT_CONFIRMED,NOT_RECORDED,NOT_RECORDED,NONE_RECORDED,DISCOVERY_TIMESTAMP_ONLY,NO_REQUEST_EVIDENCE,UNKNOWN,REASON_CODE_MISSING,UNKNOWN_AFTER_REVIEW,UNKNOWN_AFTER_REVIEW,cands=1 (bse:1); top_src=bse; top_ext=pdf; in_fetch_manifest=NO
INE006C01015::FY2010,K.Z.Leasing & Finance Ltd.,2010,True,False,https://www.bseindia.com/bseplus/AnnualReport/511728/5117280310.pdf,reports/pm5_stage_table.csv,30e93b59ac689f00fab182583fb25883322e429be42b4ba14e13a1011b916dc9,pm5_stage_table.csv:row_498,pm5_stage_table.csv; cohort_reports.jsonl; live_store_documents.jsonl,pm5_stage_table.csv:L498; cohort_reports.jsonl:L1091,NEAR_CONTEMPORANEOUS,HISTORICAL_STAGE_TABLE_AND_DISCOVERY_MANIFEST,REQUEST_NOT_CONFIRMED,NOT_RECORDED,NOT_RECORDED,NONE_RECORDED,DISCOVERY_TIMESTAMP_ONLY,NO_REQUEST_EVIDENCE,UNKNOWN,REASON_CODE_MISSING,UNKNOWN_AFTER_REVIEW,UNKNOWN_AFTER_REVIEW,cands=1 (bse:1); top_src=bse; top_ext=pdf; in_fetch_manifest=NO
INE006C01015::FY2011,K.Z.Leasing & Finance Ltd.,2011,True,False,https://www.bseindia.com/HIS_ANN_RPT/HISTANNR/2011/K_Z_LEASING_&_FINANCE_LTD-511728-MARCH-2011.PDF,reports/pm5_stage_table.csv,30e93b59ac689f00fab182583fb25883322e429be42b4ba14e13a1011b916dc9,pm5_stage_table.csv:row_499,pm5_stage_table.csv; cohort_reports.jsonl; live_store_documents.jsonl,pm5_stage_table.csv:L499; cohort_reports.jsonl:L1092,NEAR_CONTEMPORANEOUS,HISTORICAL_STAGE_TABLE_AND_DISCOVERY_MANIFEST,REQUEST_NOT_CONFIRMED,NOT_RECORDED,NOT_RECORDED,NONE_RECORDED,DISCOVERY_TIMESTAMP_ONLY,NO_REQUEST_EVIDENCE,UNKNOWN,REASON_CODE_MISSING,UNKNOWN_AFTER_REVIEW,UNKNOWN_AFTER_REVIEW,cands=1 (bse:1); top_src=bse; top_ext=pdf; in_fetch_manifest=NO
INE006C01015::FY2014,K.Z.Leasing & Finance Ltd.,2014,True,False,https://www.bseindia.com/bseplus/AnnualReport/511728/5117280314.pdf,reports/pm5_stage_table.csv,30e93b59ac689f00fab182583fb25883322e429be42b4ba14e13a1011b916dc9,pm5_stage_table.csv:row_502,pm5_stage_table.csv; cohort_reports.jsonl; live_store_documents.jsonl,pm5_stage_table.csv:L502; cohort_reports.jsonl:L1095,NEAR_CONTEMPORANEOUS,HISTORICAL_STAGE_TABLE_AND_DISCOVERY_MANIFEST,REQUEST_NOT_CONFIRMED,NOT_RECORDED,NOT_RECORDED,NONE_RECORDED,DISCOVERY_TIMESTAMP_ONLY,NO_REQUEST_EVIDENCE,UNKNOWN,REASON_CODE_MISSING,UNKNOWN_AFTER_REVIEW,UNKNOWN_AFTER_REVIEW,cands=1 (bse:1); top_src=bse; top_ext=pdf; in_fetch_manifest=NO
INE006C01015::FY2015,K.Z.Leasing & Finance Ltd.,2015,True,False,https://www.bseindia.com/bseplus/AnnualReport/511728/5117280315.pdf,reports/pm5_stage_table.csv,30e93b59ac689f00fab182583fb25883322e429be42b4ba14e13a1011b916dc9,pm5_stage_table.csv:row_503,pm5_stage_table.csv; cohort_reports.jsonl; live_store_documents.jsonl,pm5_stage_table.csv:L503; cohort_reports.jsonl:L1096,NEAR_CONTEMPORANEOUS,HISTORICAL_STAGE_TABLE_AND_DISCOVERY_MANIFEST,REQUEST_NOT_CONFIRMED,NOT_RECORDED,NOT_RECORDED,NONE_RECORDED,DISCOVERY_TIMESTAMP_ONLY,NO_REQUEST_EVIDENCE,UNKNOWN,REASON_CODE_MISSING,UNKNOWN_AFTER_REVIEW,UNKNOWN_AFTER_REVIEW,cands=1 (bse:1); top_src=bse; top_ext=pdf; in_fetch_manifest=NO
INE006C01015::FY2016,K.Z.Leasing & Finance Ltd.,2016,True,False,https://www.bseindia.com/bseplus/AnnualReport/511728/5117280316.pdf,reports/pm5_stage_table.csv,30e93b59ac689f00fab182583fb25883322e429be42b4ba14e13a1011b916dc9,pm5_stage_table.csv:row_504,pm5_stage_table.csv; cohort_reports.jsonl; live_store_documents.jsonl,pm5_stage_table.csv:L504; cohort_reports.jsonl:L1097,NEAR_CONTEMPORANEOUS,HISTORICAL_STAGE_TABLE_AND_DISCOVERY_MANIFEST,REQUEST_NOT_CONFIRMED,NOT_RECORDED,NOT_RECORDED,NONE_RECORDED,DISCOVERY_TIMESTAMP_ONLY,NO_REQUEST_EVIDENCE,UNKNOWN,REASON_CODE_MISSING,UNKNOWN_AFTER_REVIEW,UNKNOWN_AFTER_REVIEW,cands=1 (bse:1); top_src=bse; top_ext=pdf; in_fetch_manifest=NO
INE006C01015::FY2019,K.Z.Leasing & Finance Ltd.,2019,True,False,https://www.bseindia.com/bseplus/AnnualReport/511728/5117280319.pdf,reports/pm5_stage_table.csv,30e93b59ac689f00fab182583fb25883322e429be42b4ba14e13a1011b916dc9,pm5_stage_table.csv:row_507,pm5_stage_table.csv; cohort_reports.jsonl; live_store_documents.jsonl,pm5_stage_table.csv:L507; cohort_reports.jsonl:L1100,NEAR_CONTEMPORANEOUS,HISTORICAL_STAGE_TABLE_AND_DISCOVERY_MANIFEST,REQUEST_NOT_CONFIRMED,NOT_RECORDED,NOT_RECORDED,NONE_RECORDED,DISCOVERY_TIMESTAMP_ONLY,NO_REQUEST_EVIDENCE,UNKNOWN,REASON_CODE_MISSING,UNKNOWN_AFTER_REVIEW,UNKNOWN_AFTER_REVIEW,cands=1 (bse:1); top_src=bse; top_ext=pdf; in_fetch_manifest=NO
INE006C01015::FY2020,K.Z.Leasing & Finance Ltd.,2020,True,False,https://www.bseindia.com/bseplus/AnnualReport/511728/65942511728.pdf,reports/pm5_stage_table.csv,30e93b59ac689f00fab182583fb25883322e429be42b4ba14e13a1011b916dc9,pm5_stage_table.csv:row_508,pm5_stage_table.csv; cohort_reports.jsonl; live_store_documents.jsonl,pm5_stage_table.csv:L508; cohort_reports.jsonl:L1101,NEAR_CONTEMPORANEOUS,HISTORICAL_STAGE_TABLE_AND_DISCOVERY_MANIFEST,REQUEST_NOT_CONFIRMED,NOT_RECORDED,NOT_RECORDED,NONE_RECORDED,DISCOVERY_TIMESTAMP_ONLY,NO_REQUEST_EVIDENCE,UNKNOWN,REASON_CODE_MISSING,UNKNOWN_AFTER_REVIEW,UNKNOWN_AFTER_REVIEW,cands=1 (bse:1); top_src=bse; top_ext=pdf; in_fetch_manifest=NO
INE006C01015::FY2021,K.Z.Leasing & Finance Ltd.,2021,True,False,https://www.bseindia.com/bseplus/AnnualReport/511728/71132511728.pdf,reports/pm5_stage_table.csv,30e93b59ac689f00fab182583fb25883322e429be42b4ba14e13a1011b916dc9,pm5_stage_table.csv:row_509,pm5_stage_table.csv; cohort_reports.jsonl; live_store_documents.jsonl,pm5_stage_table.csv:L509; cohort_reports.jsonl:L1102,NEAR_CONTEMPORANEOUS,HISTORICAL_STAGE_TABLE_AND_DISCOVERY_MANIFEST,REQUEST_NOT_CONFIRMED,NOT_RECORDED,NOT_RECORDED,NONE_RECORDED,DISCOVERY_TIMESTAMP_ONLY,NO_REQUEST_EVIDENCE,UNKNOWN,REASON_CODE_MISSING,UNKNOWN_AFTER_REVIEW,UNKNOWN_AFTER_REVIEW,cands=1 (bse:1); top_src=bse; top_ext=pdf; in_fetch_manifest=NO
INE006C01015::FY2022,K.Z.Leasing & Finance Ltd.,2022,True,False,https://www.bseindia.com/bseplus/AnnualReport/511728/75921511728.pdf,reports/pm5_stage_table.csv,30e93b59ac689f00fab182583fb25883322e429be42b4ba14e13a1011b916dc9,pm5_stage_table.csv:row_510,pm5_stage_table.csv; cohort_reports.jsonl; live_store_documents.jsonl,pm5_stage_table.csv:L510; cohort_reports.jsonl:L1103,NEAR_CONTEMPORANEOUS,HISTORICAL_STAGE_TABLE_AND_DISCOVERY_MANIFEST,REQUEST_NOT_CONFIRMED,NOT_RECORDED,NOT_RECORDED,NONE_RECORDED,DISCOVERY_TIMESTAMP_ONLY,NO_REQUEST_EVIDENCE,UNKNOWN,REASON_CODE_MISSING,UNKNOWN_AFTER_REVIEW,UNKNOWN_AFTER_REVIEW,cands=1 (bse:1); top_src=bse; top_ext=pdf; in_fetch_manifest=NO
INE006C01015::FY2023,K.Z.Leasing & Finance Ltd.,2023,True,False,https://www.bseindia.com/xml-data/corpfiling/AttachHis/\327a04a5-d718-4e11-b82d-99605da6b156.pdf,reports/pm5_stage_table.csv,30e93b59ac689f00fab182583fb25883322e429be42b4ba14e13a1011b916dc9,pm5_stage_table.csv:row_511,pm5_stage_table.csv; cohort_reports.jsonl; live_store_documents.jsonl,pm5_stage_table.csv:L511; cohort_reports.jsonl:L1104,NEAR_CONTEMPORANEOUS,HISTORICAL_STAGE_TABLE_AND_DISCOVERY_MANIFEST,REQUEST_NOT_CONFIRMED,NOT_RECORDED,NOT_RECORDED,NONE_RECORDED,DISCOVERY_TIMESTAMP_ONLY,NO_REQUEST_EVIDENCE,UNKNOWN,REASON_CODE_MISSING,UNKNOWN_AFTER_REVIEW,UNKNOWN_AFTER_REVIEW,cands=1 (bse:1); top_src=bse; top_ext=pdf; in_fetch_manifest=NO
INE001O01029::FY2010,Risa International Limited,2010,True,False,https://www.bseindia.com/bseplus/AnnualReport/530251/5302510310.pdf,reports/pm5_stage_table.csv,30e93b59ac689f00fab182583fb25883322e429be42b4ba14e13a1011b916dc9,pm5_stage_table.csv:row_514,pm5_stage_table.csv; cohort_reports.jsonl; live_store_documents.jsonl,pm5_stage_table.csv:L514; cohort_reports.jsonl:L1107,NEAR_CONTEMPORANEOUS,HISTORICAL_STAGE_TABLE_AND_DISCOVERY_MANIFEST,REQUEST_NOT_CONFIRMED,NOT_RECORDED,NOT_RECORDED,NONE_RECORDED,DISCOVERY_TIMESTAMP_ONLY,NO_REQUEST_EVIDENCE,UNKNOWN,REASON_CODE_MISSING,UNKNOWN_AFTER_REVIEW,UNKNOWN_AFTER_REVIEW,cands=1 (bse:1); top_src=bse; top_ext=pdf; in_fetch_manifest=NO
INE001O01029::FY2011,Risa International Limited,2011,True,False,https://www.bseindia.com/bseplus/AnnualReport/530251/5302510311.pdf,reports/pm5_stage_table.csv,30e93b59ac689f00fab182583fb25883322e429be42b4ba14e13a1011b916dc9,pm5_stage_table.csv:row_515,pm5_stage_table.csv; cohort_reports.jsonl; live_store_documents.jsonl,pm5_stage_table.csv:L515; cohort_reports.jsonl:L1108,NEAR_CONTEMPORANEOUS,HISTORICAL_STAGE_TABLE_AND_DISCOVERY_MANIFEST,REQUEST_NOT_CONFIRMED,NOT_RECORDED,NOT_RECORDED,NONE_RECORDED,DISCOVERY_TIMESTAMP_ONLY,NO_REQUEST_EVIDENCE,UNKNOWN,REASON_CODE_MISSING,UNKNOWN_AFTER_REVIEW,UNKNOWN_AFTER_REVIEW,cands=1 (bse:1); top_src=bse; top_ext=pdf; in_fetch_manifest=NO
INE001O01029::FY2014,Risa International Limited,2014,True,False,https://www.bseindia.com/bseplus/AnnualReport/530251/5302510314.pdf,reports/pm5_stage_table.csv,30e93b59ac689f00fab182583fb25883322e429be42b4ba14e13a1011b916dc9,pm5_stage_table.csv:row_518,pm5_stage_table.csv; cohort_reports.jsonl; live_store_documents.jsonl,pm5_stage_table.csv:L518; cohort_reports.jsonl:L1111,NEAR_CONTEMPORANEOUS,HISTORICAL_STAGE_TABLE_AND_DISCOVERY_MANIFEST,REQUEST_NOT_CONFIRMED,NOT_RECORDED,NOT_RECORDED,NONE_RECORDED,DISCOVERY_TIMESTAMP_ONLY,NO_REQUEST_EVIDENCE,UNKNOWN,REASON_CODE_MISSING,UNKNOWN_AFTER_REVIEW,UNKNOWN_AFTER_REVIEW,cands=1 (bse:1); top_src=bse; top_ext=pdf; in_fetch_manifest=NO
INE001O01029::FY2015,Risa International Limited,2015,True,False,https://www.bseindia.com/bseplus/AnnualReport/530251/5302510315.pdf,reports/pm5_stage_table.csv,30e93b59ac689f00fab182583fb25883322e429be42b4ba14e13a1011b916dc9,pm5_stage_table.csv:row_519,pm5_stage_table.csv; cohort_reports.jsonl; live_store_documents.jsonl,pm5_stage_table.csv:L519; cohort_reports.jsonl:L1112,NEAR_CONTEMPORANEOUS,HISTORICAL_STAGE_TABLE_AND_DISCOVERY_MANIFEST,REQUEST_NOT_CONFIRMED,NOT_RECORDED,NOT_RECORDED,NONE_RECORDED,DISCOVERY_TIMESTAMP_ONLY,NO_REQUEST_EVIDENCE,UNKNOWN,REASON_CODE_MISSING,UNKNOWN_AFTER_REVIEW,UNKNOWN_AFTER_REVIEW,cands=1 (bse:1); top_src=bse; top_ext=pdf; in_fetch_manifest=NO
INE001O01029::FY2016,Risa International Limited,2016,True,False,https://www.bseindia.com/bseplus/AnnualReport/530251/5302510316.pdf,reports/pm5_stage_table.csv,30e93b59ac689f00fab182583fb25883322e429be42b4ba14e13a1011b916dc9,pm5_stage_table.csv:row_520,pm5_stage_table.csv; cohort_reports.jsonl; live_store_documents.jsonl,pm5_stage_table.csv:L520; cohort_reports.jsonl:L1113,NEAR_CONTEMPORANEOUS,HISTORICAL_STAGE_TABLE_AND_DISCOVERY_MANIFEST,REQUEST_NOT_CONFIRMED,NOT_RECORDED,NOT_RECORDED,NONE_RECORDED,DISCOVERY_TIMESTAMP_ONLY,NO_REQUEST_EVIDENCE,UNKNOWN,REASON_CODE_MISSING,UNKNOWN_AFTER_REVIEW,UNKNOWN_AFTER_REVIEW,cands=1 (bse:1); top_src=bse; top_ext=pdf; in_fetch_manifest=NO
INE001O01029::FY2019,Risa International Limited,2019,True,False,https://www.bseindia.com/bseplus/AnnualReport/530251/5302510319.pdf,reports/pm5_stage_table.csv,30e93b59ac689f00fab182583fb25883322e429be42b4ba14e13a1011b916dc9,pm5_stage_table.csv:row_523,pm5_stage_table.csv; cohort_reports.jsonl; live_store_documents.jsonl,pm5_stage_table.csv:L523; cohort_reports.jsonl:L1116,NEAR_CONTEMPORANEOUS,HISTORICAL_STAGE_TABLE_AND_DISCOVERY_MANIFEST,REQUEST_NOT_CONFIRMED,NOT_RECORDED,NOT_RECORDED,NONE_RECORDED,DISCOVERY_TIMESTAMP_ONLY,NO_REQUEST_EVIDENCE,UNKNOWN,REASON_CODE_MISSING,UNKNOWN_AFTER_REVIEW,UNKNOWN_AFTER_REVIEW,cands=1 (bse:1); top_src=bse; top_ext=pdf; in_fetch_manifest=NO
INE001O01029::FY2020,Risa International Limited,2020,True,False,https://www.bseindia.com/bseplus/AnnualReport/530251/68245530251_22_02_21.pdf,reports/pm5_stage_table.csv,30e93b59ac689f00fab182583fb25883322e429be42b4ba14e13a1011b916dc9,pm5_stage_table.csv:row_524,pm5_stage_table.csv; cohort_reports.jsonl; live_store_documents.jsonl,pm5_stage_table.csv:L524; cohort_reports.jsonl:L1117,NEAR_CONTEMPORANEOUS,HISTORICAL_STAGE_TABLE_AND_DISCOVERY_MANIFEST,REQUEST_NOT_CONFIRMED,NOT_RECORDED,NOT_RECORDED,NONE_RECORDED,DISCOVERY_TIMESTAMP_ONLY,NO_REQUEST_EVIDENCE,UNKNOWN,REASON_CODE_MISSING,UNKNOWN_AFTER_REVIEW,UNKNOWN_AFTER_REVIEW,cands=1 (bse:1); top_src=bse; top_ext=pdf; in_fetch_manifest=NO
INE001O01029::FY2021,Risa International Limited,2021,True,False,https://www.bseindia.com/bseplus/AnnualReport/530251/72821530251.pdf,reports/pm5_stage_table.csv,30e93b59ac689f00fab182583fb25883322e429be42b4ba14e13a1011b916dc9,pm5_stage_table.csv:row_525,pm5_stage_table.csv; cohort_reports.jsonl; live_store_documents.jsonl,pm5_stage_table.csv:L525; cohort_reports.jsonl:L1118,NEAR_CONTEMPORANEOUS,HISTORICAL_STAGE_TABLE_AND_DISCOVERY_MANIFEST,REQUEST_NOT_CONFIRMED,NOT_RECORDED,NOT_RECORDED,NONE_RECORDED,DISCOVERY_TIMESTAMP_ONLY,NO_REQUEST_EVIDENCE,UNKNOWN,REASON_CODE_MISSING,UNKNOWN_AFTER_REVIEW,UNKNOWN_AFTER_REVIEW,cands=1 (bse:1); top_src=bse; top_ext=pdf; in_fetch_manifest=NO
INE001O01029::FY2022,Risa International Limited,2022,True,False,https://www.bseindia.com/bseplus/AnnualReport/530251/75414530251.pdf,reports/pm5_stage_table.csv,30e93b59ac689f00fab182583fb25883322e429be42b4ba14e13a1011b916dc9,pm5_stage_table.csv:row_526,pm5_stage_table.csv; cohort_reports.jsonl; live_store_documents.jsonl,pm5_stage_table.csv:L526; cohort_reports.jsonl:L1119,NEAR_CONTEMPORANEOUS,HISTORICAL_STAGE_TABLE_AND_DISCOVERY_MANIFEST,REQUEST_NOT_CONFIRMED,NOT_RECORDED,NOT_RECORDED,NONE_RECORDED,DISCOVERY_TIMESTAMP_ONLY,NO_REQUEST_EVIDENCE,UNKNOWN,REASON_CODE_MISSING,UNKNOWN_AFTER_REVIEW,UNKNOWN_AFTER_REVIEW,cands=1 (bse:1); top_src=bse; top_ext=pdf; in_fetch_manifest=NO
INE001O01029::FY2023,Risa International Limited,2023,True,False,https://www.bseindia.com/xml-data/corpfiling/AttachHis/\95f8c939-9189-4a1a-af45-be5a3a02699d.pdf,reports/pm5_stage_table.csv,30e93b59ac689f00fab182583fb25883322e429be42b4ba14e13a1011b916dc9,pm5_stage_table.csv:row_527,pm5_stage_table.csv; cohort_reports.jsonl; live_store_documents.jsonl,"pm5_stage_table.csv:L527; cohort_reports.jsonl:L1120,1121",NEAR_CONTEMPORANEOUS,HISTORICAL_STAGE_TABLE_AND_DISCOVERY_MANIFEST,REQUEST_NOT_CONFIRMED,NOT_RECORDED,NOT_RECORDED,NONE_RECORDED,DISCOVERY_TIMESTAMP_ONLY,NO_REQUEST_EVIDENCE,UNKNOWN,REASON_CODE_MISSING,UNKNOWN_AFTER_REVIEW,UNKNOWN_AFTER_REVIEW,cands=2 (bse:2); top_src=bse; top_ext=pdf; in_fetch_manifest=NO
INE002B01016::FY2010,MADALA HOLDINGS LIMITED,2010,True,False,https://www.bseindia.com/HIS_ANN_RPT/HISTANNR/2010/SOFTSOL_INDIA_LTD-532344-MARCH-2010.PDF,reports/pm5_stage_table.csv,30e93b59ac689f00fab182583fb25883322e429be42b4ba14e13a1011b916dc9,pm5_stage_table.csv:row_530,pm5_stage_table.csv; cohort_reports.jsonl; live_store_documents.jsonl,pm5_stage_table.csv:L530; cohort_reports.jsonl:L1125,NEAR_CONTEMPORANEOUS,HISTORICAL_STAGE_TABLE_AND_DISCOVERY_MANIFEST,REQUEST_NOT_CONFIRMED,NOT_RECORDED,NOT_RECORDED,NONE_RECORDED,DISCOVERY_TIMESTAMP_ONLY,NO_REQUEST_EVIDENCE,UNKNOWN,REASON_CODE_MISSING,UNKNOWN_AFTER_REVIEW,UNKNOWN_AFTER_REVIEW,cands=1 (bse:1); top_src=bse; top_ext=pdf; in_fetch_manifest=NO
INE002B01016::FY2011,MADALA HOLDINGS LIMITED,2011,True,False,https://www.bseindia.com/HIS_ANN_RPT/HISTANNR/2011/SOFTSOL_INDIA_LTD-532344-MARCH-2011.PDF,reports/pm5_stage_table.csv,30e93b59ac689f00fab182583fb25883322e429be42b4ba14e13a1011b916dc9,pm5_stage_table.csv:row_531,pm5_stage_table.csv; cohort_reports.jsonl; live_store_documents.jsonl,pm5_stage_table.csv:L531; cohort_reports.jsonl:L1126,NEAR_CONTEMPORANEOUS,HISTORICAL_STAGE_TABLE_AND_DISCOVERY_MANIFEST,REQUEST_NOT_CONFIRMED,NOT_RECORDED,NOT_RECORDED,NONE_RECORDED,DISCOVERY_TIMESTAMP_ONLY,NO_REQUEST_EVIDENCE,UNKNOWN,REASON_CODE_MISSING,UNKNOWN_AFTER_REVIEW,UNKNOWN_AFTER_REVIEW,cands=1 (bse:1); top_src=bse; top_ext=pdf; in_fetch_manifest=NO
INE002B01016::FY2014,MADALA HOLDINGS LIMITED,2014,True,False,https://www.bseindia.com/bseplus/AnnualReport/532344/5323440314.pdf,reports/pm5_stage_table.csv,30e93b59ac689f00fab182583fb25883322e429be42b4ba14e13a1011b916dc9,pm5_stage_table.csv:row_534,pm5_stage_table.csv; cohort_reports.jsonl; live_store_documents.jsonl,pm5_stage_table.csv:L534; cohort_reports.jsonl:L1129,NEAR_CONTEMPORANEOUS,HISTORICAL_STAGE_TABLE_AND_DISCOVERY_MANIFEST,REQUEST_NOT_CONFIRMED,NOT_RECORDED,NOT_RECORDED,NONE_RECORDED,DISCOVERY_TIMESTAMP_ONLY,NO_REQUEST_EVIDENCE,UNKNOWN,REASON_CODE_MISSING,UNKNOWN_AFTER_REVIEW,UNKNOWN_AFTER_REVIEW,cands=1 (bse:1); top_src=bse; top_ext=pdf; in_fetch_manifest=NO
INE002B01016::FY2015,MADALA HOLDINGS LIMITED,2015,True,False,https://www.bseindia.com/bseplus/AnnualReport/532344/5323440315.pdf,reports/pm5_stage_table.csv,30e93b59ac689f00fab182583fb25883322e429be42b4ba14e13a1011b916dc9,pm5_stage_table.csv:row_535,pm5_stage_table.csv; cohort_reports.jsonl; live_store_documents.jsonl,pm5_stage_table.csv:L535; cohort_reports.jsonl:L1130,NEAR_CONTEMPORANEOUS,HISTORICAL_STAGE_TABLE_AND_DISCOVERY_MANIFEST,REQUEST_NOT_CONFIRMED,NOT_RECORDED,NOT_RECORDED,NONE_RECORDED,DISCOVERY_TIMESTAMP_ONLY,NO_REQUEST_EVIDENCE,UNKNOWN,REASON_CODE_MISSING,UNKNOWN_AFTER_REVIEW,UNKNOWN_AFTER_REVIEW,cands=1 (bse:1); top_src=bse; top_ext=pdf; in_fetch_manifest=NO
INE002B01016::FY2016,MADALA HOLDINGS LIMITED,2016,True,False,https://www.bseindia.com/bseplus/AnnualReport/532344/5323440316.pdf,reports/pm5_stage_table.csv,30e93b59ac689f00fab182583fb25883322e429be42b4ba14e13a1011b916dc9,pm5_stage_table.csv:row_536,pm5_stage_table.csv; cohort_reports.jsonl; live_store_documents.jsonl,pm5_stage_table.csv:L536; cohort_reports.jsonl:L1131,NEAR_CONTEMPORANEOUS,HISTORICAL_STAGE_TABLE_AND_DISCOVERY_MANIFEST,REQUEST_NOT_CONFIRMED,NOT_RECORDED,NOT_RECORDED,NONE_RECORDED,DISCOVERY_TIMESTAMP_ONLY,NO_REQUEST_EVIDENCE,UNKNOWN,REASON_CODE_MISSING,UNKNOWN_AFTER_REVIEW,UNKNOWN_AFTER_REVIEW,cands=1 (bse:1); top_src=bse; top_ext=pdf; in_fetch_manifest=NO
INE002B01016::FY2019,MADALA HOLDINGS LIMITED,2019,True,False,https://www.bseindia.com/bseplus/AnnualReport/532344/5323440319.pdf,reports/pm5_stage_table.csv,30e93b59ac689f00fab182583fb25883322e429be42b4ba14e13a1011b916dc9,pm5_stage_table.csv:row_539,pm5_stage_table.csv; cohort_reports.jsonl; live_store_documents.jsonl,pm5_stage_table.csv:L539; cohort_reports.jsonl:L1134,NEAR_CONTEMPORANEOUS,HISTORICAL_STAGE_TABLE_AND_DISCOVERY_MANIFEST,REQUEST_NOT_CONFIRMED,NOT_RECORDED,NOT_RECORDED,NONE_RECORDED,DISCOVERY_TIMESTAMP_ONLY,NO_REQUEST_EVIDENCE,UNKNOWN,REASON_CODE_MISSING,UNKNOWN_AFTER_REVIEW,UNKNOWN_AFTER_REVIEW,cands=1 (bse:1); top_src=bse; top_ext=pdf; in_fetch_manifest=NO
INE002B01016::FY2020,MADALA HOLDINGS LIMITED,2020,True,False,https://www.bseindia.com/bseplus/AnnualReport/532344/67684532344.pdf,reports/pm5_stage_table.csv,30e93b59ac689f00fab182583fb25883322e429be42b4ba14e13a1011b916dc9,pm5_stage_table.csv:row_540,pm5_stage_table.csv; cohort_reports.jsonl; live_store_documents.jsonl,pm5_stage_table.csv:L540; cohort_reports.jsonl:L1135,NEAR_CONTEMPORANEOUS,HISTORICAL_STAGE_TABLE_AND_DISCOVERY_MANIFEST,REQUEST_NOT_CONFIRMED,NOT_RECORDED,NOT_RECORDED,NONE_RECORDED,DISCOVERY_TIMESTAMP_ONLY,NO_REQUEST_EVIDENCE,UNKNOWN,REASON_CODE_MISSING,UNKNOWN_AFTER_REVIEW,UNKNOWN_AFTER_REVIEW,cands=1 (bse:1); top_src=bse; top_ext=pdf; in_fetch_manifest=NO
INE002B01016::FY2021,MADALA HOLDINGS LIMITED,2021,True,False,https://www.bseindia.com/bseplus/AnnualReport/532344/71208532344.pdf,reports/pm5_stage_table.csv,30e93b59ac689f00fab182583fb25883322e429be42b4ba14e13a1011b916dc9,pm5_stage_table.csv:row_541,pm5_stage_table.csv; cohort_reports.jsonl; live_store_documents.jsonl,pm5_stage_table.csv:L541; cohort_reports.jsonl:L1136,NEAR_CONTEMPORANEOUS,HISTORICAL_STAGE_TABLE_AND_DISCOVERY_MANIFEST,REQUEST_NOT_CONFIRMED,NOT_RECORDED,NOT_RECORDED,NONE_RECORDED,DISCOVERY_TIMESTAMP_ONLY,NO_REQUEST_EVIDENCE,UNKNOWN,REASON_CODE_MISSING,UNKNOWN_AFTER_REVIEW,UNKNOWN_AFTER_REVIEW,cands=1 (bse:1); top_src=bse; top_ext=pdf; in_fetch_manifest=NO
INE002B01016::FY2022,MADALA HOLDINGS LIMITED,2022,True,False,https://www.bseindia.com/bseplus/AnnualReport/532344/76077532344.pdf,reports/pm5_stage_table.csv,30e93b59ac689f00fab182583fb25883322e429be42b4ba14e13a1011b916dc9,pm5_stage_table.csv:row_542,pm5_stage_table.csv; cohort_reports.jsonl; live_store_documents.jsonl,pm5_stage_table.csv:L542; cohort_reports.jsonl:L1137,NEAR_CONTEMPORANEOUS,HISTORICAL_STAGE_TABLE_AND_DISCOVERY_MANIFEST,REQUEST_NOT_CONFIRMED,NOT_RECORDED,NOT_RECORDED,NONE_RECORDED,DISCOVERY_TIMESTAMP_ONLY,NO_REQUEST_EVIDENCE,UNKNOWN,REASON_CODE_MISSING,UNKNOWN_AFTER_REVIEW,UNKNOWN_AFTER_REVIEW,cands=1 (bse:1); top_src=bse; top_ext=pdf; in_fetch_manifest=NO
INE002B01016::FY2023,MADALA HOLDINGS LIMITED,2023,True,False,https://www.bseindia.com/xml-data/corpfiling/AttachHis/\7b6477c4-c60b-42d6-8c89-a24ad32eeecc.pdf,reports/pm5_stage_table.csv,30e93b59ac689f00fab182583fb25883322e429be42b4ba14e13a1011b916dc9,pm5_stage_table.csv:row_543,pm5_stage_table.csv; cohort_reports.jsonl; live_store_documents.jsonl,pm5_stage_table.csv:L543; cohort_reports.jsonl:L1138,NEAR_CONTEMPORANEOUS,HISTORICAL_STAGE_TABLE_AND_DISCOVERY_MANIFEST,REQUEST_NOT_CONFIRMED,NOT_RECORDED,NOT_RECORDED,NONE_RECORDED,DISCOVERY_TIMESTAMP_ONLY,NO_REQUEST_EVIDENCE,UNKNOWN,REASON_CODE_MISSING,UNKNOWN_AFTER_REVIEW,UNKNOWN_AFTER_REVIEW,cands=1 (bse:1); top_src=bse; top_ext=pdf; in_fetch_manifest=NO
INE002E01010::FY2010,Sar  Auto Products Limited,2010,True,False,https://www.bseindia.com/HIS_ANN_RPT/HISTANNR/2010/SAR_AUTO_PRODUCTS_LTD-538992-MARCH-2010.PDF,reports/pm5_stage_table.csv,30e93b59ac689f00fab182583fb25883322e429be42b4ba14e13a1011b916dc9,pm5_stage_table.csv:row_546,pm5_stage_table.csv; cohort_reports.jsonl; live_store_documents.jsonl,pm5_stage_table.csv:L546; cohort_reports.jsonl:L1141,NEAR_CONTEMPORANEOUS,HISTORICAL_STAGE_TABLE_AND_DISCOVERY_MANIFEST,REQUEST_NOT_CONFIRMED,NOT_RECORDED,NOT_RECORDED,NONE_RECORDED,DISCOVERY_TIMESTAMP_ONLY,NO_REQUEST_EVIDENCE,UNKNOWN,REASON_CODE_MISSING,UNKNOWN_AFTER_REVIEW,UNKNOWN_AFTER_REVIEW,cands=1 (bse:1); top_src=bse; top_ext=pdf; in_fetch_manifest=NO
INE002E01010::FY2011,Sar  Auto Products Limited,2011,True,False,https://www.bseindia.com/HIS_ANN_RPT/HISTANNR/2011/SAR_AUTO_PRODUCTS_LTD-538992-MARCH-2011.PDF,reports/pm5_stage_table.csv,30e93b59ac689f00fab182583fb25883322e429be42b4ba14e13a1011b916dc9,pm5_stage_table.csv:row_547,pm5_stage_table.csv; cohort_reports.jsonl; live_store_documents.jsonl,pm5_stage_table.csv:L547; cohort_reports.jsonl:L1142,NEAR_CONTEMPORANEOUS,HISTORICAL_STAGE_TABLE_AND_DISCOVERY_MANIFEST,REQUEST_NOT_CONFIRMED,NOT_RECORDED,NOT_RECORDED,NONE_RECORDED,DISCOVERY_TIMESTAMP_ONLY,NO_REQUEST_EVIDENCE,UNKNOWN,REASON_CODE_MISSING,UNKNOWN_AFTER_REVIEW,UNKNOWN_AFTER_REVIEW,cands=1 (bse:1); top_src=bse; top_ext=pdf; in_fetch_manifest=NO
INE002E01010::FY2015,Sar  Auto Products Limited,2015,True,False,https://www.bseindia.com/HIS_ANN_RPT/HISTANNR/2015/SAR_AUTO_PRODUCTS_LTD-538992-MARCH-2015.PDF,reports/pm5_stage_table.csv,30e93b59ac689f00fab182583fb25883322e429be42b4ba14e13a1011b916dc9,pm5_stage_table.csv:row_551,pm5_stage_table.csv; cohort_reports.jsonl; live_store_documents.jsonl,pm5_stage_table.csv:L551; cohort_reports.jsonl:L1145,NEAR_CONTEMPORANEOUS,HISTORICAL_STAGE_TABLE_AND_DISCOVERY_MANIFEST,REQUEST_NOT_CONFIRMED,NOT_RECORDED,NOT_RECORDED,NONE_RECORDED,DISCOVERY_TIMESTAMP_ONLY,NO_REQUEST_EVIDENCE,UNKNOWN,REASON_CODE_MISSING,UNKNOWN_AFTER_REVIEW,UNKNOWN_AFTER_REVIEW,cands=1 (bse:1); top_src=bse; top_ext=pdf; in_fetch_manifest=NO
INE002E01010::FY2016,Sar  Auto Products Limited,2016,True,False,https://www.bseindia.com/bseplus/AnnualReport/538992/5389920316.pdf,reports/pm5_stage_table.csv,30e93b59ac689f00fab182583fb25883322e429be42b4ba14e13a1011b916dc9,pm5_stage_table.csv:row_552,pm5_stage_table.csv; cohort_reports.jsonl; live_store_documents.jsonl,pm5_stage_table.csv:L552; cohort_reports.jsonl:L1146,NEAR_CONTEMPORANEOUS,HISTORICAL_STAGE_TABLE_AND_DISCOVERY_MANIFEST,REQUEST_NOT_CONFIRMED,NOT_RECORDED,NOT_RECORDED,NONE_RECORDED,DISCOVERY_TIMESTAMP_ONLY,NO_REQUEST_EVIDENCE,UNKNOWN,REASON_CODE_MISSING,UNKNOWN_AFTER_REVIEW,UNKNOWN_AFTER_REVIEW,cands=1 (bse:1); top_src=bse; top_ext=pdf; in_fetch_manifest=NO
INE002E01010::FY2019,Sar  Auto Products Limited,2019,True,False,https://www.bseindia.com/bseplus/AnnualReport/538992/5389920319.pdf,reports/pm5_stage_table.csv,30e93b59ac689f00fab182583fb25883322e429be42b4ba14e13a1011b916dc9,pm5_stage_table.csv:row_555,pm5_stage_table.csv; cohort_reports.jsonl; live_store_documents.jsonl,pm5_stage_table.csv:L555; cohort_reports.jsonl:L1149,NEAR_CONTEMPORANEOUS,HISTORICAL_STAGE_TABLE_AND_DISCOVERY_MANIFEST,REQUEST_NOT_CONFIRMED,NOT_RECORDED,NOT_RECORDED,NONE_RECORDED,DISCOVERY_TIMESTAMP_ONLY,NO_REQUEST_EVIDENCE,UNKNOWN,REASON_CODE_MISSING,UNKNOWN_AFTER_REVIEW,UNKNOWN_AFTER_REVIEW,cands=1 (bse:1); top_src=bse; top_ext=pdf; in_fetch_manifest=NO
INE002E01010::FY2020,Sar  Auto Products Limited,2020,True,False,https://www.bseindia.com/bseplus/AnnualReport/538992/66328538992.pdf,reports/pm5_stage_table.csv,30e93b59ac689f00fab182583fb25883322e429be42b4ba14e13a1011b916dc9,pm5_stage_table.csv:row_556,pm5_stage_table.csv; cohort_reports.jsonl; live_store_documents.jsonl,pm5_stage_table.csv:L556; cohort_reports.jsonl:L1150,NEAR_CONTEMPORANEOUS,HISTORICAL_STAGE_TABLE_AND_DISCOVERY_MANIFEST,REQUEST_NOT_CONFIRMED,NOT_RECORDED,NOT_RECORDED,NONE_RECORDED,DISCOVERY_TIMESTAMP_ONLY,NO_REQUEST_EVIDENCE,UNKNOWN,REASON_CODE_MISSING,UNKNOWN_AFTER_REVIEW,UNKNOWN_AFTER_REVIEW,cands=1 (bse:1); top_src=bse; top_ext=pdf; in_fetch_manifest=NO
INE002E01010::FY2021,Sar  Auto Products Limited,2021,True,False,https://www.bseindia.com/bseplus/AnnualReport/538992/69862538992.pdf,reports/pm5_stage_table.csv,30e93b59ac689f00fab182583fb25883322e429be42b4ba14e13a1011b916dc9,pm5_stage_table.csv:row_557,pm5_stage_table.csv; cohort_reports.jsonl; live_store_documents.jsonl,pm5_stage_table.csv:L557; cohort_reports.jsonl:L1151,NEAR_CONTEMPORANEOUS,HISTORICAL_STAGE_TABLE_AND_DISCOVERY_MANIFEST,REQUEST_NOT_CONFIRMED,NOT_RECORDED,NOT_RECORDED,NONE_RECORDED,DISCOVERY_TIMESTAMP_ONLY,NO_REQUEST_EVIDENCE,UNKNOWN,REASON_CODE_MISSING,UNKNOWN_AFTER_REVIEW,UNKNOWN_AFTER_REVIEW,cands=1 (bse:1); top_src=bse; top_ext=pdf; in_fetch_manifest=NO
INE002E01010::FY2022,Sar  Auto Products Limited,2022,True,False,https://www.bseindia.com/bseplus/AnnualReport/538992/74920538992.pdf,reports/pm5_stage_table.csv,30e93b59ac689f00fab182583fb25883322e429be42b4ba14e13a1011b916dc9,pm5_stage_table.csv:row_558,pm5_stage_table.csv; cohort_reports.jsonl; live_store_documents.jsonl,pm5_stage_table.csv:L558; cohort_reports.jsonl:L1152,NEAR_CONTEMPORANEOUS,HISTORICAL_STAGE_TABLE_AND_DISCOVERY_MANIFEST,REQUEST_NOT_CONFIRMED,NOT_RECORDED,NOT_RECORDED,NONE_RECORDED,DISCOVERY_TIMESTAMP_ONLY,NO_REQUEST_EVIDENCE,UNKNOWN,REASON_CODE_MISSING,UNKNOWN_AFTER_REVIEW,UNKNOWN_AFTER_REVIEW,cands=1 (bse:1); top_src=bse; top_ext=pdf; in_fetch_manifest=NO
INE002E01010::FY2023,Sar  Auto Products Limited,2023,True,False,https://www.bseindia.com/xml-data/corpfiling/AttachHis/\63955ff2-4722-4235-8c79-54e2a7218565.pdf,reports/pm5_stage_table.csv,30e93b59ac689f00fab182583fb25883322e429be42b4ba14e13a1011b916dc9,pm5_stage_table.csv:row_559,pm5_stage_table.csv; cohort_reports.jsonl; live_store_documents.jsonl,pm5_stage_table.csv:L559; cohort_reports.jsonl:L1153,NEAR_CONTEMPORANEOUS,HISTORICAL_STAGE_TABLE_AND_DISCOVERY_MANIFEST,REQUEST_NOT_CONFIRMED,NOT_RECORDED,NOT_RECORDED,NONE_RECORDED,DISCOVERY_TIMESTAMP_ONLY,NO_REQUEST_EVIDENCE,UNKNOWN,REASON_CODE_MISSING,UNKNOWN_AFTER_REVIEW,UNKNOWN_AFTER_REVIEW,cands=1 (bse:1); top_src=bse; top_ext=pdf; in_fetch_manifest=NO
INE004Z01011::FY2019,Mac Hotels Limited,2019,True,False,https://www.bseindia.com/bseplus/AnnualReport/541973/5419730319.pdf,reports/pm5_stage_table.csv,30e93b59ac689f00fab182583fb25883322e429be42b4ba14e13a1011b916dc9,pm5_stage_table.csv:row_571,pm5_stage_table.csv; cohort_reports.jsonl; live_store_documents.jsonl,pm5_stage_table.csv:L571; cohort_reports.jsonl:L1157,NEAR_CONTEMPORANEOUS,HISTORICAL_STAGE_TABLE_AND_DISCOVERY_MANIFEST,REQUEST_NOT_CONFIRMED,NOT_RECORDED,NOT_RECORDED,NONE_RECORDED,DISCOVERY_TIMESTAMP_ONLY,NO_REQUEST_EVIDENCE,UNKNOWN,REASON_CODE_MISSING,UNKNOWN_AFTER_REVIEW,UNKNOWN_AFTER_REVIEW,cands=1 (bse:1); top_src=bse; top_ext=pdf; in_fetch_manifest=NO
INE004Z01011::FY2020,Mac Hotels Limited,2020,True,False,https://www.bseindia.com/bseplus/AnnualReport/541973/67614541973_11_01_21.pdf,reports/pm5_stage_table.csv,30e93b59ac689f00fab182583fb25883322e429be42b4ba14e13a1011b916dc9,pm5_stage_table.csv:row_572,pm5_stage_table.csv; cohort_reports.jsonl; live_store_documents.jsonl,pm5_stage_table.csv:L572; cohort_reports.jsonl:L1158,NEAR_CONTEMPORANEOUS,HISTORICAL_STAGE_TABLE_AND_DISCOVERY_MANIFEST,REQUEST_NOT_CONFIRMED,NOT_RECORDED,NOT_RECORDED,NONE_RECORDED,DISCOVERY_TIMESTAMP_ONLY,NO_REQUEST_EVIDENCE,UNKNOWN,REASON_CODE_MISSING,UNKNOWN_AFTER_REVIEW,UNKNOWN_AFTER_REVIEW,cands=1 (bse:1); top_src=bse; top_ext=pdf; in_fetch_manifest=NO
INE004Z01011::FY2021,Mac Hotels Limited,2021,True,False,https://www.bseindia.com/bseplus/AnnualReport/541973/72189541973.pdf,reports/pm5_stage_table.csv,30e93b59ac689f00fab182583fb25883322e429be42b4ba14e13a1011b916dc9,pm5_stage_table.csv:row_573,pm5_stage_table.csv; cohort_reports.jsonl; live_store_documents.jsonl,pm5_stage_table.csv:L573; cohort_reports.jsonl:L1159,NEAR_CONTEMPORANEOUS,HISTORICAL_STAGE_TABLE_AND_DISCOVERY_MANIFEST,REQUEST_NOT_CONFIRMED,NOT_RECORDED,NOT_RECORDED,NONE_RECORDED,DISCOVERY_TIMESTAMP_ONLY,NO_REQUEST_EVIDENCE,UNKNOWN,REASON_CODE_MISSING,UNKNOWN_AFTER_REVIEW,UNKNOWN_AFTER_REVIEW,cands=1 (bse:1); top_src=bse; top_ext=pdf; in_fetch_manifest=NO
INE004Z01011::FY2022,Mac Hotels Limited,2022,True,False,https://www.bseindia.com/bseplus/AnnualReport/541973/77064541973.pdf,reports/pm5_stage_table.csv,30e93b59ac689f00fab182583fb25883322e429be42b4ba14e13a1011b916dc9,pm5_stage_table.csv:row_574,pm5_stage_table.csv; cohort_reports.jsonl; live_store_documents.jsonl,pm5_stage_table.csv:L574; cohort_reports.jsonl:L1160,NEAR_CONTEMPORANEOUS,HISTORICAL_STAGE_TABLE_AND_DISCOVERY_MANIFEST,REQUEST_NOT_CONFIRMED,NOT_RECORDED,NOT_RECORDED,NONE_RECORDED,DISCOVERY_TIMESTAMP_ONLY,NO_REQUEST_EVIDENCE,UNKNOWN,REASON_CODE_MISSING,UNKNOWN_AFTER_REVIEW,UNKNOWN_AFTER_REVIEW,cands=1 (bse:1); top_src=bse; top_ext=pdf; in_fetch_manifest=NO
INE004Z01011::FY2023,Mac Hotels Limited,2023,True,False,https://www.bseindia.com/xml-data/corpfiling/AttachHis/\565598bc-a0fa-493e-87f1-92a10a814223.pdf,reports/pm5_stage_table.csv,30e93b59ac689f00fab182583fb25883322e429be42b4ba14e13a1011b916dc9,pm5_stage_table.csv:row_575,pm5_stage_table.csv; cohort_reports.jsonl; live_store_documents.jsonl,pm5_stage_table.csv:L575; cohort_reports.jsonl:L1161,NEAR_CONTEMPORANEOUS,HISTORICAL_STAGE_TABLE_AND_DISCOVERY_MANIFEST,REQUEST_NOT_CONFIRMED,NOT_RECORDED,NOT_RECORDED,NONE_RECORDED,DISCOVERY_TIMESTAMP_ONLY,NO_REQUEST_EVIDENCE,UNKNOWN,REASON_CODE_MISSING,UNKNOWN_AFTER_REVIEW,UNKNOWN_AFTER_REVIEW,cands=1 (bse:1); top_src=bse; top_ext=pdf; in_fetch_manifest=NO
