document_id,company,FY,physical_page,provenance,provenance_source,orphan_start_frac,measured,document_level_orphan_start_frac,full_width_block,reason_codes,document_class
INE009A01021/2012,INE009A01021,2012,35,native,page_kind:digital,,False,0.0066,,span_truncated,pure_native
INE009A01021/2012,INE009A01021,2012,36,native,page_kind:digital,0.0,True,0.0066,,span_truncated,pure_native
INE009A01021/2012,INE009A01021,2012,37,native,page_kind:digital,0.0,True,0.0066,,span_truncated,pure_native
INE009A01021/2012,INE009A01021,2012,38,native,page_kind:digital,0.0,True,0.0066,,span_truncated,pure_native
INE009A01021/2012,INE009A01021,2012,39,native,page_kind:digital,0.0,True,0.0066,,span_truncated,pure_native
INE009A01021/2012,INE009A01021,2012,40,native,page_kind:digital,0.0,True,0.0066,,span_truncated,pure_native
INE009A01021/2012,INE009A01021,2012,41,native,page_kind:digital,0.0,True,0.0066,,span_truncated,pure_native
INE009A01021/2012,INE009A01021,2012,42,native,page_kind:digital,0.0,True,0.0066,,span_truncated,pure_native
INE009A01021/2012,INE009A01021,2012,43,native,page_kind:digital,0.0,True,0.0066,,span_truncated,pure_native
INE040A01034/2012,INE040A01034,2012,17,native,page_kind:digital,,False,0.0,,span_truncated,pure_native
INE040A01034/2012,INE040A01034,2012,18,native,page_kind:digital,0.0,True,0.0,,span_truncated,pure_native
INE040A01034/2012,INE040A01034,2012,19,native,page_kind:digital,0.0,True,0.0,,span_truncated,pure_native
INE040A01034/2012,INE040A01034,2012,20,native,page_kind:digital,0.0,True,0.0,,span_truncated,pure_native
INE040A01034/2012,INE040A01034,2012,21,native,page_kind:digital,0.0,True,0.0,,span_truncated,pure_native
INE040A01034/2012,INE040A01034,2012,22,native,page_kind:digital,0.0,True,0.0,,span_truncated,pure_native
INE040A01034/2012,INE040A01034,2012,23,native,page_kind:digital,0.0,True,0.0,,span_truncated,pure_native
INE040A01034/2012,INE040A01034,2012,24,native,page_kind:digital,0.0,True,0.0,,span_truncated,pure_native
INE040A01034/2012,INE040A01034,2012,25,native,page_kind:digital,0.0,True,0.0,,span_truncated,pure_native
INE040A01034/2012,INE040A01034,2012,26,native,page_kind:digital,0.0,True,0.0,,span_truncated,pure_native
INE040A01034/2012,INE040A01034,2012,27,native,page_kind:digital,0.0,True,0.0,,span_truncated,pure_native
INE040A01034/2012,INE040A01034,2012,28,native,page_kind:digital,0.0,True,0.0,,span_truncated,pure_native
INE040A01034/2012,INE040A01034,2012,29,native,page_kind:digital,0.0,True,0.0,,span_truncated,pure_native
INE040A01034/2013,INE040A01034,2013,17,native,page_kind:digital,,False,0.0,,span_truncated,pure_native
INE040A01034/2013,INE040A01034,2013,18,native,page_kind:digital,0.0,True,0.0,,span_truncated,pure_native
INE040A01034/2013,INE040A01034,2013,19,native,page_kind:digital,0.0,True,0.0,,span_truncated,pure_native
INE040A01034/2013,INE040A01034,2013,20,native,page_kind:digital,0.0,True,0.0,,span_truncated,pure_native
INE040A01034/2013,INE040A01034,2013,21,native,page_kind:digital,0.0,True,0.0,,span_truncated,pure_native
INE040A01034/2013,INE040A01034,2013,22,native,page_kind:digital,0.0,True,0.0,,span_truncated,pure_native
INE040A01034/2013,INE040A01034,2013,23,native,page_kind:digital,0.0,True,0.0,,span_truncated,pure_native
INE040A01034/2013,INE040A01034,2013,24,native,page_kind:digital,0.0,True,0.0,,span_truncated,pure_native
INE040A01034/2013,INE040A01034,2013,25,native,page_kind:digital,0.0,True,0.0,,span_truncated,pure_native
INE002A01018/2013,INE002A01018,2013,20,native,page_kind:digital,,False,0.0244,,span_truncated,pure_native
INE002A01018/2013,INE002A01018,2013,21,native,page_kind:digital,0.0,True,0.0244,,span_truncated,pure_native
INE002A01018/2013,INE002A01018,2013,22,native,page_kind:digital,0.0,True,0.0244,,span_truncated,pure_native
INE002A01018/2013,INE002A01018,2013,23,native,page_kind:digital,0.0,True,0.0244,,span_truncated,pure_native
INE002A01018/2013,INE002A01018,2013,24,native,page_kind:digital,0.093,True,0.0244,False,span_truncated,pure_native
INE002A01018/2013,INE002A01018,2013,25,native,page_kind:digital,0.0,True,0.0244,,span_truncated,pure_native
INE002A01018/2013,INE002A01018,2013,26,native,page_kind:digital,0.0,True,0.0244,,span_truncated,pure_native
INE002A01018/2013,INE002A01018,2013,27,native,page_kind:digital,0.0,True,0.0244,,span_truncated,pure_native
INE002A01018/2013,INE002A01018,2013,28,native,page_kind:digital,0.0,True,0.0244,,span_truncated,pure_native
INE002A01018/2013,INE002A01018,2013,29,native,page_kind:digital,0.0,True,0.0244,,span_truncated,pure_native
INE002A01018/2013,INE002A01018,2013,30,native,page_kind:digital,0.0,True,0.0244,,span_truncated,pure_native
INE002A01018/2013,INE002A01018,2013,31,native,page_kind:digital,0.0,True,0.0244,,span_truncated,pure_native
INE002A01018/2013,INE002A01018,2013,32,native,page_kind:digital,0.0,True,0.0244,,span_truncated,pure_native
INE002A01018/2013,INE002A01018,2013,33,native,page_kind:digital,0.0,True,0.0244,,span_truncated,pure_native
INE002A01018/2013,INE002A01018,2013,34,native,page_kind:digital,0.0,True,0.0244,,span_truncated,pure_native
INE002A01018/2013,INE002A01018,2013,35,native,page_kind:digital,0.0,True,0.0244,,span_truncated,pure_native
INE002A01018/2013,INE002A01018,2013,36,native,page_kind:digital,0.0,True,0.0244,,span_truncated,pure_native
INE002A01018/2013,INE002A01018,2013,37,native,page_kind:digital,0.0,True,0.0244,,span_truncated,pure_native
INE002A01018/2013,INE002A01018,2013,38,native,page_kind:digital,0.0,True,0.0244,,span_truncated,pure_native
INE002A01018/2013,INE002A01018,2013,39,native,page_kind:digital,0.0,True,0.0244,,span_truncated,pure_native
INE002A01018/2013,INE002A01018,2013,40,native,page_kind:digital,0.0,True,0.0244,,span_truncated,pure_native
INE002A01018/2013,INE002A01018,2013,41,native,page_kind:digital,0.0,True,0.0244,,span_truncated,pure_native
INE002A01018/2013,INE002A01018,2013,42,native,page_kind:digital,0.0,True,0.0244,,span_truncated,pure_native
INE002A01018/2013,INE002A01018,2013,43,native,page_kind:digital,0.0,True,0.0244,,span_truncated,pure_native
INE002A01018/2013,INE002A01018,2013,44,native,page_kind:digital,0.0,True,0.0244,,span_truncated,pure_native
INE002A01018/2013,INE002A01018,2013,45,native,page_kind:digital,0.1852,True,0.0244,False,span_truncated,pure_native
INE002A01018/2013,INE002A01018,2013,46,native,page_kind:digital,0.0,True,0.0244,,span_truncated,pure_native
INE002A01018/2013,INE002A01018,2013,47,native,page_kind:digital,0.0,True,0.0244,,span_truncated,pure_native
INE002A01018/2013,INE002A01018,2013,48,native,page_kind:digital,0.0,True,0.0244,,span_truncated,pure_native
INE002A01018/2013,INE002A01018,2013,49,native,page_kind:digital,0.1724,True,0.0244,False,span_truncated,pure_native
INE002A01018/2013,INE002A01018,2013,50,native,page_kind:digital,0.1786,True,0.0244,False,span_truncated,pure_native
INE002A01018/2013,INE002A01018,2013,51,native,page_kind:digital,0.0,True,0.0244,,span_truncated,pure_native
INE002A01018/2013,INE002A01018,2013,52,native,page_kind:digital,0.0,True,0.0244,,span_truncated,pure_native
INE002A01018/2013,INE002A01018,2013,53,native,page_kind:digital,0.0,True,0.0244,,span_truncated,pure_native
INE002A01018/2013,INE002A01018,2013,54,native,page_kind:digital,0.0,True,0.0244,,span_truncated,pure_native
INE002A01018/2013,INE002A01018,2013,55,native,page_kind:digital,0.0,True,0.0244,,span_truncated,pure_native
INE002A01018/2012,INE002A01018,2012,21,native,page_kind:digital,,False,0.0,,span_truncated,pure_native
INE002A01018/2012,INE002A01018,2012,22,native,page_kind:digital,0.0,True,0.0,,span_truncated,pure_native
INE002A01018/2012,INE002A01018,2012,23,native,page_kind:digital,0.0,True,0.0,,span_truncated,pure_native
INE002A01018/2012,INE002A01018,2012,24,native,page_kind:digital,0.0,True,0.0,,span_truncated,pure_native
INE002A01018/2012,INE002A01018,2012,25,native,page_kind:digital,0.0,True,0.0,,span_truncated,pure_native
INE002A01018/2012,INE002A01018,2012,26,native,page_kind:digital,0.0,True,0.0,,span_truncated,pure_native
INE002A01018/2012,INE002A01018,2012,27,native,page_kind:digital,0.0,True,0.0,,span_truncated,pure_native
INE002A01018/2012,INE002A01018,2012,28,native,page_kind:digital,0.0,True,0.0,,span_truncated,pure_native
INE002A01018/2012,INE002A01018,2012,29,native,page_kind:digital,0.0,True,0.0,,span_truncated,pure_native
INE002A01018/2012,INE002A01018,2012,30,native,page_kind:digital,0.0,True,0.0,,span_truncated,pure_native
INE002A01018/2012,INE002A01018,2012,31,native,page_kind:digital,0.0,True,0.0,,span_truncated,pure_native
INE002A01018/2012,INE002A01018,2012,32,native,page_kind:digital,0.0,True,0.0,,span_truncated,pure_native
INE002A01018/2012,INE002A01018,2012,33,native,page_kind:digital,0.0,True,0.0,,span_truncated,pure_native
INE002A01018/2012,INE002A01018,2012,34,native,page_kind:digital,0.0,True,0.0,,span_truncated,pure_native
INE002A01018/2012,INE002A01018,2012,35,native,page_kind:digital,0.0,True,0.0,,span_truncated,pure_native
INE002A01018/2012,INE002A01018,2012,36,native,page_kind:digital,0.0,True,0.0,,span_truncated,pure_native
INE002A01018/2012,INE002A01018,2012,37,native,page_kind:digital,0.0,True,0.0,,span_truncated,pure_native
INE002A01018/2012,INE002A01018,2012,38,native,page_kind:digital,0.0,True,0.0,,span_truncated,pure_native
INE002A01018/2012,INE002A01018,2012,39,native,page_kind:digital,0.0,True,0.0,,span_truncated,pure_native
INE002A01018/2012,INE002A01018,2012,40,native,page_kind:digital,0.0,True,0.0,,span_truncated,pure_native
INE002A01018/2012,INE002A01018,2012,41,native,page_kind:digital,0.0,True,0.0,,span_truncated,pure_native
INE002A01018/2012,INE002A01018,2012,42,native,page_kind:digital,0.0,True,0.0,,span_truncated,pure_native
INE002A01018/2012,INE002A01018,2012,43,native,page_kind:digital,0.0,True,0.0,,span_truncated,pure_native
INE002A01018/2012,INE002A01018,2012,44,native,page_kind:digital,0.0,True,0.0,,span_truncated,pure_native
INE002A01018/2012,INE002A01018,2012,45,native,page_kind:digital,0.0,True,0.0,,span_truncated,pure_native
INE002A01018/2012,INE002A01018,2012,46,native,page_kind:digital,0.0,True,0.0,,span_truncated,pure_native
INE002A01018/2012,INE002A01018,2012,47,native,page_kind:digital,0.0,True,0.0,,span_truncated,pure_native
INE002A01018/2012,INE002A01018,2012,48,native,page_kind:digital,0.0,True,0.0,,span_truncated,pure_native
INE002A01018/2012,INE002A01018,2012,49,native,page_kind:digital,0.0,True,0.0,,span_truncated,pure_native
INE002A01018/2012,INE002A01018,2012,50,native,page_kind:digital,0.0,True,0.0,,span_truncated,pure_native
INE002A01018/2012,INE002A01018,2012,51,native,page_kind:digital,0.0,True,0.0,,span_truncated,pure_native
INE002A01018/2012,INE002A01018,2012,52,native,page_kind:digital,0.0,True,0.0,,span_truncated,pure_native
INE002A01018/2012,INE002A01018,2012,53,native,page_kind:digital,0.0,True,0.0,,span_truncated,pure_native
INE002A01018/2012,INE002A01018,2012,54,native,page_kind:digital,0.0,True,0.0,,span_truncated,pure_native
INE002A01018/2012,INE002A01018,2012,55,native,page_kind:digital,0.0,True,0.0,,span_truncated,pure_native
INE002A01018/2012,INE002A01018,2012,56,native,page_kind:digital,0.0,True,0.0,,span_truncated,pure_native
INE002A01018/2012,INE002A01018,2012,57,native,page_kind:digital,0.0,True,0.0,,span_truncated,pure_native
INE154A01025/2012,INE154A01025,2012,49,native,page_kind:digital,,False,0.0185,,span_truncated,pure_native
INE154A01025/2012,INE154A01025,2012,50,native,page_kind:digital,0.0,True,0.0185,,span_truncated,pure_native
INE154A01025/2012,INE154A01025,2012,51,native,page_kind:digital,0.0,True,0.0185,,span_truncated,pure_native
INE154A01025/2012,INE154A01025,2012,52,native,page_kind:digital,0.0625,True,0.0185,True,span_truncated,pure_native
INE154A01025/2012,INE154A01025,2012,53,native,page_kind:digital,0.0,True,0.0185,,span_truncated,pure_native
INE154A01025/2012,INE154A01025,2012,54,native,page_kind:digital,0.0588,True,0.0185,True,span_truncated,pure_native
INE154A01025/2012,INE154A01025,2012,55,native,page_kind:digital,0.0,True,0.0185,,span_truncated,pure_native
INE154A01025/2012,INE154A01025,2012,56,native,page_kind:digital,0.0588,True,0.0185,True,span_truncated,pure_native
INE154A01025/2012,INE154A01025,2012,57,native,page_kind:digital,0.0,True,0.0185,,span_truncated,pure_native
INE154A01025/2012,INE154A01025,2012,58,native,page_kind:digital,0.0588,True,0.0185,True,span_truncated,pure_native
INE154A01025/2012,INE154A01025,2012,59,native,page_kind:digital,0.0,True,0.0185,,span_truncated,pure_native
INE154A01025/2012,INE154A01025,2012,60,native,page_kind:digital,0.0769,True,0.0185,True,span_truncated,pure_native
INE154A01025/2012,INE154A01025,2012,61,native,page_kind:digital,0.0,True,0.0185,,span_truncated,pure_native
INE154A01025/2012,INE154A01025,2012,62,native,page_kind:digital,0.0769,True,0.0185,True,span_truncated,pure_native
INE154A01025/2012,INE154A01025,2012,63,native,page_kind:digital,0.0,True,0.0185,,span_truncated,pure_native
INE154A01025/2012,INE154A01025,2012,64,native,page_kind:digital,0.0625,True,0.0185,True,span_truncated,pure_native
INE154A01025/2012,INE154A01025,2012,65,native,page_kind:digital,0.0,True,0.0185,,span_truncated,pure_native
INE154A01025/2012,INE154A01025,2012,66,native,page_kind:digital,0.0625,True,0.0185,True,span_truncated,pure_native
INE154A01025/2012,INE154A01025,2012,67,native,page_kind:digital,0.0625,True,0.0185,False,span_truncated,pure_native
INE154A01025/2012,INE154A01025,2012,68,native,page_kind:digital,0.0,True,0.0185,,span_truncated,pure_native
INE154A01025/2012,INE154A01025,2012,69,native,page_kind:digital,0.0,True,0.0185,,span_truncated,pure_native
INE154A01025/2012,INE154A01025,2012,70,native,page_kind:digital,0.0,True,0.0185,,span_truncated,pure_native
INE154A01025/2012,INE154A01025,2012,71,native,page_kind:digital,0.0,True,0.0185,,span_truncated,pure_native
INE154A01025/2012,INE154A01025,2012,72,native,page_kind:digital,0.0,True,0.0185,,span_truncated,pure_native
INE154A01025/2012,INE154A01025,2012,73,native,page_kind:digital,0.0,True,0.0185,,span_truncated,pure_native
INE154A01025/2012,INE154A01025,2012,74,native,page_kind:digital,0.0,True,0.0185,,span_truncated,pure_native
INE154A01025/2012,INE154A01025,2012,75,native,page_kind:digital,0.0,True,0.0185,,span_truncated,pure_native
INE154A01025/2012,INE154A01025,2012,76,native,page_kind:digital,0.0,True,0.0185,,span_truncated,pure_native
INE154A01025/2012,INE154A01025,2012,77,native,page_kind:digital,0.0,True,0.0185,,span_truncated,pure_native
INE154A01025/2012,INE154A01025,2012,78,native,page_kind:digital,0.0,True,0.0185,,span_truncated,pure_native
INE154A01025/2012,INE154A01025,2012,79,native,page_kind:digital,0.0,True,0.0185,,span_truncated,pure_native
INE154A01025/2012,INE154A01025,2012,80,native,page_kind:digital,0.0,True,0.0185,,span_truncated,pure_native
INE154A01025/2013,INE154A01025,2013,59,native,page_kind:digital,,False,0.0193,,span_truncated,pure_native
INE154A01025/2013,INE154A01025,2013,60,native,page_kind:digital,0.0,True,0.0193,,span_truncated,pure_native
INE154A01025/2013,INE154A01025,2013,61,native,page_kind:digital,0.0,True,0.0193,,span_truncated,pure_native
INE154A01025/2013,INE154A01025,2013,62,native,page_kind:digital,0.0667,True,0.0193,True,span_truncated,pure_native
INE154A01025/2013,INE154A01025,2013,63,native,page_kind:digital,0.0556,True,0.0193,True,span_truncated,pure_native
INE154A01025/2013,INE154A01025,2013,64,native,page_kind:digital,0.0385,True,0.0193,True,span_truncated,pure_native
INE154A01025/2013,INE154A01025,2013,65,native,page_kind:digital,0.0,True,0.0193,,span_truncated,pure_native
INE154A01025/2013,INE154A01025,2013,66,native,page_kind:digital,0.0588,True,0.0193,True,span_truncated,pure_native
INE154A01025/2013,INE154A01025,2013,67,native,page_kind:digital,0.0769,True,0.0193,True,span_truncated,pure_native
INE154A01025/2013,INE154A01025,2013,68,native,page_kind:digital,0.0714,True,0.0193,True,span_truncated,pure_native
INE154A01025/2013,INE154A01025,2013,69,native,page_kind:digital,0.125,True,0.0193,True,span_truncated,pure_native
INE154A01025/2013,INE154A01025,2013,70,native,page_kind:digital,0.0,True,0.0193,,span_truncated,pure_native
INE154A01025/2013,INE154A01025,2013,71,native,page_kind:digital,0.0,True,0.0193,,span_truncated,pure_native
INE154A01025/2013,INE154A01025,2013,72,native,page_kind:digital,0.0,True,0.0193,,span_truncated,pure_native
INE154A01025/2013,INE154A01025,2013,73,native,page_kind:digital,0.0588,True,0.0193,True,span_truncated,pure_native
INE154A01025/2013,INE154A01025,2013,74,native,page_kind:digital,0.0,True,0.0193,,span_truncated,pure_native
INE154A01025/2013,INE154A01025,2013,75,native,page_kind:digital,0.1,True,0.0193,False,span_truncated,pure_native
INE154A01025/2013,INE154A01025,2013,76,native,page_kind:digital,0.0769,True,0.0193,True,span_truncated,pure_native
INE154A01025/2013,INE154A01025,2013,77,native,page_kind:digital,0.0,True,0.0193,,span_truncated,pure_native
INE154A01025/2013,INE154A01025,2013,78,native,page_kind:digital,0.0667,True,0.0193,False,span_truncated,pure_native
INE154A01025/2013,INE154A01025,2013,79,native,page_kind:digital,0.0,True,0.0193,,span_truncated,pure_native
INE154A01025/2013,INE154A01025,2013,80,native,page_kind:digital,0.0,True,0.0193,,span_truncated,pure_native
INE154A01025/2013,INE154A01025,2013,81,native,page_kind:digital,0.0,True,0.0193,,span_truncated,pure_native
INE154A01025/2013,INE154A01025,2013,82,native,page_kind:digital,0.0,True,0.0193,,span_truncated,pure_native
INE154A01025/2013,INE154A01025,2013,83,native,page_kind:digital,0.0,True,0.0193,,span_truncated,pure_native
INE154A01025/2013,INE154A01025,2013,84,native,page_kind:digital,0.0,True,0.0193,,span_truncated,pure_native
INE154A01025/2013,INE154A01025,2013,85,native,page_kind:digital,0.0,True,0.0193,,span_truncated,pure_native
INE154A01025/2013,INE154A01025,2013,86,native,page_kind:digital,0.0,True,0.0193,,span_truncated,pure_native
INE154A01025/2013,INE154A01025,2013,87,native,page_kind:digital,0.0,True,0.0193,,span_truncated,pure_native
INE154A01025/2013,INE154A01025,2013,88,native,page_kind:digital,0.0,True,0.0193,,span_truncated,pure_native
INE154A01025/2013,INE154A01025,2013,89,native,page_kind:digital,0.0,True,0.0193,,span_truncated,pure_native
INE154A01025/2013,INE154A01025,2013,90,native,page_kind:digital,0.0,True,0.0193,,span_truncated,pure_native
INE154A01025/2013,INE154A01025,2013,91,native,page_kind:digital,0.0,True,0.0193,,span_truncated,pure_native
INE154A01025/2013,INE154A01025,2013,92,native,page_kind:digital,0.0,True,0.0193,,span_truncated,pure_native
INE154A01025/2013,INE154A01025,2013,93,native,page_kind:digital,0.0,True,0.0193,,span_truncated,pure_native
INE154A01025/2013,INE154A01025,2013,94,native,page_kind:digital,0.0,True,0.0193,,span_truncated,pure_native
INE154A01025/2013,INE154A01025,2013,95,native,page_kind:digital,0.0,True,0.0193,,span_truncated,pure_native
INE001F01019/2013,INE001F01019,2013,9,native,page_kind:digital,,False,0.0,,year_unproven;span_truncated,pure_native
INE001F01019/2013,INE001F01019,2013,10,native,page_kind:digital,0.0,True,0.0,,year_unproven;span_truncated,pure_native
INE081A01020/2012,INE081A01020,2012,88,native,page_kind:digital,,False,0.0155,,span_truncated,pure_native
INE081A01020/2012,INE081A01020,2012,89,native,page_kind:digital,0.0,True,0.0155,,span_truncated,pure_native
INE081A01020/2012,INE081A01020,2012,90,native,page_kind:digital,0.0,True,0.0155,,span_truncated,pure_native
INE081A01020/2012,INE081A01020,2012,91,native,page_kind:digital,0.0,True,0.0155,,span_truncated,pure_native
INE081A01020/2012,INE081A01020,2012,92,native,page_kind:digital,0.0,True,0.0155,,span_truncated,pure_native
INE081A01020/2012,INE081A01020,2012,93,native,page_kind:digital,0.0,True,0.0155,,span_truncated,pure_native
INE081A01020/2012,INE081A01020,2012,94,native,page_kind:digital,0.0769,True,0.0155,False,span_truncated,pure_native
INE081A01020/2012,INE081A01020,2012,95,native,page_kind:digital,0.0946,True,0.0155,False,span_truncated,pure_native
INE081A01020/2012,INE081A01020,2012,96,native,page_kind:digital,0.0,True,0.0155,,span_truncated,pure_native
INE081A01020/2012,INE081A01020,2012,97,native,page_kind:digital,0.0,True,0.0155,,span_truncated,pure_native
INE081A01020/2012,INE081A01020,2012,98,native,page_kind:digital,0.0,True,0.0155,,span_truncated,pure_native
INE081A01020/2012,INE081A01020,2012,99,native,page_kind:digital,0.0,True,0.0155,,span_truncated,pure_native
INE081A01020/2012,INE081A01020,2012,100,native,page_kind:digital,0.0,True,0.0155,,span_truncated,pure_native
INE081A01020/2012,INE081A01020,2012,101,native,page_kind:digital,0.0,True,0.0155,,span_truncated,pure_native
INE081A01020/2012,INE081A01020,2012,102,native,page_kind:digital,0.0,True,0.0155,,span_truncated,pure_native
INE081A01020/2012,INE081A01020,2012,103,native,page_kind:digital,0.0,True,0.0155,,span_truncated,pure_native
INE081A01020/2012,INE081A01020,2012,104,native,page_kind:digital,0.0278,True,0.0155,,span_truncated,pure_native
INE081A01020/2012,INE081A01020,2012,105,native,page_kind:digital,0.0357,True,0.0155,False,span_truncated,pure_native
INE081A01020/2012,INE081A01020,2012,106,native,page_kind:digital,0.0,True,0.0155,,span_truncated,pure_native
INE081A01020/2012,INE081A01020,2012,107,native,page_kind:digital,0.0959,True,0.0155,False,span_truncated,pure_native
INE081A01020/2012,INE081A01020,2012,108,native,page_kind:digital,0.0132,True,0.0155,,span_truncated,pure_native
INE081A01020/2012,INE081A01020,2012,109,native,page_kind:digital,0.0,True,0.0155,,span_truncated,pure_native
INE081A01020/2012,INE081A01020,2012,110,native,page_kind:digital,0.0,True,0.0155,,span_truncated,pure_native
INE081A01020/2012,INE081A01020,2012,111,native,page_kind:digital,0.0,True,0.0155,,span_truncated,pure_native
INE081A01020/2012,INE081A01020,2012,112,native,page_kind:digital,0.0,True,0.0155,,span_truncated,pure_native
INE081A01020/2012,INE081A01020,2012,113,native,page_kind:digital,0.0,True,0.0155,,span_truncated,pure_native
INE081A01020/2012,INE081A01020,2012,114,native,page_kind:digital,0.0,True,0.0155,,span_truncated,pure_native
INE081A01020/2012,INE081A01020,2012,115,native,page_kind:digital,0.0,True,0.0155,,span_truncated,pure_native
INE081A01020/2012,INE081A01020,2012,116,native,page_kind:digital,0.0465,True,0.0155,True,span_truncated,pure_native
INE081A01020/2012,INE081A01020,2012,117,native,page_kind:digital,0.0213,True,0.0155,,span_truncated,pure_native
INE081A01020/2012,INE081A01020,2012,118,native,page_kind:digital,0.0682,True,0.0155,True,span_truncated,pure_native
INE081A01020/2012,INE081A01020,2012,119,native,page_kind:digital,0.0256,True,0.0155,,span_truncated,pure_native
INE081A01020/2012,INE081A01020,2012,120,native,page_kind:digital,0.0,True,0.0155,,span_truncated,pure_native
INE081A01020/2012,INE081A01020,2012,121,native,page_kind:digital,0.0,True,0.0155,,span_truncated,pure_native
INE081A01020/2012,INE081A01020,2012,122,native,page_kind:digital,0.0,True,0.0155,,span_truncated,pure_native
INE081A01020/2012,INE081A01020,2012,123,native,page_kind:digital,0.0217,True,0.0155,,span_truncated,pure_native
INE081A01020/2012,INE081A01020,2012,124,native,page_kind:digital,0.0,True,0.0155,,span_truncated,pure_native
INE081A01020/2012,INE081A01020,2012,125,native,page_kind:digital,0.0,True,0.0155,,span_truncated,pure_native
INE081A01020/2012,INE081A01020,2012,126,native,page_kind:digital,0.0,True,0.0155,,span_truncated,pure_native
INE081A01020/2012,INE081A01020,2012,127,native,page_kind:digital,0.1071,True,0.0155,True,span_truncated,pure_native
INE081A01020/2012,INE081A01020,2012,128,native,page_kind:digital,0.0,True,0.0155,,span_truncated,pure_native
INE081A01020/2012,INE081A01020,2012,129,native,page_kind:digital,0.0,True,0.0155,,span_truncated,pure_native
INE081A01020/2012,INE081A01020,2012,130,native,page_kind:digital,0.0,True,0.0155,,span_truncated,pure_native
INE081A01020/2012,INE081A01020,2012,131,native,page_kind:digital,0.0,True,0.0155,,span_truncated,pure_native
INE081A01020/2012,INE081A01020,2012,132,native,page_kind:digital,0.0588,True,0.0155,True,span_truncated,pure_native
INE003B01014/2013,INE003B01014,2013,17,native,page_kind:digital,,False,0.0,,,pure_native
INE001B01026/2012,INE001B01026,2012,9,native,page_kind:digital,,False,0.0384,,source_shredded,pure_native
INE001B01026/2012,INE001B01026,2012,10,native,page_kind:digital,0.0,True,0.0384,,source_shredded,pure_native
INE001B01026/2012,INE001B01026,2012,11,native,page_kind:digital,0.0,True,0.0384,,source_shredded,pure_native
INE001B01026/2012,INE001B01026,2012,12,native,page_kind:digital,0.0,True,0.0384,,source_shredded,pure_native
INE001B01026/2012,INE001B01026,2012,13,native,page_kind:digital,0.0,True,0.0384,,source_shredded,pure_native
INE001B01026/2012,INE001B01026,2012,14,native,page_kind:digital,0.102,True,0.0384,True,source_shredded,pure_native
INE001B01026/2012,INE001B01026,2012,15,native,page_kind:digital,0.0,True,0.0384,,source_shredded,pure_native
INE001B01026/2012,INE001B01026,2012,16,native,page_kind:digital,0.0,True,0.0384,,source_shredded,pure_native
INE001B01026/2012,INE001B01026,2012,17,native,page_kind:digital,0.1928,True,0.0384,True,source_shredded,pure_native
INE001B01026/2012,INE001B01026,2012,18,native,page_kind:digital,0.1687,True,0.0384,True,source_shredded,pure_native
INE001B01026/2012,INE001B01026,2012,19,native,page_kind:digital,0.0,True,0.0384,,source_shredded,pure_native
INE001B01026/2012,INE001B01026,2012,20,native,page_kind:digital,0.0,True,0.0384,,source_shredded,pure_native
INE001B01026/2012,INE001B01026,2012,21,native,page_kind:digital,0.0,True,0.0384,,source_shredded,pure_native
INE001B01026/2012,INE001B01026,2012,22,native,page_kind:digital,0.0,True,0.0384,,source_shredded,pure_native
INE001B01026/2012,INE001B01026,2012,23,native,page_kind:digital,0.0,True,0.0384,,source_shredded,pure_native
INE001B01026/2012,INE001B01026,2012,24,native,page_kind:digital,0.0,True,0.0384,,source_shredded,pure_native
INE001B01026/2012,INE001B01026,2012,25,native,page_kind:digital,0.0179,True,0.0384,,source_shredded,pure_native
INE044A01036/2013,INE044A01036,2013,5,native,page_kind:digital,,False,0.0838,,source_shredded;span_truncated,pure_native
INE044A01036/2013,INE044A01036,2013,6,native,page_kind:digital,0.0,True,0.0838,,source_shredded;span_truncated,pure_native
INE044A01036/2013,INE044A01036,2013,7,native,page_kind:digital,0.0,True,0.0838,,source_shredded;span_truncated,pure_native
INE044A01036/2013,INE044A01036,2013,8,native,page_kind:digital,0.0,True,0.0838,,source_shredded;span_truncated,pure_native
INE044A01036/2013,INE044A01036,2013,9,native,page_kind:digital,0.0,True,0.0838,,source_shredded;span_truncated,pure_native
INE044A01036/2013,INE044A01036,2013,10,native,page_kind:digital,0.0,True,0.0838,,source_shredded;span_truncated,pure_native
INE044A01036/2013,INE044A01036,2013,11,native,page_kind:digital,0.0,True,0.0838,,source_shredded;span_truncated,pure_native
INE044A01036/2013,INE044A01036,2013,12,native,page_kind:digital,0.1875,True,0.0838,True,source_shredded;span_truncated,pure_native
INE044A01036/2013,INE044A01036,2013,13,native,page_kind:digital,0.0,True,0.0838,,source_shredded;span_truncated,pure_native
INE044A01036/2013,INE044A01036,2013,14,native,page_kind:digital,0.0,True,0.0838,,source_shredded;span_truncated,pure_native
INE044A01036/2013,INE044A01036,2013,15,native,page_kind:digital,0.0606,True,0.0838,True,source_shredded;span_truncated,pure_native
INE044A01036/2013,INE044A01036,2013,16,native,page_kind:digital,0.4359,True,0.0838,False,source_shredded;span_truncated,pure_native
INE044A01036/2013,INE044A01036,2013,17,native,page_kind:digital,0.0882,True,0.0838,True,source_shredded;span_truncated,pure_native
INE044A01036/2013,INE044A01036,2013,18,native,page_kind:digital,0.0,True,0.0838,,source_shredded;span_truncated,pure_native
INE044A01036/2013,INE044A01036,2013,19,native,page_kind:digital,0.0,True,0.0838,,source_shredded;span_truncated,pure_native
INE044A01036/2013,INE044A01036,2013,20,native,page_kind:digital,0.0,True,0.0838,,source_shredded;span_truncated,pure_native
INE044A01036/2013,INE044A01036,2013,21,native,page_kind:digital,0.0,True,0.0838,,source_shredded;span_truncated,pure_native
INE044A01036/2013,INE044A01036,2013,22,native,page_kind:digital,0.0,True,0.0838,,source_shredded;span_truncated,pure_native
INE044A01036/2013,INE044A01036,2013,23,native,page_kind:digital,0.0,True,0.0838,,source_shredded;span_truncated,pure_native
INE044A01036/2013,INE044A01036,2013,24,native,page_kind:digital,0.0,True,0.0838,,source_shredded;span_truncated,pure_native
INE044A01036/2013,INE044A01036,2013,25,native,page_kind:digital,0.12,True,0.0838,True,source_shredded;span_truncated,pure_native
INE044A01036/2013,INE044A01036,2013,26,native,page_kind:digital,0.0667,True,0.0838,True,source_shredded;span_truncated,pure_native
INE044A01036/2013,INE044A01036,2013,27,native,page_kind:digital,0.0882,True,0.0838,True,source_shredded;span_truncated,pure_native
INE044A01036/2013,INE044A01036,2013,28,native,page_kind:digital,0.1333,True,0.0838,False,source_shredded;span_truncated,pure_native
INE044A01036/2013,INE044A01036,2013,29,native,page_kind:digital,0.1515,True,0.0838,True,source_shredded;span_truncated,pure_native
INE044A01036/2013,INE044A01036,2013,30,native,page_kind:digital,0.2059,True,0.0838,True,source_shredded;span_truncated,pure_native
INE044A01036/2013,INE044A01036,2013,31,native,page_kind:digital,0.0,True,0.0838,,source_shredded;span_truncated,pure_native
INE044A01036/2013,INE044A01036,2013,32,native,page_kind:digital,0.0,True,0.0838,,source_shredded;span_truncated,pure_native
INE044A01036/2013,INE044A01036,2013,33,native,page_kind:digital,0.0,True,0.0838,,source_shredded;span_truncated,pure_native
INE001F01019/2012,INE001F01019,2012,5,native,page_kind:digital,,False,0.0,,year_unproven;span_truncated,pure_native
INE001F01019/2012,INE001F01019,2012,6,native,page_kind:digital,0.0,True,0.0,,year_unproven;span_truncated,pure_native
INE081A01020/2013,INE081A01020,2013,56,native,page_kind:digital,,False,0.0387,,source_shredded;span_truncated,mixed
INE081A01020/2013,INE081A01020,2013,57,native,page_kind:digital,0.0,True,0.0387,,source_shredded;span_truncated,mixed
INE081A01020/2013,INE081A01020,2013,58,native,page_kind:digital,0.0127,True,0.0387,,source_shredded;span_truncated,mixed
INE081A01020/2013,INE081A01020,2013,59,ocr,ocr_stats:words=559,0.0294,True,0.0387,,source_shredded;span_truncated,mixed
INE081A01020/2013,INE081A01020,2013,60,native,page_kind:digital,0.0312,True,0.0387,False,source_shredded;span_truncated,mixed
INE081A01020/2013,INE081A01020,2013,61,native,page_kind:digital,0.0317,True,0.0387,False,source_shredded;span_truncated,mixed
INE081A01020/2013,INE081A01020,2013,62,native,page_kind:digital,0.1688,True,0.0387,False,source_shredded;span_truncated,mixed
INE081A01020/2013,INE081A01020,2013,63,native,page_kind:digital,0.0959,True,0.0387,False,source_shredded;span_truncated,mixed
INE081A01020/2013,INE081A01020,2013,64,native,page_kind:digital,0.1231,True,0.0387,False,source_shredded;span_truncated,mixed
INE081A01020/2013,INE081A01020,2013,65,ocr,ocr_stats:words=588,0.0933,True,0.0387,False,source_shredded;span_truncated,mixed
INE081A01020/2013,INE081A01020,2013,66,native,page_kind:digital,0.0,True,0.0387,,source_shredded;span_truncated,mixed
INE081A01020/2013,INE081A01020,2013,67,native,page_kind:digital,0.0,True,0.0387,,source_shredded;span_truncated,mixed
INE081A01020/2013,INE081A01020,2013,68,native,page_kind:digital,0.0,True,0.0387,,source_shredded;span_truncated,mixed
INE081A01020/2013,INE081A01020,2013,69,native,page_kind:digital,0.1194,True,0.0387,False,source_shredded;span_truncated,mixed
INE081A01020/2013,INE081A01020,2013,70,native,page_kind:digital,0.1,True,0.0387,False,source_shredded;span_truncated,mixed
INE081A01020/2013,INE081A01020,2013,71,native,page_kind:digital,0.0169,True,0.0387,,source_shredded;span_truncated,mixed
INE081A01020/2013,INE081A01020,2013,72,native,page_kind:digital,0.0769,True,0.0387,False,source_shredded;span_truncated,mixed
INE081A01020/2013,INE081A01020,2013,73,native,page_kind:digital,0.0333,True,0.0387,False,source_shredded;span_truncated,mixed
INE081A01020/2013,INE081A01020,2013,74,native,page_kind:digital,0.08,True,0.0387,False,source_shredded;span_truncated,mixed
INE081A01020/2013,INE081A01020,2013,75,native,page_kind:digital,0.0784,True,0.0387,False,source_shredded;span_truncated,mixed
INE081A01020/2013,INE081A01020,2013,76,native,page_kind:digital,0.0,True,0.0387,,source_shredded;span_truncated,mixed
INE081A01020/2013,INE081A01020,2013,77,native,page_kind:digital,0.0,True,0.0387,,source_shredded;span_truncated,mixed
INE081A01020/2013,INE081A01020,2013,78,native,page_kind:digital,0.1299,True,0.0387,False,source_shredded;span_truncated,mixed
INE081A01020/2013,INE081A01020,2013,79,native,page_kind:digital,0.0,True,0.0387,,source_shredded;span_truncated,mixed
INE081A01020/2013,INE081A01020,2013,80,native,page_kind:digital,0.0517,True,0.0387,True,source_shredded;span_truncated,mixed
INE081A01020/2013,INE081A01020,2013,81,native,page_kind:digital,0.0,True,0.0387,,source_shredded;span_truncated,mixed
INE081A01020/2013,INE081A01020,2013,82,native,page_kind:digital,0.0,True,0.0387,,source_shredded;span_truncated,mixed
INE081A01020/2013,INE081A01020,2013,83,native,page_kind:digital,0.0,True,0.0387,,source_shredded;span_truncated,mixed
INE081A01020/2013,INE081A01020,2013,84,native,page_kind:digital,0.0,True,0.0387,,source_shredded;span_truncated,mixed
INE081A01020/2013,INE081A01020,2013,85,native,page_kind:digital,0.0238,True,0.0387,,source_shredded;span_truncated,mixed
INE081A01020/2013,INE081A01020,2013,86,native,page_kind:digital,0.0351,True,0.0387,True,source_shredded;span_truncated,mixed
INE081A01020/2013,INE081A01020,2013,87,native,page_kind:digital,0.0364,True,0.0387,True,source_shredded;span_truncated,mixed
INE081A01020/2013,INE081A01020,2013,88,native,page_kind:digital,0.0784,True,0.0387,True,source_shredded;span_truncated,mixed
INE081A01020/2013,INE081A01020,2013,89,native,page_kind:digital,0.0,True,0.0387,,source_shredded;span_truncated,mixed
INE081A01020/2013,INE081A01020,2013,90,native,page_kind:digital,0.0,True,0.0387,,source_shredded;span_truncated,mixed
INE081A01020/2013,INE081A01020,2013,91,native,page_kind:digital,0.0,True,0.0387,,source_shredded;span_truncated,mixed
INE081A01020/2013,INE081A01020,2013,92,native,page_kind:digital,0.0,True,0.0387,,source_shredded;span_truncated,mixed
INE081A01020/2013,INE081A01020,2013,93,native,page_kind:digital,0.0,True,0.0387,,source_shredded;span_truncated,mixed
INE081A01020/2013,INE081A01020,2013,94,native,page_kind:digital,0.0,True,0.0387,,source_shredded;span_truncated,mixed
INE081A01020/2013,INE081A01020,2013,95,native,page_kind:digital,0.0,True,0.0387,,source_shredded;span_truncated,mixed
INE081A01020/2013,INE081A01020,2013,96,native,page_kind:digital,0.0263,True,0.0387,,source_shredded;span_truncated,mixed
INE081A01020/2013,INE081A01020,2013,97,native,page_kind:digital,0.027,True,0.0387,,source_shredded;span_truncated,mixed
INE081A01020/2013,INE081A01020,2013,98,native,page_kind:digital,0.0,True,0.0387,,source_shredded;span_truncated,mixed
INE081A01020/2013,INE081A01020,2013,99,native,page_kind:digital,0.0,True,0.0387,,source_shredded;span_truncated,mixed
INE081A01020/2013,INE081A01020,2013,100,native,page_kind:digital,0.0667,True,0.0387,True,source_shredded;span_truncated,mixed
INE004E01016/2012,INE004E01016,2012,11,native,page_kind:digital,,False,0.0526,,identity_unproven;source_shredded;span_truncated,pure_native
INE004E01016/2012,INE004E01016,2012,12,native,page_kind:digital,0.0,True,0.0526,,identity_unproven;source_shredded;span_truncated,pure_native
INE004E01016/2013,INE004E01016,2013,11,native,page_kind:digital,,False,0.0,,identity_unproven;span_truncated,pure_native
INE004E01016/2013,INE004E01016,2013,12,native,page_kind:digital,0.0,True,0.0,,identity_unproven;span_truncated,pure_native
INE005E01013/2012,INE005E01013,2012,13,native,page_kind:digital,,False,0.0208,,span_truncated,pure_native
INE005E01013/2012,INE005E01013,2012,14,native,page_kind:digital,0.0,True,0.0208,,span_truncated,pure_native
INE005E01013/2012,INE005E01013,2012,15,native,page_kind:digital,0.0625,True,0.0208,True,span_truncated,pure_native
INE005E01013/2013,INE005E01013,2013,19,native,page_kind:digital,,False,0.0231,,section_leak;span_truncated,pure_native
INE005E01013/2013,INE005E01013,2013,20,native,page_kind:digital,0.0,True,0.0231,,section_leak;span_truncated,pure_native
INE005E01013/2013,INE005E01013,2013,21,native,page_kind:digital,0.0,True,0.0231,,section_leak;span_truncated,pure_native
INE005E01013/2013,INE005E01013,2013,22,native,page_kind:digital,0.0,True,0.0231,,section_leak;span_truncated,pure_native
INE005E01013/2013,INE005E01013,2013,23,native,page_kind:digital,0.0,True,0.0231,,section_leak;span_truncated,pure_native
INE005E01013/2013,INE005E01013,2013,24,native,page_kind:digital,0.0,True,0.0231,,section_leak;span_truncated,pure_native
INE005E01013/2013,INE005E01013,2013,25,native,page_kind:digital,0.0217,True,0.0231,,section_leak;span_truncated,pure_native
INE005E01013/2013,INE005E01013,2013,26,native,page_kind:digital,0.0909,True,0.0231,True,section_leak;span_truncated,pure_native
INE005E01013/2013,INE005E01013,2013,27,native,page_kind:digital,0.0732,True,0.0231,True,section_leak;span_truncated,pure_native
INE005E01013/2013,INE005E01013,2013,28,native,page_kind:digital,0.0526,True,0.0231,True,section_leak;span_truncated,pure_native
INE005E01013/2013,INE005E01013,2013,29,native,page_kind:digital,0.0,True,0.0231,,section_leak;span_truncated,pure_native
INE005E01013/2013,INE005E01013,2013,30,native,page_kind:digital,0.0286,True,0.0231,,section_leak;span_truncated,pure_native
INE005E01013/2013,INE005E01013,2013,31,native,page_kind:digital,0.0,True,0.0231,,section_leak;span_truncated,pure_native
INE005E01013/2013,INE005E01013,2013,32,native,page_kind:digital,0.0,True,0.0231,,section_leak;span_truncated,pure_native
INE005E01013/2013,INE005E01013,2013,33,native,page_kind:digital,0.0,True,0.0231,,section_leak;span_truncated,pure_native
INE005E01013/2013,INE005E01013,2013,34,native,page_kind:digital,0.0,True,0.0231,,section_leak;span_truncated,pure_native
INE005E01013/2013,INE005E01013,2013,35,native,page_kind:digital,0.0,True,0.0231,,section_leak;span_truncated,pure_native
INE005E01013/2013,INE005E01013,2013,36,native,page_kind:digital,0.0,True,0.0231,,section_leak;span_truncated,pure_native
INE001O01029/2013,INE001O01029,2013,7,native,page_kind:digital,,False,0.0,,,pure_native
INE001O01029/2012,INE001O01029,2012,8,native,page_kind:digital,,False,0.0,,year_unproven;span_truncated,pure_native
INE001O01029/2012,INE001O01029,2012,9,native,page_kind:digital,0.0,True,0.0,,year_unproven;span_truncated,pure_native
INE002L01015/2013,INE002L01015,2013,13,native,page_kind:digital,,False,0.0,,span_truncated,pure_native
INE002L01015/2013,INE002L01015,2013,14,native,page_kind:digital,0.0,True,0.0,,span_truncated,pure_native
INE002L01015/2013,INE002L01015,2013,15,native,page_kind:digital,0.0,True,0.0,,span_truncated,pure_native
INE002L01015/2013,INE002L01015,2013,16,native,page_kind:digital,0.0,True,0.0,,span_truncated,pure_native
INE006C01015/2013,INE006C01015,2013,5,native,page_kind:digital,,False,0.0,,,pure_native
INE001B01026/2013,INE001B01026,2013,13,ocr,ocr_stats:words=4,,False,0.023,,,mixed
INE001B01026/2013,INE001B01026,2013,14,native,page_kind:digital,,False,0.023,,,mixed
INE001B01026/2013,INE001B01026,2013,15,native,page_kind:digital,0.0,True,0.023,,,mixed
INE001B01026/2013,INE001B01026,2013,16,native,page_kind:digital,0.0,True,0.023,,,mixed
INE001B01026/2013,INE001B01026,2013,17,native,page_kind:digital,0.0,True,0.023,,,mixed
INE001B01026/2013,INE001B01026,2013,18,ocr,ocr_stats:words=582,0.0,True,0.023,,,mixed
INE001B01026/2013,INE001B01026,2013,19,native,page_kind:digital,0.0312,True,0.023,False,,mixed
INE001B01026/2013,INE001B01026,2013,20,native,page_kind:digital,0.0,True,0.023,,,mixed
INE001B01026/2013,INE001B01026,2013,21,ocr,ocr_stats:words=655,0.0,True,0.023,,,mixed
INE001B01026/2013,INE001B01026,2013,22,ocr,ocr_stats:words=682,0.0816,True,0.023,False,,mixed
INE001B01026/2013,INE001B01026,2013,23,ocr,ocr_stats:words=706,0.0625,True,0.023,False,,mixed
INE001B01026/2013,INE001B01026,2013,24,native,page_kind:digital,0.0179,True,0.023,,,mixed
INE001B01026/2013,INE001B01026,2013,25,native,page_kind:digital,0.0,True,0.023,,,mixed
INE001B01026/2013,INE001B01026,2013,26,native,page_kind:digital,0.0667,True,0.023,False,,mixed
INE001B01026/2013,INE001B01026,2013,27,native,page_kind:digital,0.0,True,0.023,,,mixed
INE001B01026/2013,INE001B01026,2013,28,native,page_kind:digital,0.0,True,0.023,,,mixed
INE002B01016/2013,INE002B01016,2013,19,native,page_kind:digital,,False,0.0,,year_unproven;span_truncated,pure_native
INE002B01016/2013,INE002B01016,2013,20,native,page_kind:digital,0.0,True,0.0,,year_unproven;span_truncated,pure_native
INE002B01016/2013,INE002B01016,2013,21,native,page_kind:digital,0.0,True,0.0,,year_unproven;span_truncated,pure_native
INE002B01016/2012,INE002B01016,2012,22,native,page_kind:digital,,False,0.0,,year_unproven;span_truncated,pure_native
INE002B01016/2012,INE002B01016,2012,23,native,page_kind:digital,0.0,True,0.0,,year_unproven;span_truncated,pure_native
INE002B01016/2012,INE002B01016,2012,24,native,page_kind:digital,0.0,True,0.0,,year_unproven;span_truncated,pure_native
INE006C01015/2012,INE006C01015,2012,8,native,page_kind:digital,,False,0.0,,span_truncated,pure_native
INE006C01015/2012,INE006C01015,2012,9,native,page_kind:digital,0.0,True,0.0,,span_truncated,pure_native
INE006C01015/2012,INE006C01015,2012,10,native,page_kind:digital,0.0,True,0.0,,span_truncated,pure_native
INE006C01015/2012,INE006C01015,2012,11,native,page_kind:digital,0.0,True,0.0,,span_truncated,pure_native
INE002E01010/2012,INE002E01010,2012,11,native,page_kind:digital,,False,0.0,,,pure_native
INE006I01046/2013,INE006I01046,2013,24,native,page_kind:digital,,False,0.0,,span_truncated,pure_native
INE006I01046/2013,INE006I01046,2013,25,native,page_kind:digital,0.0,True,0.0,,span_truncated,pure_native
INE006I01046/2013,INE006I01046,2013,26,native,page_kind:digital,0.0,True,0.0,,span_truncated,pure_native
INE006I01046/2013,INE006I01046,2013,27,native,page_kind:digital,0.0,True,0.0,,span_truncated,pure_native
INE006I01046/2012,INE006I01046,2012,24,native,page_kind:digital,,False,0.0,,span_truncated,pure_native
INE006I01046/2012,INE006I01046,2012,25,native,page_kind:digital,0.0,True,0.0,,span_truncated,pure_native
INE006I01046/2012,INE006I01046,2012,26,native,page_kind:digital,0.0,True,0.0,,span_truncated,pure_native
INE006I01046/2012,INE006I01046,2012,27,native,page_kind:digital,0.0,True,0.0,,span_truncated,pure_native
INE151A01013/2013,INE151A01013,2013,14,native,page_kind:digital,,False,0.0163,,,pure_native
INE151A01013/2013,INE151A01013,2013,15,native,page_kind:digital,0.0,True,0.0163,,,pure_native
INE151A01013/2013,INE151A01013,2013,16,native,page_kind:digital,0.0,True,0.0163,,,pure_native
INE151A01013/2013,INE151A01013,2013,17,native,page_kind:digital,0.0,True,0.0163,,,pure_native
INE151A01013/2013,INE151A01013,2013,18,native,page_kind:digital,0.0,True,0.0163,,,pure_native
INE151A01013/2013,INE151A01013,2013,19,native,page_kind:digital,0.0,True,0.0163,,,pure_native
INE151A01013/2013,INE151A01013,2013,20,native,page_kind:digital,0.0,True,0.0163,,,pure_native
INE151A01013/2013,INE151A01013,2013,21,native,page_kind:digital,0.0,True,0.0163,,,pure_native
INE151A01013/2013,INE151A01013,2013,22,native,page_kind:digital,0.0,True,0.0163,,,pure_native
INE151A01013/2013,INE151A01013,2013,23,native,page_kind:digital,0.15,True,0.0163,False,,pure_native
INE151A01013/2013,INE151A01013,2013,24,native,page_kind:digital,0.0,True,0.0163,,,pure_native
INE007A01025/2013,INE007A01025,2013,67,native,page_kind:digital,,False,0.0,,year_unproven;span_truncated,pure_native
INE044A01036/2012,INE044A01036,2012,9,native,page_kind:digital,,False,0.0168,,span_truncated,mixed
INE044A01036/2012,INE044A01036,2012,10,ocr,ocr_stats:words=462,0.0,True,0.0168,,span_truncated,mixed
INE044A01036/2012,INE044A01036,2012,11,native,page_kind:digital,0.0625,True,0.0168,False,span_truncated,mixed
INE044A01036/2012,INE044A01036,2012,12,ocr,ocr_stats:words=183,0.0417,True,0.0168,True,span_truncated,mixed
INE044A01036/2012,INE044A01036,2012,13,native,page_kind:digital,0.1667,True,0.0168,True,span_truncated,mixed
INE044A01036/2012,INE044A01036,2012,14,ocr,ocr_stats:words=290,0.0,True,0.0168,,span_truncated,mixed
INE044A01036/2012,INE044A01036,2012,15,ocr,ocr_stats:words=420,0.0,True,0.0168,,span_truncated,mixed
INE044A01036/2012,INE044A01036,2012,16,ocr,ocr_stats:words=348,0.0,True,0.0168,,span_truncated,mixed
INE044A01036/2012,INE044A01036,2012,17,ocr,ocr_stats:words=466,0.0,True,0.0168,,span_truncated,mixed
INE044A01036/2012,INE044A01036,2012,18,ocr,ocr_stats:words=546,0.0,True,0.0168,,span_truncated,mixed
INE044A01036/2012,INE044A01036,2012,19,native,page_kind:digital,0.0,True,0.0168,,span_truncated,mixed
INE044A01036/2012,INE044A01036,2012,20,ocr,ocr_stats:words=235,0.0,True,0.0168,,span_truncated,mixed
INE044A01036/2012,INE044A01036,2012,21,ocr,ocr_stats:words=134,0.0952,True,0.0168,True,span_truncated,mixed
INE044A01036/2012,INE044A01036,2012,22,ocr,ocr_stats:words=315,0.0,True,0.0168,,span_truncated,mixed
INE044A01036/2012,INE044A01036,2012,23,ocr,ocr_stats:words=291,0.0,True,0.0168,,span_truncated,mixed
INE044A01036/2012,INE044A01036,2012,24,ocr,ocr_stats:words=367,0.0,True,0.0168,,span_truncated,mixed
INE044A01036/2012,INE044A01036,2012,25,ocr,ocr_stats:words=387,0.05,True,0.0168,False,span_truncated,mixed
INE044A01036/2012,INE044A01036,2012,26,ocr,ocr_stats:words=274,0.0,True,0.0168,,span_truncated,mixed
INE044A01036/2012,INE044A01036,2012,27,ocr,ocr_stats:words=353,0.0,True,0.0168,,span_truncated,mixed
INE044A01036/2012,INE044A01036,2012,28,ocr,ocr_stats:words=499,0.0,True,0.0168,,span_truncated,mixed
INE044A01036/2012,INE044A01036,2012,29,ocr,ocr_stats:words=334,0.0,True,0.0168,,span_truncated,mixed
INE151A01013/2012,INE151A01013,2012,14,native,page_kind:digital,,False,0.014,,,pure_native
INE151A01013/2012,INE151A01013,2012,15,native,page_kind:digital,0.0,True,0.014,,,pure_native
INE151A01013/2012,INE151A01013,2012,16,native,page_kind:digital,0.0,True,0.014,,,pure_native
INE151A01013/2012,INE151A01013,2012,17,native,page_kind:digital,0.0,True,0.014,,,pure_native
INE151A01013/2012,INE151A01013,2012,18,native,page_kind:digital,0.0,True,0.014,,,pure_native
INE151A01013/2012,INE151A01013,2012,19,native,page_kind:digital,0.0,True,0.014,,,pure_native
INE151A01013/2012,INE151A01013,2012,20,native,page_kind:digital,0.05,True,0.014,False,,pure_native
INE151A01013/2012,INE151A01013,2012,21,native,page_kind:digital,0.0,True,0.014,,,pure_native
INE007A01025/2012,INE007A01025,2012,60,native,page_kind:digital,,False,0.0,,year_unproven;span_truncated,pure_native
INE007A01025/2012,INE007A01025,2012,61,native,page_kind:digital,0.0,True,0.0,,year_unproven;span_truncated,pure_native
INE007A01025/2012,INE007A01025,2012,62,native,page_kind:digital,0.0,True,0.0,,year_unproven;span_truncated,pure_native
INE171A01029/2012,INE171A01029,2012,22,native,page_kind:digital,,False,0.0691,,section_leak;order_scrambled;span_truncated,pure_native
INE171A01029/2012,INE171A01029,2012,23,native,page_kind:digital,0.0,True,0.0691,,section_leak;order_scrambled;span_truncated,pure_native
INE171A01029/2012,INE171A01029,2012,24,native,page_kind:digital,0.0,True,0.0691,,section_leak;order_scrambled;span_truncated,pure_native
INE171A01029/2012,INE171A01029,2012,25,native,page_kind:digital,0.0769,True,0.0691,True,section_leak;order_scrambled;span_truncated,pure_native
INE171A01029/2012,INE171A01029,2012,26,native,page_kind:digital,0.0769,True,0.0691,True,section_leak;order_scrambled;span_truncated,pure_native
INE171A01029/2012,INE171A01029,2012,27,native,page_kind:digital,0.2381,True,0.0691,True,section_leak;order_scrambled;span_truncated,pure_native
INE171A01029/2012,INE171A01029,2012,28,native,page_kind:digital,0.0,True,0.0691,,section_leak;order_scrambled;span_truncated,pure_native
INE171A01029/2012,INE171A01029,2012,29,native,page_kind:digital,0.0556,True,0.0691,True,section_leak;order_scrambled;span_truncated,pure_native
INE171A01029/2012,INE171A01029,2012,30,native,page_kind:digital,0.0,True,0.0691,,section_leak;order_scrambled;span_truncated,pure_native
INE171A01029/2012,INE171A01029,2012,31,native,page_kind:digital,0.0769,True,0.0691,True,section_leak;order_scrambled;span_truncated,pure_native
INE171A01029/2012,INE171A01029,2012,32,native,page_kind:digital,0.0,True,0.0691,,section_leak;order_scrambled;span_truncated,pure_native
INE171A01029/2012,INE171A01029,2012,33,native,page_kind:digital,0.0714,True,0.0691,True,section_leak;order_scrambled;span_truncated,pure_native
INE171A01029/2012,INE171A01029,2012,34,native,page_kind:digital,0.375,True,0.0691,True,section_leak;order_scrambled;span_truncated,pure_native
INE171A01029/2012,INE171A01029,2012,35,native,page_kind:digital,0.1875,True,0.0691,True,section_leak;order_scrambled;span_truncated,pure_native
INE171A01029/2012,INE171A01029,2012,36,native,page_kind:digital,0.0,True,0.0691,,section_leak;order_scrambled;span_truncated,pure_native
INE171A01029/2012,INE171A01029,2012,37,native,page_kind:digital,0.0,True,0.0691,,section_leak;order_scrambled;span_truncated,pure_native
INE171A01029/2012,INE171A01029,2012,38,native,page_kind:digital,0.0952,True,0.0691,True,section_leak;order_scrambled;span_truncated,pure_native
INE171A01029/2012,INE171A01029,2012,39,native,page_kind:digital,0.0526,True,0.0691,True,section_leak;order_scrambled;span_truncated,pure_native
INE171A01029/2012,INE171A01029,2012,40,native,page_kind:digital,0.0,True,0.0691,,section_leak;order_scrambled;span_truncated,pure_native
INE171A01029/2012,INE171A01029,2012,41,native,page_kind:digital,0.3529,True,0.0691,True,section_leak;order_scrambled;span_truncated,pure_native
INE171A01029/2012,INE171A01029,2012,42,native,page_kind:digital,0.3548,True,0.0691,True,section_leak;order_scrambled;span_truncated,pure_native
INE171A01029/2012,INE171A01029,2012,43,native,page_kind:digital,0.125,True,0.0691,True,section_leak;order_scrambled;span_truncated,pure_native
INE171A01029/2012,INE171A01029,2012,44,native,page_kind:digital,0.0,True,0.0691,,section_leak;order_scrambled;span_truncated,pure_native
INE171A01029/2012,INE171A01029,2012,45,native,page_kind:digital,0.0,True,0.0691,,section_leak;order_scrambled;span_truncated,pure_native
INE171A01029/2012,INE171A01029,2012,46,native,page_kind:digital,0.0,True,0.0691,,section_leak;order_scrambled;span_truncated,pure_native
INE171A01029/2012,INE171A01029,2012,47,native,page_kind:digital,0.0,True,0.0691,,section_leak;order_scrambled;span_truncated,pure_native
INE171A01029/2012,INE171A01029,2012,48,native,page_kind:digital,0.0,True,0.0691,,section_leak;order_scrambled;span_truncated,pure_native
INE171A01029/2012,INE171A01029,2012,49,native,page_kind:digital,0.0312,True,0.0691,True,section_leak;order_scrambled;span_truncated,pure_native
INE171A01029/2012,INE171A01029,2012,50,native,page_kind:digital,0.0417,True,0.0691,True,section_leak;order_scrambled;span_truncated,pure_native
INE171A01029/2012,INE171A01029,2012,51,native,page_kind:digital,0.0,True,0.0691,,section_leak;order_scrambled;span_truncated,pure_native
INE171A01029/2012,INE171A01029,2012,52,native,page_kind:digital,0.0,True,0.0691,,section_leak;order_scrambled;span_truncated,pure_native
INE171A01029/2012,INE171A01029,2012,53,native,page_kind:digital,0.0833,True,0.0691,True,section_leak;order_scrambled;span_truncated,pure_native
INE171A01029/2012,INE171A01029,2012,54,native,page_kind:digital,0.0,True,0.0691,,section_leak;order_scrambled;span_truncated,pure_native
INE171A01029/2012,INE171A01029,2012,55,native,page_kind:digital,0.0,True,0.0691,,section_leak;order_scrambled;span_truncated,pure_native
INE171A01029/2012,INE171A01029,2012,56,native,page_kind:digital,0.0,True,0.0691,,section_leak;order_scrambled;span_truncated,pure_native
INE171A01029/2013,INE171A01029,2013,29,native,page_kind:digital,,False,0.0064,,section_leak;span_truncated,pure_native
INE171A01029/2013,INE171A01029,2013,30,native,page_kind:digital,0.0161,True,0.0064,,section_leak;span_truncated,pure_native
INE171A01029/2013,INE171A01029,2013,31,native,page_kind:digital,0.0,True,0.0064,,section_leak;span_truncated,pure_native
INE171A01029/2013,INE171A01029,2013,32,native,page_kind:digital,0.0,True,0.0064,,section_leak;span_truncated,pure_native
INE171A01029/2013,INE171A01029,2013,33,native,page_kind:digital,0.0,True,0.0064,,section_leak;span_truncated,pure_native
INE171A01029/2013,INE171A01029,2013,34,native,page_kind:digital,0.0,True,0.0064,,section_leak;span_truncated,pure_native
INE171A01029/2013,INE171A01029,2013,35,native,page_kind:digital,0.0,True,0.0064,,section_leak;span_truncated,pure_native
INE171A01029/2013,INE171A01029,2013,36,native,page_kind:digital,0.0263,True,0.0064,,section_leak;span_truncated,pure_native
INE171A01029/2013,INE171A01029,2013,37,native,page_kind:digital,0.0,True,0.0064,,section_leak;span_truncated,pure_native
INE171A01029/2013,INE171A01029,2013,38,native,page_kind:digital,0.0,True,0.0064,,section_leak;span_truncated,pure_native
INE171A01029/2013,INE171A01029,2013,39,native,page_kind:digital,0.0,True,0.0064,,section_leak;span_truncated,pure_native
INE171A01029/2013,INE171A01029,2013,40,native,page_kind:digital,0.0,True,0.0064,,section_leak;span_truncated,pure_native
INE171A01029/2013,INE171A01029,2013,41,native,page_kind:digital,0.0,True,0.0064,,section_leak;span_truncated,pure_native
INE171A01029/2013,INE171A01029,2013,42,native,page_kind:digital,0.0,True,0.0064,,section_leak;span_truncated,pure_native
INE171A01029/2013,INE171A01029,2013,43,native,page_kind:digital,0.0,True,0.0064,,section_leak;span_truncated,pure_native
INE171A01029/2013,INE171A01029,2013,44,native,page_kind:digital,0.0,True,0.0064,,section_leak;span_truncated,pure_native
INE171A01029/2013,INE171A01029,2013,45,native,page_kind:digital,0.0137,True,0.0064,,section_leak;span_truncated,pure_native
INE171A01029/2013,INE171A01029,2013,46,native,page_kind:digital,0.0282,True,0.0064,,section_leak;span_truncated,pure_native
INE171A01029/2013,INE171A01029,2013,47,native,page_kind:digital,0.0,True,0.0064,,section_leak;span_truncated,pure_native
INE171A01029/2013,INE171A01029,2013,48,native,page_kind:digital,0.0189,True,0.0064,,section_leak;span_truncated,pure_native
INE171A01029/2013,INE171A01029,2013,49,native,page_kind:digital,0.0,True,0.0064,,section_leak;span_truncated,pure_native
INE171A01029/2013,INE171A01029,2013,50,native,page_kind:digital,0.0,True,0.0064,,section_leak;span_truncated,pure_native
INE171A01029/2013,INE171A01029,2013,51,native,page_kind:digital,0.0,True,0.0064,,section_leak;span_truncated,pure_native
INE171A01029/2013,INE171A01029,2013,52,native,page_kind:digital,0.0135,True,0.0064,,section_leak;span_truncated,pure_native
INE171A01029/2013,INE171A01029,2013,53,native,page_kind:digital,0.0,True,0.0064,,section_leak;span_truncated,pure_native
INE171A01029/2013,INE171A01029,2013,54,native,page_kind:digital,0.0,True,0.0064,,section_leak;span_truncated,pure_native
INE171A01029/2013,INE171A01029,2013,55,native,page_kind:digital,0.0345,True,0.0064,True,section_leak;span_truncated,pure_native
INE171A01029/2013,INE171A01029,2013,56,native,page_kind:digital,0.0429,True,0.0064,True,section_leak;span_truncated,pure_native
INE171A01029/2013,INE171A01029,2013,57,native,page_kind:digital,0.0,True,0.0064,,section_leak;span_truncated,pure_native
INE171A01029/2013,INE171A01029,2013,58,native,page_kind:digital,0.0,True,0.0064,,section_leak;span_truncated,pure_native
INE002E01010/2013,INE002E01010,2013,8,native,page_kind:digital,,False,0.0,,,pure_native
INE226A01021/2013,INE226A01021,2013,26,native,page_kind:digital,,False,0.0387,,source_shredded,pure_native
INE226A01021/2013,INE226A01021,2013,27,native,page_kind:digital,0.0435,True,0.0387,False,source_shredded,pure_native
INE226A01021/2013,INE226A01021,2013,28,native,page_kind:digital,0.1613,True,0.0387,False,source_shredded,pure_native
INE226A01021/2013,INE226A01021,2013,29,native,page_kind:digital,0.0769,True,0.0387,False,source_shredded,pure_native
INE226A01021/2013,INE226A01021,2013,30,native,page_kind:digital,0.0,True,0.0387,,source_shredded,pure_native
INE226A01021/2013,INE226A01021,2013,31,native,page_kind:digital,0.1739,True,0.0387,False,source_shredded,pure_native
INE226A01021/2013,INE226A01021,2013,32,native,page_kind:digital,0.0,True,0.0387,,source_shredded,pure_native
INE226A01021/2013,INE226A01021,2013,33,native,page_kind:digital,0.0,True,0.0387,,source_shredded,pure_native
INE226A01021/2013,INE226A01021,2013,34,native,page_kind:digital,0.0,True,0.0387,,source_shredded,pure_native
INE226A01021/2013,INE226A01021,2013,35,native,page_kind:digital,0.0571,True,0.0387,False,source_shredded,pure_native
INE226A01021/2013,INE226A01021,2013,36,native,page_kind:digital,0.0556,True,0.0387,False,source_shredded,pure_native
INE226A01021/2013,INE226A01021,2013,37,native,page_kind:digital,0.0,True,0.0387,,source_shredded,pure_native
INE761H01022/2012,INE761H01022,2012,24,native,page_kind:digital,,False,0.0,,,pure_native
INE761H01022/2012,INE761H01022,2012,25,native,page_kind:digital,0.0,True,0.0,,,pure_native
INE761H01022/2012,INE761H01022,2012,26,native,page_kind:digital,0.0,True,0.0,,,pure_native
INE761H01022/2013,INE761H01022,2013,30,native,page_kind:digital,,False,0.0333,,source_shredded,mixed
INE761H01022/2013,INE761H01022,2013,31,ocr,ocr_stats:words=169,0.0,True,0.0333,,source_shredded,mixed
INE761H01022/2013,INE761H01022,2013,32,native,page_kind:digital,0.1053,True,0.0333,False,source_shredded,mixed
INE761H01022/2013,INE761H01022,2013,33,native,page_kind:digital,0.0,True,0.0333,,source_shredded,mixed
INE761H01022/2013,INE761H01022,2013,34,native,page_kind:digital,0.0,True,0.0333,,source_shredded,mixed
INE797F01020/2013,INE797F01020,2013,25,native,page_kind:digital,,False,0.0,,span_truncated,pure_native
INE797F01020/2013,INE797F01020,2013,26,native,page_kind:digital,0.0,True,0.0,,span_truncated,pure_native
INE797F01020/2013,INE797F01020,2013,27,native,page_kind:digital,0.0,True,0.0,,span_truncated,pure_native
INE797F01020/2013,INE797F01020,2013,28,native,page_kind:digital,0.0,True,0.0,,span_truncated,pure_native
INE797F01020/2013,INE797F01020,2013,29,native,page_kind:digital,0.0,True,0.0,,span_truncated,pure_native
INE797F01020/2013,INE797F01020,2013,30,native,page_kind:digital,0.0,True,0.0,,span_truncated,pure_native
INE797F01020/2013,INE797F01020,2013,31,native,page_kind:digital,0.0,True,0.0,,span_truncated,pure_native
INE797F01020/2013,INE797F01020,2013,32,native,page_kind:digital,0.0,True,0.0,,span_truncated,pure_native
INE797F01020/2013,INE797F01020,2013,33,native,page_kind:digital,0.0,True,0.0,,span_truncated,pure_native
INE797F01020/2012,INE797F01020,2012,23,native,page_kind:digital,,False,0.1038,,source_shredded;span_truncated,pure_native
INE797F01020/2012,INE797F01020,2012,24,native,page_kind:digital,0.0,True,0.1038,,source_shredded;span_truncated,pure_native
INE797F01020/2012,INE797F01020,2012,25,native,page_kind:digital,0.0,True,0.1038,,source_shredded;span_truncated,pure_native
INE797F01020/2012,INE797F01020,2012,26,native,page_kind:digital,0.0,True,0.1038,,source_shredded;span_truncated,pure_native
INE797F01020/2012,INE797F01020,2012,27,native,page_kind:digital,0.1163,True,0.1038,False,source_shredded;span_truncated,pure_native
INE797F01020/2012,INE797F01020,2012,28,native,page_kind:digital,0.0,True,0.1038,,source_shredded;span_truncated,pure_native
INE797F01020/2012,INE797F01020,2012,29,native,page_kind:digital,0.3729,True,0.1038,False,source_shredded;span_truncated,pure_native
INE797F01020/2012,INE797F01020,2012,30,native,page_kind:digital,0.0,True,0.1038,,source_shredded;span_truncated,pure_native
INE797F01020/2012,INE797F01020,2012,31,native,page_kind:digital,0.0,True,0.1038,,source_shredded;span_truncated,pure_native
INE191H01014/2013,INE191H01014,2013,10,native,page_kind:digital,,False,0.0206,,section_leak;span_truncated,pure_native
INE191H01014/2013,INE191H01014,2013,11,native,page_kind:digital,0.0,True,0.0206,,section_leak;span_truncated,pure_native
INE191H01014/2013,INE191H01014,2013,12,native,page_kind:digital,0.0,True,0.0206,,section_leak;span_truncated,pure_native
INE191H01014/2013,INE191H01014,2013,13,native,page_kind:digital,0.0,True,0.0206,,section_leak;span_truncated,pure_native
INE191H01014/2013,INE191H01014,2013,14,native,page_kind:digital,0.0,True,0.0206,,section_leak;span_truncated,pure_native
INE191H01014/2013,INE191H01014,2013,15,native,page_kind:digital,0.0,True,0.0206,,section_leak;span_truncated,pure_native
INE191H01014/2013,INE191H01014,2013,16,native,page_kind:digital,0.1429,True,0.0206,False,section_leak;span_truncated,pure_native
INE191H01014/2013,INE191H01014,2013,17,native,page_kind:digital,0.0,True,0.0206,,section_leak;span_truncated,pure_native
INE191H01014/2013,INE191H01014,2013,18,native,page_kind:digital,0.0294,True,0.0206,,section_leak;span_truncated,pure_native
INE191H01014/2013,INE191H01014,2013,19,native,page_kind:digital,0.0,True,0.0206,,section_leak;span_truncated,pure_native
INE191H01014/2013,INE191H01014,2013,20,native,page_kind:digital,0.0,True,0.0206,,section_leak;span_truncated,pure_native
INE191H01014/2013,INE191H01014,2013,21,native,page_kind:digital,0.0,True,0.0206,,section_leak;span_truncated,pure_native
INE191H01014/2013,INE191H01014,2013,22,native,page_kind:digital,0.0,True,0.0206,,section_leak;span_truncated,pure_native
INE191H01014/2013,INE191H01014,2013,23,native,page_kind:digital,0.0,True,0.0206,,section_leak;span_truncated,pure_native
INE119A01028/2012,INE119A01028,2012,49,native,page_kind:digital,,False,0.0101,,,pure_native
INE119A01028/2012,INE119A01028,2012,50,native,page_kind:digital,0.0,True,0.0101,,,pure_native
INE119A01028/2012,INE119A01028,2012,51,native,page_kind:digital,0.0077,True,0.0101,,,pure_native
INE119A01028/2012,INE119A01028,2012,52,native,page_kind:digital,0.0294,True,0.0101,,,pure_native
INE119A01028/2012,INE119A01028,2012,53,native,page_kind:digital,0.0096,True,0.0101,,,pure_native
INE191H01014/2012,INE191H01014,2012,9,native,page_kind:digital,,False,0.0415,,section_leak;source_shredded;span_truncated,pure_native
INE191H01014/2012,INE191H01014,2012,10,native,page_kind:digital,0.0526,True,0.0415,False,section_leak;source_shredded;span_truncated,pure_native
INE191H01014/2012,INE191H01014,2012,11,native,page_kind:digital,0.0,True,0.0415,,section_leak;source_shredded;span_truncated,pure_native
INE191H01014/2012,INE191H01014,2012,12,native,page_kind:digital,0.0,True,0.0415,,section_leak;source_shredded;span_truncated,pure_native
INE191H01014/2012,INE191H01014,2012,13,native,page_kind:digital,0.0,True,0.0415,,section_leak;source_shredded;span_truncated,pure_native
INE191H01014/2012,INE191H01014,2012,14,native,page_kind:digital,0.2222,True,0.0415,False,section_leak;source_shredded;span_truncated,pure_native
INE191H01014/2012,INE191H01014,2012,15,native,page_kind:digital,0.0,True,0.0415,,section_leak;source_shredded;span_truncated,pure_native
INE191H01014/2012,INE191H01014,2012,16,native,page_kind:digital,0.037,True,0.0415,True,section_leak;source_shredded;span_truncated,pure_native
INE191H01014/2012,INE191H01014,2012,17,native,page_kind:digital,0.0345,True,0.0415,True,section_leak;source_shredded;span_truncated,pure_native
INE191H01014/2012,INE191H01014,2012,18,native,page_kind:digital,0.0,True,0.0415,,section_leak;source_shredded;span_truncated,pure_native
INE191H01014/2012,INE191H01014,2012,19,native,page_kind:digital,0.0,True,0.0415,,section_leak;source_shredded;span_truncated,pure_native
INE191H01014/2012,INE191H01014,2012,20,native,page_kind:digital,0.0,True,0.0415,,section_leak;source_shredded;span_truncated,pure_native
INE192B01031/2013,INE192B01031,2013,26,native,page_kind:digital,,False,0.0102,,identity_unproven,pure_native
INE192B01031/2013,INE192B01031,2013,27,native,page_kind:digital,0.0,True,0.0102,,identity_unproven,pure_native
INE192B01031/2013,INE192B01031,2013,28,native,page_kind:digital,0.0,True,0.0102,,identity_unproven,pure_native
INE192B01031/2013,INE192B01031,2013,29,native,page_kind:digital,0.0,True,0.0102,,identity_unproven,pure_native
INE192B01031/2013,INE192B01031,2013,30,native,page_kind:digital,0.0,True,0.0102,,identity_unproven,pure_native
INE192B01031/2013,INE192B01031,2013,31,native,page_kind:digital,0.0,True,0.0102,,identity_unproven,pure_native
INE192B01031/2013,INE192B01031,2013,32,native,page_kind:digital,0.0,True,0.0102,,identity_unproven,pure_native
INE192B01031/2013,INE192B01031,2013,33,native,page_kind:digital,0.0,True,0.0102,,identity_unproven,pure_native
INE192B01031/2013,INE192B01031,2013,34,native,page_kind:digital,0.0,True,0.0102,,identity_unproven,pure_native
INE192B01031/2013,INE192B01031,2013,35,native,page_kind:digital,0.0,True,0.0102,,identity_unproven,pure_native
INE192B01031/2013,INE192B01031,2013,36,native,page_kind:digital,0.0476,True,0.0102,True,identity_unproven,pure_native
INE192B01031/2013,INE192B01031,2013,37,native,page_kind:digital,0.0714,True,0.0102,True,identity_unproven,pure_native
INE192B01031/2013,INE192B01031,2013,38,native,page_kind:digital,0.0,True,0.0102,,identity_unproven,pure_native
INE192B01031/2013,INE192B01031,2013,39,native,page_kind:digital,0.0,True,0.0102,,identity_unproven,pure_native
INE192B01031/2013,INE192B01031,2013,40,native,page_kind:digital,0.0,True,0.0102,,identity_unproven,pure_native
INE192B01031/2013,INE192B01031,2013,41,native,page_kind:digital,0.0,True,0.0102,,identity_unproven,pure_native
INE192B01031/2013,INE192B01031,2013,42,native,page_kind:digital,0.0,True,0.0102,,identity_unproven,pure_native
INE192B01031/2013,INE192B01031,2013,43,native,page_kind:digital,0.0312,True,0.0102,True,identity_unproven,pure_native
INE482A01020/2013,INE482A01020,2013,33,native,page_kind:digital,,False,0.0556,,source_shredded,pure_native
INE482A01020/2013,INE482A01020,2013,34,native,page_kind:digital,0.0,True,0.0556,,source_shredded,pure_native
INE482A01020/2013,INE482A01020,2013,35,native,page_kind:digital,0.0278,True,0.0556,,source_shredded,pure_native
INE482A01020/2013,INE482A01020,2013,36,native,page_kind:digital,0.0,True,0.0556,,source_shredded,pure_native
INE482A01020/2013,INE482A01020,2013,37,native,page_kind:digital,0.0263,True,0.0556,,source_shredded,pure_native
INE482A01020/2013,INE482A01020,2013,38,native,page_kind:digital,0.0,True,0.0556,,source_shredded,pure_native
INE482A01020/2012,INE482A01020,2012,35,native,page_kind:digital,,False,0.0238,,span_truncated,pure_native
INE482A01020/2012,INE482A01020,2012,36,native,page_kind:digital,0.0667,True,0.0238,False,span_truncated,pure_native
INE482A01020/2012,INE482A01020,2012,37,native,page_kind:digital,0.0,True,0.0238,,span_truncated,pure_native
INE482A01020/2012,INE482A01020,2012,38,native,page_kind:digital,0.0323,True,0.0238,False,span_truncated,pure_native
INE482A01020/2012,INE482A01020,2012,39,native,page_kind:digital,0.037,True,0.0238,True,span_truncated,pure_native
INE482A01020/2012,INE482A01020,2012,40,native,page_kind:digital,0.0741,True,0.0238,False,span_truncated,pure_native
INE482A01020/2012,INE482A01020,2012,41,native,page_kind:digital,0.0,True,0.0238,,span_truncated,pure_native
INE482A01020/2012,INE482A01020,2012,42,native,page_kind:digital,0.0323,True,0.0238,True,span_truncated,pure_native
INE482A01020/2012,INE482A01020,2012,43,native,page_kind:digital,0.0312,True,0.0238,True,span_truncated,pure_native
INE482A01020/2012,INE482A01020,2012,44,native,page_kind:digital,0.0,True,0.0238,,span_truncated,pure_native
INE482A01020/2012,INE482A01020,2012,45,native,page_kind:digital,0.0312,True,0.0238,True,span_truncated,pure_native
INE482A01020/2012,INE482A01020,2012,46,native,page_kind:digital,0.0217,True,0.0238,,span_truncated,pure_native
INE482A01020/2012,INE482A01020,2012,47,native,page_kind:digital,0.0541,True,0.0238,False,span_truncated,pure_native
INE482A01020/2012,INE482A01020,2012,48,native,page_kind:digital,0.0526,True,0.0238,True,span_truncated,pure_native
INE482A01020/2012,INE482A01020,2012,49,native,page_kind:digital,0.05,True,0.0238,True,span_truncated,pure_native
INE482A01020/2012,INE482A01020,2012,50,native,page_kind:digital,0.0227,True,0.0238,,span_truncated,pure_native
INE482A01020/2012,INE482A01020,2012,51,native,page_kind:digital,0.0,True,0.0238,,span_truncated,pure_native
INE482A01020/2012,INE482A01020,2012,52,native,page_kind:digital,0.0,True,0.0238,,span_truncated,pure_native
INE482A01020/2012,INE482A01020,2012,53,native,page_kind:digital,0.0,True,0.0238,,span_truncated,pure_native
INE482A01020/2012,INE482A01020,2012,54,native,page_kind:digital,0.0,True,0.0238,,span_truncated,pure_native
INE119A01028/2013,INE119A01028,2013,61,native,page_kind:digital,,False,0.0339,,source_shredded;span_truncated,mixed
INE119A01028/2013,INE119A01028,2013,62,native,page_kind:digital,0.0,True,0.0339,,source_shredded;span_truncated,mixed
INE119A01028/2013,INE119A01028,2013,63,native,page_kind:digital,0.0,True,0.0339,,source_shredded;span_truncated,mixed
INE119A01028/2013,INE119A01028,2013,64,native,page_kind:digital,0.0,True,0.0339,,source_shredded;span_truncated,mixed
INE119A01028/2013,INE119A01028,2013,65,native,page_kind:digital,0.0667,True,0.0339,True,source_shredded;span_truncated,mixed
INE119A01028/2013,INE119A01028,2013,66,native,page_kind:digital,0.0769,True,0.0339,True,source_shredded;span_truncated,mixed
INE119A01028/2013,INE119A01028,2013,67,native,page_kind:digital,0.0,True,0.0339,,source_shredded;span_truncated,mixed
INE119A01028/2013,INE119A01028,2013,68,ocr,ocr_stats:words=726,0.4286,True,0.0339,,source_shredded;span_truncated,mixed
INE119A01028/2013,INE119A01028,2013,69,ocr,ocr_stats:words=870,0.0333,True,0.0339,True,source_shredded;span_truncated,mixed
INE119A01028/2013,INE119A01028,2013,70,native,page_kind:digital,0.1277,True,0.0339,True,source_shredded;span_truncated,mixed
INE192B01031/2012,INE192B01031,2012,34,native,page_kind:digital,,False,0.0515,,identity_unproven;year_unproven;source_shredded;span_truncated,pure_native
INE192B01031/2012,INE192B01031,2012,35,native,page_kind:digital,0.0,True,0.0515,,identity_unproven;year_unproven;source_shredded;span_truncated,pure_native
INE192B01031/2012,INE192B01031,2012,36,native,page_kind:digital,0.0,True,0.0515,,identity_unproven;year_unproven;source_shredded;span_truncated,pure_native
INE192B01031/2012,INE192B01031,2012,37,native,page_kind:digital,0.0,True,0.0515,,identity_unproven;year_unproven;source_shredded;span_truncated,pure_native
INE192B01031/2012,INE192B01031,2012,38,native,page_kind:digital,0.0455,True,0.0515,True,identity_unproven;year_unproven;source_shredded;span_truncated,pure_native
INE192B01031/2012,INE192B01031,2012,39,native,page_kind:digital,0.0385,True,0.0515,True,identity_unproven;year_unproven;source_shredded;span_truncated,pure_native
INE192B01031/2012,INE192B01031,2012,40,native,page_kind:digital,0.0,True,0.0515,,identity_unproven;year_unproven;source_shredded;span_truncated,pure_native
INE192B01031/2012,INE192B01031,2012,41,native,page_kind:digital,0.0588,True,0.0515,True,identity_unproven;year_unproven;source_shredded;span_truncated,pure_native
INE192B01031/2012,INE192B01031,2012,42,native,page_kind:digital,0.0,True,0.0515,,identity_unproven;year_unproven;source_shredded;span_truncated,pure_native
INE192B01031/2012,INE192B01031,2012,43,native,page_kind:digital,0.0,True,0.0515,,identity_unproven;year_unproven;source_shredded;span_truncated,pure_native
INE192B01031/2012,INE192B01031,2012,44,native,page_kind:digital,0.0,True,0.0515,,identity_unproven;year_unproven;source_shredded;span_truncated,pure_native
INE192B01031/2012,INE192B01031,2012,45,native,page_kind:digital,0.0,True,0.0515,,identity_unproven;year_unproven;source_shredded;span_truncated,pure_native
INE192B01031/2012,INE192B01031,2012,46,native,page_kind:digital,0.0,True,0.0515,,identity_unproven;year_unproven;source_shredded;span_truncated,pure_native
INE192B01031/2012,INE192B01031,2012,47,native,page_kind:digital,0.05,True,0.0515,True,identity_unproven;year_unproven;source_shredded;span_truncated,pure_native
INE192B01031/2012,INE192B01031,2012,48,native,page_kind:digital,0.0,True,0.0515,,identity_unproven;year_unproven;source_shredded;span_truncated,pure_native
INE192B01031/2012,INE192B01031,2012,49,native,page_kind:digital,0.0,True,0.0515,,identity_unproven;year_unproven;source_shredded;span_truncated,pure_native
INE192B01031/2012,INE192B01031,2012,50,native,page_kind:digital,0.0,True,0.0515,,identity_unproven;year_unproven;source_shredded;span_truncated,pure_native
INE192B01031/2012,INE192B01031,2012,51,native,page_kind:digital,0.0,True,0.0515,,identity_unproven;year_unproven;source_shredded;span_truncated,pure_native
INE192B01031/2012,INE192B01031,2012,52,native,page_kind:digital,0.0476,True,0.0515,True,identity_unproven;year_unproven;source_shredded;span_truncated,pure_native
INE192B01031/2012,INE192B01031,2012,53,native,page_kind:digital,0.303,True,0.0515,True,identity_unproven;year_unproven;source_shredded;span_truncated,pure_native
INE192B01031/2012,INE192B01031,2012,54,native,page_kind:digital,0.0435,True,0.0515,True,identity_unproven;year_unproven;source_shredded;span_truncated,pure_native
INE192B01031/2012,INE192B01031,2012,55,native,page_kind:digital,0.0,True,0.0515,,identity_unproven;year_unproven;source_shredded;span_truncated,pure_native
INE192B01031/2012,INE192B01031,2012,56,native,page_kind:digital,0.0,True,0.0515,,identity_unproven;year_unproven;source_shredded;span_truncated,pure_native
INE192B01031/2012,INE192B01031,2012,57,native,page_kind:digital,0.12,True,0.0515,True,identity_unproven;year_unproven;source_shredded;span_truncated,pure_native
INE009A01021/2017,INE009A01021,2017,75,native,page_kind:digital,,False,0.0146,,span_truncated,pure_native
INE009A01021/2017,INE009A01021,2017,76,native,page_kind:digital,0.0,True,0.0146,,span_truncated,pure_native
INE009A01021/2017,INE009A01021,2017,77,native,page_kind:digital,0.0,True,0.0146,,span_truncated,pure_native
INE009A01021/2017,INE009A01021,2017,78,native,page_kind:digital,0.0,True,0.0146,,span_truncated,pure_native
INE009A01021/2017,INE009A01021,2017,79,native,page_kind:digital,0.0,True,0.0146,,span_truncated,pure_native
INE009A01021/2017,INE009A01021,2017,80,native,page_kind:digital,0.0909,True,0.0146,True,span_truncated,pure_native
INE009A01021/2017,INE009A01021,2017,81,native,page_kind:digital,0.0,True,0.0146,,span_truncated,pure_native
INE009A01021/2017,INE009A01021,2017,82,native,page_kind:digital,0.0,True,0.0146,,span_truncated,pure_native
INE009A01021/2017,INE009A01021,2017,83,native,page_kind:digital,0.0,True,0.0146,,span_truncated,pure_native
INE009A01021/2017,INE009A01021,2017,84,native,page_kind:digital,0.0,True,0.0146,,span_truncated,pure_native
INE009A01021/2017,INE009A01021,2017,85,native,page_kind:digital,0.0,True,0.0146,,span_truncated,pure_native
INE009A01021/2017,INE009A01021,2017,86,native,page_kind:digital,0.0,True,0.0146,,span_truncated,pure_native
INE009A01021/2017,INE009A01021,2017,87,native,page_kind:digital,0.0714,True,0.0146,True,span_truncated,pure_native
INE009A01021/2017,INE009A01021,2017,88,native,page_kind:digital,0.0909,True,0.0146,True,span_truncated,pure_native
INE009A01021/2017,INE009A01021,2017,89,native,page_kind:digital,0.0,True,0.0146,,span_truncated,pure_native
INE009A01021/2017,INE009A01021,2017,90,native,page_kind:digital,0.0,True,0.0146,,span_truncated,pure_native
INE009A01021/2017,INE009A01021,2017,91,native,page_kind:digital,0.0,True,0.0146,,span_truncated,pure_native
INE009A01021/2017,INE009A01021,2017,92,native,page_kind:digital,0.0,True,0.0146,,span_truncated,pure_native
INE009A01021/2018,INE009A01021,2018,96,native,page_kind:digital,,False,0.1406,,source_shredded;span_truncated,pure_native
INE009A01021/2018,INE009A01021,2018,97,native,page_kind:digital,0.1333,True,0.1406,True,source_shredded;span_truncated,pure_native
INE008A01015/2013,INE008A01015,2013,53,native,page_kind:digital,,False,0.061,,identity_unproven;order_scrambled;span_truncated,pure_native
INE008A01015/2013,INE008A01015,2013,54,native,page_kind:digital,0.0172,True,0.061,,identity_unproven;order_scrambled;span_truncated,pure_native
INE008A01015/2013,INE008A01015,2013,55,native,page_kind:digital,0.0615,True,0.061,False,identity_unproven;order_scrambled;span_truncated,pure_native
INE008A01015/2013,INE008A01015,2013,56,native,page_kind:digital,0.0417,True,0.061,False,identity_unproven;order_scrambled;span_truncated,pure_native
INE008A01015/2013,INE008A01015,2013,57,native,page_kind:digital,0.0703,True,0.061,False,identity_unproven;order_scrambled;span_truncated,pure_native
INE008A01015/2013,INE008A01015,2013,58,native,page_kind:digital,0.0614,True,0.061,False,identity_unproven;order_scrambled;span_truncated,pure_native
INE008A01015/2013,INE008A01015,2013,59,native,page_kind:digital,0.0794,True,0.061,False,identity_unproven;order_scrambled;span_truncated,pure_native
INE008A01015/2013,INE008A01015,2013,60,native,page_kind:digital,0.0508,True,0.061,False,identity_unproven;order_scrambled;span_truncated,pure_native
INE008A01015/2013,INE008A01015,2013,61,native,page_kind:digital,0.0813,True,0.061,False,identity_unproven;order_scrambled;span_truncated,pure_native
INE008A01015/2013,INE008A01015,2013,62,native,page_kind:digital,0.0583,True,0.061,False,identity_unproven;order_scrambled;span_truncated,pure_native
INE008A01015/2013,INE008A01015,2013,63,native,page_kind:digital,0.0312,True,0.061,False,identity_unproven;order_scrambled;span_truncated,pure_native
INE008A01015/2013,INE008A01015,2013,64,native,page_kind:digital,0.0756,True,0.061,False,identity_unproven;order_scrambled;span_truncated,pure_native
INE008A01015/2013,INE008A01015,2013,65,native,page_kind:digital,0.112,True,0.061,False,identity_unproven;order_scrambled;span_truncated,pure_native
INE008A01015/2013,INE008A01015,2013,66,native,page_kind:digital,0.0672,True,0.061,False,identity_unproven;order_scrambled;span_truncated,pure_native
INE008A01015/2013,INE008A01015,2013,67,native,page_kind:digital,0.1417,True,0.061,False,identity_unproven;order_scrambled;span_truncated,pure_native
INE008A01015/2013,INE008A01015,2013,68,native,page_kind:digital,0.0583,True,0.061,False,identity_unproven;order_scrambled;span_truncated,pure_native
INE008A01015/2013,INE008A01015,2013,69,native,page_kind:digital,0.0079,True,0.061,,identity_unproven;order_scrambled;span_truncated,pure_native
INE008A01015/2013,INE008A01015,2013,70,native,page_kind:digital,0.0642,True,0.061,True,identity_unproven;order_scrambled;span_truncated,pure_native
INE008A01015/2013,INE008A01015,2013,71,native,page_kind:digital,0.0465,True,0.061,False,identity_unproven;order_scrambled;span_truncated,pure_native
INE008A01015/2013,INE008A01015,2013,72,native,page_kind:digital,0.0531,True,0.061,False,identity_unproven;order_scrambled;span_truncated,pure_native
INE008A01015/2013,INE008A01015,2013,73,native,page_kind:digital,0.015,True,0.061,,identity_unproven;order_scrambled;span_truncated,pure_native
INE008A01015/2013,INE008A01015,2013,74,native,page_kind:digital,0.0614,True,0.061,True,identity_unproven;order_scrambled;span_truncated,pure_native
INE008A01015/2013,INE008A01015,2013,75,native,page_kind:digital,0.0,True,0.061,,identity_unproven;order_scrambled;span_truncated,pure_native
INE008A01015/2013,INE008A01015,2013,76,native,page_kind:digital,0.0833,True,0.061,False,identity_unproven;order_scrambled;span_truncated,pure_native
INE008A01015/2013,INE008A01015,2013,77,native,page_kind:digital,0.008,True,0.061,,identity_unproven;order_scrambled;span_truncated,pure_native
INE008A01015/2013,INE008A01015,2013,78,native,page_kind:digital,0.0948,True,0.061,False,identity_unproven;order_scrambled;span_truncated,pure_native
INE008A01015/2013,INE008A01015,2013,79,native,page_kind:digital,0.031,True,0.061,False,identity_unproven;order_scrambled;span_truncated,pure_native
INE008A01015/2013,INE008A01015,2013,80,native,page_kind:digital,0.0738,True,0.061,True,identity_unproven;order_scrambled;span_truncated,pure_native
INE008A01015/2013,INE008A01015,2013,81,native,page_kind:digital,0.0714,True,0.061,False,identity_unproven;order_scrambled;span_truncated,pure_native
INE008A01015/2013,INE008A01015,2013,82,native,page_kind:digital,0.1197,True,0.061,False,identity_unproven;order_scrambled;span_truncated,pure_native
INE040A01034/2017,INE040A01034,2017,20,native,page_kind:digital,,False,0.064,,source_shredded;span_truncated,mixed
INE040A01034/2017,INE040A01034,2017,21,native,page_kind:digital,0.0,True,0.064,,source_shredded;span_truncated,mixed
INE040A01034/2017,INE040A01034,2017,22,native,page_kind:digital,0.0476,True,0.064,False,source_shredded;span_truncated,mixed
INE040A01034/2017,INE040A01034,2017,23,native,page_kind:digital,0.0,True,0.064,,source_shredded;span_truncated,mixed
INE040A01034/2017,INE040A01034,2017,24,native,page_kind:digital,0.0,True,0.064,,source_shredded;span_truncated,mixed
INE040A01034/2017,INE040A01034,2017,25,ocr,ocr_stats:words=613,0.2188,True,0.064,False,source_shredded;span_truncated,mixed
INE040A01034/2017,INE040A01034,2017,26,native,page_kind:digital,0.0909,True,0.064,False,source_shredded;span_truncated,mixed
INE040A01034/2017,INE040A01034,2017,27,native,page_kind:digital,0.0952,True,0.064,False,source_shredded;span_truncated,mixed
INE040A01034/2017,INE040A01034,2017,28,native,page_kind:digital,0.0,True,0.064,,source_shredded;span_truncated,mixed
INE040A01034/2017,INE040A01034,2017,29,native,page_kind:digital,0.0,True,0.064,,source_shredded;span_truncated,mixed
INE040A01034/2017,INE040A01034,2017,30,native,page_kind:digital,0.0,True,0.064,,source_shredded;span_truncated,mixed
INE040A01034/2017,INE040A01034,2017,31,native,page_kind:digital,0.16,True,0.064,False,source_shredded;span_truncated,mixed
INE040A01034/2017,INE040A01034,2017,32,native,page_kind:digital,0.1739,True,0.064,False,source_shredded;span_truncated,mixed
INE040A01034/2017,INE040A01034,2017,33,native,page_kind:digital,0.0,True,0.064,,source_shredded;span_truncated,mixed
INE040A01034/2017,INE040A01034,2017,34,native,page_kind:digital,0.0,True,0.064,,source_shredded;span_truncated,mixed
INE002A01018/2017,INE002A01018,2017,59,native,page_kind:digital,,False,0.006,,span_truncated,pure_native
INE002A01018/2017,INE002A01018,2017,60,native,page_kind:digital,0.0,True,0.006,,span_truncated,pure_native
INE002A01018/2017,INE002A01018,2017,61,native,page_kind:digital,0.0,True,0.006,,span_truncated,pure_native
INE002A01018/2017,INE002A01018,2017,62,native,page_kind:digital,0.0,True,0.006,,span_truncated,pure_native
INE002A01018/2017,INE002A01018,2017,63,native,page_kind:digital,0.0,True,0.006,,span_truncated,pure_native
INE002A01018/2017,INE002A01018,2017,64,native,page_kind:digital,0.0833,True,0.006,True,span_truncated,pure_native
INE002A01018/2017,INE002A01018,2017,65,native,page_kind:digital,0.0667,True,0.006,False,span_truncated,pure_native
INE002A01018/2017,INE002A01018,2017,66,native,page_kind:digital,0.0,True,0.006,,span_truncated,pure_native
INE002A01018/2017,INE002A01018,2017,67,native,page_kind:digital,0.0,True,0.006,,span_truncated,pure_native
INE002A01018/2017,INE002A01018,2017,68,native,page_kind:digital,0.0,True,0.006,,span_truncated,pure_native
INE002A01018/2017,INE002A01018,2017,69,native,page_kind:digital,0.0,True,0.006,,span_truncated,pure_native
INE002A01018/2017,INE002A01018,2017,70,native,page_kind:digital,0.0,True,0.006,,span_truncated,pure_native
INE002A01018/2017,INE002A01018,2017,71,native,page_kind:digital,0.0,True,0.006,,span_truncated,pure_native
INE002A01018/2017,INE002A01018,2017,72,native,page_kind:digital,0.0,True,0.006,,span_truncated,pure_native
INE002A01018/2017,INE002A01018,2017,73,native,page_kind:digital,0.0,True,0.006,,span_truncated,pure_native
INE002A01018/2017,INE002A01018,2017,74,native,page_kind:digital,0.0,True,0.006,,span_truncated,pure_native
INE002A01018/2017,INE002A01018,2017,75,native,page_kind:digital,0.0,True,0.006,,span_truncated,pure_native
INE002A01018/2017,INE002A01018,2017,76,native,page_kind:digital,0.0,True,0.006,,span_truncated,pure_native
INE002A01018/2017,INE002A01018,2017,77,native,page_kind:digital,0.0,True,0.006,,span_truncated,pure_native
INE002A01018/2017,INE002A01018,2017,78,native,page_kind:digital,0.0,True,0.006,,span_truncated,pure_native
INE002A01018/2017,INE002A01018,2017,79,native,page_kind:digital,0.0,True,0.006,,span_truncated,pure_native
INE002A01018/2017,INE002A01018,2017,80,native,page_kind:digital,0.0,True,0.006,,span_truncated,pure_native
INE002A01018/2017,INE002A01018,2017,81,native,page_kind:digital,0.0,True,0.006,,span_truncated,pure_native
INE002A01018/2017,INE002A01018,2017,82,native,page_kind:digital,0.0667,True,0.006,False,span_truncated,pure_native
INE002A01018/2017,INE002A01018,2017,83,native,page_kind:digital,0.0,True,0.006,,span_truncated,pure_native
INE002A01018/2017,INE002A01018,2017,84,native,page_kind:digital,0.0,True,0.006,,span_truncated,pure_native
INE002A01018/2017,INE002A01018,2017,85,native,page_kind:digital,0.0,True,0.006,,span_truncated,pure_native
INE002A01018/2017,INE002A01018,2017,86,native,page_kind:digital,0.0,True,0.006,,span_truncated,pure_native
INE002A01018/2017,INE002A01018,2017,87,native,page_kind:digital,0.0,True,0.006,,span_truncated,pure_native
INE002A01018/2017,INE002A01018,2017,88,native,page_kind:digital,0.0,True,0.006,,span_truncated,pure_native
INE002A01018/2017,INE002A01018,2017,89,native,page_kind:digital,0.0,True,0.006,,span_truncated,pure_native
INE002A01018/2017,INE002A01018,2017,90,native,page_kind:digital,0.0,True,0.006,,span_truncated,pure_native
INE002A01018/2017,INE002A01018,2017,91,native,page_kind:digital,0.0,True,0.006,,span_truncated,pure_native
INE002A01018/2017,INE002A01018,2017,92,native,page_kind:digital,0.0,True,0.006,,span_truncated,pure_native
INE002A01018/2017,INE002A01018,2017,93,native,page_kind:digital,0.0,True,0.006,,span_truncated,pure_native
INE002A01018/2017,INE002A01018,2017,94,native,page_kind:digital,0.0244,True,0.006,,span_truncated,pure_native
INE002A01018/2017,INE002A01018,2017,95,native,page_kind:digital,0.0,True,0.006,,span_truncated,pure_native
INE002A01018/2017,INE002A01018,2017,96,native,page_kind:digital,0.0556,True,0.006,False,span_truncated,pure_native
INE002A01018/2017,INE002A01018,2017,97,native,page_kind:digital,0.0,True,0.006,,span_truncated,pure_native
INE002A01018/2017,INE002A01018,2017,98,native,page_kind:digital,0.0,True,0.006,,span_truncated,pure_native
INE002A01018/2017,INE002A01018,2017,99,native,page_kind:digital,0.0,True,0.006,,span_truncated,pure_native
INE002A01018/2017,INE002A01018,2017,100,native,page_kind:digital,0.04,True,0.006,True,span_truncated,pure_native
INE002A01018/2017,INE002A01018,2017,101,native,page_kind:digital,0.0,True,0.006,,span_truncated,pure_native
INE002A01018/2017,INE002A01018,2017,102,native,page_kind:digital,0.0,True,0.006,,span_truncated,pure_native
INE002A01018/2017,INE002A01018,2017,103,native,page_kind:digital,0.0,True,0.006,,span_truncated,pure_native
INE002A01018/2017,INE002A01018,2017,104,native,page_kind:digital,0.0,True,0.006,,span_truncated,pure_native
INE002A01018/2017,INE002A01018,2017,105,native,page_kind:digital,0.0,True,0.006,,span_truncated,pure_native
INE002A01018/2017,INE002A01018,2017,106,native,page_kind:digital,0.0,True,0.006,,span_truncated,pure_native
INE002A01018/2017,INE002A01018,2017,107,native,page_kind:digital,0.0556,True,0.006,True,span_truncated,pure_native
INE002A01018/2017,INE002A01018,2017,108,native,page_kind:digital,0.0,True,0.006,,span_truncated,pure_native
INE002A01018/2017,INE002A01018,2017,109,native,page_kind:digital,0.0,True,0.006,,span_truncated,pure_native
INE002A01018/2017,INE002A01018,2017,110,native,page_kind:digital,0.0,True,0.006,,span_truncated,pure_native
INE002A01018/2017,INE002A01018,2017,111,native,page_kind:digital,0.0,True,0.006,,span_truncated,pure_native
INE002A01018/2017,INE002A01018,2017,112,native,page_kind:digital,0.0,True,0.006,,span_truncated,pure_native
INE002A01018/2017,INE002A01018,2017,113,native,page_kind:digital,0.0,True,0.006,,span_truncated,pure_native
INE002A01018/2017,INE002A01018,2017,114,native,page_kind:digital,0.0,True,0.006,,span_truncated,pure_native
INE002A01018/2017,INE002A01018,2017,115,native,page_kind:digital,0.0,True,0.006,,span_truncated,pure_native
INE002A01018/2017,INE002A01018,2017,116,native,page_kind:digital,0.0,True,0.006,,span_truncated,pure_native
INE002A01018/2017,INE002A01018,2017,117,native,page_kind:digital,0.027,True,0.006,,span_truncated,pure_native
INE002A01018/2017,INE002A01018,2017,118,native,page_kind:digital,0.0,True,0.006,,span_truncated,pure_native
INE002A01018/2017,INE002A01018,2017,119,native,page_kind:digital,0.0,True,0.006,,span_truncated,pure_native
INE002A01018/2017,INE002A01018,2017,120,native,page_kind:digital,0.0,True,0.006,,span_truncated,pure_native
INE002A01018/2017,INE002A01018,2017,121,native,page_kind:digital,0.0,True,0.006,,span_truncated,pure_native
INE002A01018/2017,INE002A01018,2017,122,native,page_kind:digital,0.0,True,0.006,,span_truncated,pure_native
INE002A01018/2017,INE002A01018,2017,123,native,page_kind:digital,0.0,True,0.006,,span_truncated,pure_native
INE002A01018/2017,INE002A01018,2017,124,native,page_kind:digital,0.0,True,0.006,,span_truncated,pure_native
INE002A01018/2017,INE002A01018,2017,125,native,page_kind:digital,0.0,True,0.006,,span_truncated,pure_native
INE002A01018/2017,INE002A01018,2017,126,native,page_kind:digital,0.0,True,0.006,,span_truncated,pure_native
INE002A01018/2017,INE002A01018,2017,127,native,page_kind:digital,0.0,True,0.006,,span_truncated,pure_native
INE002A01018/2017,INE002A01018,2017,128,native,page_kind:digital,0.0,True,0.006,,span_truncated,pure_native
INE002A01018/2017,INE002A01018,2017,129,native,page_kind:digital,0.0,True,0.006,,span_truncated,pure_native
INE002A01018/2017,INE002A01018,2017,130,native,page_kind:digital,0.0,True,0.006,,span_truncated,pure_native
INE044A01036/2018,INE044A01036,2018,8,native,page_kind:digital,,False,0.0044,,span_truncated,pure_native
INE044A01036/2018,INE044A01036,2018,9,native,page_kind:digital,0.0,True,0.0044,,span_truncated,pure_native
INE044A01036/2018,INE044A01036,2018,10,native,page_kind:digital,0.0,True,0.0044,,span_truncated,pure_native
INE044A01036/2018,INE044A01036,2018,11,native,page_kind:digital,0.0,True,0.0044,,span_truncated,pure_native
INE044A01036/2018,INE044A01036,2018,12,native,page_kind:digital,0.0,True,0.0044,,span_truncated,pure_native
INE044A01036/2018,INE044A01036,2018,13,native,page_kind:digital,0.0455,True,0.0044,True,span_truncated,pure_native
INE044A01036/2018,INE044A01036,2018,14,native,page_kind:digital,0.0278,True,0.0044,,span_truncated,pure_native
INE044A01036/2018,INE044A01036,2018,15,native,page_kind:digital,0.0,True,0.0044,,span_truncated,pure_native
INE044A01036/2018,INE044A01036,2018,16,native,page_kind:digital,0.0,True,0.0044,,span_truncated,pure_native
INE044A01036/2018,INE044A01036,2018,17,native,page_kind:digital,0.0,True,0.0044,,span_truncated,pure_native
INE044A01036/2018,INE044A01036,2018,18,native,page_kind:digital,0.0,True,0.0044,,span_truncated,pure_native
INE044A01036/2018,INE044A01036,2018,19,native,page_kind:digital,0.0,True,0.0044,,span_truncated,pure_native
INE044A01036/2018,INE044A01036,2018,20,native,page_kind:digital,0.0,True,0.0044,,span_truncated,pure_native
INE044A01036/2018,INE044A01036,2018,21,native,page_kind:digital,0.0,True,0.0044,,span_truncated,pure_native
INE044A01036/2018,INE044A01036,2018,22,native,page_kind:digital,0.0,True,0.0044,,span_truncated,pure_native
INE044A01036/2018,INE044A01036,2018,23,native,page_kind:digital,0.0,True,0.0044,,span_truncated,pure_native
INE044A01036/2018,INE044A01036,2018,24,native,page_kind:digital,0.0,True,0.0044,,span_truncated,pure_native
INE044A01036/2018,INE044A01036,2018,25,native,page_kind:digital,0.0,True,0.0044,,span_truncated,pure_native
INE003B01014/2011,INE003B01014,2011,15,ocr,ocr_stats:words=509,,False,0.0556,,,pure_ocr
INE044A01036/2017,INE044A01036,2017,10,native,page_kind:digital,,False,0.0057,,year_unproven;source_shredded;span_truncated,mixed
INE044A01036/2017,INE044A01036,2017,11,native,page_kind:digital,0.0,True,0.0057,,year_unproven;source_shredded;span_truncated,mixed
INE044A01036/2017,INE044A01036,2017,12,native,page_kind:digital,0.0,True,0.0057,,year_unproven;source_shredded;span_truncated,mixed
INE044A01036/2017,INE044A01036,2017,13,native,page_kind:digital,0.0,True,0.0057,,year_unproven;source_shredded;span_truncated,mixed
INE044A01036/2017,INE044A01036,2017,14,native,page_kind:digital,0.0588,True,0.0057,False,year_unproven;source_shredded;span_truncated,mixed
INE044A01036/2017,INE044A01036,2017,15,native,page_kind:digital,0.0,True,0.0057,,year_unproven;source_shredded;span_truncated,mixed
INE044A01036/2017,INE044A01036,2017,16,native,page_kind:digital,0.0,True,0.0057,,year_unproven;source_shredded;span_truncated,mixed
INE044A01036/2017,INE044A01036,2017,17,native,page_kind:digital,0.0,True,0.0057,,year_unproven;source_shredded;span_truncated,mixed
INE044A01036/2017,INE044A01036,2017,18,native,page_kind:digital,0.0,True,0.0057,,year_unproven;source_shredded;span_truncated,mixed
INE044A01036/2017,INE044A01036,2017,19,native,page_kind:digital,0.0,True,0.0057,,year_unproven;source_shredded;span_truncated,mixed
INE044A01036/2017,INE044A01036,2017,20,native,page_kind:digital,0.0,True,0.0057,,year_unproven;source_shredded;span_truncated,mixed
INE044A01036/2017,INE044A01036,2017,21,native,page_kind:digital,0.0,True,0.0057,,year_unproven;source_shredded;span_truncated,mixed
INE044A01036/2017,INE044A01036,2017,22,native,page_kind:digital,0.0,True,0.0057,,year_unproven;source_shredded;span_truncated,mixed
INE044A01036/2017,INE044A01036,2017,23,native,page_kind:digital,0.1,True,0.0057,True,year_unproven;source_shredded;span_truncated,mixed
INE044A01036/2017,INE044A01036,2017,24,native,page_kind:digital,0.0,True,0.0057,,year_unproven;source_shredded;span_truncated,mixed
INE044A01036/2017,INE044A01036,2017,25,native,page_kind:digital,0.0,True,0.0057,,year_unproven;source_shredded;span_truncated,mixed
INE044A01036/2017,INE044A01036,2017,26,native,page_kind:digital,0.0,True,0.0057,,year_unproven;source_shredded;span_truncated,mixed
INE044A01036/2017,INE044A01036,2017,27,native,page_kind:digital,0.0,True,0.0057,,year_unproven;source_shredded;span_truncated,mixed
INE044A01036/2017,INE044A01036,2017,28,native,page_kind:digital,0.0,True,0.0057,,year_unproven;source_shredded;span_truncated,mixed
INE044A01036/2017,INE044A01036,2017,29,native,page_kind:digital,0.0,True,0.0057,,year_unproven;source_shredded;span_truncated,mixed
INE044A01036/2017,INE044A01036,2017,30,native,page_kind:digital,0.0345,True,0.0057,False,year_unproven;source_shredded;span_truncated,mixed
INE044A01036/2017,INE044A01036,2017,31,native,page_kind:digital,0.0,True,0.0057,,year_unproven;source_shredded;span_truncated,mixed
INE044A01036/2017,INE044A01036,2017,32,native,page_kind:digital,0.0,True,0.0057,,year_unproven;source_shredded;span_truncated,mixed
INE044A01036/2017,INE044A01036,2017,33,ocr,ocr_stats:words=13,0.0,True,0.0057,,year_unproven;source_shredded;span_truncated,mixed
INE081A01020/2018,INE081A01020,2018,100,native,page_kind:digital,,False,0.0,,span_truncated,pure_native
INE081A01020/2018,INE081A01020,2018,101,native,page_kind:digital,0.0,True,0.0,,span_truncated,pure_native
INE081A01020/2018,INE081A01020,2018,102,native,page_kind:digital,0.0,True,0.0,,span_truncated,pure_native
INE081A01020/2018,INE081A01020,2018,103,native,page_kind:digital,0.0,True,0.0,,span_truncated,pure_native
INE081A01020/2018,INE081A01020,2018,104,native,page_kind:digital,0.0,True,0.0,,span_truncated,pure_native
INE081A01020/2018,INE081A01020,2018,105,native,page_kind:digital,0.0,True,0.0,,span_truncated,pure_native
INE081A01020/2018,INE081A01020,2018,106,native,page_kind:digital,0.0,True,0.0,,span_truncated,pure_native
INE081A01020/2018,INE081A01020,2018,107,native,page_kind:digital,0.0,True,0.0,,span_truncated,pure_native
INE081A01020/2018,INE081A01020,2018,108,native,page_kind:digital,0.0,True,0.0,,span_truncated,pure_native
INE081A01020/2018,INE081A01020,2018,109,native,page_kind:digital,0.0,True,0.0,,span_truncated,pure_native
INE081A01020/2018,INE081A01020,2018,110,native,page_kind:digital,0.0,True,0.0,,span_truncated,pure_native
INE081A01020/2018,INE081A01020,2018,111,native,page_kind:digital,0.0,True,0.0,,span_truncated,pure_native
INE081A01020/2018,INE081A01020,2018,112,native,page_kind:digital,0.0,True,0.0,,span_truncated,pure_native
INE081A01020/2017,INE081A01020,2017,92,native,page_kind:digital,,False,0.0526,,source_shredded;span_truncated,pure_native
INE081A01020/2017,INE081A01020,2017,93,native,page_kind:digital,0.0732,True,0.0526,False,source_shredded;span_truncated,pure_native
INE040A01034/2018,INE040A01034,2018,24,ocr,ocr_stats:words=889,,False,0.0518,,source_shredded;span_truncated,mixed
INE040A01034/2018,INE040A01034,2018,25,native,page_kind:digital,0.0385,True,0.0518,False,source_shredded;span_truncated,mixed
INE040A01034/2018,INE040A01034,2018,26,native,page_kind:digital,0.0,True,0.0518,,source_shredded;span_truncated,mixed
INE040A01034/2018,INE040A01034,2018,27,native,page_kind:digital,0.0,True,0.0518,,source_shredded;span_truncated,mixed
INE040A01034/2018,INE040A01034,2018,28,native,page_kind:digital,0.0,True,0.0518,,source_shredded;span_truncated,mixed
INE040A01034/2018,INE040A01034,2018,29,native,page_kind:digital,0.08,True,0.0518,False,source_shredded;span_truncated,mixed
INE040A01034/2018,INE040A01034,2018,30,native,page_kind:digital,0.0,True,0.0518,,source_shredded;span_truncated,mixed
INE040A01034/2018,INE040A01034,2018,31,native,page_kind:digital,0.1143,True,0.0518,False,source_shredded;span_truncated,mixed
INE040A01034/2018,INE040A01034,2018,32,native,page_kind:digital,0.0,True,0.0518,,source_shredded;span_truncated,mixed
INE040A01034/2018,INE040A01034,2018,33,native,page_kind:digital,0.0,True,0.0518,,source_shredded;span_truncated,mixed
INE040A01034/2018,INE040A01034,2018,34,native,page_kind:digital,0.0,True,0.0518,,source_shredded;span_truncated,mixed
INE040A01034/2018,INE040A01034,2018,35,native,page_kind:digital,0.4118,True,0.0518,False,source_shredded;span_truncated,mixed
INE040A01034/2018,INE040A01034,2018,36,native,page_kind:digital,0.0,True,0.0518,,source_shredded;span_truncated,mixed
INE040A01034/2018,INE040A01034,2018,37,native,page_kind:digital,0.0455,True,0.0518,False,source_shredded;span_truncated,mixed
INE040A01034/2018,INE040A01034,2018,38,native,page_kind:digital,0.0,True,0.0518,,source_shredded;span_truncated,mixed
INE040A01034/2018,INE040A01034,2018,39,ocr,ocr_stats:words=820,0.0,True,0.0518,,source_shredded;span_truncated,mixed
INE040A01034/2018,INE040A01034,2018,40,ocr,ocr_stats:words=795,0.1538,True,0.0518,False,source_shredded;span_truncated,mixed
INE040A01034/2018,INE040A01034,2018,41,ocr,ocr_stats:words=845,0.0,True,0.0518,,source_shredded;span_truncated,mixed
INE040A01034/2018,INE040A01034,2018,42,native,page_kind:digital,0.0,True,0.0518,,source_shredded;span_truncated,mixed
INE040A01034/2018,INE040A01034,2018,43,native,page_kind:digital,0.0,True,0.0518,,source_shredded;span_truncated,mixed
INE040A01034/2018,INE040A01034,2018,44,native,page_kind:digital,0.0,True,0.0518,,source_shredded;span_truncated,mixed
INE001F01019/2017,INE001F01019,2017,3,native,page_kind:digital,,False,0.0,,,pure_native
INE001F01019/2017,INE001F01019,2017,4,native,page_kind:digital,0.0,True,0.0,,,pure_native
INE001F01019/2017,INE001F01019,2017,5,native,page_kind:digital,0.0,True,0.0,,,pure_native
INE154A01025/2017,INE154A01025,2017,65,native,page_kind:digital,,False,0.0211,,span_truncated,pure_native
INE154A01025/2017,INE154A01025,2017,66,native,page_kind:digital,0.0,True,0.0211,,span_truncated,pure_native
INE154A01025/2017,INE154A01025,2017,67,native,page_kind:digital,0.0714,True,0.0211,True,span_truncated,pure_native
INE154A01025/2017,INE154A01025,2017,68,native,page_kind:digital,0.0465,True,0.0211,False,span_truncated,pure_native
INE154A01025/2017,INE154A01025,2017,69,native,page_kind:digital,0.0,True,0.0211,,span_truncated,pure_native
INE154A01025/2017,INE154A01025,2017,70,native,page_kind:digital,0.0,True,0.0211,,span_truncated,pure_native
INE154A01025/2017,INE154A01025,2017,71,native,page_kind:digital,0.0435,True,0.0211,True,span_truncated,pure_native
INE154A01025/2017,INE154A01025,2017,72,native,page_kind:digital,0.1538,True,0.0211,True,span_truncated,pure_native
INE154A01025/2017,INE154A01025,2017,73,native,page_kind:digital,0.0667,True,0.0211,True,span_truncated,pure_native
INE154A01025/2017,INE154A01025,2017,74,native,page_kind:digital,0.0667,True,0.0211,True,span_truncated,pure_native
INE154A01025/2017,INE154A01025,2017,75,native,page_kind:digital,0.0714,True,0.0211,True,span_truncated,pure_native
INE154A01025/2017,INE154A01025,2017,76,native,page_kind:digital,0.125,True,0.0211,True,span_truncated,pure_native
INE154A01025/2017,INE154A01025,2017,77,native,page_kind:digital,0.0667,True,0.0211,True,span_truncated,pure_native
INE154A01025/2017,INE154A01025,2017,78,native,page_kind:digital,0.0,True,0.0211,,span_truncated,pure_native
INE154A01025/2017,INE154A01025,2017,79,native,page_kind:digital,0.1,True,0.0211,True,span_truncated,pure_native
INE154A01025/2017,INE154A01025,2017,80,native,page_kind:digital,0.0833,True,0.0211,True,span_truncated,pure_native
INE154A01025/2017,INE154A01025,2017,81,native,page_kind:digital,0.0,True,0.0211,,span_truncated,pure_native
INE154A01025/2017,INE154A01025,2017,82,native,page_kind:digital,0.1111,True,0.0211,True,span_truncated,pure_native
INE154A01025/2017,INE154A01025,2017,83,native,page_kind:digital,0.0,True,0.0211,,span_truncated,pure_native
INE154A01025/2017,INE154A01025,2017,84,native,page_kind:digital,0.0833,True,0.0211,True,span_truncated,pure_native
INE154A01025/2017,INE154A01025,2017,85,native,page_kind:digital,0.0,True,0.0211,,span_truncated,pure_native
INE154A01025/2017,INE154A01025,2017,86,native,page_kind:digital,0.0,True,0.0211,,span_truncated,pure_native
INE154A01025/2017,INE154A01025,2017,87,native,page_kind:digital,0.0625,True,0.0211,True,span_truncated,pure_native
INE154A01025/2017,INE154A01025,2017,88,native,page_kind:digital,0.0,True,0.0211,,span_truncated,pure_native
INE154A01025/2017,INE154A01025,2017,89,native,page_kind:digital,0.0256,True,0.0211,,span_truncated,pure_native
INE154A01025/2017,INE154A01025,2017,90,native,page_kind:digital,0.0,True,0.0211,,span_truncated,pure_native
INE154A01025/2017,INE154A01025,2017,91,native,page_kind:digital,0.0,True,0.0211,,span_truncated,pure_native
INE154A01025/2017,INE154A01025,2017,92,native,page_kind:digital,0.0423,True,0.0211,True,span_truncated,pure_native
INE154A01025/2017,INE154A01025,2017,93,native,page_kind:digital,0.0,True,0.0211,,span_truncated,pure_native
INE154A01025/2017,INE154A01025,2017,94,native,page_kind:digital,0.0833,True,0.0211,True,span_truncated,pure_native
INE154A01025/2017,INE154A01025,2017,95,native,page_kind:digital,0.025,True,0.0211,,span_truncated,pure_native
INE154A01025/2017,INE154A01025,2017,96,native,page_kind:digital,0.0714,True,0.0211,False,span_truncated,pure_native
INE154A01025/2017,INE154A01025,2017,97,native,page_kind:digital,0.0,True,0.0211,,span_truncated,pure_native
INE154A01025/2017,INE154A01025,2017,98,native,page_kind:digital,0.0,True,0.0211,,span_truncated,pure_native
INE154A01025/2017,INE154A01025,2017,99,native,page_kind:digital,0.05,True,0.0211,False,span_truncated,pure_native
INE154A01025/2017,INE154A01025,2017,100,native,page_kind:digital,0.0,True,0.0211,,span_truncated,pure_native
INE154A01025/2017,INE154A01025,2017,101,native,page_kind:digital,0.0,True,0.0211,,span_truncated,pure_native
INE154A01025/2017,INE154A01025,2017,102,native,page_kind:digital,0.0,True,0.0211,,span_truncated,pure_native
INE154A01025/2017,INE154A01025,2017,103,native,page_kind:digital,0.0,True,0.0211,,span_truncated,pure_native
INE154A01025/2017,INE154A01025,2017,104,native,page_kind:digital,0.0,True,0.0211,,span_truncated,pure_native
INE154A01025/2017,INE154A01025,2017,105,native,page_kind:digital,0.0,True,0.0211,,span_truncated,pure_native
INE154A01025/2017,INE154A01025,2017,106,native,page_kind:digital,0.0,True,0.0211,,span_truncated,pure_native
INE154A01025/2017,INE154A01025,2017,107,native,page_kind:digital,0.0,True,0.0211,,span_truncated,pure_native
INE154A01025/2017,INE154A01025,2017,108,native,page_kind:digital,0.0,True,0.0211,,span_truncated,pure_native
INE154A01025/2017,INE154A01025,2017,109,native,page_kind:digital,0.0,True,0.0211,,span_truncated,pure_native
INE154A01025/2017,INE154A01025,2017,110,native,page_kind:digital,0.0,True,0.0211,,span_truncated,pure_native
INE154A01025/2017,INE154A01025,2017,111,native,page_kind:digital,0.0,True,0.0211,,span_truncated,pure_native
INE154A01025/2017,INE154A01025,2017,112,native,page_kind:digital,0.0,True,0.0211,,span_truncated,pure_native
INE154A01025/2017,INE154A01025,2017,113,native,page_kind:digital,0.0,True,0.0211,,span_truncated,pure_native
INE154A01025/2017,INE154A01025,2017,114,native,page_kind:digital,0.0,True,0.0211,,span_truncated,pure_native
INE154A01025/2017,INE154A01025,2017,115,native,page_kind:digital,0.0,True,0.0211,,span_truncated,pure_native
INE154A01025/2017,INE154A01025,2017,116,native,page_kind:digital,0.0,True,0.0211,,span_truncated,pure_native
INE154A01025/2017,INE154A01025,2017,117,native,page_kind:digital,0.0,True,0.0211,,span_truncated,pure_native
INE154A01025/2017,INE154A01025,2017,118,native,page_kind:digital,0.0,True,0.0211,,span_truncated,pure_native
INE001F01019/2018,INE001F01019,2018,27,native,page_kind:digital,,False,0.0244,,span_truncated,pure_native
INE001F01019/2018,INE001F01019,2018,28,native,page_kind:digital,0.0,True,0.0244,,span_truncated,pure_native
INE001B01026/2018,INE001B01026,2018,23,native,page_kind:digital,,False,0.0321,,source_shredded;span_truncated,unknown
INE001B01026/2018,INE001B01026,2018,24,unknown,page_kind:hybrid_no_ocr,0.0,True,0.0321,,source_shredded;span_truncated,unknown
INE001B01026/2018,INE001B01026,2018,25,native,page_kind:digital,,False,0.0321,,source_shredded;span_truncated,unknown
INE001B01026/2018,INE001B01026,2018,26,native,page_kind:digital,0.0,True,0.0321,,source_shredded;span_truncated,unknown
INE001B01026/2018,INE001B01026,2018,27,native,page_kind:digital,0.087,True,0.0321,False,source_shredded;span_truncated,unknown
INE001B01026/2018,INE001B01026,2018,28,native,page_kind:digital,0.0,True,0.0321,,source_shredded;span_truncated,unknown
INE001B01026/2018,INE001B01026,2018,29,ocr,ocr_stats:words=13,0.0769,True,0.0321,False,source_shredded;span_truncated,unknown
INE001B01026/2018,INE001B01026,2018,30,native,page_kind:digital,0.0,True,0.0321,,source_shredded;span_truncated,unknown
INE001B01026/2018,INE001B01026,2018,31,native,page_kind:digital,0.0,True,0.0321,,source_shredded;span_truncated,unknown
INE001B01026/2018,INE001B01026,2018,32,native,page_kind:digital,0.0,True,0.0321,,source_shredded;span_truncated,unknown
INE001B01026/2018,INE001B01026,2018,33,native,page_kind:digital,0.0,True,0.0321,,source_shredded;span_truncated,unknown
INE001B01026/2018,INE001B01026,2018,34,native,page_kind:digital,0.0,True,0.0321,,source_shredded;span_truncated,unknown
INE001B01026/2018,INE001B01026,2018,35,native,page_kind:digital,0.0,True,0.0321,,source_shredded;span_truncated,unknown
INE001B01026/2018,INE001B01026,2018,36,native,page_kind:digital,0.0,True,0.0321,,source_shredded;span_truncated,unknown
INE001B01026/2018,INE001B01026,2018,37,native,page_kind:digital,0.0,True,0.0321,,source_shredded;span_truncated,unknown
INE001B01026/2018,INE001B01026,2018,38,native,page_kind:digital,0.0417,True,0.0321,True,source_shredded;span_truncated,unknown
INE001B01026/2018,INE001B01026,2018,39,native,page_kind:digital,0.0,True,0.0321,,source_shredded;span_truncated,unknown
INE001B01026/2018,INE001B01026,2018,40,native,page_kind:digital,0.0,True,0.0321,,source_shredded;span_truncated,unknown
INE001B01026/2018,INE001B01026,2018,41,native,page_kind:digital,0.0323,True,0.0321,True,source_shredded;span_truncated,unknown
INE001B01026/2018,INE001B01026,2018,42,native,page_kind:digital,0.0714,True,0.0321,True,source_shredded;span_truncated,unknown
INE001B01026/2018,INE001B01026,2018,43,ocr,ocr_stats:words=94,0.0,True,0.0321,,source_shredded;span_truncated,unknown
INE001B01026/2018,INE001B01026,2018,44,native,page_kind:digital,0.0417,True,0.0321,True,source_shredded;span_truncated,unknown
INE001B01026/2018,INE001B01026,2018,45,native,page_kind:digital,0.0,True,0.0321,,source_shredded;span_truncated,unknown
INE001B01026/2018,INE001B01026,2018,46,native,page_kind:digital,0.0,True,0.0321,,source_shredded;span_truncated,unknown
INE001B01026/2018,INE001B01026,2018,47,native,page_kind:digital,0.1765,True,0.0321,False,source_shredded;span_truncated,unknown
INE001B01026/2018,INE001B01026,2018,48,ocr,ocr_stats:words=11,0.125,True,0.0321,True,source_shredded;span_truncated,unknown
INE001B01026/2018,INE001B01026,2018,49,native,page_kind:digital,0.0,True,0.0321,,source_shredded;span_truncated,unknown
INE001B01026/2018,INE001B01026,2018,50,native,page_kind:digital,0.0,True,0.0321,,source_shredded;span_truncated,unknown
INE001B01026/2018,INE001B01026,2018,51,native,page_kind:digital,0.0,True,0.0321,,source_shredded;span_truncated,unknown
INE001B01026/2018,INE001B01026,2018,52,native,page_kind:digital,0.0,True,0.0321,,source_shredded;span_truncated,unknown
INE001B01026/2018,INE001B01026,2018,53,native,page_kind:digital,0.0,True,0.0321,,source_shredded;span_truncated,unknown
INE001B01026/2018,INE001B01026,2018,54,native,page_kind:digital,0.0882,True,0.0321,False,source_shredded;span_truncated,unknown
INE001B01026/2018,INE001B01026,2018,55,native,page_kind:digital,0.0769,True,0.0321,True,source_shredded;span_truncated,unknown
INE001B01026/2018,INE001B01026,2018,56,native,page_kind:digital,0.0,True,0.0321,,source_shredded;span_truncated,unknown
INE001B01026/2018,INE001B01026,2018,57,native,page_kind:digital,0.0,True,0.0321,,source_shredded;span_truncated,unknown
INE001B01026/2018,INE001B01026,2018,58,native,page_kind:digital,0.0,True,0.0321,,source_shredded;span_truncated,unknown
INE001B01026/2018,INE001B01026,2018,59,native,page_kind:digital,0.1111,True,0.0321,False,source_shredded;span_truncated,unknown
INE001B01026/2018,INE001B01026,2018,60,native,page_kind:digital,0.0,True,0.0321,,source_shredded;span_truncated,unknown
INE001B01026/2018,INE001B01026,2018,61,native,page_kind:digital,0.0,True,0.0321,,source_shredded;span_truncated,unknown
INE001B01026/2018,INE001B01026,2018,62,native,page_kind:digital,0.0,True,0.0321,,source_shredded;span_truncated,unknown
INE001B01026/2018,INE001B01026,2018,63,native,page_kind:digital,0.0784,True,0.0321,False,source_shredded;span_truncated,unknown
INE001B01026/2018,INE001B01026,2018,64,native,page_kind:digital,0.0,True,0.0321,,source_shredded;span_truncated,unknown
INE001B01026/2018,INE001B01026,2018,65,native,page_kind:digital,0.0,True,0.0321,,source_shredded;span_truncated,unknown
INE001B01026/2018,INE001B01026,2018,66,native,page_kind:digital,0.0,True,0.0321,,source_shredded;span_truncated,unknown
INE001B01026/2018,INE001B01026,2018,67,native,page_kind:digital,0.0,True,0.0321,,source_shredded;span_truncated,unknown
INE001B01026/2018,INE001B01026,2018,68,ocr,ocr_stats:words=3,0.0,True,0.0321,,source_shredded;span_truncated,unknown
INE001B01026/2017,INE001B01026,2017,13,native,page_kind:digital,,False,0.0114,,,mixed
INE001B01026/2017,INE001B01026,2017,14,native,page_kind:digital,0.1176,True,0.0114,True,,mixed
INE001B01026/2017,INE001B01026,2017,15,native,page_kind:digital,0.0,True,0.0114,,,mixed
INE001B01026/2017,INE001B01026,2017,16,native,page_kind:digital,0.0,True,0.0114,,,mixed
INE001B01026/2017,INE001B01026,2017,17,native,page_kind:digital,0.0,True,0.0114,,,mixed
INE001B01026/2017,INE001B01026,2017,18,native,page_kind:digital,0.0417,True,0.0114,True,,mixed
INE001B01026/2017,INE001B01026,2017,19,native,page_kind:digital,0.0,True,0.0114,,,mixed
INE001B01026/2017,INE001B01026,2017,20,native,page_kind:digital,0.0,True,0.0114,,,mixed
INE001B01026/2017,INE001B01026,2017,21,native,page_kind:digital,0.0,True,0.0114,,,mixed
INE001B01026/2017,INE001B01026,2017,22,native,page_kind:digital,0.0,True,0.0114,,,mixed
INE001B01026/2017,INE001B01026,2017,23,ocr,ocr_stats:words=85,0.0,True,0.0114,,,mixed
INE001B01026/2017,INE001B01026,2017,24,native,page_kind:digital,0.0909,True,0.0114,False,,mixed
INE001B01026/2017,INE001B01026,2017,25,ocr,ocr_stats:words=114,0.0,True,0.0114,,,mixed
INE001B01026/2017,INE001B01026,2017,26,native,page_kind:digital,0.0667,True,0.0114,False,,mixed
INE001B01026/2017,INE001B01026,2017,27,native,page_kind:digital,0.0,True,0.0114,,,mixed
INE001B01026/2017,INE001B01026,2017,28,native,page_kind:digital,0.0,True,0.0114,,,mixed
INE001B01026/2017,INE001B01026,2017,29,native,page_kind:digital,0.0,True,0.0114,,,mixed
INE001B01026/2017,INE001B01026,2017,30,native,page_kind:digital,0.0,True,0.0114,,,mixed
INE001B01026/2017,INE001B01026,2017,31,native,page_kind:digital,0.0,True,0.0114,,,mixed
INE001B01026/2017,INE001B01026,2017,32,native,page_kind:digital,0.0,True,0.0114,,,mixed
INE001B01026/2017,INE001B01026,2017,33,native,page_kind:digital,0.0,True,0.0114,,,mixed
INE001B01026/2017,INE001B01026,2017,34,native,page_kind:digital,0.0,True,0.0114,,,mixed
INE001B01026/2017,INE001B01026,2017,35,native,page_kind:digital,0.1667,True,0.0114,False,,mixed
INE001B01026/2017,INE001B01026,2017,36,native,page_kind:digital,0.0,True,0.0114,,,mixed
INE001B01026/2017,INE001B01026,2017,37,native,page_kind:digital,0.0,True,0.0114,,,mixed
INE001B01026/2017,INE001B01026,2017,38,native,page_kind:digital,0.0,True,0.0114,,,mixed
INE001B01026/2017,INE001B01026,2017,39,native,page_kind:digital,0.0,True,0.0114,,,mixed
INE001B01026/2017,INE001B01026,2017,40,native,page_kind:digital,0.0,True,0.0114,,,mixed
INE001B01026/2017,INE001B01026,2017,41,native,page_kind:digital,0.0,True,0.0114,,,mixed
INE001B01026/2017,INE001B01026,2017,42,ocr,ocr_stats:words=17,0.0,True,0.0114,,,mixed
INE001B01026/2017,INE001B01026,2017,43,native,page_kind:digital,,False,0.0114,,,mixed
INE001B01026/2017,INE001B01026,2017,44,native,page_kind:digital,0.0,True,0.0114,,,mixed
INE001B01026/2017,INE001B01026,2017,45,native,page_kind:digital,0.0,True,0.0114,,,mixed
INE001B01026/2017,INE001B01026,2017,46,native,page_kind:digital,0.0,True,0.0114,,,mixed
INE001B01026/2017,INE001B01026,2017,47,native,page_kind:digital,0.0,True,0.0114,,,mixed
INE001B01026/2017,INE001B01026,2017,48,native,page_kind:digital,0.0833,True,0.0114,True,,mixed
INE001B01026/2017,INE001B01026,2017,49,native,page_kind:digital,0.0,True,0.0114,,,mixed
INE004C01028/2018,INE004C01028,2018,34,native,page_kind:digital,,False,0.0108,,year_unproven;span_truncated,pure_native
INE004C01028/2018,INE004C01028,2018,35,native,page_kind:digital,0.0312,True,0.0108,True,year_unproven;span_truncated,pure_native
INE004C01028/2018,INE004C01028,2018,36,native,page_kind:digital,0.0,True,0.0108,,year_unproven;span_truncated,pure_native
INE004C01028/2018,INE004C01028,2018,37,native,page_kind:digital,0.0,True,0.0108,,year_unproven;span_truncated,pure_native
INE004E01016/2017,INE004E01016,2017,7,native,page_kind:digital,,False,0.0142,,,pure_native
INE004E01016/2017,INE004E01016,2017,8,native,page_kind:digital,0.0233,True,0.0142,,,pure_native
INE004E01016/2017,INE004E01016,2017,9,native,page_kind:digital,0.0,True,0.0142,,,pure_native
INE004E01016/2017,INE004E01016,2017,10,native,page_kind:digital,0.0,True,0.0142,,,pure_native
INE004E01016/2017,INE004E01016,2017,11,native,page_kind:digital,0.0,True,0.0142,,,pure_native
INE002L01015/2012,INE002L01015,2012,8,ocr,ocr_stats:words=1070,,False,0.0526,,source_shredded;span_truncated,pure_ocr
INE002L01015/2012,INE002L01015,2012,9,ocr,ocr_stats:words=1159,0.0274,True,0.0526,,source_shredded;span_truncated,pure_ocr
INE002L01015/2012,INE002L01015,2012,10,ocr,ocr_stats:words=1127,0.0455,True,0.0526,,source_shredded;span_truncated,pure_ocr
INE002L01015/2012,INE002L01015,2012,11,ocr,ocr_stats:words=1014,0.0847,True,0.0526,,source_shredded;span_truncated,pure_ocr
INE005E01013/2018,INE005E01013,2018,19,native,page_kind:digital,,False,0.0,,span_truncated,pure_native
INE005E01013/2018,INE005E01013,2018,20,native,page_kind:digital,0.0,True,0.0,,span_truncated,pure_native
INE005E01013/2018,INE005E01013,2018,21,native,page_kind:digital,0.0,True,0.0,,span_truncated,pure_native
INE005E01013/2018,INE005E01013,2018,22,native,page_kind:digital,0.0,True,0.0,,span_truncated,pure_native
INE005E01013/2017,INE005E01013,2017,21,native,page_kind:digital,,False,0.0,,span_truncated,pure_native
INE005E01013/2017,INE005E01013,2017,22,native,page_kind:digital,0.0,True,0.0,,span_truncated,pure_native
INE005E01013/2017,INE005E01013,2017,23,native,page_kind:digital,0.0,True,0.0,,span_truncated,pure_native
INE005E01013/2017,INE005E01013,2017,24,native,page_kind:digital,0.0,True,0.0,,span_truncated,pure_native
INE006C01015/2018,INE006C01015,2018,12,native,page_kind:digital,,False,0.0431,,source_shredded;span_truncated,pure_native
INE006C01015/2018,INE006C01015,2018,13,native,page_kind:digital,0.0,True,0.0431,,source_shredded;span_truncated,pure_native
INE006C01015/2018,INE006C01015,2018,14,native,page_kind:digital,0.0,True,0.0431,,source_shredded;span_truncated,pure_native
INE006C01015/2018,INE006C01015,2018,15,native,page_kind:digital,0.0,True,0.0431,,source_shredded;span_truncated,pure_native
INE006C01015/2018,INE006C01015,2018,16,native,page_kind:digital,0.0526,True,0.0431,True,source_shredded;span_truncated,pure_native
INE006C01015/2018,INE006C01015,2018,17,native,page_kind:digital,0.0909,True,0.0431,True,source_shredded;span_truncated,pure_native
INE006C01015/2018,INE006C01015,2018,18,native,page_kind:digital,0.0,True,0.0431,,source_shredded;span_truncated,pure_native
INE154A01025/2018,INE154A01025,2018,61,native,page_kind:digital,,False,0.0276,,span_truncated,pure_native
INE154A01025/2018,INE154A01025,2018,62,native,page_kind:digital,0.0714,True,0.0276,True,span_truncated,pure_native
INE154A01025/2018,INE154A01025,2018,63,native,page_kind:digital,0.0833,True,0.0276,True,span_truncated,pure_native
INE154A01025/2018,INE154A01025,2018,64,native,page_kind:digital,0.0,True,0.0276,,span_truncated,pure_native
INE154A01025/2018,INE154A01025,2018,65,native,page_kind:digital,0.0769,True,0.0276,True,span_truncated,pure_native
INE154A01025/2018,INE154A01025,2018,66,native,page_kind:digital,0.0,True,0.0276,,span_truncated,pure_native
INE154A01025/2018,INE154A01025,2018,67,native,page_kind:digital,0.0,True,0.0276,,span_truncated,pure_native
INE154A01025/2018,INE154A01025,2018,68,native,page_kind:digital,0.0652,True,0.0276,True,span_truncated,pure_native
INE154A01025/2018,INE154A01025,2018,69,native,page_kind:digital,0.0556,True,0.0276,True,span_truncated,pure_native
INE154A01025/2018,INE154A01025,2018,70,native,page_kind:digital,0.0909,True,0.0276,True,span_truncated,pure_native
INE154A01025/2018,INE154A01025,2018,71,native,page_kind:digital,0.0139,True,0.0276,,span_truncated,pure_native
INE154A01025/2018,INE154A01025,2018,72,native,page_kind:digital,0.0909,True,0.0276,True,span_truncated,pure_native
INE154A01025/2018,INE154A01025,2018,73,native,page_kind:digital,0.0714,True,0.0276,True,span_truncated,pure_native
INE154A01025/2018,INE154A01025,2018,74,native,page_kind:digital,0.0417,True,0.0276,True,span_truncated,pure_native
INE154A01025/2018,INE154A01025,2018,75,native,page_kind:digital,0.0137,True,0.0276,,span_truncated,pure_native
INE154A01025/2018,INE154A01025,2018,76,native,page_kind:digital,0.0,True,0.0276,,span_truncated,pure_native
INE154A01025/2018,INE154A01025,2018,77,native,page_kind:digital,0.0,True,0.0276,,span_truncated,pure_native
INE154A01025/2018,INE154A01025,2018,78,native,page_kind:digital,0.0556,True,0.0276,True,span_truncated,pure_native
INE154A01025/2018,INE154A01025,2018,79,native,page_kind:digital,0.0233,True,0.0276,,span_truncated,pure_native
INE154A01025/2018,INE154A01025,2018,80,native,page_kind:digital,0.0435,True,0.0276,True,span_truncated,pure_native
INE154A01025/2018,INE154A01025,2018,81,native,page_kind:digital,0.0,True,0.0276,,span_truncated,pure_native
INE154A01025/2018,INE154A01025,2018,82,native,page_kind:digital,0.0909,True,0.0276,True,span_truncated,pure_native
INE154A01025/2018,INE154A01025,2018,83,native,page_kind:digital,0.0833,True,0.0276,True,span_truncated,pure_native
INE154A01025/2018,INE154A01025,2018,84,native,page_kind:digital,0.0,True,0.0276,,span_truncated,pure_native
INE154A01025/2018,INE154A01025,2018,85,native,page_kind:digital,0.0,True,0.0276,,span_truncated,pure_native
INE154A01025/2018,INE154A01025,2018,86,native,page_kind:digital,0.2143,True,0.0276,True,span_truncated,pure_native
INE154A01025/2018,INE154A01025,2018,87,native,page_kind:digital,0.0769,True,0.0276,True,span_truncated,pure_native
INE154A01025/2018,INE154A01025,2018,88,native,page_kind:digital,0.0714,True,0.0276,True,span_truncated,pure_native
INE154A01025/2018,INE154A01025,2018,89,native,page_kind:digital,0.1176,True,0.0276,True,span_truncated,pure_native
INE154A01025/2018,INE154A01025,2018,90,native,page_kind:digital,0.0769,True,0.0276,True,span_truncated,pure_native
INE154A01025/2018,INE154A01025,2018,91,native,page_kind:digital,0.05,True,0.0276,True,span_truncated,pure_native
INE154A01025/2018,INE154A01025,2018,92,native,page_kind:digital,0.0244,True,0.0276,,span_truncated,pure_native
INE154A01025/2018,INE154A01025,2018,93,native,page_kind:digital,0.0,True,0.0276,,span_truncated,pure_native
INE154A01025/2018,INE154A01025,2018,94,native,page_kind:digital,0.0625,True,0.0276,False,span_truncated,pure_native
INE154A01025/2018,INE154A01025,2018,95,native,page_kind:digital,0.0,True,0.0276,,span_truncated,pure_native
INE154A01025/2018,INE154A01025,2018,96,native,page_kind:digital,0.0,True,0.0276,,span_truncated,pure_native
INE154A01025/2018,INE154A01025,2018,97,native,page_kind:digital,0.0476,True,0.0276,False,span_truncated,pure_native
INE154A01025/2018,INE154A01025,2018,98,native,page_kind:digital,0.0,True,0.0276,,span_truncated,pure_native
INE154A01025/2018,INE154A01025,2018,99,native,page_kind:digital,0.0,True,0.0276,,span_truncated,pure_native
INE154A01025/2018,INE154A01025,2018,100,native,page_kind:digital,0.0,True,0.0276,,span_truncated,pure_native
INE154A01025/2018,INE154A01025,2018,101,native,page_kind:digital,0.0,True,0.0276,,span_truncated,pure_native
INE154A01025/2018,INE154A01025,2018,102,native,page_kind:digital,0.0,True,0.0276,,span_truncated,pure_native
INE154A01025/2018,INE154A01025,2018,103,native,page_kind:digital,0.0,True,0.0276,,span_truncated,pure_native
INE154A01025/2018,INE154A01025,2018,104,native,page_kind:digital,0.0,True,0.0276,,span_truncated,pure_native
INE154A01025/2018,INE154A01025,2018,105,native,page_kind:digital,0.0,True,0.0276,,span_truncated,pure_native
INE154A01025/2018,INE154A01025,2018,106,native,page_kind:digital,0.0,True,0.0276,,span_truncated,pure_native
INE154A01025/2018,INE154A01025,2018,107,native,page_kind:digital,0.0,True,0.0276,,span_truncated,pure_native
INE154A01025/2018,INE154A01025,2018,108,native,page_kind:digital,0.0,True,0.0276,,span_truncated,pure_native
INE154A01025/2018,INE154A01025,2018,109,native,page_kind:digital,0.0,True,0.0276,,span_truncated,pure_native
INE154A01025/2018,INE154A01025,2018,110,native,page_kind:digital,0.0,True,0.0276,,span_truncated,pure_native
INE154A01025/2018,INE154A01025,2018,111,native,page_kind:digital,0.0,True,0.0276,,span_truncated,pure_native
INE154A01025/2018,INE154A01025,2018,112,native,page_kind:digital,0.0,True,0.0276,,span_truncated,pure_native
INE154A01025/2018,INE154A01025,2018,113,native,page_kind:digital,0.0,True,0.0276,,span_truncated,pure_native
INE154A01025/2018,INE154A01025,2018,114,native,page_kind:digital,0.0,True,0.0276,,span_truncated,pure_native
INE154A01025/2018,INE154A01025,2018,115,native,page_kind:digital,0.0,True,0.0276,,span_truncated,pure_native
INE154A01025/2018,INE154A01025,2018,116,native,page_kind:digital,0.0,True,0.0276,,span_truncated,pure_native
INE154A01025/2018,INE154A01025,2018,117,native,page_kind:digital,0.0556,True,0.0276,False,span_truncated,pure_native
INE154A01025/2018,INE154A01025,2018,118,native,page_kind:digital,0.0,True,0.0276,,span_truncated,pure_native
INE004C01028/2017,INE004C01028,2017,36,native,page_kind:digital,,False,0.0378,,year_unproven;order_scrambled;span_truncated,mixed
INE004C01028/2017,INE004C01028,2017,37,native,page_kind:digital,0.0476,True,0.0378,True,year_unproven;order_scrambled;span_truncated,mixed
INE004C01028/2017,INE004C01028,2017,38,native,page_kind:digital,0.0,True,0.0378,,year_unproven;order_scrambled;span_truncated,mixed
INE004C01028/2017,INE004C01028,2017,39,ocr,ocr_stats:words=329,0.1429,True,0.0378,True,year_unproven;order_scrambled;span_truncated,mixed
INE004C01028/2017,INE004C01028,2017,40,ocr,ocr_stats:words=356,0.0,True,0.0378,,year_unproven;order_scrambled;span_truncated,mixed
INE004C01028/2017,INE004C01028,2017,41,native,page_kind:digital,0.037,True,0.0378,True,year_unproven;order_scrambled;span_truncated,mixed
INE004C01028/2017,INE004C01028,2017,42,native,page_kind:digital,0.0,True,0.0378,,year_unproven;order_scrambled;span_truncated,mixed
INE004C01028/2017,INE004C01028,2017,43,ocr,ocr_stats:words=201,0.0,True,0.0378,,year_unproven;order_scrambled;span_truncated,mixed
INE004C01028/2017,INE004C01028,2017,44,native,page_kind:digital,0.0,True,0.0378,,year_unproven;order_scrambled;span_truncated,mixed
INE004C01028/2017,INE004C01028,2017,45,native,page_kind:digital,0.0,True,0.0378,,year_unproven;order_scrambled;span_truncated,mixed
INE004C01028/2017,INE004C01028,2017,46,ocr,ocr_stats:words=171,0.0,True,0.0378,,year_unproven;order_scrambled;span_truncated,mixed
INE004C01028/2017,INE004C01028,2017,47,native,page_kind:digital,0.1111,True,0.0378,True,year_unproven;order_scrambled;span_truncated,mixed
INE004C01028/2017,INE004C01028,2017,48,native,page_kind:digital,0.0345,True,0.0378,True,year_unproven;order_scrambled;span_truncated,mixed
INE004C01028/2017,INE004C01028,2017,49,native,page_kind:digital,0.1111,True,0.0378,True,year_unproven;order_scrambled;span_truncated,mixed
INE004C01028/2017,INE004C01028,2017,50,native,page_kind:digital,0.1053,True,0.0378,True,year_unproven;order_scrambled;span_truncated,mixed
INE001O01029/2018,INE001O01029,2018,10,native,page_kind:digital,,False,0.0461,,source_shredded;span_truncated,pure_native
INE001O01029/2018,INE001O01029,2018,11,native,page_kind:digital,0.1212,True,0.0461,True,source_shredded;span_truncated,pure_native
INE001O01029/2018,INE001O01029,2018,12,native,page_kind:digital,0.2414,True,0.0461,True,source_shredded;span_truncated,pure_native
INE001O01029/2018,INE001O01029,2018,13,native,page_kind:digital,0.0,True,0.0461,,source_shredded;span_truncated,pure_native
INE001O01029/2018,INE001O01029,2018,14,native,page_kind:digital,0.0,True,0.0461,,source_shredded;span_truncated,pure_native
INE001O01029/2018,INE001O01029,2018,15,native,page_kind:digital,0.0227,True,0.0461,,source_shredded;span_truncated,pure_native
INE001O01029/2018,INE001O01029,2018,16,native,page_kind:digital,0.0,True,0.0461,,source_shredded;span_truncated,pure_native
INE001O01029/2018,INE001O01029,2018,17,native,page_kind:digital,0.0,True,0.0461,,source_shredded;span_truncated,pure_native
INE001O01029/2018,INE001O01029,2018,18,native,page_kind:digital,0.0896,True,0.0461,True,source_shredded;span_truncated,pure_native
INE001O01029/2018,INE001O01029,2018,19,native,page_kind:digital,0.0455,True,0.0461,True,source_shredded;span_truncated,pure_native
INE001O01029/2018,INE001O01029,2018,20,native,page_kind:digital,0.0,True,0.0461,,source_shredded;span_truncated,pure_native
INE001O01029/2018,INE001O01029,2018,21,native,page_kind:digital,0.0455,True,0.0461,True,source_shredded;span_truncated,pure_native
INE001O01029/2018,INE001O01029,2018,22,native,page_kind:digital,,False,0.0461,,source_shredded;span_truncated,pure_native
INE001O01029/2018,INE001O01029,2018,23,native,page_kind:digital,0.0769,True,0.0461,True,source_shredded;span_truncated,pure_native
INE001O01029/2018,INE001O01029,2018,24,native,page_kind:digital,0.0426,True,0.0461,True,source_shredded;span_truncated,pure_native
INE001O01029/2018,INE001O01029,2018,25,native,page_kind:digital,0.0263,True,0.0461,,source_shredded;span_truncated,pure_native
INE001O01029/2018,INE001O01029,2018,26,native,page_kind:digital,0.0,True,0.0461,,source_shredded;span_truncated,pure_native
INE006C01015/2017,INE006C01015,2017,25,native,page_kind:digital,,False,0.0,,section_leak;span_truncated,pure_native
INE006C01015/2017,INE006C01015,2017,26,native,page_kind:digital,0.0,True,0.0,,section_leak;span_truncated,pure_native
INE001O01029/2017,INE001O01029,2017,13,native,page_kind:digital,,False,0.0564,,source_shredded;span_truncated,pure_native
INE001O01029/2017,INE001O01029,2017,14,native,page_kind:digital,0.16,True,0.0564,True,source_shredded;span_truncated,pure_native
INE001O01029/2017,INE001O01029,2017,15,native,page_kind:digital,0.2,True,0.0564,True,source_shredded;span_truncated,pure_native
INE001O01029/2017,INE001O01029,2017,16,native,page_kind:digital,0.1053,True,0.0564,True,source_shredded;span_truncated,pure_native
INE001O01029/2017,INE001O01029,2017,17,native,page_kind:digital,0.0,True,0.0564,,source_shredded;span_truncated,pure_native
INE001O01029/2017,INE001O01029,2017,18,native,page_kind:digital,0.0227,True,0.0564,,source_shredded;span_truncated,pure_native
INE001O01029/2017,INE001O01029,2017,19,native,page_kind:digital,0.0204,True,0.0564,,source_shredded;span_truncated,pure_native
INE001O01029/2017,INE001O01029,2017,20,native,page_kind:digital,0.0,True,0.0564,,source_shredded;span_truncated,pure_native
INE001O01029/2017,INE001O01029,2017,21,native,page_kind:digital,0.1017,True,0.0564,True,source_shredded;span_truncated,pure_native
INE001O01029/2017,INE001O01029,2017,22,native,page_kind:digital,0.1053,True,0.0564,True,source_shredded;span_truncated,pure_native
INE001O01029/2017,INE001O01029,2017,23,native,page_kind:digital,0.0,True,0.0564,,source_shredded;span_truncated,pure_native
INE001O01029/2017,INE001O01029,2017,24,native,page_kind:digital,0.1,True,0.0564,True,source_shredded;span_truncated,pure_native
INE001O01029/2017,INE001O01029,2017,25,native,page_kind:digital,0.125,True,0.0564,True,source_shredded;span_truncated,pure_native
INE001O01029/2017,INE001O01029,2017,26,native,page_kind:digital,0.1765,True,0.0564,True,source_shredded;span_truncated,pure_native
INE001O01029/2017,INE001O01029,2017,27,native,page_kind:digital,0.0175,True,0.0564,,source_shredded;span_truncated,pure_native
INE001O01029/2017,INE001O01029,2017,28,native,page_kind:digital,0.0,True,0.0564,,source_shredded;span_truncated,pure_native
INE001O01029/2017,INE001O01029,2017,29,native,page_kind:digital,0.0,True,0.0564,,source_shredded;span_truncated,pure_native
INE002B01016/2018,INE002B01016,2018,32,native,page_kind:digital,,False,0.0,,span_truncated,pure_native
INE002B01016/2018,INE002B01016,2018,33,native,page_kind:digital,0.0,True,0.0,,span_truncated,pure_native
INE002B01016/2018,INE002B01016,2018,34,native,page_kind:digital,0.0,True,0.0,,span_truncated,pure_native
INE002B01016/2018,INE002B01016,2018,35,native,page_kind:digital,0.0,True,0.0,,span_truncated,pure_native
INE002B01016/2018,INE002B01016,2018,36,native,page_kind:digital,0.0,True,0.0,,span_truncated,pure_native
INE002B01016/2018,INE002B01016,2018,37,native,page_kind:digital,0.0,True,0.0,,span_truncated,pure_native
INE002B01016/2018,INE002B01016,2018,38,native,page_kind:digital,0.0,True,0.0,,span_truncated,pure_native
INE002B01016/2018,INE002B01016,2018,39,native,page_kind:digital,0.0,True,0.0,,span_truncated,pure_native
INE002B01016/2018,INE002B01016,2018,40,native,page_kind:digital,0.0,True,0.0,,span_truncated,pure_native
INE002B01016/2017,INE002B01016,2017,32,native,page_kind:digital,,False,0.0,,span_truncated,pure_native
INE002B01016/2017,INE002B01016,2017,33,native,page_kind:digital,0.0,True,0.0,,span_truncated,pure_native
INE002B01016/2017,INE002B01016,2017,34,native,page_kind:digital,0.0,True,0.0,,span_truncated,pure_native
INE002B01016/2017,INE002B01016,2017,35,native,page_kind:digital,0.0,True,0.0,,span_truncated,pure_native
INE002B01016/2017,INE002B01016,2017,36,native,page_kind:digital,0.0,True,0.0,,span_truncated,pure_native
INE002B01016/2017,INE002B01016,2017,37,native,page_kind:digital,0.0,True,0.0,,span_truncated,pure_native
INE002B01016/2017,INE002B01016,2017,38,native,page_kind:digital,0.0,True,0.0,,span_truncated,pure_native
INE002B01016/2017,INE002B01016,2017,39,native,page_kind:digital,0.0,True,0.0,,span_truncated,pure_native
INE002E01010/2018,INE002E01010,2018,12,native,page_kind:digital,,False,0.0061,,span_truncated,pure_native
INE002E01010/2018,INE002E01010,2018,13,native,page_kind:digital,0.0,True,0.0061,,span_truncated,pure_native
INE002E01010/2018,INE002E01010,2018,14,native,page_kind:digital,0.0294,True,0.0061,,span_truncated,pure_native
INE002E01010/2018,INE002E01010,2018,15,native,page_kind:digital,0.0,True,0.0061,,span_truncated,pure_native
INE002E01010/2018,INE002E01010,2018,16,native,page_kind:digital,0.0,True,0.0061,,span_truncated,pure_native
INE002E01010/2018,INE002E01010,2018,17,native,page_kind:digital,0.0,True,0.0061,,span_truncated,pure_native
INE002E01010/2018,INE002E01010,2018,18,native,page_kind:digital,0.0,True,0.0061,,span_truncated,pure_native
INE002E01010/2017,INE002E01010,2017,9,native,page_kind:digital,,False,0.0323,,year_unproven,pure_native
INE002E01010/2017,INE002E01010,2017,10,native,page_kind:digital,0.0714,True,0.0323,True,year_unproven,pure_native
INE002L01015/2018,INE002L01015,2018,121,native,page_kind:digital,,False,0.0075,,section_leak;source_shredded;span_truncated,pure_native
INE002L01015/2018,INE002L01015,2018,122,native,page_kind:digital,0.0192,True,0.0075,,section_leak;source_shredded;span_truncated,pure_native
INE002L01015/2018,INE002L01015,2018,123,native,page_kind:digital,0.0,True,0.0075,,section_leak;source_shredded;span_truncated,pure_native
INE006I01046/2017,INE006I01046,2017,27,native,page_kind:digital,,False,0.0116,,,pure_native
INE006I01046/2017,INE006I01046,2017,28,native,page_kind:digital,0.0,True,0.0116,,,pure_native
INE006I01046/2017,INE006I01046,2017,29,native,page_kind:digital,0.0,True,0.0116,,,pure_native
INE006I01046/2017,INE006I01046,2017,30,native,page_kind:digital,0.0,True,0.0116,,,pure_native
INE006I01046/2017,INE006I01046,2017,31,native,page_kind:digital,0.0,True,0.0116,,,pure_native
INE006I01046/2018,INE006I01046,2018,25,native,page_kind:digital,,False,0.0,,,pure_native
INE006I01046/2018,INE006I01046,2018,26,native,page_kind:digital,0.0,True,0.0,,,pure_native
INE006I01046/2018,INE006I01046,2018,27,native,page_kind:digital,0.0,True,0.0,,,pure_native
INE006I01046/2018,INE006I01046,2018,28,native,page_kind:digital,0.0,True,0.0,,,pure_native
INE002L01015/2017,INE002L01015,2017,126,native,page_kind:digital,,False,0.0,,section_leak;span_truncated,pure_native
INE002L01015/2017,INE002L01015,2017,127,native,page_kind:digital,0.0,True,0.0,,section_leak;span_truncated,pure_native
INE007A01025/2017,INE007A01025,2017,88,native,page_kind:digital,,False,0.032,,year_unproven;source_shredded;span_truncated,pure_native
INE007A01025/2017,INE007A01025,2017,89,native,page_kind:digital,0.0588,True,0.032,False,year_unproven;source_shredded;span_truncated,pure_native
INE007A01025/2017,INE007A01025,2017,90,native,page_kind:digital,0.0,True,0.032,,year_unproven;source_shredded;span_truncated,pure_native
INE007A01025/2017,INE007A01025,2017,91,native,page_kind:digital,0.08,True,0.032,True,year_unproven;source_shredded;span_truncated,pure_native
INE007A01025/2017,INE007A01025,2017,92,native,page_kind:digital,0.0,True,0.032,,year_unproven;source_shredded;span_truncated,pure_native
INE007A01025/2017,INE007A01025,2017,93,native,page_kind:digital,0.08,True,0.032,True,year_unproven;source_shredded;span_truncated,pure_native
INE007A01025/2017,INE007A01025,2017,94,native,page_kind:digital,0.0,True,0.032,,year_unproven;source_shredded;span_truncated,pure_native
INE007A01025/2017,INE007A01025,2017,95,native,page_kind:digital,0.0769,True,0.032,True,year_unproven;source_shredded;span_truncated,pure_native
INE007A01025/2017,INE007A01025,2017,96,native,page_kind:digital,0.0833,True,0.032,True,year_unproven;source_shredded;span_truncated,pure_native
INE007A01025/2017,INE007A01025,2017,97,native,page_kind:digital,0.0,True,0.032,,year_unproven;source_shredded;span_truncated,pure_native
INE007A01025/2017,INE007A01025,2017,98,native,page_kind:digital,0.0,True,0.032,,year_unproven;source_shredded;span_truncated,pure_native
INE007A01025/2017,INE007A01025,2017,99,native,page_kind:digital,0.0,True,0.032,,year_unproven;source_shredded;span_truncated,pure_native
INE007A01025/2018,INE007A01025,2018,70,native,page_kind:digital,,False,0.0223,,year_unproven;span_truncated,pure_native
INE007A01025/2018,INE007A01025,2018,71,native,page_kind:digital,0.0,True,0.0223,,year_unproven;span_truncated,pure_native
INE007A01025/2018,INE007A01025,2018,72,native,page_kind:digital,0.0455,True,0.0223,False,year_unproven;span_truncated,pure_native
INE007A01025/2018,INE007A01025,2018,73,native,page_kind:digital,0.0,True,0.0223,,year_unproven;span_truncated,pure_native
INE007A01025/2018,INE007A01025,2018,74,native,page_kind:digital,0.1111,True,0.0223,True,year_unproven;span_truncated,pure_native
INE007A01025/2018,INE007A01025,2018,75,native,page_kind:digital,0.0,True,0.0223,,year_unproven;span_truncated,pure_native
INE007A01025/2018,INE007A01025,2018,76,native,page_kind:digital,0.0,True,0.0223,,year_unproven;span_truncated,pure_native
INE007A01025/2018,INE007A01025,2018,77,native,page_kind:digital,0.0,True,0.0223,,year_unproven;span_truncated,pure_native
INE007A01025/2018,INE007A01025,2018,78,native,page_kind:digital,0.0,True,0.0223,,year_unproven;span_truncated,pure_native
INE007A01025/2018,INE007A01025,2018,79,native,page_kind:digital,0.1,True,0.0223,True,year_unproven;span_truncated,pure_native
INE007A01025/2018,INE007A01025,2018,80,native,page_kind:digital,0.0,True,0.0223,,year_unproven;span_truncated,pure_native
INE007A01025/2018,INE007A01025,2018,81,native,page_kind:digital,0.0,True,0.0223,,year_unproven;span_truncated,pure_native
INE151A01013/2017,INE151A01013,2017,41,native,page_kind:digital,,False,0.0201,,,pure_native
INE151A01013/2017,INE151A01013,2017,42,native,page_kind:digital,0.0333,True,0.0201,False,,pure_native
INE151A01013/2017,INE151A01013,2017,43,native,page_kind:digital,0.0,True,0.0201,,,pure_native
INE151A01013/2017,INE151A01013,2017,44,native,page_kind:digital,0.0556,True,0.0201,False,,pure_native
INE151A01013/2017,INE151A01013,2017,45,native,page_kind:digital,0.15,True,0.0201,False,,pure_native
INE151A01013/2017,INE151A01013,2017,46,native,page_kind:digital,0.0,True,0.0201,,,pure_native
INE151A01013/2017,INE151A01013,2017,47,native,page_kind:digital,0.0,True,0.0201,,,pure_native
INE151A01013/2017,INE151A01013,2017,48,native,page_kind:digital,0.0,True,0.0201,,,pure_native
INE151A01013/2017,INE151A01013,2017,49,native,page_kind:digital,0.0,True,0.0201,,,pure_native
INE151A01013/2017,INE151A01013,2017,50,native,page_kind:digital,0.0588,True,0.0201,False,,pure_native
INE151A01013/2017,INE151A01013,2017,51,native,page_kind:digital,0.0,True,0.0201,,,pure_native
INE151A01013/2017,INE151A01013,2017,52,native,page_kind:digital,0.0,True,0.0201,,,pure_native
INE151A01013/2017,INE151A01013,2017,53,native,page_kind:digital,0.0,True,0.0201,,,pure_native
INE151A01013/2017,INE151A01013,2017,54,native,page_kind:digital,0.0,True,0.0201,,,pure_native
INE151A01013/2017,INE151A01013,2017,55,native,page_kind:digital,0.0,True,0.0201,,,pure_native
INE151A01013/2017,INE151A01013,2017,56,native,page_kind:digital,0.0,True,0.0201,,,pure_native
INE151A01013/2017,INE151A01013,2017,57,native,page_kind:digital,0.0,True,0.0201,,,pure_native
INE151A01013/2018,INE151A01013,2018,48,native,page_kind:digital,,False,0.0129,,span_truncated,pure_native
INE151A01013/2018,INE151A01013,2018,49,native,page_kind:digital,0.0,True,0.0129,,span_truncated,pure_native
INE151A01013/2018,INE151A01013,2018,50,native,page_kind:digital,0.0,True,0.0129,,span_truncated,pure_native
INE151A01013/2018,INE151A01013,2018,51,native,page_kind:digital,0.0556,True,0.0129,True,span_truncated,pure_native
INE151A01013/2018,INE151A01013,2018,52,native,page_kind:digital,0.0357,True,0.0129,False,span_truncated,pure_native
INE151A01013/2018,INE151A01013,2018,53,native,page_kind:digital,0.0,True,0.0129,,span_truncated,pure_native
INE151A01013/2018,INE151A01013,2018,54,native,page_kind:digital,0.0,True,0.0129,,span_truncated,pure_native
INE151A01013/2018,INE151A01013,2018,55,native,page_kind:digital,0.0,True,0.0129,,span_truncated,pure_native
INE151A01013/2018,INE151A01013,2018,56,native,page_kind:digital,0.0,True,0.0129,,span_truncated,pure_native
INE151A01013/2018,INE151A01013,2018,57,native,page_kind:digital,0.0,True,0.0129,,span_truncated,pure_native
INE151A01013/2018,INE151A01013,2018,58,native,page_kind:digital,0.0,True,0.0129,,span_truncated,pure_native
INE151A01013/2018,INE151A01013,2018,59,native,page_kind:digital,0.0,True,0.0129,,span_truncated,pure_native
INE151A01013/2018,INE151A01013,2018,60,native,page_kind:digital,0.0,True,0.0129,,span_truncated,pure_native
INE151A01013/2018,INE151A01013,2018,61,native,page_kind:digital,0.0,True,0.0129,,span_truncated,pure_native
INE151A01013/2018,INE151A01013,2018,62,native,page_kind:digital,0.0,True,0.0129,,span_truncated,pure_native
INE151A01013/2018,INE151A01013,2018,63,native,page_kind:digital,0.0,True,0.0129,,span_truncated,pure_native
INE151A01013/2018,INE151A01013,2018,64,native,page_kind:digital,0.0,True,0.0129,,span_truncated,pure_native
INE151A01013/2018,INE151A01013,2018,65,native,page_kind:digital,0.2,True,0.0129,False,span_truncated,pure_native
INE151A01013/2018,INE151A01013,2018,66,native,page_kind:digital,0.0,True,0.0129,,span_truncated,pure_native
INE226A01021/2017,INE226A01021,2017,42,native,page_kind:digital,,False,0.0196,,,pure_native
INE226A01021/2017,INE226A01021,2017,43,native,page_kind:digital,0.0,True,0.0196,,,pure_native
INE226A01021/2017,INE226A01021,2017,44,native,page_kind:digital,0.0556,True,0.0196,False,,pure_native
INE226A01021/2017,INE226A01021,2017,45,native,page_kind:digital,0.0,True,0.0196,,,pure_native
INE226A01021/2017,INE226A01021,2017,46,native,page_kind:digital,0.0286,True,0.0196,,,pure_native
INE226A01021/2017,INE226A01021,2017,47,native,page_kind:digital,0.0,True,0.0196,,,pure_native
INE226A01021/2017,INE226A01021,2017,48,native,page_kind:digital,0.0,True,0.0196,,,pure_native
INE226A01021/2017,INE226A01021,2017,49,native,page_kind:digital,0.0,True,0.0196,,,pure_native
INE226A01021/2017,INE226A01021,2017,50,native,page_kind:digital,0.0,True,0.0196,,,pure_native
INE226A01021/2017,INE226A01021,2017,51,native,page_kind:digital,0.1176,True,0.0196,False,,pure_native
INE226A01021/2017,INE226A01021,2017,52,native,page_kind:digital,0.0,True,0.0196,,,pure_native
INE761H01022/2018,INE761H01022,2018,48,native,page_kind:digital,,False,0.016,,,pure_native
INE761H01022/2018,INE761H01022,2018,49,native,page_kind:digital,0.0,True,0.016,,,pure_native
INE761H01022/2018,INE761H01022,2018,50,native,page_kind:digital,0.0,True,0.016,,,pure_native
INE761H01022/2018,INE761H01022,2018,51,native,page_kind:digital,0.0,True,0.016,,,pure_native
INE761H01022/2018,INE761H01022,2018,52,native,page_kind:digital,0.0435,True,0.016,True,,pure_native
INE761H01022/2018,INE761H01022,2018,53,native,page_kind:digital,0.0,True,0.016,,,pure_native
INE761H01022/2018,INE761H01022,2018,54,native,page_kind:digital,0.0,True,0.016,,,pure_native
INE761H01022/2018,INE761H01022,2018,55,native,page_kind:digital,0.0,True,0.016,,,pure_native
INE761H01022/2018,INE761H01022,2018,56,native,page_kind:digital,0.0,True,0.016,,,pure_native
INE761H01022/2018,INE761H01022,2018,57,native,page_kind:digital,0.0833,True,0.016,True,,pure_native
INE171A01029/2018,INE171A01029,2018,49,native,page_kind:digital,,False,0.0148,,section_leak;span_truncated,mixed
INE171A01029/2018,INE171A01029,2018,50,native,page_kind:digital,0.0,True,0.0148,,section_leak;span_truncated,mixed
INE171A01029/2018,INE171A01029,2018,51,native,page_kind:digital,0.0,True,0.0148,,section_leak;span_truncated,mixed
INE171A01029/2018,INE171A01029,2018,52,native,page_kind:digital,0.0,True,0.0148,,section_leak;span_truncated,mixed
INE171A01029/2018,INE171A01029,2018,53,native,page_kind:digital,0.0526,True,0.0148,False,section_leak;span_truncated,mixed
INE171A01029/2018,INE171A01029,2018,54,native,page_kind:digital,0.0,True,0.0148,,section_leak;span_truncated,mixed
INE171A01029/2018,INE171A01029,2018,55,native,page_kind:digital,0.0,True,0.0148,,section_leak;span_truncated,mixed
INE171A01029/2018,INE171A01029,2018,56,native,page_kind:digital,0.0,True,0.0148,,section_leak;span_truncated,mixed
INE171A01029/2018,INE171A01029,2018,57,native,page_kind:digital,0.0,True,0.0148,,section_leak;span_truncated,mixed
INE171A01029/2018,INE171A01029,2018,58,native,page_kind:digital,0.0667,True,0.0148,False,section_leak;span_truncated,mixed
INE171A01029/2018,INE171A01029,2018,59,native,page_kind:digital,0.0,True,0.0148,,section_leak;span_truncated,mixed
INE171A01029/2018,INE171A01029,2018,60,native,page_kind:digital,0.0,True,0.0148,,section_leak;span_truncated,mixed
INE171A01029/2018,INE171A01029,2018,61,native,page_kind:digital,0.0769,True,0.0148,False,section_leak;span_truncated,mixed
INE171A01029/2018,INE171A01029,2018,62,native,page_kind:digital,0.0,True,0.0148,,section_leak;span_truncated,mixed
INE171A01029/2018,INE171A01029,2018,63,native,page_kind:digital,0.0526,True,0.0148,False,section_leak;span_truncated,mixed
INE171A01029/2018,INE171A01029,2018,64,native,page_kind:digital,0.0,True,0.0148,,section_leak;span_truncated,mixed
INE171A01029/2018,INE171A01029,2018,65,native,page_kind:digital,0.04,True,0.0148,False,section_leak;span_truncated,mixed
INE171A01029/2018,INE171A01029,2018,66,native,page_kind:digital,0.0,True,0.0148,,section_leak;span_truncated,mixed
INE171A01029/2018,INE171A01029,2018,67,native,page_kind:digital,0.0968,True,0.0148,False,section_leak;span_truncated,mixed
INE171A01029/2018,INE171A01029,2018,68,native,page_kind:digital,0.0,True,0.0148,,section_leak;span_truncated,mixed
INE171A01029/2018,INE171A01029,2018,69,native,page_kind:digital,0.0,True,0.0148,,section_leak;span_truncated,mixed
INE171A01029/2018,INE171A01029,2018,70,ocr,ocr_stats:words=56,0.0,True,0.0148,,section_leak;span_truncated,mixed
INE171A01029/2018,INE171A01029,2018,71,native,page_kind:digital,0.0,True,0.0148,,section_leak;span_truncated,mixed
INE171A01029/2018,INE171A01029,2018,72,native,page_kind:digital,0.0,True,0.0148,,section_leak;span_truncated,mixed
INE171A01029/2018,INE171A01029,2018,73,native,page_kind:digital,0.0364,True,0.0148,False,section_leak;span_truncated,mixed
INE171A01029/2018,INE171A01029,2018,74,native,page_kind:digital,0.0,True,0.0148,,section_leak;span_truncated,mixed
INE171A01029/2018,INE171A01029,2018,75,native,page_kind:digital,0.0196,True,0.0148,,section_leak;span_truncated,mixed
INE171A01029/2018,INE171A01029,2018,76,native,page_kind:digital,0.0,True,0.0148,,section_leak;span_truncated,mixed
INE171A01029/2018,INE171A01029,2018,77,native,page_kind:digital,0.0,True,0.0148,,section_leak;span_truncated,mixed
INE171A01029/2018,INE171A01029,2018,78,native,page_kind:digital,0.0556,True,0.0148,False,section_leak;span_truncated,mixed
INE171A01029/2018,INE171A01029,2018,79,native,page_kind:digital,0.0,True,0.0148,,section_leak;span_truncated,mixed
INE171A01029/2018,INE171A01029,2018,80,native,page_kind:digital,0.0,True,0.0148,,section_leak;span_truncated,mixed
INE171A01029/2018,INE171A01029,2018,81,native,page_kind:digital,0.0,True,0.0148,,section_leak;span_truncated,mixed
INE171A01029/2018,INE171A01029,2018,82,native,page_kind:digital,0.0476,True,0.0148,False,section_leak;span_truncated,mixed
INE171A01029/2018,INE171A01029,2018,83,native,page_kind:digital,0.0182,True,0.0148,,section_leak;span_truncated,mixed
INE171A01029/2018,INE171A01029,2018,84,native,page_kind:digital,0.0,True,0.0148,,section_leak;span_truncated,mixed
INE171A01029/2018,INE171A01029,2018,85,native,page_kind:digital,0.0,True,0.0148,,section_leak;span_truncated,mixed
INE171A01029/2018,INE171A01029,2018,86,native,page_kind:digital,0.0,True,0.0148,,section_leak;span_truncated,mixed
INE171A01029/2018,INE171A01029,2018,87,native,page_kind:digital,0.0303,True,0.0148,False,section_leak;span_truncated,mixed
INE171A01029/2018,INE171A01029,2018,88,native,page_kind:digital,0.0278,True,0.0148,,section_leak;span_truncated,mixed
INE171A01029/2018,INE171A01029,2018,89,native,page_kind:digital,0.0,True,0.0148,,section_leak;span_truncated,mixed
INE171A01029/2018,INE171A01029,2018,90,native,page_kind:digital,0.0417,True,0.0148,True,section_leak;span_truncated,mixed
INE171A01029/2018,INE171A01029,2018,91,native,page_kind:digital,0.0,True,0.0148,,section_leak;span_truncated,mixed
INE761H01022/2017,INE761H01022,2017,44,native,page_kind:digital,,False,0.0292,,,pure_native
INE761H01022/2017,INE761H01022,2017,45,native,page_kind:digital,0.0,True,0.0292,,,pure_native
INE761H01022/2017,INE761H01022,2017,46,native,page_kind:digital,0.0,True,0.0292,,,pure_native
INE761H01022/2017,INE761H01022,2017,47,native,page_kind:digital,0.0,True,0.0292,,,pure_native
INE761H01022/2017,INE761H01022,2017,48,native,page_kind:digital,0.0417,True,0.0292,True,,pure_native
INE761H01022/2017,INE761H01022,2017,49,native,page_kind:digital,0.0667,True,0.0292,False,,pure_native
INE761H01022/2017,INE761H01022,2017,50,native,page_kind:digital,0.0,True,0.0292,,,pure_native
INE761H01022/2017,INE761H01022,2017,51,native,page_kind:digital,0.1111,True,0.0292,False,,pure_native
INE761H01022/2017,INE761H01022,2017,52,native,page_kind:digital,0.0,True,0.0292,,,pure_native
INE226A01021/2018,INE226A01021,2018,47,native,page_kind:digital,,False,0.0273,,,pure_native
INE226A01021/2018,INE226A01021,2018,48,native,page_kind:digital,0.0135,True,0.0273,,,pure_native
INE226A01021/2018,INE226A01021,2018,49,native,page_kind:digital,0.0,True,0.0273,,,pure_native
INE226A01021/2018,INE226A01021,2018,50,native,page_kind:digital,0.0,True,0.0273,,,pure_native
INE226A01021/2018,INE226A01021,2018,51,native,page_kind:digital,0.0345,True,0.0273,False,,pure_native
INE226A01021/2018,INE226A01021,2018,52,native,page_kind:digital,0.0,True,0.0273,,,pure_native
INE226A01021/2018,INE226A01021,2018,53,native,page_kind:digital,0.0,True,0.0273,,,pure_native
INE226A01021/2018,INE226A01021,2018,54,native,page_kind:digital,0.0714,True,0.0273,False,,pure_native
INE226A01021/2018,INE226A01021,2018,55,native,page_kind:digital,0.0286,True,0.0273,,,pure_native
INE226A01021/2018,INE226A01021,2018,56,native,page_kind:digital,0.0,True,0.0273,,,pure_native
INE226A01021/2018,INE226A01021,2018,57,native,page_kind:digital,0.0896,True,0.0273,False,,pure_native
INE226A01021/2018,INE226A01021,2018,58,native,page_kind:digital,0.0,True,0.0273,,,pure_native
INE171A01029/2017,INE171A01029,2017,49,native,page_kind:digital,,False,0.0126,,section_leak;span_truncated,mixed
INE171A01029/2017,INE171A01029,2017,50,native,page_kind:digital,0.0,True,0.0126,,section_leak;span_truncated,mixed
INE171A01029/2017,INE171A01029,2017,51,native,page_kind:digital,0.0,True,0.0126,,section_leak;span_truncated,mixed
INE171A01029/2017,INE171A01029,2017,52,native,page_kind:digital,0.0,True,0.0126,,section_leak;span_truncated,mixed
INE171A01029/2017,INE171A01029,2017,53,native,page_kind:digital,0.0,True,0.0126,,section_leak;span_truncated,mixed
INE171A01029/2017,INE171A01029,2017,54,native,page_kind:digital,0.0,True,0.0126,,section_leak;span_truncated,mixed
INE171A01029/2017,INE171A01029,2017,55,native,page_kind:digital,0.0455,True,0.0126,False,section_leak;span_truncated,mixed
INE171A01029/2017,INE171A01029,2017,56,native,page_kind:digital,0.0,True,0.0126,,section_leak;span_truncated,mixed
INE171A01029/2017,INE171A01029,2017,57,native,page_kind:digital,0.0,True,0.0126,,section_leak;span_truncated,mixed
INE171A01029/2017,INE171A01029,2017,58,native,page_kind:digital,0.0,True,0.0126,,section_leak;span_truncated,mixed
INE171A01029/2017,INE171A01029,2017,59,native,page_kind:digital,0.0333,True,0.0126,False,section_leak;span_truncated,mixed
INE171A01029/2017,INE171A01029,2017,60,native,page_kind:digital,0.0,True,0.0126,,section_leak;span_truncated,mixed
INE171A01029/2017,INE171A01029,2017,61,native,page_kind:digital,0.0667,True,0.0126,False,section_leak;span_truncated,mixed
INE171A01029/2017,INE171A01029,2017,62,native,page_kind:digital,0.0,True,0.0126,,section_leak;span_truncated,mixed
INE171A01029/2017,INE171A01029,2017,63,native,page_kind:digital,0.0,True,0.0126,,section_leak;span_truncated,mixed
INE171A01029/2017,INE171A01029,2017,64,native,page_kind:digital,0.069,True,0.0126,False,section_leak;span_truncated,mixed
INE171A01029/2017,INE171A01029,2017,65,native,page_kind:digital,0.0,True,0.0126,,section_leak;span_truncated,mixed
INE171A01029/2017,INE171A01029,2017,66,native,page_kind:digital,0.0,True,0.0126,,section_leak;span_truncated,mixed
INE171A01029/2017,INE171A01029,2017,67,native,page_kind:digital,0.0323,True,0.0126,False,section_leak;span_truncated,mixed
INE171A01029/2017,INE171A01029,2017,68,native,page_kind:digital,0.0,True,0.0126,,section_leak;span_truncated,mixed
INE171A01029/2017,INE171A01029,2017,69,native,page_kind:digital,0.0,True,0.0126,,section_leak;span_truncated,mixed
INE171A01029/2017,INE171A01029,2017,70,ocr,ocr_stats:words=79,0.0,True,0.0126,,section_leak;span_truncated,mixed
INE171A01029/2017,INE171A01029,2017,71,native,page_kind:digital,0.0,True,0.0126,,section_leak;span_truncated,mixed
INE171A01029/2017,INE171A01029,2017,72,native,page_kind:digital,0.0,True,0.0126,,section_leak;span_truncated,mixed
INE171A01029/2017,INE171A01029,2017,73,native,page_kind:digital,0.0,True,0.0126,,section_leak;span_truncated,mixed
INE171A01029/2017,INE171A01029,2017,74,native,page_kind:digital,0.0,True,0.0126,,section_leak;span_truncated,mixed
INE171A01029/2017,INE171A01029,2017,75,native,page_kind:digital,0.0,True,0.0126,,section_leak;span_truncated,mixed
INE171A01029/2017,INE171A01029,2017,76,native,page_kind:digital,0.0,True,0.0126,,section_leak;span_truncated,mixed
INE171A01029/2017,INE171A01029,2017,77,native,page_kind:digital,0.0,True,0.0126,,section_leak;span_truncated,mixed
INE171A01029/2017,INE171A01029,2017,78,native,page_kind:digital,0.0,True,0.0126,,section_leak;span_truncated,mixed
INE171A01029/2017,INE171A01029,2017,79,native,page_kind:digital,0.0,True,0.0126,,section_leak;span_truncated,mixed
INE171A01029/2017,INE171A01029,2017,80,native,page_kind:digital,0.0,True,0.0126,,section_leak;span_truncated,mixed
INE171A01029/2017,INE171A01029,2017,81,native,page_kind:digital,0.0,True,0.0126,,section_leak;span_truncated,mixed
INE171A01029/2017,INE171A01029,2017,82,native,page_kind:digital,0.0,True,0.0126,,section_leak;span_truncated,mixed
INE171A01029/2017,INE171A01029,2017,83,native,page_kind:digital,0.02,True,0.0126,,section_leak;span_truncated,mixed
INE171A01029/2017,INE171A01029,2017,84,native,page_kind:digital,0.0,True,0.0126,,section_leak;span_truncated,mixed
INE171A01029/2017,INE171A01029,2017,85,native,page_kind:digital,0.0,True,0.0126,,section_leak;span_truncated,mixed
INE171A01029/2017,INE171A01029,2017,86,native,page_kind:digital,0.0,True,0.0126,,section_leak;span_truncated,mixed
INE171A01029/2017,INE171A01029,2017,87,native,page_kind:digital,0.0638,True,0.0126,False,section_leak;span_truncated,mixed
INE171A01029/2017,INE171A01029,2017,88,native,page_kind:digital,0.0676,True,0.0126,False,section_leak;span_truncated,mixed
INE171A01029/2017,INE171A01029,2017,89,native,page_kind:digital,0.0,True,0.0126,,section_leak;span_truncated,mixed
INE171A01029/2017,INE171A01029,2017,90,native,page_kind:digital,0.0606,True,0.0126,True,section_leak;span_truncated,mixed
INE171A01029/2017,INE171A01029,2017,91,native,page_kind:digital,0.0,True,0.0126,,section_leak;span_truncated,mixed
INE002S01010/2018,INE002S01010,2018,32,native,page_kind:digital,,False,0.0421,,source_shredded;span_truncated,pure_native
INE002S01010/2018,INE002S01010,2018,33,native,page_kind:digital,0.0,True,0.0421,,source_shredded;span_truncated,pure_native
INE002S01010/2018,INE002S01010,2018,34,native,page_kind:digital,0.0,True,0.0421,,source_shredded;span_truncated,pure_native
INE002S01010/2018,INE002S01010,2018,35,native,page_kind:digital,0.0833,True,0.0421,True,source_shredded;span_truncated,pure_native
INE002S01010/2018,INE002S01010,2018,36,native,page_kind:digital,0.1379,True,0.0421,False,source_shredded;span_truncated,pure_native
INE002S01010/2018,INE002S01010,2018,37,native,page_kind:digital,0.0,True,0.0421,,source_shredded;span_truncated,pure_native
INE002S01010/2018,INE002S01010,2018,38,native,page_kind:digital,0.0769,True,0.0421,True,source_shredded;span_truncated,pure_native
INE002S01010/2018,INE002S01010,2018,39,native,page_kind:digital,0.0,True,0.0421,,source_shredded;span_truncated,pure_native
INE002S01010/2018,INE002S01010,2018,40,native,page_kind:digital,0.0,True,0.0421,,source_shredded;span_truncated,pure_native
INE002S01010/2018,INE002S01010,2018,41,native,page_kind:digital,0.04,True,0.0421,True,source_shredded;span_truncated,pure_native
INE002S01010/2018,INE002S01010,2018,42,native,page_kind:digital,0.0,True,0.0421,,source_shredded;span_truncated,pure_native
INE002S01010/2018,INE002S01010,2018,43,native,page_kind:digital,0.0,True,0.0421,,source_shredded;span_truncated,pure_native
INE002S01010/2018,INE002S01010,2018,44,native,page_kind:digital,0.0909,True,0.0421,True,source_shredded;span_truncated,pure_native
INE002S01010/2018,INE002S01010,2018,45,native,page_kind:digital,0.0,True,0.0421,,source_shredded;span_truncated,pure_native
INE002S01010/2018,INE002S01010,2018,46,native,page_kind:digital,0.0,True,0.0421,,source_shredded;span_truncated,pure_native
INE002S01010/2018,INE002S01010,2018,47,native,page_kind:digital,0.0,True,0.0421,,source_shredded;span_truncated,pure_native
INE797F01020/2017,INE797F01020,2017,23,native,page_kind:digital,,False,0.0184,,span_truncated,pure_native
INE797F01020/2017,INE797F01020,2017,24,native,page_kind:digital,0.0,True,0.0184,,span_truncated,pure_native
INE797F01020/2017,INE797F01020,2017,25,native,page_kind:digital,0.0625,True,0.0184,True,span_truncated,pure_native
INE797F01020/2017,INE797F01020,2017,26,native,page_kind:digital,0.0,True,0.0184,,span_truncated,pure_native
INE797F01020/2017,INE797F01020,2017,27,native,page_kind:digital,0.0,True,0.0184,,span_truncated,pure_native
INE797F01020/2017,INE797F01020,2017,28,native,page_kind:digital,0.0,True,0.0184,,span_truncated,pure_native
INE797F01020/2017,INE797F01020,2017,29,native,page_kind:digital,0.1,True,0.0184,False,span_truncated,pure_native
INE797F01020/2017,INE797F01020,2017,30,native,page_kind:digital,0.0,True,0.0184,,span_truncated,pure_native
INE797F01020/2017,INE797F01020,2017,31,native,page_kind:digital,0.0,True,0.0184,,span_truncated,pure_native
INE797F01020/2017,INE797F01020,2017,32,native,page_kind:digital,0.0,True,0.0184,,span_truncated,pure_native
INE002S01010/2017,INE002S01010,2017,28,native,page_kind:digital,,False,0.1531,,source_shredded,pure_native
INE002S01010/2017,INE002S01010,2017,29,native,page_kind:digital,0.0,True,0.1531,,source_shredded,pure_native
INE002S01010/2017,INE002S01010,2017,30,native,page_kind:digital,0.0,True,0.1531,,source_shredded,pure_native
INE002S01010/2017,INE002S01010,2017,31,native,page_kind:digital,0.0,True,0.1531,,source_shredded,pure_native
INE002S01010/2017,INE002S01010,2017,32,native,page_kind:digital,0.0,True,0.1531,,source_shredded,pure_native
INE002S01010/2017,INE002S01010,2017,33,native,page_kind:digital,0.2778,True,0.1531,False,source_shredded,pure_native
INE002S01010/2017,INE002S01010,2017,34,native,page_kind:digital,0.2308,True,0.1531,False,source_shredded,pure_native
INE002S01010/2017,INE002S01010,2017,35,native,page_kind:digital,0.0,True,0.1531,,source_shredded,pure_native
INE002S01010/2017,INE002S01010,2017,36,native,page_kind:digital,0.0625,True,0.1531,False,source_shredded,pure_native
INE002S01010/2017,INE002S01010,2017,37,native,page_kind:digital,0.0,True,0.1531,,source_shredded,pure_native
INE002S01010/2017,INE002S01010,2017,38,native,page_kind:digital,0.0,True,0.1531,,source_shredded,pure_native
INE002S01010/2017,INE002S01010,2017,39,native,page_kind:digital,0.0,True,0.1531,,source_shredded,pure_native
INE002S01010/2017,INE002S01010,2017,40,native,page_kind:digital,0.0769,True,0.1531,False,source_shredded,pure_native
INE002S01010/2017,INE002S01010,2017,41,native,page_kind:digital,0.0,True,0.1531,,source_shredded,pure_native
INE002S01010/2017,INE002S01010,2017,42,native,page_kind:digital,0.0,True,0.1531,,source_shredded,pure_native
INE002S01010/2017,INE002S01010,2017,43,native,page_kind:digital,0.0,True,0.1531,,source_shredded,pure_native
INE002S01010/2017,INE002S01010,2017,44,native,page_kind:digital,0.0833,True,0.1531,False,source_shredded,pure_native
INE002S01010/2017,INE002S01010,2017,45,native,page_kind:digital,0.6471,True,0.1531,True,source_shredded,pure_native
INE797F01020/2018,INE797F01020,2018,23,native,page_kind:digital,,False,0.0088,,span_truncated,pure_native
INE797F01020/2018,INE797F01020,2018,24,native,page_kind:digital,0.0,True,0.0088,,span_truncated,pure_native
INE797F01020/2018,INE797F01020,2018,25,native,page_kind:digital,0.0,True,0.0088,,span_truncated,pure_native
INE797F01020/2018,INE797F01020,2018,26,native,page_kind:digital,0.0556,True,0.0088,False,span_truncated,pure_native
INE797F01020/2018,INE797F01020,2018,27,native,page_kind:digital,0.0,True,0.0088,,span_truncated,pure_native
INE797F01020/2018,INE797F01020,2018,28,native,page_kind:digital,0.0,True,0.0088,,span_truncated,pure_native
INE797F01020/2018,INE797F01020,2018,29,native,page_kind:digital,0.0,True,0.0088,,span_truncated,pure_native
INE797F01020/2018,INE797F01020,2018,30,native,page_kind:digital,0.0294,True,0.0088,,span_truncated,pure_native
INE797F01020/2018,INE797F01020,2018,31,native,page_kind:digital,0.0,True,0.0088,,span_truncated,pure_native
INE797F01020/2018,INE797F01020,2018,32,native,page_kind:digital,0.0,True,0.0088,,span_truncated,pure_native
INE119A01028/2017,INE119A01028,2017,28,native,page_kind:digital,,False,0.0282,,span_truncated,pure_native
INE119A01028/2017,INE119A01028,2017,29,native,page_kind:digital,0.0,True,0.0282,,span_truncated,pure_native
INE119A01028/2017,INE119A01028,2017,30,native,page_kind:digital,0.0,True,0.0282,,span_truncated,pure_native
INE119A01028/2017,INE119A01028,2017,31,native,page_kind:digital,0.0,True,0.0282,,span_truncated,pure_native
INE119A01028/2017,INE119A01028,2017,32,native,page_kind:digital,0.0625,True,0.0282,True,span_truncated,pure_native
INE119A01028/2017,INE119A01028,2017,33,native,page_kind:digital,0.0,True,0.0282,,span_truncated,pure_native
INE119A01028/2017,INE119A01028,2017,34,native,page_kind:digital,0.0,True,0.0282,,span_truncated,pure_native
INE119A01028/2017,INE119A01028,2017,35,native,page_kind:digital,0.0417,True,0.0282,False,span_truncated,pure_native
INE119A01028/2017,INE119A01028,2017,36,native,page_kind:digital,0.0,True,0.0282,,span_truncated,pure_native
INE119A01028/2017,INE119A01028,2017,37,native,page_kind:digital,0.0233,True,0.0282,,span_truncated,pure_native
INE119A01028/2017,INE119A01028,2017,38,native,page_kind:digital,0.0455,True,0.0282,True,span_truncated,pure_native
INE119A01028/2017,INE119A01028,2017,39,native,page_kind:digital,0.0278,True,0.0282,,span_truncated,pure_native
INE119A01028/2017,INE119A01028,2017,40,native,page_kind:digital,0.0,True,0.0282,,span_truncated,pure_native
INE119A01028/2017,INE119A01028,2017,41,native,page_kind:digital,0.0909,True,0.0282,True,span_truncated,pure_native
INE119A01028/2017,INE119A01028,2017,42,native,page_kind:digital,0.0,True,0.0282,,span_truncated,pure_native
INE119A01028/2017,INE119A01028,2017,43,native,page_kind:digital,0.0714,True,0.0282,False,span_truncated,pure_native
INE119A01028/2017,INE119A01028,2017,44,native,page_kind:digital,0.0,True,0.0282,,span_truncated,pure_native
INE191H01014/2018,INE191H01014,2018,39,native,page_kind:digital,,False,0.007,,span_truncated,pure_native
INE191H01014/2018,INE191H01014,2018,40,native,page_kind:digital,0.0,True,0.007,,span_truncated,pure_native
INE191H01014/2018,INE191H01014,2018,41,native,page_kind:digital,0.0,True,0.007,,span_truncated,pure_native
INE191H01014/2018,INE191H01014,2018,42,native,page_kind:digital,0.0,True,0.007,,span_truncated,pure_native
INE191H01014/2018,INE191H01014,2018,43,native,page_kind:digital,0.0,True,0.007,,span_truncated,pure_native
INE191H01014/2018,INE191H01014,2018,44,native,page_kind:digital,0.0,True,0.007,,span_truncated,pure_native
INE191H01014/2018,INE191H01014,2018,45,native,page_kind:digital,0.0667,True,0.007,True,span_truncated,pure_native
INE119A01028/2018,INE119A01028,2018,53,native,page_kind:digital,,False,0.144,,source_shredded;span_truncated,pure_native
INE119A01028/2018,INE119A01028,2018,54,native,page_kind:digital,0.0909,True,0.144,True,source_shredded;span_truncated,pure_native
INE119A01028/2018,INE119A01028,2018,55,native,page_kind:digital,0.0909,True,0.144,True,source_shredded;span_truncated,pure_native
INE119A01028/2018,INE119A01028,2018,56,native,page_kind:digital,0.16,True,0.144,True,source_shredded;span_truncated,pure_native
INE119A01028/2018,INE119A01028,2018,57,native,page_kind:digital,0.0,True,0.144,,source_shredded;span_truncated,pure_native
INE119A01028/2018,INE119A01028,2018,58,native,page_kind:digital,0.2105,True,0.144,False,source_shredded;span_truncated,pure_native
INE119A01028/2018,INE119A01028,2018,59,native,page_kind:digital,0.25,True,0.144,False,source_shredded;span_truncated,pure_native
INE191H01014/2017,INE191H01014,2017,60,native,page_kind:digital,,False,0.0469,,source_shredded;span_truncated,pure_native
INE191H01014/2017,INE191H01014,2017,61,native,page_kind:digital,0.0,True,0.0469,,source_shredded;span_truncated,pure_native
INE191H01014/2017,INE191H01014,2017,62,native,page_kind:digital,0.0625,True,0.0469,False,source_shredded;span_truncated,pure_native
INE191H01014/2017,INE191H01014,2017,63,native,page_kind:digital,0.0952,True,0.0469,False,source_shredded;span_truncated,pure_native
INE008A01015/2018,INE008A01015,2018,42,native,page_kind:digital,,False,0.0147,,identity_unproven;span_truncated,pure_native
INE008A01015/2018,INE008A01015,2018,43,native,page_kind:digital,0.0435,True,0.0147,False,identity_unproven;span_truncated,pure_native
INE008A01015/2018,INE008A01015,2018,44,native,page_kind:digital,0.0,True,0.0147,,identity_unproven;span_truncated,pure_native
INE008A01015/2018,INE008A01015,2018,45,native,page_kind:digital,0.0,True,0.0147,,identity_unproven;span_truncated,pure_native
INE008A01015/2018,INE008A01015,2018,46,native,page_kind:digital,0.0,True,0.0147,,identity_unproven;span_truncated,pure_native
INE008A01015/2018,INE008A01015,2018,47,native,page_kind:digital,0.0,True,0.0147,,identity_unproven;span_truncated,pure_native
INE008A01015/2018,INE008A01015,2018,48,native,page_kind:digital,0.0,True,0.0147,,identity_unproven;span_truncated,pure_native
INE008A01015/2018,INE008A01015,2018,49,native,page_kind:digital,0.0,True,0.0147,,identity_unproven;span_truncated,pure_native
INE008A01015/2018,INE008A01015,2018,50,native,page_kind:digital,0.0,True,0.0147,,identity_unproven;span_truncated,pure_native
INE008A01015/2018,INE008A01015,2018,51,native,page_kind:digital,0.0,True,0.0147,,identity_unproven;span_truncated,pure_native
INE008A01015/2018,INE008A01015,2018,52,native,page_kind:digital,0.0,True,0.0147,,identity_unproven;span_truncated,pure_native
INE008A01015/2018,INE008A01015,2018,53,native,page_kind:digital,0.0,True,0.0147,,identity_unproven;span_truncated,pure_native
INE008A01015/2018,INE008A01015,2018,54,native,page_kind:digital,0.0435,True,0.0147,False,identity_unproven;span_truncated,pure_native
INE008A01015/2018,INE008A01015,2018,55,native,page_kind:digital,0.0,True,0.0147,,identity_unproven;span_truncated,pure_native
INE008A01015/2018,INE008A01015,2018,56,native,page_kind:digital,0.0,True,0.0147,,identity_unproven;span_truncated,pure_native
INE008A01015/2018,INE008A01015,2018,57,native,page_kind:digital,0.087,True,0.0147,False,identity_unproven;span_truncated,pure_native
INE008A01015/2018,INE008A01015,2018,58,native,page_kind:digital,0.0,True,0.0147,,identity_unproven;span_truncated,pure_native
INE008A01015/2018,INE008A01015,2018,59,native,page_kind:digital,0.0,True,0.0147,,identity_unproven;span_truncated,pure_native
INE192B01031/2017,INE192B01031,2017,33,native,page_kind:digital,,False,0.0302,,source_shredded;span_truncated,pure_native
INE192B01031/2017,INE192B01031,2017,34,native,page_kind:digital,0.0,True,0.0302,,source_shredded;span_truncated,pure_native
INE192B01031/2017,INE192B01031,2017,35,native,page_kind:digital,0.0,True,0.0302,,source_shredded;span_truncated,pure_native
INE192B01031/2017,INE192B01031,2017,36,native,page_kind:digital,0.0,True,0.0302,,source_shredded;span_truncated,pure_native
INE192B01031/2017,INE192B01031,2017,37,native,page_kind:digital,0.0,True,0.0302,,source_shredded;span_truncated,pure_native
INE192B01031/2017,INE192B01031,2017,38,native,page_kind:digital,0.0,True,0.0302,,source_shredded;span_truncated,pure_native
INE192B01031/2017,INE192B01031,2017,39,native,page_kind:digital,0.0,True,0.0302,,source_shredded;span_truncated,pure_native
INE192B01031/2017,INE192B01031,2017,40,native,page_kind:digital,0.0,True,0.0302,,source_shredded;span_truncated,pure_native
INE192B01031/2017,INE192B01031,2017,41,native,page_kind:digital,0.0,True,0.0302,,source_shredded;span_truncated,pure_native
INE192B01031/2017,INE192B01031,2017,42,native,page_kind:digital,0.0,True,0.0302,,source_shredded;span_truncated,pure_native
INE192B01031/2017,INE192B01031,2017,43,native,page_kind:digital,0.0769,True,0.0302,False,source_shredded;span_truncated,pure_native
INE192B01031/2017,INE192B01031,2017,44,native,page_kind:digital,0.0714,True,0.0302,True,source_shredded;span_truncated,pure_native
INE192B01031/2017,INE192B01031,2017,45,native,page_kind:digital,0.0,True,0.0302,,source_shredded;span_truncated,pure_native
INE192B01031/2017,INE192B01031,2017,46,native,page_kind:digital,0.0,True,0.0302,,source_shredded;span_truncated,pure_native
INE192B01031/2017,INE192B01031,2017,47,native,page_kind:digital,0.0526,True,0.0302,False,source_shredded;span_truncated,pure_native
INE192B01031/2017,INE192B01031,2017,48,native,page_kind:digital,0.0,True,0.0302,,source_shredded;span_truncated,pure_native
INE192B01031/2017,INE192B01031,2017,49,native,page_kind:digital,0.0,True,0.0302,,source_shredded;span_truncated,pure_native
INE192B01031/2017,INE192B01031,2017,50,native,page_kind:digital,0.0,True,0.0302,,source_shredded;span_truncated,pure_native
INE192B01031/2017,INE192B01031,2017,51,native,page_kind:digital,0.0,True,0.0302,,source_shredded;span_truncated,pure_native
INE192B01031/2017,INE192B01031,2017,52,native,page_kind:digital,0.0,True,0.0302,,source_shredded;span_truncated,pure_native
INE192B01031/2017,INE192B01031,2017,53,native,page_kind:digital,0.1579,True,0.0302,False,source_shredded;span_truncated,pure_native
INE192B01031/2017,INE192B01031,2017,54,native,page_kind:digital,0.2333,True,0.0302,True,source_shredded;span_truncated,pure_native
INE192B01031/2017,INE192B01031,2017,55,native,page_kind:digital,0.0,True,0.0302,,source_shredded;span_truncated,pure_native
INE192B01031/2017,INE192B01031,2017,56,native,page_kind:digital,0.0417,True,0.0302,True,source_shredded;span_truncated,pure_native
INE008A01015/2017,INE008A01015,2017,45,native,page_kind:digital,,False,0.008,,span_truncated,pure_native
INE008A01015/2017,INE008A01015,2017,46,native,page_kind:digital,0.05,True,0.008,False,span_truncated,pure_native
INE008A01015/2017,INE008A01015,2017,47,native,page_kind:digital,0.0,True,0.008,,span_truncated,pure_native
INE008A01015/2017,INE008A01015,2017,48,native,page_kind:digital,0.0,True,0.008,,span_truncated,pure_native
INE008A01015/2017,INE008A01015,2017,49,native,page_kind:digital,0.0,True,0.008,,span_truncated,pure_native
INE008A01015/2017,INE008A01015,2017,50,native,page_kind:digital,0.0,True,0.008,,span_truncated,pure_native
INE008A01015/2017,INE008A01015,2017,51,native,page_kind:digital,0.0,True,0.008,,span_truncated,pure_native
INE008A01015/2017,INE008A01015,2017,52,native,page_kind:digital,0.0,True,0.008,,span_truncated,pure_native
INE008A01015/2017,INE008A01015,2017,53,native,page_kind:digital,0.0,True,0.008,,span_truncated,pure_native
INE008A01015/2017,INE008A01015,2017,54,native,page_kind:digital,0.0,True,0.008,,span_truncated,pure_native
INE008A01015/2017,INE008A01015,2017,55,native,page_kind:digital,0.0,True,0.008,,span_truncated,pure_native
INE008A01015/2017,INE008A01015,2017,56,native,page_kind:digital,0.0,True,0.008,,span_truncated,pure_native
INE008A01015/2017,INE008A01015,2017,57,native,page_kind:digital,0.0,True,0.008,,span_truncated,pure_native
INE008A01015/2017,INE008A01015,2017,58,native,page_kind:digital,0.0,True,0.008,,span_truncated,pure_native
INE008A01015/2017,INE008A01015,2017,59,native,page_kind:digital,0.0,True,0.008,,span_truncated,pure_native
INE008A01015/2017,INE008A01015,2017,60,native,page_kind:digital,0.0,True,0.008,,span_truncated,pure_native
INE008A01015/2017,INE008A01015,2017,61,native,page_kind:digital,0.0,True,0.008,,span_truncated,pure_native
INE008A01015/2017,INE008A01015,2017,62,native,page_kind:digital,0.0,True,0.008,,span_truncated,pure_native
INE008A01015/2017,INE008A01015,2017,63,native,page_kind:digital,0.0,True,0.008,,span_truncated,pure_native
INE008A01015/2017,INE008A01015,2017,64,native,page_kind:digital,0.0,True,0.008,,span_truncated,pure_native
INE482A01020/2017,INE482A01020,2017,30,native,page_kind:digital,,False,0.0246,,span_truncated,pure_native
INE482A01020/2017,INE482A01020,2017,31,native,page_kind:digital,0.0,True,0.0246,,span_truncated,pure_native
INE482A01020/2017,INE482A01020,2017,32,native,page_kind:digital,0.0,True,0.0246,,span_truncated,pure_native
INE482A01020/2017,INE482A01020,2017,33,native,page_kind:digital,0.0,True,0.0246,,span_truncated,pure_native
INE482A01020/2017,INE482A01020,2017,34,native,page_kind:digital,0.0,True,0.0246,,span_truncated,pure_native
INE482A01020/2017,INE482A01020,2017,35,native,page_kind:digital,0.0,True,0.0246,,span_truncated,pure_native
INE482A01020/2017,INE482A01020,2017,36,native,page_kind:digital,0.1111,True,0.0246,True,span_truncated,pure_native
INE482A01020/2017,INE482A01020,2017,37,native,page_kind:digital,0.0357,True,0.0246,True,span_truncated,pure_native
INE482A01020/2017,INE482A01020,2017,38,native,page_kind:digital,0.0,True,0.0246,,span_truncated,pure_native
INE482A01020/2017,INE482A01020,2017,39,native,page_kind:digital,0.0,True,0.0246,,span_truncated,pure_native
INE482A01020/2017,INE482A01020,2017,40,native,page_kind:digital,0.0,True,0.0246,,span_truncated,pure_native
INE482A01020/2017,INE482A01020,2017,41,native,page_kind:digital,0.0,True,0.0246,,span_truncated,pure_native
INE482A01020/2017,INE482A01020,2017,42,native,page_kind:digital,0.0,True,0.0246,,span_truncated,pure_native
INE482A01020/2017,INE482A01020,2017,43,native,page_kind:digital,0.0714,True,0.0246,True,span_truncated,pure_native
INE482A01020/2017,INE482A01020,2017,44,native,page_kind:digital,0.04,True,0.0246,False,span_truncated,pure_native
INE482A01020/2017,INE482A01020,2017,45,native,page_kind:digital,0.0,True,0.0246,,span_truncated,pure_native
INE482A01020/2017,INE482A01020,2017,46,native,page_kind:digital,0.0,True,0.0246,,span_truncated,pure_native
INE482A01020/2017,INE482A01020,2017,47,native,page_kind:digital,0.0,True,0.0246,,span_truncated,pure_native
INE482A01020/2017,INE482A01020,2017,48,native,page_kind:digital,0.1,True,0.0246,True,span_truncated,pure_native
INE482A01020/2017,INE482A01020,2017,49,native,page_kind:digital,0.0769,True,0.0246,False,span_truncated,pure_native
INE482A01020/2017,INE482A01020,2017,50,native,page_kind:digital,0.0,True,0.0246,,span_truncated,pure_native
INE482A01020/2017,INE482A01020,2017,51,native,page_kind:digital,0.0,True,0.0246,,span_truncated,pure_native
INE482A01020/2017,INE482A01020,2017,52,native,page_kind:digital,0.0,True,0.0246,,span_truncated,pure_native
INE482A01020/2017,INE482A01020,2017,53,native,page_kind:digital,0.1064,True,0.0246,True,span_truncated,pure_native
INE482A01020/2017,INE482A01020,2017,54,native,page_kind:digital,0.0667,True,0.0246,True,span_truncated,pure_native
INE482A01020/2017,INE482A01020,2017,55,native,page_kind:digital,0.1,True,0.0246,True,span_truncated,pure_native
INE482A01020/2017,INE482A01020,2017,56,native,page_kind:digital,0.0,True,0.0246,,span_truncated,pure_native
INE482A01020/2017,INE482A01020,2017,57,native,page_kind:digital,0.0,True,0.0246,,span_truncated,pure_native
INE482A01020/2017,INE482A01020,2017,58,native,page_kind:digital,0.0588,True,0.0246,True,span_truncated,pure_native
INE482A01020/2017,INE482A01020,2017,59,native,page_kind:digital,0.0,True,0.0246,,span_truncated,pure_native
INE482A01020/2017,INE482A01020,2017,60,native,page_kind:digital,0.0,True,0.0246,,span_truncated,pure_native
INE482A01020/2017,INE482A01020,2017,61,native,page_kind:digital,0.0,True,0.0246,,span_truncated,pure_native
INE482A01020/2017,INE482A01020,2017,62,native,page_kind:digital,0.0,True,0.0246,,span_truncated,pure_native
INE482A01020/2017,INE482A01020,2017,63,native,page_kind:digital,0.0,True,0.0246,,span_truncated,pure_native
INE482A01020/2017,INE482A01020,2017,64,native,page_kind:digital,0.0,True,0.0246,,span_truncated,pure_native
INE482A01020/2017,INE482A01020,2017,65,native,page_kind:digital,0.0,True,0.0246,,span_truncated,pure_native
INE009A01021/2013,INE009A01021,2013,39,ocr,ocr_stats:words=993,,False,0.039,,source_shredded;span_truncated,pure_ocr
INE009A01021/2013,INE009A01021,2013,40,ocr,ocr_stats:words=966,0.0345,True,0.039,,source_shredded;span_truncated,pure_ocr
INE482A01020/2018,INE482A01020,2018,34,native,page_kind:digital,,False,0.0056,,section_leak;span_truncated,mixed
INE482A01020/2018,INE482A01020,2018,35,native,page_kind:digital,0.0,True,0.0056,,section_leak;span_truncated,mixed
INE482A01020/2018,INE482A01020,2018,36,native,page_kind:digital,0.0,True,0.0056,,section_leak;span_truncated,mixed
INE482A01020/2018,INE482A01020,2018,37,native,page_kind:digital,0.0,True,0.0056,,section_leak;span_truncated,mixed
INE482A01020/2018,INE482A01020,2018,38,native,page_kind:digital,0.0,True,0.0056,,section_leak;span_truncated,mixed
INE482A01020/2018,INE482A01020,2018,39,native,page_kind:digital,0.0,True,0.0056,,section_leak;span_truncated,mixed
INE482A01020/2018,INE482A01020,2018,40,native,page_kind:digital,0.0,True,0.0056,,section_leak;span_truncated,mixed
INE482A01020/2018,INE482A01020,2018,41,native,page_kind:digital,0.0,True,0.0056,,section_leak;span_truncated,mixed
INE482A01020/2018,INE482A01020,2018,42,native,page_kind:digital,0.1111,True,0.0056,True,section_leak;span_truncated,mixed
INE482A01020/2018,INE482A01020,2018,43,native,page_kind:digital,0.0,True,0.0056,,section_leak;span_truncated,mixed
INE482A01020/2018,INE482A01020,2018,44,native,page_kind:digital,0.0,True,0.0056,,section_leak;span_truncated,mixed
INE482A01020/2018,INE482A01020,2018,45,native,page_kind:digital,0.0,True,0.0056,,section_leak;span_truncated,mixed
INE482A01020/2018,INE482A01020,2018,46,native,page_kind:digital,0.0,True,0.0056,,section_leak;span_truncated,mixed
INE482A01020/2018,INE482A01020,2018,47,native,page_kind:digital,0.0,True,0.0056,,section_leak;span_truncated,mixed
INE482A01020/2018,INE482A01020,2018,48,native,page_kind:digital,0.0,True,0.0056,,section_leak;span_truncated,mixed
INE482A01020/2018,INE482A01020,2018,49,native,page_kind:digital,0.0,True,0.0056,,section_leak;span_truncated,mixed
INE482A01020/2018,INE482A01020,2018,50,native,page_kind:digital,0.0,True,0.0056,,section_leak;span_truncated,mixed
INE482A01020/2018,INE482A01020,2018,51,native,page_kind:digital,0.0,True,0.0056,,section_leak;span_truncated,mixed
INE482A01020/2018,INE482A01020,2018,52,native,page_kind:digital,0.0,True,0.0056,,section_leak;span_truncated,mixed
INE482A01020/2018,INE482A01020,2018,53,native,page_kind:digital,0.0,True,0.0056,,section_leak;span_truncated,mixed
INE482A01020/2018,INE482A01020,2018,54,native,page_kind:digital,0.0,True,0.0056,,section_leak;span_truncated,mixed
INE482A01020/2018,INE482A01020,2018,55,native,page_kind:digital,0.0,True,0.0056,,section_leak;span_truncated,mixed
INE482A01020/2018,INE482A01020,2018,56,native,page_kind:digital,0.0,True,0.0056,,section_leak;span_truncated,mixed
INE482A01020/2018,INE482A01020,2018,57,native,page_kind:digital,0.0,True,0.0056,,section_leak;span_truncated,mixed
INE482A01020/2018,INE482A01020,2018,58,native,page_kind:digital,0.0,True,0.0056,,section_leak;span_truncated,mixed
INE482A01020/2018,INE482A01020,2018,59,native,page_kind:digital,0.0,True,0.0056,,section_leak;span_truncated,mixed
INE482A01020/2018,INE482A01020,2018,60,native,page_kind:digital,0.0,True,0.0056,,section_leak;span_truncated,mixed
INE482A01020/2018,INE482A01020,2018,61,native,page_kind:digital,0.0,True,0.0056,,section_leak;span_truncated,mixed
INE482A01020/2018,INE482A01020,2018,62,native,page_kind:digital,0.0,True,0.0056,,section_leak;span_truncated,mixed
INE482A01020/2018,INE482A01020,2018,63,native,page_kind:digital,0.05,True,0.0056,False,section_leak;span_truncated,mixed
INE482A01020/2018,INE482A01020,2018,64,native,page_kind:digital,0.0,True,0.0056,,section_leak;span_truncated,mixed
INE482A01020/2018,INE482A01020,2018,65,native,page_kind:digital,0.0625,True,0.0056,False,section_leak;span_truncated,mixed
INE482A01020/2018,INE482A01020,2018,66,native,page_kind:digital,0.0,True,0.0056,,section_leak;span_truncated,mixed
INE482A01020/2018,INE482A01020,2018,67,native,page_kind:digital,0.0,True,0.0056,,section_leak;span_truncated,mixed
INE482A01020/2018,INE482A01020,2018,68,native,page_kind:digital,0.0,True,0.0056,,section_leak;span_truncated,mixed
INE482A01020/2018,INE482A01020,2018,69,native,page_kind:digital,0.0455,True,0.0056,False,section_leak;span_truncated,mixed
INE482A01020/2018,INE482A01020,2018,70,native,page_kind:digital,0.0,True,0.0056,,section_leak;span_truncated,mixed
INE482A01020/2018,INE482A01020,2018,71,ocr,ocr_stats:words=161,0.0,True,0.0056,,section_leak;span_truncated,mixed
INE482A01020/2018,INE482A01020,2018,72,native,page_kind:digital,0.0,True,0.0056,,section_leak;span_truncated,mixed
INE482A01020/2018,INE482A01020,2018,73,native,page_kind:digital,0.0,True,0.0056,,section_leak;span_truncated,mixed
INE002A01018/2025,INE002A01018,2025,32,native,page_kind:digital,,False,0.0249,,span_truncated,pure_native
INE002A01018/2025,INE002A01018,2025,33,native,page_kind:digital,0.0,True,0.0249,,span_truncated,pure_native
INE002A01018/2025,INE002A01018,2025,34,native,page_kind:digital,0.0185,True,0.0249,,span_truncated,pure_native
INE002A01018/2025,INE002A01018,2025,35,native,page_kind:digital,0.0,True,0.0249,,span_truncated,pure_native
INE002A01018/2025,INE002A01018,2025,36,native,page_kind:digital,0.0233,True,0.0249,,span_truncated,pure_native
INE002A01018/2025,INE002A01018,2025,37,native,page_kind:digital,0.0,True,0.0249,,span_truncated,pure_native
INE002A01018/2025,INE002A01018,2025,38,native,page_kind:digital,0.08,True,0.0249,True,span_truncated,pure_native
INE002A01018/2025,INE002A01018,2025,39,native,page_kind:digital,0.0492,True,0.0249,True,span_truncated,pure_native
INE002A01018/2025,INE002A01018,2025,40,native,page_kind:digital,0.0,True,0.0249,,span_truncated,pure_native
INE002A01018/2025,INE002A01018,2025,41,native,page_kind:digital,0.0282,True,0.0249,,span_truncated,pure_native
INE002A01018/2025,INE002A01018,2025,42,native,page_kind:digital,0.0,True,0.0249,,span_truncated,pure_native
INE002A01018/2025,INE002A01018,2025,43,native,page_kind:digital,0.0,True,0.0249,,span_truncated,pure_native
INE002A01018/2025,INE002A01018,2025,44,native,page_kind:digital,0.0118,True,0.0249,,span_truncated,pure_native
INE002A01018/2025,INE002A01018,2025,45,native,page_kind:digital,0.0678,True,0.0249,True,span_truncated,pure_native
INE002A01018/2025,INE002A01018,2025,46,native,page_kind:digital,0.0,True,0.0249,,span_truncated,pure_native
INE002A01018/2025,INE002A01018,2025,47,native,page_kind:digital,0.0159,True,0.0249,,span_truncated,pure_native
INE002A01018/2025,INE002A01018,2025,48,native,page_kind:digital,0.0633,True,0.0249,True,span_truncated,pure_native
INE002A01018/2025,INE002A01018,2025,49,native,page_kind:digital,0.0233,True,0.0249,,span_truncated,pure_native
INE002A01018/2025,INE002A01018,2025,50,native,page_kind:digital,0.093,True,0.0249,True,span_truncated,pure_native
INE009A01021/2025,INE009A01021,2025,71,native,page_kind:digital,,False,0.0038,,span_truncated,pure_native
INE009A01021/2025,INE009A01021,2025,72,native,page_kind:digital,0.0,True,0.0038,,span_truncated,pure_native
INE009A01021/2025,INE009A01021,2025,73,native,page_kind:digital,0.0,True,0.0038,,span_truncated,pure_native
INE009A01021/2025,INE009A01021,2025,74,native,page_kind:digital,0.0385,True,0.0038,True,span_truncated,pure_native
INE009A01021/2025,INE009A01021,2025,75,native,page_kind:digital,0.0,True,0.0038,,span_truncated,pure_native
INE009A01021/2025,INE009A01021,2025,76,native,page_kind:digital,0.0,True,0.0038,,span_truncated,pure_native
INE009A01021/2025,INE009A01021,2025,77,native,page_kind:digital,0.0,True,0.0038,,span_truncated,pure_native
INE009A01021/2025,INE009A01021,2025,78,native,page_kind:digital,0.0,True,0.0038,,span_truncated,pure_native
INE009A01021/2025,INE009A01021,2025,79,native,page_kind:digital,0.0,True,0.0038,,span_truncated,pure_native
INE009A01021/2025,INE009A01021,2025,80,native,page_kind:digital,0.0,True,0.0038,,span_truncated,pure_native
INE009A01021/2025,INE009A01021,2025,81,native,page_kind:digital,0.0,True,0.0038,,span_truncated,pure_native
INE002A01018/2024,INE002A01018,2024,29,native,page_kind:digital,,False,0.042,,source_shredded;span_truncated,pure_native
INE002A01018/2024,INE002A01018,2024,30,native,page_kind:digital,0.0,True,0.042,,source_shredded;span_truncated,pure_native
INE002A01018/2024,INE002A01018,2024,31,native,page_kind:digital,0.0143,True,0.042,,source_shredded;span_truncated,pure_native
INE002A01018/2024,INE002A01018,2024,32,native,page_kind:digital,0.1143,True,0.042,True,source_shredded;span_truncated,pure_native
INE002A01018/2024,INE002A01018,2024,33,native,page_kind:digital,0.0143,True,0.042,,source_shredded;span_truncated,pure_native
INE002A01018/2024,INE002A01018,2024,34,native,page_kind:digital,0.0769,True,0.042,True,source_shredded;span_truncated,pure_native
INE002A01018/2024,INE002A01018,2024,35,native,page_kind:digital,0.0784,True,0.042,True,source_shredded;span_truncated,pure_native
INE002A01018/2024,INE002A01018,2024,36,native,page_kind:digital,0.0175,True,0.042,,source_shredded;span_truncated,pure_native
INE002A01018/2024,INE002A01018,2024,37,native,page_kind:digital,0.0114,True,0.042,,source_shredded;span_truncated,pure_native
INE002A01018/2024,INE002A01018,2024,38,native,page_kind:digital,0.0,True,0.042,,source_shredded;span_truncated,pure_native
INE002A01018/2024,INE002A01018,2024,39,native,page_kind:digital,0.0316,True,0.042,True,source_shredded;span_truncated,pure_native
INE002A01018/2024,INE002A01018,2024,40,native,page_kind:digital,0.0,True,0.042,,source_shredded;span_truncated,pure_native
INE002A01018/2024,INE002A01018,2024,41,native,page_kind:digital,0.0,True,0.042,,source_shredded;span_truncated,pure_native
INE002A01018/2024,INE002A01018,2024,42,native,page_kind:digital,0.0,True,0.042,,source_shredded;span_truncated,pure_native
INE002A01018/2024,INE002A01018,2024,43,native,page_kind:digital,0.0,True,0.042,,source_shredded;span_truncated,pure_native
INE002A01018/2024,INE002A01018,2024,44,native,page_kind:digital,0.0,True,0.042,,source_shredded;span_truncated,pure_native
INE002A01018/2024,INE002A01018,2024,45,native,page_kind:digital,0.0182,True,0.042,,source_shredded;span_truncated,pure_native
INE002A01018/2024,INE002A01018,2024,46,native,page_kind:digital,0.0345,True,0.042,True,source_shredded;span_truncated,pure_native
INE002A01018/2024,INE002A01018,2024,47,native,page_kind:digital,0.0492,True,0.042,True,source_shredded;span_truncated,pure_native
INE002A01018/2024,INE002A01018,2024,48,native,page_kind:digital,0.1596,True,0.042,True,source_shredded;span_truncated,pure_native
INE002A01018/2024,INE002A01018,2024,49,native,page_kind:digital,0.0545,True,0.042,True,source_shredded;span_truncated,pure_native
INE002A01018/2024,INE002A01018,2024,50,native,page_kind:digital,0.0741,True,0.042,True,source_shredded;span_truncated,pure_native
INE002A01018/2024,INE002A01018,2024,51,native,page_kind:digital,0.0351,True,0.042,True,source_shredded;span_truncated,pure_native
INE002A01018/2024,INE002A01018,2024,52,native,page_kind:digital,0.0213,True,0.042,,source_shredded;span_truncated,pure_native
INE002A01018/2024,INE002A01018,2024,53,native,page_kind:digital,0.0,True,0.042,,source_shredded;span_truncated,pure_native
INE009A01021/2024,INE009A01021,2024,69,native,page_kind:digital,,False,0.0039,,span_truncated,pure_native
INE009A01021/2024,INE009A01021,2024,70,native,page_kind:digital,0.0,True,0.0039,,span_truncated,pure_native
INE009A01021/2024,INE009A01021,2024,71,native,page_kind:digital,0.0,True,0.0039,,span_truncated,pure_native
INE009A01021/2024,INE009A01021,2024,72,native,page_kind:digital,0.0,True,0.0039,,span_truncated,pure_native
INE009A01021/2024,INE009A01021,2024,73,native,page_kind:digital,0.0,True,0.0039,,span_truncated,pure_native
INE009A01021/2024,INE009A01021,2024,74,native,page_kind:digital,0.0,True,0.0039,,span_truncated,pure_native
INE009A01021/2024,INE009A01021,2024,75,native,page_kind:digital,0.0,True,0.0039,,span_truncated,pure_native
INE009A01021/2024,INE009A01021,2024,76,native,page_kind:digital,0.0,True,0.0039,,span_truncated,pure_native
INE009A01021/2024,INE009A01021,2024,77,native,page_kind:digital,0.0,True,0.0039,,span_truncated,pure_native
INE009A01021/2024,INE009A01021,2024,78,native,page_kind:digital,0.0435,True,0.0039,True,span_truncated,pure_native
INE044A01036/2025,INE044A01036,2025,16,native,page_kind:digital,,False,0.0047,,span_truncated,pure_native
INE044A01036/2025,INE044A01036,2025,17,native,page_kind:digital,0.0,True,0.0047,,span_truncated,pure_native
INE044A01036/2025,INE044A01036,2025,18,native,page_kind:digital,0.0,True,0.0047,,span_truncated,pure_native
INE044A01036/2025,INE044A01036,2025,19,native,page_kind:digital,0.0,True,0.0047,,span_truncated,pure_native
INE044A01036/2025,INE044A01036,2025,20,native,page_kind:digital,0.0,True,0.0047,,span_truncated,pure_native
INE044A01036/2025,INE044A01036,2025,21,native,page_kind:digital,0.0,True,0.0047,,span_truncated,pure_native
INE044A01036/2025,INE044A01036,2025,22,native,page_kind:digital,0.0476,True,0.0047,True,span_truncated,pure_native
INE044A01036/2025,INE044A01036,2025,23,native,page_kind:digital,0.0,True,0.0047,,span_truncated,pure_native
INE044A01036/2025,INE044A01036,2025,24,native,page_kind:digital,0.0,True,0.0047,,span_truncated,pure_native
INE044A01036/2025,INE044A01036,2025,25,native,page_kind:digital,0.0,True,0.0047,,span_truncated,pure_native
INE044A01036/2025,INE044A01036,2025,26,native,page_kind:digital,0.0,True,0.0047,,span_truncated,pure_native
INE044A01036/2025,INE044A01036,2025,27,native,page_kind:digital,0.0,True,0.0047,,span_truncated,pure_native
INE044A01036/2025,INE044A01036,2025,28,native,page_kind:digital,0.1111,True,0.0047,True,span_truncated,pure_native
INE044A01036/2025,INE044A01036,2025,29,native,page_kind:digital,0.0,True,0.0047,,span_truncated,pure_native
INE044A01036/2025,INE044A01036,2025,30,native,page_kind:digital,0.0,True,0.0047,,span_truncated,pure_native
INE044A01036/2025,INE044A01036,2025,31,native,page_kind:digital,0.0,True,0.0047,,span_truncated,pure_native
INE044A01036/2025,INE044A01036,2025,32,native,page_kind:digital,0.0,True,0.0047,,span_truncated,pure_native
INE044A01036/2025,INE044A01036,2025,33,native,page_kind:digital,0.0,True,0.0047,,span_truncated,pure_native
INE044A01036/2025,INE044A01036,2025,34,native,page_kind:digital,0.0,True,0.0047,,span_truncated,pure_native
INE044A01036/2025,INE044A01036,2025,35,native,page_kind:digital,0.0,True,0.0047,,span_truncated,pure_native
INE044A01036/2025,INE044A01036,2025,36,native,page_kind:digital,0.0,True,0.0047,,span_truncated,pure_native
INE044A01036/2025,INE044A01036,2025,37,native,page_kind:digital,0.0,True,0.0047,,span_truncated,pure_native
INE044A01036/2025,INE044A01036,2025,38,native,page_kind:digital,0.0,True,0.0047,,span_truncated,pure_native
INE044A01036/2025,INE044A01036,2025,39,native,page_kind:digital,0.0,True,0.0047,,span_truncated,pure_native
INE044A01036/2024,INE044A01036,2024,16,native,page_kind:digital,,False,0.0126,,,pure_native
INE044A01036/2024,INE044A01036,2024,17,native,page_kind:digital,0.0,True,0.0126,,,pure_native
INE044A01036/2024,INE044A01036,2024,18,native,page_kind:digital,0.1429,True,0.0126,True,,pure_native
INE044A01036/2024,INE044A01036,2024,19,native,page_kind:digital,0.0333,True,0.0126,True,,pure_native
INE044A01036/2024,INE044A01036,2024,20,native,page_kind:digital,0.0,True,0.0126,,,pure_native
INE044A01036/2024,INE044A01036,2024,21,native,page_kind:digital,0.0,True,0.0126,,,pure_native
INE044A01036/2024,INE044A01036,2024,22,native,page_kind:digital,0.0,True,0.0126,,,pure_native
INE044A01036/2024,INE044A01036,2024,23,native,page_kind:digital,0.0,True,0.0126,,,pure_native
INE044A01036/2024,INE044A01036,2024,24,native,page_kind:digital,0.0,True,0.0126,,,pure_native
INE044A01036/2024,INE044A01036,2024,25,native,page_kind:digital,0.0,True,0.0126,,,pure_native
INE044A01036/2024,INE044A01036,2024,26,native,page_kind:digital,0.027,True,0.0126,,,pure_native
INE044A01036/2024,INE044A01036,2024,27,native,page_kind:digital,0.0,True,0.0126,,,pure_native
INE044A01036/2024,INE044A01036,2024,28,native,page_kind:digital,0.0,True,0.0126,,,pure_native
INE044A01036/2024,INE044A01036,2024,29,native,page_kind:digital,0.069,True,0.0126,True,,pure_native
INE044A01036/2024,INE044A01036,2024,30,native,page_kind:digital,0.0,True,0.0126,,,pure_native
INE044A01036/2024,INE044A01036,2024,31,native,page_kind:digital,0.0,True,0.0126,,,pure_native
INE044A01036/2024,INE044A01036,2024,32,native,page_kind:digital,0.0278,True,0.0126,,,pure_native
INE044A01036/2024,INE044A01036,2024,33,native,page_kind:digital,0.0,True,0.0126,,,pure_native
INE044A01036/2024,INE044A01036,2024,34,native,page_kind:digital,0.0,True,0.0126,,,pure_native
INE044A01036/2024,INE044A01036,2024,35,native,page_kind:digital,0.0,True,0.0126,,,pure_native
INE044A01036/2024,INE044A01036,2024,36,native,page_kind:digital,0.0,True,0.0126,,,pure_native
INE044A01036/2024,INE044A01036,2024,37,native,page_kind:digital,0.0333,True,0.0126,True,,pure_native
INE192B01031/2018,INE192B01031,2018,33,native,page_kind:digital,,False,0.0175,,span_truncated,pure_native
INE192B01031/2018,INE192B01031,2018,34,native,page_kind:digital,0.0,True,0.0175,,span_truncated,pure_native
INE192B01031/2018,INE192B01031,2018,35,native,page_kind:digital,0.125,True,0.0175,True,span_truncated,pure_native
INE192B01031/2018,INE192B01031,2018,36,native,page_kind:digital,0.0588,True,0.0175,True,span_truncated,pure_native
INE192B01031/2018,INE192B01031,2018,37,native,page_kind:digital,0.0,True,0.0175,,span_truncated,pure_native
INE192B01031/2018,INE192B01031,2018,38,native,page_kind:digital,0.0,True,0.0175,,span_truncated,pure_native
INE192B01031/2018,INE192B01031,2018,39,native,page_kind:digital,0.0,True,0.0175,,span_truncated,pure_native
INE192B01031/2018,INE192B01031,2018,40,native,page_kind:digital,0.0476,True,0.0175,True,span_truncated,pure_native
INE192B01031/2018,INE192B01031,2018,41,native,page_kind:digital,0.0,True,0.0175,,span_truncated,pure_native
INE192B01031/2018,INE192B01031,2018,42,native,page_kind:digital,0.0833,True,0.0175,True,span_truncated,pure_native
INE192B01031/2018,INE192B01031,2018,43,native,page_kind:digital,0.0,True,0.0175,,span_truncated,pure_native
INE192B01031/2018,INE192B01031,2018,44,native,page_kind:digital,0.0,True,0.0175,,span_truncated,pure_native
INE192B01031/2018,INE192B01031,2018,45,native,page_kind:digital,0.0476,True,0.0175,True,span_truncated,pure_native
INE192B01031/2018,INE192B01031,2018,46,native,page_kind:digital,0.0,True,0.0175,,span_truncated,pure_native
INE192B01031/2018,INE192B01031,2018,47,native,page_kind:digital,0.0714,True,0.0175,False,span_truncated,pure_native
INE192B01031/2018,INE192B01031,2018,48,native,page_kind:digital,0.0,True,0.0175,,span_truncated,pure_native
INE192B01031/2018,INE192B01031,2018,49,native,page_kind:digital,0.0,True,0.0175,,span_truncated,pure_native
INE192B01031/2018,INE192B01031,2018,50,native,page_kind:digital,0.0,True,0.0175,,span_truncated,pure_native
INE192B01031/2018,INE192B01031,2018,51,native,page_kind:digital,0.0,True,0.0175,,span_truncated,pure_native
INE192B01031/2018,INE192B01031,2018,52,native,page_kind:digital,0.0,True,0.0175,,span_truncated,pure_native
INE192B01031/2018,INE192B01031,2018,53,native,page_kind:digital,0.0667,True,0.0175,True,span_truncated,pure_native
INE192B01031/2018,INE192B01031,2018,54,native,page_kind:digital,0.0,True,0.0175,,span_truncated,pure_native
INE001F01019/2025,INE001F01019,2025,14,native,page_kind:digital,,False,0.0169,,source_shredded;span_truncated,pure_native
INE001F01019/2025,INE001F01019,2025,15,native,page_kind:digital,0.0,True,0.0169,,source_shredded;span_truncated,pure_native
INE001F01019/2024,INE001F01019,2024,18,native,page_kind:digital,,False,0.0435,,source_shredded;span_truncated,pure_native
INE040A01034/2025,INE040A01034,2025,209,native,page_kind:digital,,False,0.0236,,section_leak;span_truncated,pure_native
INE040A01034/2025,INE040A01034,2025,210,native,page_kind:digital,0.0,True,0.0236,,section_leak;span_truncated,pure_native
INE040A01034/2025,INE040A01034,2025,211,native,page_kind:digital,0.0,True,0.0236,,section_leak;span_truncated,pure_native
INE040A01034/2025,INE040A01034,2025,212,native,page_kind:digital,0.0,True,0.0236,,section_leak;span_truncated,pure_native
INE040A01034/2025,INE040A01034,2025,213,native,page_kind:digital,0.0,True,0.0236,,section_leak;span_truncated,pure_native
INE040A01034/2025,INE040A01034,2025,214,native,page_kind:digital,0.0,True,0.0236,,section_leak;span_truncated,pure_native
INE040A01034/2025,INE040A01034,2025,215,native,page_kind:digital,0.0588,True,0.0236,False,section_leak;span_truncated,pure_native
INE040A01034/2025,INE040A01034,2025,216,native,page_kind:digital,0.0,True,0.0236,,section_leak;span_truncated,pure_native
INE040A01034/2025,INE040A01034,2025,217,native,page_kind:digital,0.0,True,0.0236,,section_leak;span_truncated,pure_native
INE040A01034/2025,INE040A01034,2025,218,native,page_kind:digital,0.0,True,0.0236,,section_leak;span_truncated,pure_native
INE040A01034/2025,INE040A01034,2025,219,native,page_kind:digital,0.1071,True,0.0236,False,section_leak;span_truncated,pure_native
INE040A01034/2025,INE040A01034,2025,220,native,page_kind:digital,0.0976,True,0.0236,False,section_leak;span_truncated,pure_native
INE040A01034/2025,INE040A01034,2025,221,native,page_kind:digital,0.0,True,0.0236,,section_leak;span_truncated,pure_native
INE040A01034/2025,INE040A01034,2025,222,native,page_kind:digital,0.0,True,0.0236,,section_leak;span_truncated,pure_native
INE040A01034/2025,INE040A01034,2025,223,native,page_kind:digital,0.0,True,0.0236,,section_leak;span_truncated,pure_native
INE040A01034/2025,INE040A01034,2025,224,native,page_kind:digital,0.0,True,0.0236,,section_leak;span_truncated,pure_native
INE040A01034/2025,INE040A01034,2025,225,native,page_kind:digital,0.0,True,0.0236,,section_leak;span_truncated,pure_native
INE040A01034/2025,INE040A01034,2025,226,native,page_kind:digital,0.0,True,0.0236,,section_leak;span_truncated,pure_native
INE040A01034/2025,INE040A01034,2025,227,native,page_kind:digital,0.0,True,0.0236,,section_leak;span_truncated,pure_native
INE040A01034/2025,INE040A01034,2025,228,native,page_kind:digital,0.0,True,0.0236,,section_leak;span_truncated,pure_native
INE040A01034/2025,INE040A01034,2025,229,native,page_kind:digital,0.0645,True,0.0236,False,section_leak;span_truncated,pure_native
INE040A01034/2025,INE040A01034,2025,230,native,page_kind:digital,0.0,True,0.0236,,section_leak;span_truncated,pure_native
INE040A01034/2025,INE040A01034,2025,231,native,page_kind:digital,0.0,True,0.0236,,section_leak;span_truncated,pure_native
INE040A01034/2025,INE040A01034,2025,232,native,page_kind:digital,0.3478,True,0.0236,False,section_leak;span_truncated,pure_native
INE040A01034/2025,INE040A01034,2025,233,native,page_kind:digital,0.0526,True,0.0236,False,section_leak;span_truncated,pure_native
INE040A01034/2025,INE040A01034,2025,234,native,page_kind:digital,0.0,True,0.0236,,section_leak;span_truncated,pure_native
INE040A01034/2025,INE040A01034,2025,235,native,page_kind:digital,0.0,True,0.0236,,section_leak;span_truncated,pure_native
INE040A01034/2025,INE040A01034,2025,236,native,page_kind:digital,0.0,True,0.0236,,section_leak;span_truncated,pure_native
INE040A01034/2025,INE040A01034,2025,237,native,page_kind:digital,0.0,True,0.0236,,section_leak;span_truncated,pure_native
INE040A01034/2025,INE040A01034,2025,238,native,page_kind:digital,0.0,True,0.0236,,section_leak;span_truncated,pure_native
INE040A01034/2025,INE040A01034,2025,239,native,page_kind:digital,0.0,True,0.0236,,section_leak;span_truncated,pure_native
INE040A01034/2025,INE040A01034,2025,240,native,page_kind:digital,0.0,True,0.0236,,section_leak;span_truncated,pure_native
INE040A01034/2025,INE040A01034,2025,241,native,page_kind:digital,0.0625,True,0.0236,False,section_leak;span_truncated,pure_native
INE040A01034/2025,INE040A01034,2025,242,native,page_kind:digital,0.0,True,0.0236,,section_leak;span_truncated,pure_native
INE040A01034/2025,INE040A01034,2025,243,native,page_kind:digital,0.0,True,0.0236,,section_leak;span_truncated,pure_native
INE040A01034/2025,INE040A01034,2025,244,native,page_kind:digital,0.0,True,0.0236,,section_leak;span_truncated,pure_native
INE040A01034/2025,INE040A01034,2025,245,native,page_kind:digital,0.0,True,0.0236,,section_leak;span_truncated,pure_native
INE040A01034/2025,INE040A01034,2025,246,native,page_kind:digital,0.0,True,0.0236,,section_leak;span_truncated,pure_native
INE040A01034/2025,INE040A01034,2025,247,native,page_kind:digital,0.0,True,0.0236,,section_leak;span_truncated,pure_native
INE040A01034/2024,INE040A01034,2024,240,native,page_kind:digital,,False,0.0145,,section_leak;span_truncated,pure_native
INE040A01034/2024,INE040A01034,2024,241,native,page_kind:digital,0.0,True,0.0145,,section_leak;span_truncated,pure_native
INE040A01034/2024,INE040A01034,2024,242,native,page_kind:digital,0.0,True,0.0145,,section_leak;span_truncated,pure_native
INE040A01034/2024,INE040A01034,2024,243,native,page_kind:digital,0.0,True,0.0145,,section_leak;span_truncated,pure_native
INE040A01034/2024,INE040A01034,2024,244,native,page_kind:digital,0.0,True,0.0145,,section_leak;span_truncated,pure_native
INE040A01034/2024,INE040A01034,2024,245,native,page_kind:digital,0.0,True,0.0145,,section_leak;span_truncated,pure_native
INE040A01034/2024,INE040A01034,2024,246,native,page_kind:digital,0.0,True,0.0145,,section_leak;span_truncated,pure_native
INE040A01034/2024,INE040A01034,2024,247,native,page_kind:digital,0.0,True,0.0145,,section_leak;span_truncated,pure_native
INE040A01034/2024,INE040A01034,2024,248,native,page_kind:digital,0.1333,True,0.0145,False,section_leak;span_truncated,pure_native
INE040A01034/2024,INE040A01034,2024,249,native,page_kind:digital,0.0811,True,0.0145,True,section_leak;span_truncated,pure_native
INE040A01034/2024,INE040A01034,2024,250,native,page_kind:digital,0.0,True,0.0145,,section_leak;span_truncated,pure_native
INE040A01034/2024,INE040A01034,2024,251,native,page_kind:digital,0.0,True,0.0145,,section_leak;span_truncated,pure_native
INE040A01034/2024,INE040A01034,2024,252,native,page_kind:digital,0.0,True,0.0145,,section_leak;span_truncated,pure_native
INE040A01034/2024,INE040A01034,2024,253,native,page_kind:digital,0.0286,True,0.0145,,section_leak;span_truncated,pure_native
INE040A01034/2024,INE040A01034,2024,254,native,page_kind:digital,0.0,True,0.0145,,section_leak;span_truncated,pure_native
INE040A01034/2024,INE040A01034,2024,255,native,page_kind:digital,0.0,True,0.0145,,section_leak;span_truncated,pure_native
INE040A01034/2024,INE040A01034,2024,256,native,page_kind:digital,0.0,True,0.0145,,section_leak;span_truncated,pure_native
INE040A01034/2024,INE040A01034,2024,257,native,page_kind:digital,0.0,True,0.0145,,section_leak;span_truncated,pure_native
INE040A01034/2024,INE040A01034,2024,258,native,page_kind:digital,0.0,True,0.0145,,section_leak;span_truncated,pure_native
INE040A01034/2024,INE040A01034,2024,259,native,page_kind:digital,0.0,True,0.0145,,section_leak;span_truncated,pure_native
INE040A01034/2024,INE040A01034,2024,260,native,page_kind:digital,0.0,True,0.0145,,section_leak;span_truncated,pure_native
INE040A01034/2024,INE040A01034,2024,261,native,page_kind:digital,0.0,True,0.0145,,section_leak;span_truncated,pure_native
INE040A01034/2024,INE040A01034,2024,262,native,page_kind:digital,0.0,True,0.0145,,section_leak;span_truncated,pure_native
INE040A01034/2024,INE040A01034,2024,263,native,page_kind:digital,0.0,True,0.0145,,section_leak;span_truncated,pure_native
INE040A01034/2024,INE040A01034,2024,264,native,page_kind:digital,0.0,True,0.0145,,section_leak;span_truncated,pure_native
INE040A01034/2024,INE040A01034,2024,265,native,page_kind:digital,0.0,True,0.0145,,section_leak;span_truncated,pure_native
INE040A01034/2024,INE040A01034,2024,266,native,page_kind:digital,0.0,True,0.0145,,section_leak;span_truncated,pure_native
INE040A01034/2024,INE040A01034,2024,267,native,page_kind:digital,0.0,True,0.0145,,section_leak;span_truncated,pure_native
INE040A01034/2024,INE040A01034,2024,268,native,page_kind:digital,0.0,True,0.0145,,section_leak;span_truncated,pure_native
INE040A01034/2024,INE040A01034,2024,269,native,page_kind:digital,0.0,True,0.0145,,section_leak;span_truncated,pure_native
INE040A01034/2024,INE040A01034,2024,270,native,page_kind:digital,0.0303,True,0.0145,False,section_leak;span_truncated,pure_native
INE040A01034/2024,INE040A01034,2024,271,native,page_kind:digital,0.0,True,0.0145,,section_leak;span_truncated,pure_native
INE040A01034/2024,INE040A01034,2024,272,native,page_kind:digital,0.0,True,0.0145,,section_leak;span_truncated,pure_native
INE040A01034/2024,INE040A01034,2024,273,native,page_kind:digital,0.0,True,0.0145,,section_leak;span_truncated,pure_native
INE040A01034/2024,INE040A01034,2024,274,native,page_kind:digital,0.04,True,0.0145,False,section_leak;span_truncated,pure_native
INE040A01034/2024,INE040A01034,2024,275,native,page_kind:digital,0.0,True,0.0145,,section_leak;span_truncated,pure_native
INE040A01034/2024,INE040A01034,2024,276,native,page_kind:digital,0.0,True,0.0145,,section_leak;span_truncated,pure_native
INE081A01020/2025,INE081A01020,2025,156,native,page_kind:digital,,False,0.0061,,span_truncated,pure_native
INE081A01020/2025,INE081A01020,2025,157,native,page_kind:digital,0.0,True,0.0061,,span_truncated,pure_native
INE081A01020/2025,INE081A01020,2025,158,native,page_kind:digital,0.0,True,0.0061,,span_truncated,pure_native
INE081A01020/2025,INE081A01020,2025,159,native,page_kind:digital,0.0,True,0.0061,,span_truncated,pure_native
INE081A01020/2025,INE081A01020,2025,160,native,page_kind:digital,0.0,True,0.0061,,span_truncated,pure_native
INE081A01020/2025,INE081A01020,2025,161,native,page_kind:digital,0.0,True,0.0061,,span_truncated,pure_native
INE081A01020/2025,INE081A01020,2025,162,native,page_kind:digital,0.0,True,0.0061,,span_truncated,pure_native
INE081A01020/2025,INE081A01020,2025,163,native,page_kind:digital,0.0,True,0.0061,,span_truncated,pure_native
INE081A01020/2025,INE081A01020,2025,164,native,page_kind:digital,0.0,True,0.0061,,span_truncated,pure_native
INE081A01020/2025,INE081A01020,2025,165,native,page_kind:digital,0.0,True,0.0061,,span_truncated,pure_native
INE081A01020/2025,INE081A01020,2025,166,native,page_kind:digital,0.0,True,0.0061,,span_truncated,pure_native
INE081A01020/2025,INE081A01020,2025,167,native,page_kind:digital,0.0,True,0.0061,,span_truncated,pure_native
INE081A01020/2025,INE081A01020,2025,168,native,page_kind:digital,0.0,True,0.0061,,span_truncated,pure_native
INE081A01020/2025,INE081A01020,2025,169,native,page_kind:digital,0.0,True,0.0061,,span_truncated,pure_native
INE081A01020/2025,INE081A01020,2025,170,native,page_kind:digital,0.0,True,0.0061,,span_truncated,pure_native
INE081A01020/2025,INE081A01020,2025,171,native,page_kind:digital,0.0,True,0.0061,,span_truncated,pure_native
INE081A01020/2025,INE081A01020,2025,172,native,page_kind:digital,0.0,True,0.0061,,span_truncated,pure_native
INE081A01020/2025,INE081A01020,2025,173,native,page_kind:digital,0.0263,True,0.0061,,span_truncated,pure_native
INE081A01020/2025,INE081A01020,2025,174,native,page_kind:digital,0.0,True,0.0061,,span_truncated,pure_native
INE081A01020/2025,INE081A01020,2025,175,native,page_kind:digital,0.0,True,0.0061,,span_truncated,pure_native
INE081A01020/2025,INE081A01020,2025,176,native,page_kind:digital,0.0,True,0.0061,,span_truncated,pure_native
INE081A01020/2025,INE081A01020,2025,177,native,page_kind:digital,0.0,True,0.0061,,span_truncated,pure_native
INE081A01020/2025,INE081A01020,2025,178,native,page_kind:digital,0.0,True,0.0061,,span_truncated,pure_native
INE081A01020/2025,INE081A01020,2025,179,native,page_kind:digital,0.02,True,0.0061,,span_truncated,pure_native
INE081A01020/2025,INE081A01020,2025,180,native,page_kind:digital,0.0,True,0.0061,,span_truncated,pure_native
INE081A01020/2025,INE081A01020,2025,181,native,page_kind:digital,0.0,True,0.0061,,span_truncated,pure_native
INE081A01020/2025,INE081A01020,2025,182,native,page_kind:digital,0.0,True,0.0061,,span_truncated,pure_native
INE081A01020/2025,INE081A01020,2025,183,native,page_kind:digital,0.0,True,0.0061,,span_truncated,pure_native
INE081A01020/2025,INE081A01020,2025,184,native,page_kind:digital,0.0,True,0.0061,,span_truncated,pure_native
INE081A01020/2025,INE081A01020,2025,185,native,page_kind:digital,0.0,True,0.0061,,span_truncated,pure_native
INE081A01020/2025,INE081A01020,2025,186,native,page_kind:digital,0.0,True,0.0061,,span_truncated,pure_native
INE081A01020/2025,INE081A01020,2025,187,native,page_kind:digital,0.0263,True,0.0061,,span_truncated,pure_native
INE081A01020/2025,INE081A01020,2025,188,native,page_kind:digital,0.0,True,0.0061,,span_truncated,pure_native
INE081A01020/2025,INE081A01020,2025,189,native,page_kind:digital,0.0,True,0.0061,,span_truncated,pure_native
INE081A01020/2025,INE081A01020,2025,190,native,page_kind:digital,0.0,True,0.0061,,span_truncated,pure_native
INE081A01020/2025,INE081A01020,2025,191,native,page_kind:digital,0.0,True,0.0061,,span_truncated,pure_native
INE081A01020/2025,INE081A01020,2025,192,native,page_kind:digital,0.0,True,0.0061,,span_truncated,pure_native
INE081A01020/2025,INE081A01020,2025,193,native,page_kind:digital,0.0303,True,0.0061,False,span_truncated,pure_native
INE081A01020/2025,INE081A01020,2025,194,native,page_kind:digital,0.0,True,0.0061,,span_truncated,pure_native
INE081A01020/2025,INE081A01020,2025,195,native,page_kind:digital,0.0,True,0.0061,,span_truncated,pure_native
INE081A01020/2025,INE081A01020,2025,196,native,page_kind:digital,0.0,True,0.0061,,span_truncated,pure_native
INE081A01020/2025,INE081A01020,2025,197,native,page_kind:digital,0.0385,True,0.0061,False,span_truncated,pure_native
INE081A01020/2025,INE081A01020,2025,198,native,page_kind:digital,0.0,True,0.0061,,span_truncated,pure_native
INE081A01020/2025,INE081A01020,2025,199,native,page_kind:digital,0.0,True,0.0061,,span_truncated,pure_native
INE081A01020/2025,INE081A01020,2025,200,native,page_kind:digital,0.0,True,0.0061,,span_truncated,pure_native
INE081A01020/2025,INE081A01020,2025,201,native,page_kind:digital,0.0,True,0.0061,,span_truncated,pure_native
INE081A01020/2025,INE081A01020,2025,202,native,page_kind:digital,0.0,True,0.0061,,span_truncated,pure_native
INE081A01020/2025,INE081A01020,2025,203,native,page_kind:digital,0.0,True,0.0061,,span_truncated,pure_native
INE081A01020/2025,INE081A01020,2025,204,native,page_kind:digital,0.0,True,0.0061,,span_truncated,pure_native
INE003B01014/2025,INE003B01014,2025,41,native,page_kind:digital,,False,0.0,,source_shredded;span_truncated,pure_native
INE154A01025/2025,INE154A01025,2025,59,native,page_kind:digital,,False,0.0145,,span_truncated,pure_native
INE154A01025/2025,INE154A01025,2025,60,native,page_kind:digital,0.0465,True,0.0145,True,span_truncated,pure_native
INE154A01025/2025,INE154A01025,2025,61,native,page_kind:digital,0.0,True,0.0145,,span_truncated,pure_native
INE154A01025/2025,INE154A01025,2025,62,native,page_kind:digital,0.025,True,0.0145,,span_truncated,pure_native
INE154A01025/2025,INE154A01025,2025,63,native,page_kind:digital,0.0,True,0.0145,,span_truncated,pure_native
INE154A01025/2025,INE154A01025,2025,64,native,page_kind:digital,0.0125,True,0.0145,,span_truncated,pure_native
INE008A01015/2012,INE008A01015,2012,53,native,page_kind:digital,,False,0.0083,,span_truncated,pure_native
INE008A01015/2012,INE008A01015,2012,54,native,page_kind:digital,0.0,True,0.0083,,span_truncated,pure_native
INE008A01015/2012,INE008A01015,2012,55,native,page_kind:digital,0.0,True,0.0083,,span_truncated,pure_native
INE008A01015/2012,INE008A01015,2012,56,native,page_kind:digital,0.0,True,0.0083,,span_truncated,pure_native
INE008A01015/2012,INE008A01015,2012,57,native,page_kind:digital,0.0769,True,0.0083,False,span_truncated,pure_native
INE008A01015/2012,INE008A01015,2012,58,native,page_kind:digital,0.0,True,0.0083,,span_truncated,pure_native
INE008A01015/2012,INE008A01015,2012,59,native,page_kind:digital,0.0,True,0.0083,,span_truncated,pure_native
INE008A01015/2012,INE008A01015,2012,60,native,page_kind:digital,0.0,True,0.0083,,span_truncated,pure_native
INE008A01015/2012,INE008A01015,2012,61,native,page_kind:digital,0.0625,True,0.0083,False,span_truncated,pure_native
INE008A01015/2012,INE008A01015,2012,62,native,page_kind:digital,0.0,True,0.0083,,span_truncated,pure_native
INE008A01015/2012,INE008A01015,2012,63,native,page_kind:digital,0.0,True,0.0083,,span_truncated,pure_native
INE008A01015/2012,INE008A01015,2012,64,native,page_kind:digital,0.0,True,0.0083,,span_truncated,pure_native
INE008A01015/2012,INE008A01015,2012,65,native,page_kind:digital,0.0,True,0.0083,,span_truncated,pure_native
INE008A01015/2012,INE008A01015,2012,66,native,page_kind:digital,0.0,True,0.0083,,span_truncated,pure_native
INE004C01028/2025,INE004C01028,2025,22,native,page_kind:digital,,False,0.011,,source_shredded;span_truncated,pure_native
INE004C01028/2025,INE004C01028,2025,23,native,page_kind:digital,0.0333,True,0.011,True,source_shredded;span_truncated,pure_native
INE004C01028/2025,INE004C01028,2025,24,native,page_kind:digital,0.0,True,0.011,,source_shredded;span_truncated,pure_native
INE004C01028/2025,INE004C01028,2025,25,native,page_kind:digital,0.0,True,0.011,,source_shredded;span_truncated,pure_native
INE081A01020/2024,INE081A01020,2024,183,native,page_kind:digital,,False,0.0108,,span_truncated,pure_native
INE081A01020/2024,INE081A01020,2024,184,native,page_kind:digital,0.0526,True,0.0108,True,span_truncated,pure_native
INE081A01020/2024,INE081A01020,2024,185,native,page_kind:digital,0.0,True,0.0108,,span_truncated,pure_native
INE081A01020/2024,INE081A01020,2024,186,native,page_kind:digital,0.0,True,0.0108,,span_truncated,pure_native
INE081A01020/2024,INE081A01020,2024,187,native,page_kind:digital,0.0,True,0.0108,,span_truncated,pure_native
INE081A01020/2024,INE081A01020,2024,188,native,page_kind:digital,0.0,True,0.0108,,span_truncated,pure_native
INE081A01020/2024,INE081A01020,2024,189,native,page_kind:digital,0.0,True,0.0108,,span_truncated,pure_native
INE081A01020/2024,INE081A01020,2024,190,native,page_kind:digital,0.0,True,0.0108,,span_truncated,pure_native
INE081A01020/2024,INE081A01020,2024,191,native,page_kind:digital,0.0,True,0.0108,,span_truncated,pure_native
INE081A01020/2024,INE081A01020,2024,192,native,page_kind:digital,0.0345,True,0.0108,True,span_truncated,pure_native
INE081A01020/2024,INE081A01020,2024,193,native,page_kind:digital,0.0,True,0.0108,,span_truncated,pure_native
INE081A01020/2024,INE081A01020,2024,194,native,page_kind:digital,0.0,True,0.0108,,span_truncated,pure_native
INE081A01020/2024,INE081A01020,2024,195,native,page_kind:digital,0.0303,True,0.0108,True,span_truncated,pure_native
INE081A01020/2024,INE081A01020,2024,196,native,page_kind:digital,0.0278,True,0.0108,,span_truncated,pure_native
INE081A01020/2024,INE081A01020,2024,197,native,page_kind:digital,0.0,True,0.0108,,span_truncated,pure_native
INE081A01020/2024,INE081A01020,2024,198,native,page_kind:digital,0.025,True,0.0108,,span_truncated,pure_native
INE081A01020/2024,INE081A01020,2024,199,native,page_kind:digital,0.0,True,0.0108,,span_truncated,pure_native
INE081A01020/2024,INE081A01020,2024,200,native,page_kind:digital,0.0,True,0.0108,,span_truncated,pure_native
INE081A01020/2024,INE081A01020,2024,201,native,page_kind:digital,0.0,True,0.0108,,span_truncated,pure_native
INE081A01020/2024,INE081A01020,2024,202,native,page_kind:digital,0.0,True,0.0108,,span_truncated,pure_native
INE081A01020/2024,INE081A01020,2024,203,native,page_kind:digital,0.0455,True,0.0108,True,span_truncated,pure_native
INE081A01020/2024,INE081A01020,2024,204,native,page_kind:digital,0.0323,True,0.0108,True,span_truncated,pure_native
INE081A01020/2024,INE081A01020,2024,205,native,page_kind:digital,0.0,True,0.0108,,span_truncated,pure_native
INE081A01020/2024,INE081A01020,2024,206,native,page_kind:digital,0.0,True,0.0108,,span_truncated,pure_native
INE081A01020/2024,INE081A01020,2024,207,native,page_kind:digital,0.0,True,0.0108,,span_truncated,pure_native
INE081A01020/2024,INE081A01020,2024,208,native,page_kind:digital,0.0,True,0.0108,,span_truncated,pure_native
INE081A01020/2024,INE081A01020,2024,209,native,page_kind:digital,0.0,True,0.0108,,span_truncated,pure_native
INE081A01020/2024,INE081A01020,2024,210,native,page_kind:digital,0.0435,True,0.0108,True,span_truncated,pure_native
INE081A01020/2024,INE081A01020,2024,211,native,page_kind:digital,0.0,True,0.0108,,span_truncated,pure_native
INE081A01020/2024,INE081A01020,2024,212,native,page_kind:digital,0.0,True,0.0108,,span_truncated,pure_native
INE081A01020/2024,INE081A01020,2024,213,native,page_kind:digital,0.0,True,0.0108,,span_truncated,pure_native
INE081A01020/2024,INE081A01020,2024,214,native,page_kind:digital,0.0,True,0.0108,,span_truncated,pure_native
INE081A01020/2024,INE081A01020,2024,215,native,page_kind:digital,0.0,True,0.0108,,span_truncated,pure_native
INE081A01020/2024,INE081A01020,2024,216,native,page_kind:digital,0.05,True,0.0108,True,span_truncated,pure_native
INE081A01020/2024,INE081A01020,2024,217,native,page_kind:digital,0.0,True,0.0108,,span_truncated,pure_native
INE081A01020/2024,INE081A01020,2024,218,native,page_kind:digital,0.0,True,0.0108,,span_truncated,pure_native
INE081A01020/2024,INE081A01020,2024,219,native,page_kind:digital,0.0,True,0.0108,,span_truncated,pure_native
INE081A01020/2024,INE081A01020,2024,220,native,page_kind:digital,0.0435,True,0.0108,True,span_truncated,pure_native
INE081A01020/2024,INE081A01020,2024,221,native,page_kind:digital,0.0,True,0.0108,,span_truncated,pure_native
INE081A01020/2024,INE081A01020,2024,222,native,page_kind:digital,0.0,True,0.0108,,span_truncated,pure_native
INE081A01020/2024,INE081A01020,2024,223,native,page_kind:digital,0.0,True,0.0108,,span_truncated,pure_native
INE081A01020/2024,INE081A01020,2024,224,native,page_kind:digital,0.0,True,0.0108,,span_truncated,pure_native
INE081A01020/2024,INE081A01020,2024,225,native,page_kind:digital,0.0,True,0.0108,,span_truncated,pure_native
INE081A01020/2024,INE081A01020,2024,226,native,page_kind:digital,0.0,True,0.0108,,span_truncated,pure_native
INE003B01014/2024,INE003B01014,2024,48,native,page_kind:digital,,False,0.0583,,source_shredded;span_truncated,pure_native
INE003B01014/2024,INE003B01014,2024,49,native,page_kind:digital,0.0,True,0.0583,,source_shredded;span_truncated,pure_native
INE003B01014/2024,INE003B01014,2024,50,native,page_kind:digital,0.0385,True,0.0583,True,source_shredded;span_truncated,pure_native
INE003B01014/2024,INE003B01014,2024,51,native,page_kind:digital,0.08,True,0.0583,True,source_shredded;span_truncated,pure_native
INE003B01014/2024,INE003B01014,2024,52,native,page_kind:digital,0.0294,True,0.0583,,source_shredded;span_truncated,pure_native
INE003B01014/2024,INE003B01014,2024,53,native,page_kind:digital,0.1154,True,0.0583,True,source_shredded;span_truncated,pure_native
INE003B01014/2024,INE003B01014,2024,54,native,page_kind:digital,0.0,True,0.0583,,source_shredded;span_truncated,pure_native
INE003B01014/2024,INE003B01014,2024,55,native,page_kind:digital,0.037,True,0.0583,True,source_shredded;span_truncated,pure_native
INE003B01014/2024,INE003B01014,2024,56,native,page_kind:digital,0.0526,True,0.0583,True,source_shredded;span_truncated,pure_native
INE003B01014/2024,INE003B01014,2024,57,native,page_kind:digital,0.1452,True,0.0583,True,source_shredded;span_truncated,pure_native
INE003B01014/2024,INE003B01014,2024,58,native,page_kind:digital,0.0,True,0.0583,,source_shredded;span_truncated,pure_native
INE004E01016/2025,INE004E01016,2025,15,native,page_kind:digital,,False,0.0132,,source_shredded;span_truncated,pure_native
INE004E01016/2025,INE004E01016,2025,16,native,page_kind:digital,0.0,True,0.0132,,source_shredded;span_truncated,pure_native
INE004E01016/2025,INE004E01016,2025,17,native,page_kind:digital,0.0,True,0.0132,,source_shredded;span_truncated,pure_native
INE004E01016/2025,INE004E01016,2025,18,native,page_kind:digital,0.0,True,0.0132,,source_shredded;span_truncated,pure_native
INE004E01016/2025,INE004E01016,2025,19,native,page_kind:digital,0.0,True,0.0132,,source_shredded;span_truncated,pure_native
INE004E01016/2025,INE004E01016,2025,20,native,page_kind:digital,0.0,True,0.0132,,source_shredded;span_truncated,pure_native
INE004E01016/2025,INE004E01016,2025,21,native,page_kind:digital,0.0769,True,0.0132,True,source_shredded;span_truncated,pure_native
INE005E01013/2025,INE005E01013,2025,21,native,page_kind:digital,,False,0.0,,source_shredded;span_truncated,pure_native
INE005E01013/2025,INE005E01013,2025,22,native,page_kind:digital,0.0,True,0.0,,source_shredded;span_truncated,pure_native
INE154A01025/2024,INE154A01025,2024,77,native,page_kind:digital,,False,0.0165,,span_truncated,pure_native
INE154A01025/2024,INE154A01025,2024,78,native,page_kind:digital,0.0159,True,0.0165,,span_truncated,pure_native
INE154A01025/2024,INE154A01025,2024,79,native,page_kind:digital,0.0238,True,0.0165,,span_truncated,pure_native
INE154A01025/2024,INE154A01025,2024,80,native,page_kind:digital,0.0233,True,0.0165,,span_truncated,pure_native
INE154A01025/2024,INE154A01025,2024,81,native,page_kind:digital,0.0,True,0.0165,,span_truncated,pure_native
INE154A01025/2024,INE154A01025,2024,82,native,page_kind:digital,0.0278,True,0.0165,,span_truncated,pure_native
INE154A01025/2024,INE154A01025,2024,83,native,page_kind:digital,0.0132,True,0.0165,,span_truncated,pure_native
INE154A01025/2024,INE154A01025,2024,84,native,page_kind:digital,0.0143,True,0.0165,,span_truncated,pure_native
INE004E01016/2024,INE004E01016,2024,21,native,page_kind:digital,,False,0.0,,source_shredded;span_truncated,pure_native
INE004E01016/2024,INE004E01016,2024,22,native,page_kind:digital,0.0,True,0.0,,source_shredded;span_truncated,pure_native
INE004E01016/2024,INE004E01016,2024,23,native,page_kind:digital,0.0,True,0.0,,source_shredded;span_truncated,pure_native
INE004E01016/2024,INE004E01016,2024,24,native,page_kind:digital,0.0,True,0.0,,source_shredded;span_truncated,pure_native
INE004E01016/2024,INE004E01016,2024,25,native,page_kind:digital,0.0,True,0.0,,source_shredded;span_truncated,pure_native
INE004E01016/2024,INE004E01016,2024,26,native,page_kind:digital,0.0,True,0.0,,source_shredded;span_truncated,pure_native
INE004E01016/2024,INE004E01016,2024,27,native,page_kind:digital,0.0,True,0.0,,source_shredded;span_truncated,pure_native
INE001B01026/2024,INE001B01026,2024,27,native,page_kind:digital,,False,0.0,,,pure_native
INE001B01026/2024,INE001B01026,2024,28,native,page_kind:digital,0.0,True,0.0,,,pure_native
INE001B01026/2024,INE001B01026,2024,29,native,page_kind:digital,0.0,True,0.0,,,pure_native
INE001B01026/2024,INE001B01026,2024,30,native,page_kind:digital,0.0,True,0.0,,,pure_native
INE001B01026/2024,INE001B01026,2024,31,native,page_kind:digital,0.0,True,0.0,,,pure_native
INE001B01026/2024,INE001B01026,2024,32,native,page_kind:digital,0.0,True,0.0,,,pure_native
INE001B01026/2024,INE001B01026,2024,33,native,page_kind:digital,0.0,True,0.0,,,pure_native
INE006C01015/2025,INE006C01015,2025,22,native,page_kind:digital,,False,0.0,,source_shredded;span_truncated,pure_native
INE006C01015/2025,INE006C01015,2025,23,native,page_kind:digital,0.0,True,0.0,,source_shredded;span_truncated,pure_native
INE006C01015/2024,INE006C01015,2024,21,native,page_kind:digital,,False,0.0,,source_shredded;span_truncated,pure_native
INE006C01015/2024,INE006C01015,2024,22,native,page_kind:digital,0.0,True,0.0,,source_shredded;span_truncated,pure_native
INE001O01029/2025,INE001O01029,2025,34,native,page_kind:digital,,False,0.0,,source_shredded;span_truncated,pure_native
INE001O01029/2025,INE001O01029,2025,35,native,page_kind:digital,0.0,True,0.0,,source_shredded;span_truncated,pure_native
INE005E01013/2024,INE005E01013,2024,29,native,page_kind:digital,,False,0.0,,source_shredded,pure_native
INE005E01013/2024,INE005E01013,2024,30,native,page_kind:digital,0.0,True,0.0,,source_shredded,pure_native
INE002B01016/2025,INE002B01016,2025,25,native,page_kind:digital,,False,0.0,,source_shredded;span_truncated,pure_native
INE002B01016/2025,INE002B01016,2025,26,native,page_kind:digital,0.0,True,0.0,,source_shredded;span_truncated,pure_native
INE002B01016/2025,INE002B01016,2025,27,native,page_kind:digital,0.0,True,0.0,,source_shredded;span_truncated,pure_native
INE002B01016/2025,INE002B01016,2025,28,native,page_kind:digital,0.0,True,0.0,,source_shredded;span_truncated,pure_native
INE002B01016/2025,INE002B01016,2025,29,native,page_kind:digital,0.0,True,0.0,,source_shredded;span_truncated,pure_native
INE002B01016/2025,INE002B01016,2025,30,native,page_kind:digital,0.0,True,0.0,,source_shredded;span_truncated,pure_native
INE002B01016/2025,INE002B01016,2025,31,native,page_kind:digital,0.0,True,0.0,,source_shredded;span_truncated,pure_native
INE002B01016/2025,INE002B01016,2025,32,native,page_kind:digital,0.0,True,0.0,,source_shredded;span_truncated,pure_native
INE002B01016/2025,INE002B01016,2025,33,native,page_kind:digital,0.0,True,0.0,,source_shredded;span_truncated,pure_native
INE002B01016/2025,INE002B01016,2025,34,native,page_kind:digital,0.0,True,0.0,,source_shredded;span_truncated,pure_native
INE001B01026/2025,INE001B01026,2025,33,native,page_kind:digital,,False,0.0044,,,pure_native
INE001B01026/2025,INE001B01026,2025,34,native,page_kind:digital,0.0556,True,0.0044,True,,pure_native
INE001B01026/2025,INE001B01026,2025,35,native,page_kind:digital,0.0,True,0.0044,,,pure_native
INE001B01026/2025,INE001B01026,2025,36,native,page_kind:digital,0.0,True,0.0044,,,pure_native
INE001B01026/2025,INE001B01026,2025,37,native,page_kind:digital,0.0,True,0.0044,,,pure_native
INE001B01026/2025,INE001B01026,2025,38,native,page_kind:digital,0.0,True,0.0044,,,pure_native
INE001B01026/2025,INE001B01026,2025,39,native,page_kind:digital,0.0,True,0.0044,,,pure_native
INE001B01026/2025,INE001B01026,2025,40,native,page_kind:digital,0.0,True,0.0044,,,pure_native
INE002E01010/2025,INE002E01010,2025,38,native,page_kind:digital,,False,0.0,,source_shredded;span_truncated,pure_native
INE002E01010/2025,INE002E01010,2025,39,native,page_kind:digital,0.0,True,0.0,,source_shredded;span_truncated,pure_native
INE002E01010/2025,INE002E01010,2025,40,native,page_kind:digital,0.0,True,0.0,,source_shredded;span_truncated,pure_native
INE002E01010/2025,INE002E01010,2025,41,native,page_kind:digital,0.0,True,0.0,,source_shredded;span_truncated,pure_native
INE002E01010/2025,INE002E01010,2025,42,native,page_kind:digital,0.0,True,0.0,,source_shredded;span_truncated,pure_native
INE002E01010/2025,INE002E01010,2025,43,native,page_kind:digital,0.0,True,0.0,,source_shredded;span_truncated,pure_native
INE002E01010/2025,INE002E01010,2025,44,native,page_kind:digital,0.0,True,0.0,,source_shredded;span_truncated,pure_native
INE002E01010/2025,INE002E01010,2025,45,native,page_kind:digital,0.0,True,0.0,,source_shredded;span_truncated,pure_native
INE002E01010/2025,INE002E01010,2025,46,native,page_kind:digital,0.0,True,0.0,,source_shredded;span_truncated,pure_native
INE002E01010/2025,INE002E01010,2025,47,native,page_kind:digital,0.0,True,0.0,,source_shredded;span_truncated,pure_native
INE002B01016/2024,INE002B01016,2024,27,native,page_kind:digital,,False,0.0,,source_shredded;span_truncated,pure_native
INE002B01016/2024,INE002B01016,2024,28,native,page_kind:digital,0.0,True,0.0,,source_shredded;span_truncated,pure_native
INE002B01016/2024,INE002B01016,2024,29,native,page_kind:digital,0.0,True,0.0,,source_shredded;span_truncated,pure_native
INE002B01016/2024,INE002B01016,2024,30,native,page_kind:digital,0.0,True,0.0,,source_shredded;span_truncated,pure_native
INE002E01010/2024,INE002E01010,2024,40,native,page_kind:digital,,False,0.0374,,source_shredded;span_truncated,pure_native
INE002E01010/2024,INE002E01010,2024,41,native,page_kind:digital,0.0,True,0.0374,,source_shredded;span_truncated,pure_native
INE002E01010/2024,INE002E01010,2024,42,native,page_kind:digital,0.0,True,0.0374,,source_shredded;span_truncated,pure_native
INE002E01010/2024,INE002E01010,2024,43,native,page_kind:digital,0.0,True,0.0374,,source_shredded;span_truncated,pure_native
INE002E01010/2024,INE002E01010,2024,44,native,page_kind:digital,0.0,True,0.0374,,source_shredded;span_truncated,pure_native
INE002E01010/2024,INE002E01010,2024,45,native,page_kind:digital,0.0,True,0.0374,,source_shredded;span_truncated,pure_native
INE002E01010/2024,INE002E01010,2024,46,native,page_kind:digital,0.0,True,0.0374,,source_shredded;span_truncated,pure_native
INE002E01010/2024,INE002E01010,2024,47,native,page_kind:digital,0.0,True,0.0374,,source_shredded;span_truncated,pure_native
INE002E01010/2024,INE002E01010,2024,48,native,page_kind:digital,0.0,True,0.0374,,source_shredded;span_truncated,pure_native
INE002E01010/2024,INE002E01010,2024,49,native,page_kind:digital,0.0,True,0.0374,,source_shredded;span_truncated,pure_native
INE002E01010/2024,INE002E01010,2024,50,native,page_kind:digital,0.0,True,0.0374,,source_shredded;span_truncated,pure_native
INE004Z01011/2025,INE004Z01011,2025,35,native,page_kind:digital,,False,0.0448,,source_shredded;span_truncated,pure_native
INE004Z01011/2025,INE004Z01011,2025,36,native,page_kind:digital,0.0,True,0.0448,,source_shredded;span_truncated,pure_native
INE004Z01011/2025,INE004Z01011,2025,37,native,page_kind:digital,0.25,True,0.0448,True,source_shredded;span_truncated,pure_native
INE004Z01011/2025,INE004Z01011,2025,38,native,page_kind:digital,0.0,True,0.0448,,source_shredded;span_truncated,pure_native
INE004Z01011/2025,INE004Z01011,2025,39,native,page_kind:digital,0.0,True,0.0448,,source_shredded;span_truncated,pure_native
INE004Z01011/2024,INE004Z01011,2024,45,native,page_kind:digital,,False,0.0435,,source_shredded;span_truncated,pure_native
INE004Z01011/2024,INE004Z01011,2024,46,native,page_kind:digital,0.0,True,0.0435,,source_shredded;span_truncated,pure_native
INE004Z01011/2024,INE004Z01011,2024,47,native,page_kind:digital,0.3,True,0.0435,True,source_shredded;span_truncated,pure_native
INE004Z01011/2024,INE004Z01011,2024,48,native,page_kind:digital,0.0,True,0.0435,,source_shredded;span_truncated,pure_native
INE004Z01011/2024,INE004Z01011,2024,49,native,page_kind:digital,0.0,True,0.0435,,source_shredded;span_truncated,pure_native
INE001O01029/2024,INE001O01029,2024,32,native,page_kind:digital,,False,0.0455,,source_shredded;span_truncated,pure_native
INE001O01029/2024,INE001O01029,2024,33,native,page_kind:digital,0.08,True,0.0455,True,source_shredded;span_truncated,pure_native
INE006I01046/2025,INE006I01046,2025,17,native,page_kind:digital,,False,0.0097,,span_truncated,pure_native
INE006I01046/2025,INE006I01046,2025,18,native,page_kind:digital,0.0,True,0.0097,,span_truncated,pure_native
INE006I01046/2025,INE006I01046,2025,19,native,page_kind:digital,0.0,True,0.0097,,span_truncated,pure_native
INE006I01046/2025,INE006I01046,2025,20,native,page_kind:digital,0.0417,True,0.0097,False,span_truncated,pure_native
INE006I01046/2025,INE006I01046,2025,21,native,page_kind:digital,0.04,True,0.0097,True,span_truncated,pure_native
INE006I01046/2025,INE006I01046,2025,22,native,page_kind:digital,0.0,True,0.0097,,span_truncated,pure_native
INE006I01046/2025,INE006I01046,2025,23,native,page_kind:digital,0.0,True,0.0097,,span_truncated,pure_native
INE006I01046/2024,INE006I01046,2024,18,native,page_kind:digital,,False,0.0117,,span_truncated,pure_native
INE006I01046/2024,INE006I01046,2024,19,native,page_kind:digital,0.087,True,0.0117,True,span_truncated,pure_native
INE006I01046/2024,INE006I01046,2024,20,native,page_kind:digital,0.0,True,0.0117,,span_truncated,pure_native
INE006I01046/2024,INE006I01046,2024,21,native,page_kind:digital,0.0323,True,0.0117,True,span_truncated,pure_native
INE006I01046/2024,INE006I01046,2024,22,native,page_kind:digital,0.0,True,0.0117,,span_truncated,pure_native
INE006I01046/2024,INE006I01046,2024,23,native,page_kind:digital,0.0,True,0.0117,,span_truncated,pure_native
INE006I01046/2024,INE006I01046,2024,24,native,page_kind:digital,0.0,True,0.0117,,span_truncated,pure_native
INE006I01046/2024,INE006I01046,2024,25,native,page_kind:digital,0.0526,True,0.0117,False,span_truncated,pure_native
INE006I01046/2024,INE006I01046,2024,26,native,page_kind:digital,0.0,True,0.0117,,span_truncated,pure_native
INE006I01046/2024,INE006I01046,2024,27,native,page_kind:digital,0.0,True,0.0117,,span_truncated,pure_native
INE006I01046/2024,INE006I01046,2024,28,native,page_kind:digital,0.0,True,0.0117,,span_truncated,pure_native
INE006I01046/2024,INE006I01046,2024,29,native,page_kind:digital,0.0,True,0.0117,,span_truncated,pure_native
INE006I01046/2024,INE006I01046,2024,30,native,page_kind:digital,0.0,True,0.0117,,span_truncated,pure_native
INE006I01046/2024,INE006I01046,2024,31,native,page_kind:digital,0.0,True,0.0117,,span_truncated,pure_native
INE006I01046/2024,INE006I01046,2024,32,native,page_kind:digital,0.0,True,0.0117,,span_truncated,pure_native
INE006I01046/2024,INE006I01046,2024,33,native,page_kind:digital,0.0417,True,0.0117,False,span_truncated,pure_native
INE002L01015/2025,INE002L01015,2025,43,native,page_kind:digital,,False,0.206,,source_shredded;span_truncated,pure_native
INE002L01015/2025,INE002L01015,2025,44,native,page_kind:digital,0.1899,True,0.206,False,source_shredded;span_truncated,pure_native
INE002L01015/2025,INE002L01015,2025,45,native,page_kind:digital,0.1769,True,0.206,False,source_shredded;span_truncated,pure_native
INE002L01015/2025,INE002L01015,2025,46,native,page_kind:digital,0.3093,True,0.206,False,source_shredded;span_truncated,pure_native
INE002L01015/2025,INE002L01015,2025,47,native,page_kind:digital,0.2577,True,0.206,True,source_shredded;span_truncated,pure_native
INE002L01015/2025,INE002L01015,2025,48,native,page_kind:digital,0.2791,True,0.206,True,source_shredded;span_truncated,pure_native
INE002L01015/2025,INE002L01015,2025,49,native,page_kind:digital,0.1739,True,0.206,True,source_shredded;span_truncated,pure_native
INE007A01025/2024,INE007A01025,2024,64,native,page_kind:digital,,False,0.0189,,year_unproven;span_truncated,pure_native
INE007A01025/2024,INE007A01025,2024,65,native,page_kind:digital,0.0,True,0.0189,,year_unproven;span_truncated,pure_native
INE007A01025/2024,INE007A01025,2024,66,native,page_kind:digital,0.0,True,0.0189,,year_unproven;span_truncated,pure_native
INE007A01025/2024,INE007A01025,2024,67,native,page_kind:digital,0.0645,True,0.0189,False,year_unproven;span_truncated,pure_native
INE007A01025/2024,INE007A01025,2024,68,native,page_kind:digital,0.0,True,0.0189,,year_unproven;span_truncated,pure_native
INE007A01025/2024,INE007A01025,2024,69,native,page_kind:digital,0.0,True,0.0189,,year_unproven;span_truncated,pure_native
INE007A01025/2024,INE007A01025,2024,70,native,page_kind:digital,0.0833,True,0.0189,False,year_unproven;span_truncated,pure_native
INE007A01025/2024,INE007A01025,2024,71,native,page_kind:digital,0.0625,True,0.0189,False,year_unproven;span_truncated,pure_native
INE007A01025/2024,INE007A01025,2024,72,native,page_kind:digital,0.0,True,0.0189,,year_unproven;span_truncated,pure_native
INE007A01025/2024,INE007A01025,2024,73,native,page_kind:digital,0.0,True,0.0189,,year_unproven;span_truncated,pure_native
INE007A01025/2024,INE007A01025,2024,74,native,page_kind:digital,0.0,True,0.0189,,year_unproven;span_truncated,pure_native
INE151A01013/2025,INE151A01013,2025,62,native,page_kind:digital,,False,0.0277,,span_truncated,pure_native
INE151A01013/2025,INE151A01013,2025,63,native,page_kind:digital,0.0,True,0.0277,,span_truncated,pure_native
INE151A01013/2025,INE151A01013,2025,64,native,page_kind:digital,0.0204,True,0.0277,,span_truncated,pure_native
INE151A01013/2025,INE151A01013,2025,65,native,page_kind:digital,0.0,True,0.0277,,span_truncated,pure_native
INE151A01013/2025,INE151A01013,2025,66,native,page_kind:digital,0.0377,True,0.0277,True,span_truncated,pure_native
INE151A01013/2025,INE151A01013,2025,67,native,page_kind:digital,0.0208,True,0.0277,,span_truncated,pure_native
INE151A01013/2025,INE151A01013,2025,68,native,page_kind:digital,0.0435,True,0.0277,True,span_truncated,pure_native
INE007A01025/2025,INE007A01025,2025,100,native,page_kind:digital,,False,0.014,,year_unproven;span_truncated,pure_native
INE007A01025/2025,INE007A01025,2025,101,native,page_kind:digital,0.0,True,0.014,,year_unproven;span_truncated,pure_native
INE007A01025/2025,INE007A01025,2025,102,native,page_kind:digital,0.0,True,0.014,,year_unproven;span_truncated,pure_native
INE007A01025/2025,INE007A01025,2025,103,native,page_kind:digital,0.08,True,0.014,False,year_unproven;span_truncated,pure_native
INE007A01025/2025,INE007A01025,2025,104,native,page_kind:digital,0.0,True,0.014,,year_unproven;span_truncated,pure_native
INE007A01025/2025,INE007A01025,2025,105,native,page_kind:digital,0.0,True,0.014,,year_unproven;span_truncated,pure_native
INE007A01025/2025,INE007A01025,2025,106,native,page_kind:digital,0.0,True,0.014,,year_unproven;span_truncated,pure_native
INE007A01025/2025,INE007A01025,2025,107,native,page_kind:digital,0.0556,True,0.014,True,year_unproven;span_truncated,pure_native
INE007A01025/2025,INE007A01025,2025,108,native,page_kind:digital,0.0,True,0.014,,year_unproven;span_truncated,pure_native
INE007A01025/2025,INE007A01025,2025,109,native,page_kind:digital,0.0,True,0.014,,year_unproven;span_truncated,pure_native
INE007A01025/2025,INE007A01025,2025,110,native,page_kind:digital,0.0,True,0.014,,year_unproven;span_truncated,pure_native
INE151A01013/2024,INE151A01013,2024,58,native,page_kind:digital,,False,0.0333,,source_shredded;span_truncated,pure_native
INE151A01013/2024,INE151A01013,2024,59,native,page_kind:digital,0.0,True,0.0333,,source_shredded;span_truncated,pure_native
INE151A01013/2024,INE151A01013,2024,60,native,page_kind:digital,0.0541,True,0.0333,True,source_shredded;span_truncated,pure_native
INE151A01013/2024,INE151A01013,2024,61,native,page_kind:digital,0.0208,True,0.0333,,source_shredded;span_truncated,pure_native
INE151A01013/2024,INE151A01013,2024,62,native,page_kind:digital,0.0,True,0.0333,,source_shredded;span_truncated,pure_native
INE151A01013/2024,INE151A01013,2024,63,native,page_kind:digital,0.0303,True,0.0333,True,source_shredded;span_truncated,pure_native
INE151A01013/2024,INE151A01013,2024,64,native,page_kind:digital,0.1071,True,0.0333,True,source_shredded;span_truncated,pure_native
INE226A01021/2024,INE226A01021,2024,129,native,page_kind:digital,,False,0.0,,span_truncated,pure_native
INE226A01021/2024,INE226A01021,2024,130,native,page_kind:digital,0.0,True,0.0,,span_truncated,pure_native
INE226A01021/2024,INE226A01021,2024,131,native,page_kind:digital,0.0,True,0.0,,span_truncated,pure_native
INE226A01021/2024,INE226A01021,2024,132,native,page_kind:digital,,False,0.0,,span_truncated,pure_native
INE226A01021/2024,INE226A01021,2024,133,native,page_kind:digital,0.0,True,0.0,,span_truncated,pure_native
INE226A01021/2024,INE226A01021,2024,134,native,page_kind:digital,0.0,True,0.0,,span_truncated,pure_native
INE226A01021/2024,INE226A01021,2024,135,native,page_kind:digital,0.0,True,0.0,,span_truncated,pure_native
INE226A01021/2024,INE226A01021,2024,136,native,page_kind:digital,0.0,True,0.0,,span_truncated,pure_native
INE171A01029/2025,INE171A01029,2025,215,native,page_kind:digital,,False,0.0051,,span_truncated,pure_native
INE171A01029/2025,INE171A01029,2025,216,native,page_kind:digital,0.0,True,0.0051,,span_truncated,pure_native
INE171A01029/2025,INE171A01029,2025,217,native,page_kind:digital,0.0833,True,0.0051,True,span_truncated,pure_native
INE171A01029/2025,INE171A01029,2025,218,native,page_kind:digital,0.0,True,0.0051,,span_truncated,pure_native
INE171A01029/2025,INE171A01029,2025,219,native,page_kind:digital,0.0,True,0.0051,,span_truncated,pure_native
INE171A01029/2025,INE171A01029,2025,220,native,page_kind:digital,0.0,True,0.0051,,span_truncated,pure_native
INE171A01029/2025,INE171A01029,2025,221,native,page_kind:digital,0.0,True,0.0051,,span_truncated,pure_native
INE171A01029/2025,INE171A01029,2025,222,native,page_kind:digital,0.0,True,0.0051,,span_truncated,pure_native
INE171A01029/2025,INE171A01029,2025,223,native,page_kind:digital,0.0,True,0.0051,,span_truncated,pure_native
INE171A01029/2025,INE171A01029,2025,224,native,page_kind:digital,0.0,True,0.0051,,span_truncated,pure_native
INE171A01029/2025,INE171A01029,2025,225,native,page_kind:digital,0.0,True,0.0051,,span_truncated,pure_native
INE171A01029/2025,INE171A01029,2025,226,native,page_kind:digital,0.0,True,0.0051,,span_truncated,pure_native
INE171A01029/2025,INE171A01029,2025,227,native,page_kind:digital,0.04,True,0.0051,False,span_truncated,pure_native
INE171A01029/2025,INE171A01029,2025,228,native,page_kind:digital,0.0,True,0.0051,,span_truncated,pure_native
INE171A01029/2025,INE171A01029,2025,229,native,page_kind:digital,0.0256,True,0.0051,,span_truncated,pure_native
INE171A01029/2025,INE171A01029,2025,230,native,page_kind:digital,0.0,True,0.0051,,span_truncated,pure_native
INE171A01029/2025,INE171A01029,2025,231,native,page_kind:digital,0.0,True,0.0051,,span_truncated,pure_native
INE171A01029/2025,INE171A01029,2025,232,native,page_kind:digital,0.0,True,0.0051,,span_truncated,pure_native
INE171A01029/2025,INE171A01029,2025,233,native,page_kind:digital,0.0,True,0.0051,,span_truncated,pure_native
INE171A01029/2025,INE171A01029,2025,234,native,page_kind:digital,0.0,True,0.0051,,span_truncated,pure_native
INE171A01029/2025,INE171A01029,2025,235,native,page_kind:digital,0.0,True,0.0051,,span_truncated,pure_native
INE171A01029/2025,INE171A01029,2025,236,native,page_kind:digital,0.0,True,0.0051,,span_truncated,pure_native
INE171A01029/2025,INE171A01029,2025,237,native,page_kind:digital,0.0,True,0.0051,,span_truncated,pure_native
INE171A01029/2025,INE171A01029,2025,238,native,page_kind:digital,0.0,True,0.0051,,span_truncated,pure_native
INE171A01029/2025,INE171A01029,2025,239,native,page_kind:digital,0.0,True,0.0051,,span_truncated,pure_native
INE171A01029/2025,INE171A01029,2025,240,native,page_kind:digital,0.0,True,0.0051,,span_truncated,pure_native
INE171A01029/2025,INE171A01029,2025,241,native,page_kind:digital,0.0,True,0.0051,,span_truncated,pure_native
INE171A01029/2024,INE171A01029,2024,101,native,page_kind:digital,,False,0.0198,,span_truncated,pure_native
INE171A01029/2024,INE171A01029,2024,102,native,page_kind:digital,0.0,True,0.0198,,span_truncated,pure_native
INE171A01029/2024,INE171A01029,2024,103,native,page_kind:digital,0.0,True,0.0198,,span_truncated,pure_native
INE171A01029/2024,INE171A01029,2024,104,native,page_kind:digital,0.0,True,0.0198,,span_truncated,pure_native
INE171A01029/2024,INE171A01029,2024,105,native,page_kind:digital,0.0,True,0.0198,,span_truncated,pure_native
INE171A01029/2024,INE171A01029,2024,106,native,page_kind:digital,0.0312,True,0.0198,True,span_truncated,pure_native
INE171A01029/2024,INE171A01029,2024,107,native,page_kind:digital,0.0625,True,0.0198,True,span_truncated,pure_native
INE171A01029/2024,INE171A01029,2024,108,native,page_kind:digital,0.037,True,0.0198,True,span_truncated,pure_native
INE171A01029/2024,INE171A01029,2024,109,native,page_kind:digital,0.0222,True,0.0198,,span_truncated,pure_native
INE171A01029/2024,INE171A01029,2024,110,native,page_kind:digital,0.0294,True,0.0198,,span_truncated,pure_native
INE171A01029/2024,INE171A01029,2024,111,native,page_kind:digital,0.0,True,0.0198,,span_truncated,pure_native
INE171A01029/2024,INE171A01029,2024,112,native,page_kind:digital,0.0435,True,0.0198,True,span_truncated,pure_native
INE171A01029/2024,INE171A01029,2024,113,native,page_kind:digital,0.0185,True,0.0198,,span_truncated,pure_native
INE171A01029/2024,INE171A01029,2024,114,native,page_kind:digital,0.0455,True,0.0198,True,span_truncated,pure_native
INE171A01029/2024,INE171A01029,2024,115,native,page_kind:digital,0.0,True,0.0198,,span_truncated,pure_native
INE171A01029/2024,INE171A01029,2024,116,native,page_kind:digital,0.0156,True,0.0198,,span_truncated,pure_native
INE226A01021/2025,INE226A01021,2025,107,native,page_kind:digital,,False,0.0146,,,pure_native
INE226A01021/2025,INE226A01021,2025,108,native,page_kind:digital,0.1,True,0.0146,False,,pure_native
INE226A01021/2025,INE226A01021,2025,109,native,page_kind:digital,0.0,True,0.0146,,,pure_native
INE226A01021/2025,INE226A01021,2025,110,native,page_kind:digital,0.0,True,0.0146,,,pure_native
INE226A01021/2025,INE226A01021,2025,111,native,page_kind:digital,0.0,True,0.0146,,,pure_native
INE226A01021/2025,INE226A01021,2025,112,native,page_kind:digital,0.125,True,0.0146,False,,pure_native
INE226A01021/2025,INE226A01021,2025,113,native,page_kind:digital,0.0,True,0.0146,,,pure_native
INE226A01021/2025,INE226A01021,2025,114,native,page_kind:digital,0.0,True,0.0146,,,pure_native
INE226A01021/2025,INE226A01021,2025,115,native,page_kind:digital,0.0208,True,0.0146,,,pure_native
INE226A01021/2025,INE226A01021,2025,116,native,page_kind:digital,0.0,True,0.0146,,,pure_native
INE226A01021/2025,INE226A01021,2025,117,native,page_kind:digital,0.0,True,0.0146,,,pure_native
INE226A01021/2025,INE226A01021,2025,118,native,page_kind:digital,0.0,True,0.0146,,,pure_native
INE226A01021/2025,INE226A01021,2025,119,native,page_kind:digital,0.0,True,0.0146,,,pure_native
INE226A01021/2025,INE226A01021,2025,120,native,page_kind:digital,0.0,True,0.0146,,,pure_native
INE226A01021/2025,INE226A01021,2025,121,native,page_kind:digital,0.0667,True,0.0146,True,,pure_native
INE226A01021/2025,INE226A01021,2025,122,native,page_kind:digital,0.0625,True,0.0146,False,,pure_native
INE226A01021/2025,INE226A01021,2025,123,native,page_kind:digital,0.0,True,0.0146,,,pure_native
INE226A01021/2025,INE226A01021,2025,124,native,page_kind:digital,0.0,True,0.0146,,,pure_native
INE226A01021/2025,INE226A01021,2025,125,native,page_kind:digital,0.0,True,0.0146,,,pure_native
INE226A01021/2025,INE226A01021,2025,126,native,page_kind:digital,0.0,True,0.0146,,,pure_native
INE226A01021/2025,INE226A01021,2025,127,native,page_kind:digital,0.0,True,0.0146,,,pure_native
INE226A01021/2025,INE226A01021,2025,128,native,page_kind:digital,0.0,True,0.0146,,,pure_native
INE226A01021/2025,INE226A01021,2025,129,native,page_kind:digital,0.0,True,0.0146,,,pure_native
INE226A01021/2025,INE226A01021,2025,130,native,page_kind:digital,0.0,True,0.0146,,,pure_native
INE226A01021/2025,INE226A01021,2025,131,native,page_kind:digital,0.0,True,0.0146,,,pure_native
INE226A01021/2025,INE226A01021,2025,132,native,page_kind:digital,0.0,True,0.0146,,,pure_native
INE226A01021/2025,INE226A01021,2025,133,native,page_kind:digital,0.0,True,0.0146,,,pure_native
INE226A01021/2025,INE226A01021,2025,134,native,page_kind:digital,0.0,True,0.0146,,,pure_native
INE226A01021/2025,INE226A01021,2025,135,native,page_kind:digital,0.0,True,0.0146,,,pure_native
INE226A01021/2025,INE226A01021,2025,136,native,page_kind:digital,0.0,True,0.0146,,,pure_native
INE226A01021/2025,INE226A01021,2025,137,native,page_kind:digital,0.0,True,0.0146,,,pure_native
INE226A01021/2025,INE226A01021,2025,138,native,page_kind:digital,0.0789,True,0.0146,False,,pure_native
INE226A01021/2025,INE226A01021,2025,139,native,page_kind:digital,0.0,True,0.0146,,,pure_native
INE761H01022/2024,INE761H01022,2024,88,native,page_kind:digital,,False,0.009,,span_truncated,pure_native
INE761H01022/2024,INE761H01022,2024,89,native,page_kind:digital,0.0,True,0.009,,span_truncated,pure_native
INE761H01022/2024,INE761H01022,2024,90,native,page_kind:digital,0.0,True,0.009,,span_truncated,pure_native
INE761H01022/2024,INE761H01022,2024,91,native,page_kind:digital,0.0,True,0.009,,span_truncated,pure_native
INE761H01022/2024,INE761H01022,2024,92,native,page_kind:digital,0.0,True,0.009,,span_truncated,pure_native
INE761H01022/2024,INE761H01022,2024,93,native,page_kind:digital,0.0,True,0.009,,span_truncated,pure_native
INE761H01022/2024,INE761H01022,2024,94,native,page_kind:digital,0.0,True,0.009,,span_truncated,pure_native
INE761H01022/2024,INE761H01022,2024,95,native,page_kind:digital,0.0,True,0.009,,span_truncated,pure_native
INE761H01022/2024,INE761H01022,2024,96,native,page_kind:digital,0.0556,True,0.009,False,span_truncated,pure_native
INE761H01022/2024,INE761H01022,2024,97,native,page_kind:digital,0.0,True,0.009,,span_truncated,pure_native
INE761H01022/2024,INE761H01022,2024,98,native,page_kind:digital,0.0128,True,0.009,,span_truncated,pure_native
INE761H01022/2024,INE761H01022,2024,99,native,page_kind:digital,0.0,True,0.009,,span_truncated,pure_native
INE761H01022/2024,INE761H01022,2024,100,native,page_kind:digital,0.0,True,0.009,,span_truncated,pure_native
INE761H01022/2024,INE761H01022,2024,101,native,page_kind:digital,0.087,True,0.009,True,span_truncated,pure_native
INE761H01022/2024,INE761H01022,2024,102,native,page_kind:digital,0.0426,True,0.009,False,span_truncated,pure_native
INE761H01022/2024,INE761H01022,2024,103,native,page_kind:digital,0.0,True,0.009,,span_truncated,pure_native
INE761H01022/2024,INE761H01022,2024,104,native,page_kind:digital,0.0,True,0.009,,span_truncated,pure_native
INE761H01022/2024,INE761H01022,2024,105,native,page_kind:digital,0.02,True,0.009,,span_truncated,pure_native
INE761H01022/2024,INE761H01022,2024,106,native,page_kind:digital,0.0,True,0.009,,span_truncated,pure_native
INE761H01022/2024,INE761H01022,2024,107,native,page_kind:digital,0.0,True,0.009,,span_truncated,pure_native
INE761H01022/2024,INE761H01022,2024,108,native,page_kind:digital,0.0278,True,0.009,,span_truncated,pure_native
INE797F01020/2024,INE797F01020,2024,39,native,page_kind:digital,,False,0.0222,,year_unproven,pure_native
INE797F01020/2024,INE797F01020,2024,40,native,page_kind:digital,0.0333,True,0.0222,True,year_unproven,pure_native
INE797F01020/2024,INE797F01020,2024,41,native,page_kind:digital,0.0182,True,0.0222,,year_unproven,pure_native
INE797F01020/2024,INE797F01020,2024,42,native,page_kind:digital,0.0484,True,0.0222,True,year_unproven,pure_native
INE797F01020/2024,INE797F01020,2024,43,native,page_kind:digital,0.0,True,0.0222,,year_unproven,pure_native
INE797F01020/2024,INE797F01020,2024,44,native,page_kind:digital,0.0233,True,0.0222,,year_unproven,pure_native
INE797F01020/2024,INE797F01020,2024,45,native,page_kind:digital,0.0312,True,0.0222,True,year_unproven,pure_native
INE797F01020/2024,INE797F01020,2024,46,native,page_kind:digital,0.0204,True,0.0222,,year_unproven,pure_native
INE797F01020/2024,INE797F01020,2024,47,native,page_kind:digital,0.0127,True,0.0222,,year_unproven,pure_native
INE797F01020/2024,INE797F01020,2024,48,native,page_kind:digital,0.0172,True,0.0222,,year_unproven,pure_native
INE002S01010/2024,INE002S01010,2024,47,native,page_kind:digital,,False,0.027,,span_truncated,pure_native
INE002S01010/2024,INE002S01010,2024,48,native,page_kind:digital,0.0862,True,0.027,True,span_truncated,pure_native
INE002S01010/2024,INE002S01010,2024,49,native,page_kind:digital,0.0,True,0.027,,span_truncated,pure_native
INE002S01010/2024,INE002S01010,2024,50,native,page_kind:digital,0.0,True,0.027,,span_truncated,pure_native
INE002S01010/2024,INE002S01010,2024,51,native,page_kind:digital,0.0303,True,0.027,True,span_truncated,pure_native
INE002S01010/2024,INE002S01010,2024,52,native,page_kind:digital,0.0286,True,0.027,,span_truncated,pure_native
INE004C01028/2024,INE004C01028,2024,60,ocr,ocr_stats:words=311,,False,0.0236,,source_shredded;span_truncated,pure_ocr
INE004C01028/2024,INE004C01028,2024,61,ocr,ocr_stats:words=480,0.0,True,0.0236,,source_shredded;span_truncated,pure_ocr
INE004C01028/2024,INE004C01028,2024,62,ocr,ocr_stats:words=247,0.0,True,0.0236,,source_shredded;span_truncated,pure_ocr
INE004C01028/2024,INE004C01028,2024,63,ocr,ocr_stats:words=103,0.0769,True,0.0236,,source_shredded;span_truncated,pure_ocr
INE004C01028/2024,INE004C01028,2024,64,ocr,ocr_stats:words=316,0.0,True,0.0236,,source_shredded;span_truncated,pure_ocr
INE004C01028/2024,INE004C01028,2024,65,ocr,ocr_stats:words=378,0.0,True,0.0236,,source_shredded;span_truncated,pure_ocr
INE004C01028/2024,INE004C01028,2024,66,ocr,ocr_stats:words=303,0.0741,True,0.0236,,source_shredded;span_truncated,pure_ocr
INE797F01020/2025,INE797F01020,2025,33,native,page_kind:digital,,False,0.0304,,source_shredded,pure_native
INE797F01020/2025,INE797F01020,2025,34,native,page_kind:digital,0.0714,True,0.0304,True,source_shredded,pure_native
INE797F01020/2025,INE797F01020,2025,35,native,page_kind:digital,0.0161,True,0.0304,,source_shredded,pure_native
INE797F01020/2025,INE797F01020,2025,36,native,page_kind:digital,0.0286,True,0.0304,,source_shredded,pure_native
INE797F01020/2025,INE797F01020,2025,37,native,page_kind:digital,0.05,True,0.0304,True,source_shredded,pure_native
INE797F01020/2025,INE797F01020,2025,38,native,page_kind:digital,0.0217,True,0.0304,,source_shredded,pure_native
INE797F01020/2025,INE797F01020,2025,39,native,page_kind:digital,0.026,True,0.0304,,source_shredded,pure_native
INE119A01028/2025,INE119A01028,2025,151,native,page_kind:digital,,False,0.0348,,source_shredded;span_truncated,pure_native
INE119A01028/2025,INE119A01028,2025,152,native,page_kind:digital,0.0303,True,0.0348,True,source_shredded;span_truncated,pure_native
INE119A01028/2025,INE119A01028,2025,153,native,page_kind:digital,0.0833,True,0.0348,False,source_shredded;span_truncated,pure_native
INE119A01028/2025,INE119A01028,2025,154,native,page_kind:digital,0.0938,True,0.0348,True,source_shredded;span_truncated,pure_native
INE119A01028/2025,INE119A01028,2025,155,native,page_kind:digital,0.0625,True,0.0348,False,source_shredded;span_truncated,pure_native
INE119A01028/2025,INE119A01028,2025,156,native,page_kind:digital,0.0,True,0.0348,,source_shredded;span_truncated,pure_native
INE119A01028/2025,INE119A01028,2025,157,native,page_kind:digital,0.0333,True,0.0348,False,source_shredded;span_truncated,pure_native
INE119A01028/2025,INE119A01028,2025,158,native,page_kind:digital,0.0556,True,0.0348,True,source_shredded;span_truncated,pure_native
INE119A01028/2025,INE119A01028,2025,159,native,page_kind:digital,0.08,True,0.0348,False,source_shredded;span_truncated,pure_native
INE119A01028/2025,INE119A01028,2025,160,native,page_kind:digital,0.0,True,0.0348,,source_shredded;span_truncated,pure_native
INE119A01028/2025,INE119A01028,2025,161,native,page_kind:digital,0.0333,True,0.0348,True,source_shredded;span_truncated,pure_native
INE119A01028/2025,INE119A01028,2025,162,native,page_kind:digital,0.0741,True,0.0348,True,source_shredded;span_truncated,pure_native
INE119A01028/2025,INE119A01028,2025,163,native,page_kind:digital,0.0,True,0.0348,,source_shredded;span_truncated,pure_native
INE119A01028/2025,INE119A01028,2025,164,native,page_kind:digital,0.0,True,0.0348,,source_shredded;span_truncated,pure_native
INE119A01028/2025,INE119A01028,2025,165,native,page_kind:digital,0.0645,True,0.0348,True,source_shredded;span_truncated,pure_native
INE119A01028/2025,INE119A01028,2025,166,native,page_kind:digital,0.0,True,0.0348,,source_shredded;span_truncated,pure_native
INE119A01028/2025,INE119A01028,2025,167,native,page_kind:digital,0.0,True,0.0348,,source_shredded;span_truncated,pure_native
INE119A01028/2025,INE119A01028,2025,168,native,page_kind:digital,0.0,True,0.0348,,source_shredded;span_truncated,pure_native
INE119A01028/2025,INE119A01028,2025,169,native,page_kind:digital,0.0952,True,0.0348,False,source_shredded;span_truncated,pure_native
INE119A01028/2025,INE119A01028,2025,170,native,page_kind:digital,0.0,True,0.0348,,source_shredded;span_truncated,pure_native
INE119A01028/2025,INE119A01028,2025,171,native,page_kind:digital,0.0,True,0.0348,,source_shredded;span_truncated,pure_native
INE002S01010/2025,INE002S01010,2025,54,native,page_kind:digital,,False,0.0344,,source_shredded;span_truncated,pure_native
INE002S01010/2025,INE002S01010,2025,55,native,page_kind:digital,0.0333,True,0.0344,True,source_shredded;span_truncated,pure_native
INE002S01010/2025,INE002S01010,2025,56,native,page_kind:digital,0.0,True,0.0344,,source_shredded;span_truncated,pure_native
INE002S01010/2025,INE002S01010,2025,57,native,page_kind:digital,0.0,True,0.0344,,source_shredded;span_truncated,pure_native
INE002S01010/2025,INE002S01010,2025,58,native,page_kind:digital,0.06,True,0.0344,True,source_shredded;span_truncated,pure_native
INE002S01010/2025,INE002S01010,2025,59,native,page_kind:digital,0.0208,True,0.0344,,source_shredded;span_truncated,pure_native
INE002S01010/2025,INE002S01010,2025,60,native,page_kind:digital,0.0,True,0.0344,,source_shredded;span_truncated,pure_native
INE002S01010/2025,INE002S01010,2025,61,native,page_kind:digital,0.0545,True,0.0344,True,source_shredded;span_truncated,pure_native
INE002S01010/2025,INE002S01010,2025,62,native,page_kind:digital,0.0484,True,0.0344,True,source_shredded;span_truncated,pure_native
INE002S01010/2025,INE002S01010,2025,63,native,page_kind:digital,0.0208,True,0.0344,,source_shredded;span_truncated,pure_native
INE002S01010/2025,INE002S01010,2025,64,native,page_kind:digital,0.0377,True,0.0344,True,source_shredded;span_truncated,pure_native
INE002S01010/2025,INE002S01010,2025,65,native,page_kind:digital,0.0,True,0.0344,,source_shredded;span_truncated,pure_native
INE002S01010/2025,INE002S01010,2025,66,native,page_kind:digital,0.0333,True,0.0344,True,source_shredded;span_truncated,pure_native
INE002S01010/2025,INE002S01010,2025,67,native,page_kind:digital,0.0227,True,0.0344,,source_shredded;span_truncated,pure_native
INE002S01010/2025,INE002S01010,2025,68,native,page_kind:digital,0.069,True,0.0344,True,source_shredded;span_truncated,pure_native
INE119A01028/2024,INE119A01028,2024,135,native,page_kind:digital,,False,0.0458,,source_shredded;span_truncated,pure_native
INE119A01028/2024,INE119A01028,2024,136,native,page_kind:digital,0.0435,True,0.0458,True,source_shredded;span_truncated,pure_native
INE119A01028/2024,INE119A01028,2024,137,native,page_kind:digital,0.0417,True,0.0458,False,source_shredded;span_truncated,pure_native
INE119A01028/2024,INE119A01028,2024,138,native,page_kind:digital,0.1667,True,0.0458,True,source_shredded;span_truncated,pure_native
INE119A01028/2024,INE119A01028,2024,139,native,page_kind:digital,0.1739,True,0.0458,True,source_shredded;span_truncated,pure_native
INE119A01028/2024,INE119A01028,2024,140,native,page_kind:digital,0.0667,True,0.0458,False,source_shredded;span_truncated,pure_native
INE119A01028/2024,INE119A01028,2024,141,native,page_kind:digital,0.0952,True,0.0458,False,source_shredded;span_truncated,pure_native
INE119A01028/2024,INE119A01028,2024,142,native,page_kind:digital,0.0294,True,0.0458,,source_shredded;span_truncated,pure_native
INE119A01028/2024,INE119A01028,2024,143,native,page_kind:digital,0.0,True,0.0458,,source_shredded;span_truncated,pure_native
INE119A01028/2024,INE119A01028,2024,144,native,page_kind:digital,0.0,True,0.0458,,source_shredded;span_truncated,pure_native
INE119A01028/2024,INE119A01028,2024,145,native,page_kind:digital,0.0,True,0.0458,,source_shredded;span_truncated,pure_native
INE119A01028/2024,INE119A01028,2024,146,native,page_kind:digital,0.0,True,0.0458,,source_shredded;span_truncated,pure_native
INE119A01028/2024,INE119A01028,2024,147,native,page_kind:digital,0.0909,True,0.0458,True,source_shredded;span_truncated,pure_native
INE119A01028/2024,INE119A01028,2024,148,native,page_kind:digital,0.0,True,0.0458,,source_shredded;span_truncated,pure_native
INE119A01028/2024,INE119A01028,2024,149,native,page_kind:digital,0.0,True,0.0458,,source_shredded;span_truncated,pure_native
INE119A01028/2024,INE119A01028,2024,150,native,page_kind:digital,0.0,True,0.0458,,source_shredded;span_truncated,pure_native
INE761H01022/2025,INE761H01022,2025,88,native,page_kind:digital,,False,0.0192,,span_truncated,pure_native
INE761H01022/2025,INE761H01022,2025,89,native,page_kind:digital,0.087,True,0.0192,True,span_truncated,pure_native
INE761H01022/2025,INE761H01022,2025,90,native,page_kind:digital,0.0,True,0.0192,,span_truncated,pure_native
INE761H01022/2025,INE761H01022,2025,91,native,page_kind:digital,0.0,True,0.0192,,span_truncated,pure_native
INE761H01022/2025,INE761H01022,2025,92,native,page_kind:digital,0.1111,True,0.0192,True,span_truncated,pure_native
INE761H01022/2025,INE761H01022,2025,93,native,page_kind:digital,0.0,True,0.0192,,span_truncated,pure_native
INE761H01022/2025,INE761H01022,2025,94,native,page_kind:digital,0.0,True,0.0192,,span_truncated,pure_native
INE761H01022/2025,INE761H01022,2025,95,native,page_kind:digital,0.0,True,0.0192,,span_truncated,pure_native
INE761H01022/2025,INE761H01022,2025,96,native,page_kind:digital,0.0,True,0.0192,,span_truncated,pure_native
INE761H01022/2025,INE761H01022,2025,97,native,page_kind:digital,0.0769,True,0.0192,True,span_truncated,pure_native
INE761H01022/2025,INE761H01022,2025,98,native,page_kind:digital,0.0,True,0.0192,,span_truncated,pure_native
INE761H01022/2025,INE761H01022,2025,99,native,page_kind:digital,0.0526,True,0.0192,True,span_truncated,pure_native
INE761H01022/2025,INE761H01022,2025,100,native,page_kind:digital,0.0392,True,0.0192,True,span_truncated,pure_native
INE761H01022/2025,INE761H01022,2025,101,native,page_kind:digital,0.027,True,0.0192,,span_truncated,pure_native
INE761H01022/2025,INE761H01022,2025,102,native,page_kind:digital,0.0,True,0.0192,,span_truncated,pure_native
INE761H01022/2025,INE761H01022,2025,103,native,page_kind:digital,0.0,True,0.0192,,span_truncated,pure_native
INE761H01022/2025,INE761H01022,2025,104,native,page_kind:digital,0.025,True,0.0192,,span_truncated,pure_native
INE761H01022/2025,INE761H01022,2025,105,native,page_kind:digital,0.0196,True,0.0192,,span_truncated,pure_native
INE761H01022/2025,INE761H01022,2025,106,native,page_kind:digital,0.0,True,0.0192,,span_truncated,pure_native
INE761H01022/2025,INE761H01022,2025,107,native,page_kind:digital,0.0217,True,0.0192,,span_truncated,pure_native
INE191H01014/2025,INE191H01014,2025,78,native,page_kind:digital,,False,0.0936,,source_shredded;span_truncated,mixed
INE191H01014/2025,INE191H01014,2025,79,native,page_kind:digital,0.0909,True,0.0936,True,source_shredded;span_truncated,mixed
INE191H01014/2025,INE191H01014,2025,80,native,page_kind:digital,0.0,True,0.0936,,source_shredded;span_truncated,mixed
INE191H01014/2025,INE191H01014,2025,81,ocr,ocr_stats:words=50,0.0,True,0.0936,,source_shredded;span_truncated,mixed
INE191H01014/2025,INE191H01014,2025,82,ocr,ocr_stats:words=16,0.0833,True,0.0936,True,source_shredded;span_truncated,mixed
INE191H01014/2025,INE191H01014,2025,83,native,page_kind:digital,0.0,True,0.0936,,source_shredded;span_truncated,mixed
INE191H01014/2025,INE191H01014,2025,84,ocr,ocr_stats:words=64,0.0,True,0.0936,,source_shredded;span_truncated,mixed
INE191H01014/2025,INE191H01014,2025,85,native,page_kind:digital,0.05,True,0.0936,True,source_shredded;span_truncated,mixed
INE191H01014/2025,INE191H01014,2025,86,native,page_kind:digital,0.125,True,0.0936,True,source_shredded;span_truncated,mixed
INE191H01014/2025,INE191H01014,2025,87,native,page_kind:digital,0.0,True,0.0936,,source_shredded;span_truncated,mixed
INE191H01014/2025,INE191H01014,2025,88,native,page_kind:digital,0.2069,True,0.0936,True,source_shredded;span_truncated,mixed
INE191H01014/2025,INE191H01014,2025,89,native,page_kind:digital,0.0909,True,0.0936,True,source_shredded;span_truncated,mixed
INE191H01014/2025,INE191H01014,2025,90,native,page_kind:digital,0.0,True,0.0936,,source_shredded;span_truncated,mixed
INE191H01014/2025,INE191H01014,2025,91,native,page_kind:digital,0.0476,True,0.0936,True,source_shredded;span_truncated,mixed
INE191H01014/2025,INE191H01014,2025,92,native,page_kind:digital,0.2632,True,0.0936,True,source_shredded;span_truncated,mixed
INE191H01014/2025,INE191H01014,2025,93,ocr,ocr_stats:words=88,0.1818,True,0.0936,True,source_shredded;span_truncated,mixed
INE191H01014/2025,INE191H01014,2025,94,native,page_kind:digital,0.1429,True,0.0936,True,source_shredded;span_truncated,mixed
INE191H01014/2025,INE191H01014,2025,95,native,page_kind:digital,0.2857,True,0.0936,True,source_shredded;span_truncated,mixed
INE191H01014/2025,INE191H01014,2025,96,native,page_kind:digital,0.2917,True,0.0936,True,source_shredded;span_truncated,mixed
INE191H01014/2025,INE191H01014,2025,97,native,page_kind:digital,0.1522,True,0.0936,True,source_shredded;span_truncated,mixed
INE191H01014/2025,INE191H01014,2025,98,native,page_kind:digital,0.2424,True,0.0936,True,source_shredded;span_truncated,mixed
INE191H01014/2025,INE191H01014,2025,99,native,page_kind:digital,0.3077,True,0.0936,True,source_shredded;span_truncated,mixed
INE191H01014/2025,INE191H01014,2025,100,native,page_kind:digital,0.125,True,0.0936,True,source_shredded;span_truncated,mixed
INE191H01014/2025,INE191H01014,2025,101,native,page_kind:digital,0.0,True,0.0936,,source_shredded;span_truncated,mixed
INE191H01014/2025,INE191H01014,2025,102,native,page_kind:digital,0.0,True,0.0936,,source_shredded;span_truncated,mixed
INE191H01014/2025,INE191H01014,2025,103,native,page_kind:digital,0.087,True,0.0936,True,source_shredded;span_truncated,mixed
INE191H01014/2025,INE191H01014,2025,104,native,page_kind:digital,0.0,True,0.0936,,source_shredded;span_truncated,mixed
INE191H01014/2025,INE191H01014,2025,105,native,page_kind:digital,0.04,True,0.0936,True,source_shredded;span_truncated,mixed
INE191H01014/2025,INE191H01014,2025,106,native,page_kind:digital,0.0,True,0.0936,,source_shredded;span_truncated,mixed
INE191H01014/2025,INE191H01014,2025,107,native,page_kind:digital,0.0,True,0.0936,,source_shredded;span_truncated,mixed
INE008A01015/2024,INE008A01015,2024,72,native,page_kind:digital,,False,0.0811,,source_shredded;span_truncated;WRONG_LANGUAGE_RISK,pure_native
INE008A01015/2024,INE008A01015,2024,73,native,page_kind:digital,0.0,True,0.0811,,source_shredded;span_truncated;WRONG_LANGUAGE_RISK,pure_native
INE008A01015/2024,INE008A01015,2024,74,native,page_kind:digital,0.0,True,0.0811,,source_shredded;span_truncated;WRONG_LANGUAGE_RISK,pure_native
INE008A01015/2024,INE008A01015,2024,75,native,page_kind:digital,0.0625,True,0.0811,False,source_shredded;span_truncated;WRONG_LANGUAGE_RISK,pure_native
INE008A01015/2024,INE008A01015,2024,76,native,page_kind:digital,0.0,True,0.0811,,source_shredded;span_truncated;WRONG_LANGUAGE_RISK,pure_native
INE008A01015/2024,INE008A01015,2024,77,native,page_kind:digital,0.0,True,0.0811,,source_shredded;span_truncated;WRONG_LANGUAGE_RISK,pure_native
INE008A01015/2024,INE008A01015,2024,78,native,page_kind:digital,0.0,True,0.0811,,source_shredded;span_truncated;WRONG_LANGUAGE_RISK,pure_native
INE008A01015/2024,INE008A01015,2024,79,native,page_kind:digital,0.0588,True,0.0811,False,source_shredded;span_truncated;WRONG_LANGUAGE_RISK,pure_native
INE008A01015/2024,INE008A01015,2024,80,native,page_kind:digital,0.0,True,0.0811,,source_shredded;span_truncated;WRONG_LANGUAGE_RISK,pure_native
INE008A01015/2024,INE008A01015,2024,81,native,page_kind:digital,0.0,True,0.0811,,source_shredded;span_truncated;WRONG_LANGUAGE_RISK,pure_native
INE008A01015/2024,INE008A01015,2024,82,native,page_kind:digital,0.0,True,0.0811,,source_shredded;span_truncated;WRONG_LANGUAGE_RISK,pure_native
INE008A01015/2024,INE008A01015,2024,83,native,page_kind:digital,0.0,True,0.0811,,source_shredded;span_truncated;WRONG_LANGUAGE_RISK,pure_native
INE008A01015/2024,INE008A01015,2024,84,native,page_kind:digital,0.0,True,0.0811,,source_shredded;span_truncated;WRONG_LANGUAGE_RISK,pure_native
INE008A01015/2024,INE008A01015,2024,85,native,page_kind:digital,0.0,True,0.0811,,source_shredded;span_truncated;WRONG_LANGUAGE_RISK,pure_native
INE008A01015/2024,INE008A01015,2024,86,native,page_kind:digital,0.0,True,0.0811,,source_shredded;span_truncated;WRONG_LANGUAGE_RISK,pure_native
INE008A01015/2024,INE008A01015,2024,87,native,page_kind:digital,0.0385,True,0.0811,False,source_shredded;span_truncated;WRONG_LANGUAGE_RISK,pure_native
INE008A01015/2024,INE008A01015,2024,88,native,page_kind:digital,0.0,True,0.0811,,source_shredded;span_truncated;WRONG_LANGUAGE_RISK,pure_native
INE008A01015/2024,INE008A01015,2024,89,native,page_kind:digital,0.0312,True,0.0811,False,source_shredded;span_truncated;WRONG_LANGUAGE_RISK,pure_native
INE008A01015/2024,INE008A01015,2024,90,native,page_kind:digital,0.0,True,0.0811,,source_shredded;span_truncated;WRONG_LANGUAGE_RISK,pure_native
INE008A01015/2024,INE008A01015,2024,91,native,page_kind:digital,0.0,True,0.0811,,source_shredded;span_truncated;WRONG_LANGUAGE_RISK,pure_native
INE008A01015/2024,INE008A01015,2024,92,native,page_kind:digital,0.0,True,0.0811,,source_shredded;span_truncated;WRONG_LANGUAGE_RISK,pure_native
INE008A01015/2024,INE008A01015,2024,93,native,page_kind:digital,0.0,True,0.0811,,source_shredded;span_truncated;WRONG_LANGUAGE_RISK,pure_native
INE008A01015/2024,INE008A01015,2024,94,native,page_kind:digital,0.0,True,0.0811,,source_shredded;span_truncated;WRONG_LANGUAGE_RISK,pure_native
INE008A01015/2024,INE008A01015,2024,95,native,page_kind:digital,0.0,True,0.0811,,source_shredded;span_truncated;WRONG_LANGUAGE_RISK,pure_native
INE008A01015/2024,INE008A01015,2024,96,native,page_kind:digital,0.0,True,0.0811,,source_shredded;span_truncated;WRONG_LANGUAGE_RISK,pure_native
INE008A01015/2024,INE008A01015,2024,97,native,page_kind:digital,0.2222,True,0.0811,True,source_shredded;span_truncated;WRONG_LANGUAGE_RISK,pure_native
INE008A01015/2024,INE008A01015,2024,98,native,page_kind:digital,0.1154,True,0.0811,True,source_shredded;span_truncated;WRONG_LANGUAGE_RISK,pure_native
INE008A01015/2024,INE008A01015,2024,99,native,page_kind:digital,0.0,True,0.0811,,source_shredded;span_truncated;WRONG_LANGUAGE_RISK,pure_native
INE008A01015/2024,INE008A01015,2024,100,native,page_kind:digital,0.0714,True,0.0811,True,source_shredded;span_truncated;WRONG_LANGUAGE_RISK,pure_native
INE008A01015/2024,INE008A01015,2024,101,native,page_kind:digital,0.0333,True,0.0811,True,source_shredded;span_truncated;WRONG_LANGUAGE_RISK,pure_native
INE008A01015/2024,INE008A01015,2024,102,native,page_kind:digital,0.0769,True,0.0811,True,source_shredded;span_truncated;WRONG_LANGUAGE_RISK,pure_native
INE008A01015/2024,INE008A01015,2024,103,native,page_kind:digital,0.0,True,0.0811,,source_shredded;span_truncated;WRONG_LANGUAGE_RISK,pure_native
INE008A01015/2024,INE008A01015,2024,104,native,page_kind:digital,0.0,True,0.0811,,source_shredded;span_truncated;WRONG_LANGUAGE_RISK,pure_native
INE008A01015/2024,INE008A01015,2024,105,native,page_kind:digital,0.0,True,0.0811,,source_shredded;span_truncated;WRONG_LANGUAGE_RISK,pure_native
INE008A01015/2024,INE008A01015,2024,106,native,page_kind:digital,0.0385,True,0.0811,True,source_shredded;span_truncated;WRONG_LANGUAGE_RISK,pure_native
INE008A01015/2024,INE008A01015,2024,107,native,page_kind:digital,0.1333,True,0.0811,True,source_shredded;span_truncated;WRONG_LANGUAGE_RISK,pure_native
INE008A01015/2024,INE008A01015,2024,108,native,page_kind:digital,0.3214,True,0.0811,True,source_shredded;span_truncated;WRONG_LANGUAGE_RISK,pure_native
INE008A01015/2024,INE008A01015,2024,109,native,page_kind:digital,0.1,True,0.0811,True,source_shredded;span_truncated;WRONG_LANGUAGE_RISK,pure_native
INE008A01015/2024,INE008A01015,2024,110,native,page_kind:digital,0.1429,True,0.0811,True,source_shredded;span_truncated;WRONG_LANGUAGE_RISK,pure_native
INE008A01015/2024,INE008A01015,2024,111,native,page_kind:digital,0.1852,True,0.0811,True,source_shredded;span_truncated;WRONG_LANGUAGE_RISK,pure_native
INE008A01015/2024,INE008A01015,2024,112,native,page_kind:digital,0.1515,True,0.0811,True,source_shredded;span_truncated;WRONG_LANGUAGE_RISK,pure_native
INE008A01015/2024,INE008A01015,2024,113,native,page_kind:digital,0.129,True,0.0811,True,source_shredded;span_truncated;WRONG_LANGUAGE_RISK,pure_native
INE008A01015/2024,INE008A01015,2024,114,native,page_kind:digital,0.0938,True,0.0811,True,source_shredded;span_truncated;WRONG_LANGUAGE_RISK,pure_native
INE008A01015/2024,INE008A01015,2024,115,native,page_kind:digital,0.1538,True,0.0811,True,source_shredded;span_truncated;WRONG_LANGUAGE_RISK,pure_native
INE008A01015/2024,INE008A01015,2024,116,native,page_kind:digital,0.1667,True,0.0811,True,source_shredded;span_truncated;WRONG_LANGUAGE_RISK,pure_native
INE008A01015/2024,INE008A01015,2024,117,native,page_kind:digital,0.1667,True,0.0811,True,source_shredded;span_truncated;WRONG_LANGUAGE_RISK,pure_native
INE008A01015/2024,INE008A01015,2024,118,native,page_kind:digital,0.1765,True,0.0811,True,source_shredded;span_truncated;WRONG_LANGUAGE_RISK,pure_native
INE008A01015/2024,INE008A01015,2024,119,native,page_kind:digital,0.1579,True,0.0811,True,source_shredded;span_truncated;WRONG_LANGUAGE_RISK,pure_native
INE008A01015/2024,INE008A01015,2024,120,native,page_kind:digital,0.0,True,0.0811,,source_shredded;span_truncated;WRONG_LANGUAGE_RISK,pure_native
INE008A01015/2024,INE008A01015,2024,121,native,page_kind:digital,0.1053,True,0.0811,True,source_shredded;span_truncated;WRONG_LANGUAGE_RISK,pure_native
INE008A01015/2024,INE008A01015,2024,122,native,page_kind:digital,0.1429,True,0.0811,True,source_shredded;span_truncated;WRONG_LANGUAGE_RISK,pure_native
INE008A01015/2024,INE008A01015,2024,123,native,page_kind:digital,0.0,True,0.0811,,source_shredded;span_truncated;WRONG_LANGUAGE_RISK,pure_native
INE008A01015/2024,INE008A01015,2024,124,native,page_kind:digital,0.0625,True,0.0811,True,source_shredded;span_truncated;WRONG_LANGUAGE_RISK,pure_native
INE008A01015/2024,INE008A01015,2024,125,native,page_kind:digital,0.0,True,0.0811,,source_shredded;span_truncated;WRONG_LANGUAGE_RISK,pure_native
INE008A01015/2024,INE008A01015,2024,126,native,page_kind:digital,0.0526,True,0.0811,True,source_shredded;span_truncated;WRONG_LANGUAGE_RISK,pure_native
INE008A01015/2024,INE008A01015,2024,127,native,page_kind:digital,0.1053,True,0.0811,True,source_shredded;span_truncated;WRONG_LANGUAGE_RISK,pure_native
INE008A01015/2024,INE008A01015,2024,128,native,page_kind:digital,0.1786,True,0.0811,True,source_shredded;span_truncated;WRONG_LANGUAGE_RISK,pure_native
INE008A01015/2024,INE008A01015,2024,129,native,page_kind:digital,0.1538,True,0.0811,True,source_shredded;span_truncated;WRONG_LANGUAGE_RISK,pure_native
INE008A01015/2024,INE008A01015,2024,130,native,page_kind:digital,0.1429,True,0.0811,True,source_shredded;span_truncated;WRONG_LANGUAGE_RISK,pure_native
INE008A01015/2024,INE008A01015,2024,131,native,page_kind:digital,0.0,True,0.0811,,source_shredded;span_truncated;WRONG_LANGUAGE_RISK,pure_native
INE008A01015/2024,INE008A01015,2024,132,native,page_kind:digital,0.1579,True,0.0811,True,source_shredded;span_truncated;WRONG_LANGUAGE_RISK,pure_native
INE008A01015/2024,INE008A01015,2024,133,native,page_kind:digital,0.0833,True,0.0811,True,source_shredded;span_truncated;WRONG_LANGUAGE_RISK,pure_native
INE008A01015/2024,INE008A01015,2024,134,native,page_kind:digital,0.2857,True,0.0811,True,source_shredded;span_truncated;WRONG_LANGUAGE_RISK,pure_native
INE008A01015/2024,INE008A01015,2024,135,native,page_kind:digital,0.0,True,0.0811,,source_shredded;span_truncated;WRONG_LANGUAGE_RISK,pure_native
INE008A01015/2024,INE008A01015,2024,136,native,page_kind:digital,0.0312,True,0.0811,True,source_shredded;span_truncated;WRONG_LANGUAGE_RISK,pure_native
INE008A01015/2024,INE008A01015,2024,137,native,page_kind:digital,0.0333,True,0.0811,True,source_shredded;span_truncated;WRONG_LANGUAGE_RISK,pure_native
INE008A01015/2024,INE008A01015,2024,138,native,page_kind:digital,0.0,True,0.0811,,source_shredded;span_truncated;WRONG_LANGUAGE_RISK,pure_native
INE008A01015/2024,INE008A01015,2024,139,native,page_kind:digital,0.0,True,0.0811,,source_shredded;span_truncated;WRONG_LANGUAGE_RISK,pure_native
INE008A01015/2024,INE008A01015,2024,140,native,page_kind:digital,0.0,True,0.0811,,source_shredded;span_truncated;WRONG_LANGUAGE_RISK,pure_native
INE008A01015/2024,INE008A01015,2024,141,native,page_kind:digital,0.0294,True,0.0811,,source_shredded;span_truncated;WRONG_LANGUAGE_RISK,pure_native
INE008A01015/2024,INE008A01015,2024,142,native,page_kind:digital,0.0,True,0.0811,,source_shredded;span_truncated;WRONG_LANGUAGE_RISK,pure_native
INE008A01015/2024,INE008A01015,2024,143,native,page_kind:digital,0.3077,True,0.0811,True,source_shredded;span_truncated;WRONG_LANGUAGE_RISK,pure_native
INE008A01015/2025,INE008A01015,2025,79,native,page_kind:digital,,False,0.0583,,source_shredded;span_truncated;WRONG_LANGUAGE_RISK,pure_native
INE008A01015/2025,INE008A01015,2025,80,native,page_kind:digital,0.0,True,0.0583,,source_shredded;span_truncated;WRONG_LANGUAGE_RISK,pure_native
INE008A01015/2025,INE008A01015,2025,81,native,page_kind:digital,0.0,True,0.0583,,source_shredded;span_truncated;WRONG_LANGUAGE_RISK,pure_native
INE008A01015/2025,INE008A01015,2025,82,native,page_kind:digital,0.0,True,0.0583,,source_shredded;span_truncated;WRONG_LANGUAGE_RISK,pure_native
INE008A01015/2025,INE008A01015,2025,83,native,page_kind:digital,0.0,True,0.0583,,source_shredded;span_truncated;WRONG_LANGUAGE_RISK,pure_native
INE008A01015/2025,INE008A01015,2025,84,native,page_kind:digital,0.0,True,0.0583,,source_shredded;span_truncated;WRONG_LANGUAGE_RISK,pure_native
INE008A01015/2025,INE008A01015,2025,85,native,page_kind:digital,0.0,True,0.0583,,source_shredded;span_truncated;WRONG_LANGUAGE_RISK,pure_native
INE008A01015/2025,INE008A01015,2025,86,native,page_kind:digital,0.0,True,0.0583,,source_shredded;span_truncated;WRONG_LANGUAGE_RISK,pure_native
INE008A01015/2025,INE008A01015,2025,87,native,page_kind:digital,0.0,True,0.0583,,source_shredded;span_truncated;WRONG_LANGUAGE_RISK,pure_native
INE008A01015/2025,INE008A01015,2025,88,native,page_kind:digital,0.0,True,0.0583,,source_shredded;span_truncated;WRONG_LANGUAGE_RISK,pure_native
INE008A01015/2025,INE008A01015,2025,89,native,page_kind:digital,0.0556,True,0.0583,False,source_shredded;span_truncated;WRONG_LANGUAGE_RISK,pure_native
INE008A01015/2025,INE008A01015,2025,90,native,page_kind:digital,0.0,True,0.0583,,source_shredded;span_truncated;WRONG_LANGUAGE_RISK,pure_native
INE008A01015/2025,INE008A01015,2025,91,native,page_kind:digital,0.0833,True,0.0583,False,source_shredded;span_truncated;WRONG_LANGUAGE_RISK,pure_native
INE008A01015/2025,INE008A01015,2025,92,native,page_kind:digital,0.0,True,0.0583,,source_shredded;span_truncated;WRONG_LANGUAGE_RISK,pure_native
INE008A01015/2025,INE008A01015,2025,93,native,page_kind:digital,0.1,True,0.0583,False,source_shredded;span_truncated;WRONG_LANGUAGE_RISK,pure_native
INE008A01015/2025,INE008A01015,2025,94,native,page_kind:digital,0.0,True,0.0583,,source_shredded;span_truncated;WRONG_LANGUAGE_RISK,pure_native
INE008A01015/2025,INE008A01015,2025,95,native,page_kind:digital,0.0,True,0.0583,,source_shredded;span_truncated;WRONG_LANGUAGE_RISK,pure_native
INE008A01015/2025,INE008A01015,2025,96,native,page_kind:digital,0.0,True,0.0583,,source_shredded;span_truncated;WRONG_LANGUAGE_RISK,pure_native
INE008A01015/2025,INE008A01015,2025,97,native,page_kind:digital,0.0,True,0.0583,,source_shredded;span_truncated;WRONG_LANGUAGE_RISK,pure_native
INE008A01015/2025,INE008A01015,2025,98,native,page_kind:digital,0.0,True,0.0583,,source_shredded;span_truncated;WRONG_LANGUAGE_RISK,pure_native
INE008A01015/2025,INE008A01015,2025,99,native,page_kind:digital,0.0345,True,0.0583,False,source_shredded;span_truncated;WRONG_LANGUAGE_RISK,pure_native
INE008A01015/2025,INE008A01015,2025,100,native,page_kind:digital,0.1724,True,0.0583,False,source_shredded;span_truncated;WRONG_LANGUAGE_RISK,pure_native
INE008A01015/2025,INE008A01015,2025,101,native,page_kind:digital,0.0625,True,0.0583,False,source_shredded;span_truncated;WRONG_LANGUAGE_RISK,pure_native
INE008A01015/2025,INE008A01015,2025,102,native,page_kind:digital,0.0,True,0.0583,,source_shredded;span_truncated;WRONG_LANGUAGE_RISK,pure_native
INE008A01015/2025,INE008A01015,2025,103,native,page_kind:digital,0.0,True,0.0583,,source_shredded;span_truncated;WRONG_LANGUAGE_RISK,pure_native
INE008A01015/2025,INE008A01015,2025,104,native,page_kind:digital,0.0,True,0.0583,,source_shredded;span_truncated;WRONG_LANGUAGE_RISK,pure_native
INE008A01015/2025,INE008A01015,2025,105,native,page_kind:digital,0.1053,True,0.0583,False,source_shredded;span_truncated;WRONG_LANGUAGE_RISK,pure_native
INE008A01015/2025,INE008A01015,2025,106,native,page_kind:digital,0.0,True,0.0583,,source_shredded;span_truncated;WRONG_LANGUAGE_RISK,pure_native
INE008A01015/2025,INE008A01015,2025,107,native,page_kind:digital,0.0,True,0.0583,,source_shredded;span_truncated;WRONG_LANGUAGE_RISK,pure_native
INE008A01015/2025,INE008A01015,2025,108,native,page_kind:digital,0.0,True,0.0583,,source_shredded;span_truncated;WRONG_LANGUAGE_RISK,pure_native
INE008A01015/2025,INE008A01015,2025,109,native,page_kind:digital,0.2692,True,0.0583,True,source_shredded;span_truncated;WRONG_LANGUAGE_RISK,pure_native
INE008A01015/2025,INE008A01015,2025,110,native,page_kind:digital,0.0435,True,0.0583,True,source_shredded;span_truncated;WRONG_LANGUAGE_RISK,pure_native
INE008A01015/2025,INE008A01015,2025,111,native,page_kind:digital,0.0,True,0.0583,,source_shredded;span_truncated;WRONG_LANGUAGE_RISK,pure_native
INE008A01015/2025,INE008A01015,2025,112,native,page_kind:digital,0.0,True,0.0583,,source_shredded;span_truncated;WRONG_LANGUAGE_RISK,pure_native
INE008A01015/2025,INE008A01015,2025,113,native,page_kind:digital,0.0882,True,0.0583,True,source_shredded;span_truncated;WRONG_LANGUAGE_RISK,pure_native
INE008A01015/2025,INE008A01015,2025,114,native,page_kind:digital,0.0,True,0.0583,,source_shredded;span_truncated;WRONG_LANGUAGE_RISK,pure_native
INE008A01015/2025,INE008A01015,2025,115,native,page_kind:digital,0.0,True,0.0583,,source_shredded;span_truncated;WRONG_LANGUAGE_RISK,pure_native
INE008A01015/2025,INE008A01015,2025,116,native,page_kind:digital,0.0,True,0.0583,,source_shredded;span_truncated;WRONG_LANGUAGE_RISK,pure_native
INE008A01015/2025,INE008A01015,2025,117,native,page_kind:digital,0.0,True,0.0583,,source_shredded;span_truncated;WRONG_LANGUAGE_RISK,pure_native
INE008A01015/2025,INE008A01015,2025,118,native,page_kind:digital,0.0,True,0.0583,,source_shredded;span_truncated;WRONG_LANGUAGE_RISK,pure_native
INE008A01015/2025,INE008A01015,2025,119,native,page_kind:digital,0.0857,True,0.0583,True,source_shredded;span_truncated;WRONG_LANGUAGE_RISK,pure_native
INE008A01015/2025,INE008A01015,2025,120,native,page_kind:digital,0.2424,True,0.0583,True,source_shredded;span_truncated;WRONG_LANGUAGE_RISK,pure_native
INE008A01015/2025,INE008A01015,2025,121,native,page_kind:digital,0.0857,True,0.0583,True,source_shredded;span_truncated;WRONG_LANGUAGE_RISK,pure_native
INE008A01015/2025,INE008A01015,2025,122,native,page_kind:digital,0.125,True,0.0583,True,source_shredded;span_truncated;WRONG_LANGUAGE_RISK,pure_native
INE008A01015/2025,INE008A01015,2025,123,native,page_kind:digital,0.1515,True,0.0583,True,source_shredded;span_truncated;WRONG_LANGUAGE_RISK,pure_native
INE008A01015/2025,INE008A01015,2025,124,native,page_kind:digital,0.0882,True,0.0583,True,source_shredded;span_truncated;WRONG_LANGUAGE_RISK,pure_native
INE008A01015/2025,INE008A01015,2025,125,native,page_kind:digital,0.0909,True,0.0583,True,source_shredded;span_truncated;WRONG_LANGUAGE_RISK,pure_native
INE008A01015/2025,INE008A01015,2025,126,native,page_kind:digital,0.1034,True,0.0583,True,source_shredded;span_truncated;WRONG_LANGUAGE_RISK,pure_native
INE008A01015/2025,INE008A01015,2025,127,native,page_kind:digital,0.1154,True,0.0583,True,source_shredded;span_truncated;WRONG_LANGUAGE_RISK,pure_native
INE008A01015/2025,INE008A01015,2025,128,native,page_kind:digital,0.125,True,0.0583,True,source_shredded;span_truncated;WRONG_LANGUAGE_RISK,pure_native
INE008A01015/2025,INE008A01015,2025,129,native,page_kind:digital,0.0909,True,0.0583,True,source_shredded;span_truncated;WRONG_LANGUAGE_RISK,pure_native
INE008A01015/2025,INE008A01015,2025,130,native,page_kind:digital,0.1481,True,0.0583,True,source_shredded;span_truncated;WRONG_LANGUAGE_RISK,pure_native
INE008A01015/2025,INE008A01015,2025,131,native,page_kind:digital,0.1304,True,0.0583,True,source_shredded;span_truncated;WRONG_LANGUAGE_RISK,pure_native
INE008A01015/2025,INE008A01015,2025,132,native,page_kind:digital,0.0,True,0.0583,,source_shredded;span_truncated;WRONG_LANGUAGE_RISK,pure_native
INE008A01015/2025,INE008A01015,2025,133,native,page_kind:digital,0.0,True,0.0583,,source_shredded;span_truncated;WRONG_LANGUAGE_RISK,pure_native
INE008A01015/2025,INE008A01015,2025,134,native,page_kind:digital,0.125,True,0.0583,True,source_shredded;span_truncated;WRONG_LANGUAGE_RISK,pure_native
INE008A01015/2025,INE008A01015,2025,135,native,page_kind:digital,0.0,True,0.0583,,source_shredded;span_truncated;WRONG_LANGUAGE_RISK,pure_native
INE008A01015/2025,INE008A01015,2025,136,native,page_kind:digital,0.0,True,0.0583,,source_shredded;span_truncated;WRONG_LANGUAGE_RISK,pure_native
INE008A01015/2025,INE008A01015,2025,137,native,page_kind:digital,0.0,True,0.0583,,source_shredded;span_truncated;WRONG_LANGUAGE_RISK,pure_native
INE008A01015/2025,INE008A01015,2025,138,native,page_kind:digital,0.0,True,0.0583,,source_shredded;span_truncated;WRONG_LANGUAGE_RISK,pure_native
INE008A01015/2025,INE008A01015,2025,139,native,page_kind:digital,0.05,True,0.0583,True,source_shredded;span_truncated;WRONG_LANGUAGE_RISK,pure_native
INE008A01015/2025,INE008A01015,2025,140,native,page_kind:digital,0.0645,True,0.0583,True,source_shredded;span_truncated;WRONG_LANGUAGE_RISK,pure_native
INE008A01015/2025,INE008A01015,2025,141,native,page_kind:digital,0.0,True,0.0583,,source_shredded;span_truncated;WRONG_LANGUAGE_RISK,pure_native
INE008A01015/2025,INE008A01015,2025,142,native,page_kind:digital,0.125,True,0.0583,True,source_shredded;span_truncated;WRONG_LANGUAGE_RISK,pure_native
INE008A01015/2025,INE008A01015,2025,143,native,page_kind:digital,0.0,True,0.0583,,source_shredded;span_truncated;WRONG_LANGUAGE_RISK,pure_native
INE008A01015/2025,INE008A01015,2025,144,native,page_kind:digital,0.2083,True,0.0583,True,source_shredded;span_truncated;WRONG_LANGUAGE_RISK,pure_native
INE008A01015/2025,INE008A01015,2025,145,native,page_kind:digital,0.125,True,0.0583,True,source_shredded;span_truncated;WRONG_LANGUAGE_RISK,pure_native
INE008A01015/2025,INE008A01015,2025,146,native,page_kind:digital,0.4167,True,0.0583,True,source_shredded;span_truncated;WRONG_LANGUAGE_RISK,pure_native
INE008A01015/2025,INE008A01015,2025,147,native,page_kind:digital,0.0,True,0.0583,,source_shredded;span_truncated;WRONG_LANGUAGE_RISK,pure_native
INE008A01015/2025,INE008A01015,2025,148,native,page_kind:digital,0.0357,True,0.0583,True,source_shredded;span_truncated;WRONG_LANGUAGE_RISK,pure_native
INE008A01015/2025,INE008A01015,2025,149,native,page_kind:digital,0.0,True,0.0583,,source_shredded;span_truncated;WRONG_LANGUAGE_RISK,pure_native
INE008A01015/2025,INE008A01015,2025,150,native,page_kind:digital,0.0,True,0.0583,,source_shredded;span_truncated;WRONG_LANGUAGE_RISK,pure_native
INE191H01014/2024,INE191H01014,2024,61,native,page_kind:digital,,False,0.0244,,span_truncated,pure_native
INE191H01014/2024,INE191H01014,2024,62,native,page_kind:digital,0.0,True,0.0244,,span_truncated,pure_native
INE191H01014/2024,INE191H01014,2024,63,native,page_kind:digital,0.0,True,0.0244,,span_truncated,pure_native
INE191H01014/2024,INE191H01014,2024,64,native,page_kind:digital,0.02,True,0.0244,,span_truncated,pure_native
INE191H01014/2024,INE191H01014,2024,65,native,page_kind:digital,0.0784,True,0.0244,True,span_truncated,pure_native
INE191H01014/2024,INE191H01014,2024,66,native,page_kind:digital,0.0,True,0.0244,,span_truncated,pure_native
INE191H01014/2024,INE191H01014,2024,67,native,page_kind:digital,0.0,True,0.0244,,span_truncated,pure_native
INE191H01014/2024,INE191H01014,2024,68,native,page_kind:digital,0.0,True,0.0244,,span_truncated,pure_native
INE191H01014/2024,INE191H01014,2024,69,native,page_kind:digital,0.0,True,0.0244,,span_truncated,pure_native
INE191H01014/2024,INE191H01014,2024,70,native,page_kind:digital,0.0476,True,0.0244,True,span_truncated,pure_native
INE191H01014/2024,INE191H01014,2024,71,native,page_kind:digital,0.1765,True,0.0244,True,span_truncated,pure_native
INE191H01014/2024,INE191H01014,2024,72,native,page_kind:digital,0.0,True,0.0244,,span_truncated,pure_native
INE191H01014/2024,INE191H01014,2024,73,native,page_kind:digital,0.0,True,0.0244,,span_truncated,pure_native
INE191H01014/2024,INE191H01014,2024,74,native,page_kind:digital,0.04,True,0.0244,True,span_truncated,pure_native
INE191H01014/2024,INE191H01014,2024,75,native,page_kind:digital,0.0938,True,0.0244,True,span_truncated,pure_native
INE191H01014/2024,INE191H01014,2024,76,native,page_kind:digital,0.0513,True,0.0244,True,span_truncated,pure_native
INE191H01014/2024,INE191H01014,2024,77,native,page_kind:digital,0.0,True,0.0244,,span_truncated,pure_native
INE482A01020/2025,INE482A01020,2025,38,native,page_kind:digital,,False,0.0159,,span_truncated,pure_native
INE482A01020/2025,INE482A01020,2025,39,native,page_kind:digital,0.0,True,0.0159,,span_truncated,pure_native
INE482A01020/2025,INE482A01020,2025,40,native,page_kind:digital,0.0286,True,0.0159,,span_truncated,pure_native
INE482A01020/2025,INE482A01020,2025,41,native,page_kind:digital,0.0377,True,0.0159,True,span_truncated,pure_native
INE482A01020/2025,INE482A01020,2025,42,native,page_kind:digital,0.0312,True,0.0159,True,span_truncated,pure_native
INE482A01020/2025,INE482A01020,2025,43,native,page_kind:digital,0.0192,True,0.0159,,span_truncated,pure_native
INE482A01020/2025,INE482A01020,2025,44,native,page_kind:digital,0.0,True,0.0159,,span_truncated,pure_native
INE482A01020/2025,INE482A01020,2025,45,native,page_kind:digital,0.0,True,0.0159,,span_truncated,pure_native
INE482A01020/2025,INE482A01020,2025,46,native,page_kind:digital,0.0,True,0.0159,,span_truncated,pure_native
INE482A01020/2025,INE482A01020,2025,47,native,page_kind:digital,0.0,True,0.0159,,span_truncated,pure_native
INE192B01031/2025,INE192B01031,2025,144,native,page_kind:digital,,False,0.0069,,span_truncated,mixed
INE192B01031/2025,INE192B01031,2025,145,native,page_kind:digital,0.0,True,0.0069,,span_truncated,mixed
INE192B01031/2025,INE192B01031,2025,146,native,page_kind:digital,0.0,True,0.0069,,span_truncated,mixed
INE192B01031/2025,INE192B01031,2025,147,native,page_kind:digital,0.0526,True,0.0069,True,span_truncated,mixed
INE192B01031/2025,INE192B01031,2025,148,native,page_kind:digital,0.0,True,0.0069,,span_truncated,mixed
INE192B01031/2025,INE192B01031,2025,149,native,page_kind:digital,0.0,True,0.0069,,span_truncated,mixed
INE192B01031/2025,INE192B01031,2025,150,native,page_kind:digital,0.0,True,0.0069,,span_truncated,mixed
INE192B01031/2025,INE192B01031,2025,151,native,page_kind:digital,0.0667,True,0.0069,True,span_truncated,mixed
INE192B01031/2025,INE192B01031,2025,152,native,page_kind:digital,0.0,True,0.0069,,span_truncated,mixed
INE192B01031/2025,INE192B01031,2025,153,ocr,ocr_stats:words=81,0.0,True,0.0069,,span_truncated,mixed
INE192B01031/2025,INE192B01031,2025,154,native,page_kind:digital,0.1429,True,0.0069,True,span_truncated,mixed
INE192B01031/2025,INE192B01031,2025,155,native,page_kind:digital,0.0,True,0.0069,,span_truncated,mixed
INE192B01031/2025,INE192B01031,2025,156,native,page_kind:digital,0.0,True,0.0069,,span_truncated,mixed
INE192B01031/2025,INE192B01031,2025,157,native,page_kind:digital,0.0,True,0.0069,,span_truncated,mixed
INE192B01031/2025,INE192B01031,2025,158,native,page_kind:digital,0.0,True,0.0069,,span_truncated,mixed
INE192B01031/2025,INE192B01031,2025,159,ocr,ocr_stats:words=52,0.1111,True,0.0069,True,span_truncated,mixed
INE192B01031/2025,INE192B01031,2025,160,native,page_kind:digital,0.0,True,0.0069,,span_truncated,mixed
INE192B01031/2025,INE192B01031,2025,161,native,page_kind:digital,0.0,True,0.0069,,span_truncated,mixed
INE192B01031/2025,INE192B01031,2025,162,native,page_kind:digital,0.0,True,0.0069,,span_truncated,mixed
INE192B01031/2025,INE192B01031,2025,163,native,page_kind:digital,0.0,True,0.0069,,span_truncated,mixed
INE192B01031/2025,INE192B01031,2025,164,native,page_kind:digital,0.0,True,0.0069,,span_truncated,mixed
INE192B01031/2025,INE192B01031,2025,165,native,page_kind:digital,0.0,True,0.0069,,span_truncated,mixed
INE192B01031/2025,INE192B01031,2025,166,native,page_kind:digital,0.0,True,0.0069,,span_truncated,mixed
INE192B01031/2025,INE192B01031,2025,167,native,page_kind:digital,0.0,True,0.0069,,span_truncated,mixed
INE192B01031/2025,INE192B01031,2025,168,native,page_kind:digital,0.0,True,0.0069,,span_truncated,mixed
INE192B01031/2025,INE192B01031,2025,169,native,page_kind:digital,0.0,True,0.0069,,span_truncated,mixed
INE192B01031/2025,INE192B01031,2025,170,native,page_kind:digital,0.0,True,0.0069,,span_truncated,mixed
INE192B01031/2025,INE192B01031,2025,171,native,page_kind:digital,0.0,True,0.0069,,span_truncated,mixed
INE192B01031/2025,INE192B01031,2025,172,native,page_kind:digital,0.0,True,0.0069,,span_truncated,mixed
INE192B01031/2025,INE192B01031,2025,173,native,page_kind:digital,0.0,True,0.0069,,span_truncated,mixed
INE192B01031/2025,INE192B01031,2025,174,native,page_kind:digital,0.0,True,0.0069,,span_truncated,mixed
INE192B01031/2025,INE192B01031,2025,175,native,page_kind:digital,0.0,True,0.0069,,span_truncated,mixed
INE192B01031/2025,INE192B01031,2025,176,native,page_kind:digital,0.0,True,0.0069,,span_truncated,mixed
INE192B01031/2025,INE192B01031,2025,177,native,page_kind:digital,0.0,True,0.0069,,span_truncated,mixed
INE192B01031/2025,INE192B01031,2025,178,native,page_kind:digital,0.0,True,0.0069,,span_truncated,mixed
INE192B01031/2025,INE192B01031,2025,179,native,page_kind:digital,0.0,True,0.0069,,span_truncated,mixed
INE192B01031/2025,INE192B01031,2025,180,native,page_kind:digital,0.0,True,0.0069,,span_truncated,mixed
INE192B01031/2025,INE192B01031,2025,181,native,page_kind:digital,0.0,True,0.0069,,span_truncated,mixed
INE00E101023/2025,INE00E101023,2025,30,native,page_kind:digital,,False,0.0047,,,pure_native
INE00E101023/2025,INE00E101023,2025,31,native,page_kind:digital,0.0476,True,0.0047,False,,pure_native
INE00E101023/2025,INE00E101023,2025,32,native,page_kind:digital,0.0,True,0.0047,,,pure_native
INE00E101023/2025,INE00E101023,2025,33,native,page_kind:digital,0.0,True,0.0047,,,pure_native
INE00E101023/2025,INE00E101023,2025,34,native,page_kind:digital,0.0,True,0.0047,,,pure_native
INE00E101023/2025,INE00E101023,2025,35,native,page_kind:digital,0.0,True,0.0047,,,pure_native
INE00E101023/2025,INE00E101023,2025,36,native,page_kind:digital,0.0,True,0.0047,,,pure_native
INE00E101023/2025,INE00E101023,2025,37,native,page_kind:digital,0.0,True,0.0047,,,pure_native
INE00E101023/2025,INE00E101023,2025,38,native,page_kind:digital,0.0,True,0.0047,,,pure_native
INE00E101023/2025,INE00E101023,2025,39,native,page_kind:digital,0.0,True,0.0047,,,pure_native
INE00E101023/2025,INE00E101023,2025,40,native,page_kind:digital,0.0,True,0.0047,,,pure_native
INE192B01031/2024,INE192B01031,2024,122,native,page_kind:digital,,False,0.0029,,span_truncated,mixed
INE192B01031/2024,INE192B01031,2024,123,native,page_kind:digital,0.0,True,0.0029,,span_truncated,mixed
INE192B01031/2024,INE192B01031,2024,124,native,page_kind:digital,0.0,True,0.0029,,span_truncated,mixed
INE192B01031/2024,INE192B01031,2024,125,native,page_kind:digital,0.0,True,0.0029,,span_truncated,mixed
INE192B01031/2024,INE192B01031,2024,126,native,page_kind:digital,0.0,True,0.0029,,span_truncated,mixed
INE192B01031/2024,INE192B01031,2024,127,ocr,ocr_stats:words=109,0.0,True,0.0029,,span_truncated,mixed
INE192B01031/2024,INE192B01031,2024,128,native,page_kind:digital,0.0,True,0.0029,,span_truncated,mixed
INE192B01031/2024,INE192B01031,2024,129,ocr,ocr_stats:words=68,0.0,True,0.0029,,span_truncated,mixed
INE192B01031/2024,INE192B01031,2024,130,native,page_kind:digital,0.1667,True,0.0029,True,span_truncated,mixed
INE192B01031/2024,INE192B01031,2024,131,native,page_kind:digital,0.0,True,0.0029,,span_truncated,mixed
INE192B01031/2024,INE192B01031,2024,132,native,page_kind:digital,0.0,True,0.0029,,span_truncated,mixed
INE192B01031/2024,INE192B01031,2024,133,native,page_kind:digital,0.0,True,0.0029,,span_truncated,mixed
INE192B01031/2024,INE192B01031,2024,134,native,page_kind:digital,0.0,True,0.0029,,span_truncated,mixed
INE192B01031/2024,INE192B01031,2024,135,native,page_kind:digital,0.0,True,0.0029,,span_truncated,mixed
INE192B01031/2024,INE192B01031,2024,136,native,page_kind:digital,0.0,True,0.0029,,span_truncated,mixed
INE192B01031/2024,INE192B01031,2024,137,native,page_kind:digital,0.0,True,0.0029,,span_truncated,mixed
INE192B01031/2024,INE192B01031,2024,138,native,page_kind:digital,0.0,True,0.0029,,span_truncated,mixed
INE192B01031/2024,INE192B01031,2024,139,native,page_kind:digital,0.0,True,0.0029,,span_truncated,mixed
INE192B01031/2024,INE192B01031,2024,140,native,page_kind:digital,0.0,True,0.0029,,span_truncated,mixed
INE192B01031/2024,INE192B01031,2024,141,native,page_kind:digital,0.0,True,0.0029,,span_truncated,mixed
INE192B01031/2024,INE192B01031,2024,142,native,page_kind:digital,0.0,True,0.0029,,span_truncated,mixed
INE192B01031/2024,INE192B01031,2024,143,native,page_kind:digital,0.0,True,0.0029,,span_truncated,mixed
INE192B01031/2024,INE192B01031,2024,144,native,page_kind:digital,0.0,True,0.0029,,span_truncated,mixed
INE192B01031/2024,INE192B01031,2024,145,native,page_kind:digital,0.0,True,0.0029,,span_truncated,mixed
INE192B01031/2024,INE192B01031,2024,146,native,page_kind:digital,0.0,True,0.0029,,span_truncated,mixed
INE192B01031/2024,INE192B01031,2024,147,native,page_kind:digital,0.0,True,0.0029,,span_truncated,mixed
INE192B01031/2024,INE192B01031,2024,148,native,page_kind:digital,0.0,True,0.0029,,span_truncated,mixed
INE192B01031/2024,INE192B01031,2024,149,native,page_kind:digital,0.0,True,0.0029,,span_truncated,mixed
INE002L01015/2024,INE002L01015,2024,39,native,page_kind:digital,,False,0.0616,,source_shredded;span_truncated,pure_native
INE002L01015/2024,INE002L01015,2024,40,native,page_kind:digital,0.5,True,0.0616,False,source_shredded;span_truncated,pure_native
INE002L01015/2024,INE002L01015,2024,41,native,page_kind:digital,0.0,True,0.0616,,source_shredded;span_truncated,pure_native
INE002L01015/2024,INE002L01015,2024,42,native,page_kind:digital,0.0,True,0.0616,,source_shredded;span_truncated,pure_native
INE002L01015/2024,INE002L01015,2024,43,native,page_kind:digital,0.0,True,0.0616,,source_shredded;span_truncated,pure_native
INE002L01015/2024,INE002L01015,2024,44,native,page_kind:digital,0.0,True,0.0616,,source_shredded;span_truncated,pure_native
INE002L01015/2024,INE002L01015,2024,45,native,page_kind:digital,0.0,True,0.0616,,source_shredded;span_truncated,pure_native
INE482A01020/2024,INE482A01020,2024,40,native,page_kind:digital,,False,0.0299,,span_truncated,pure_native
INE482A01020/2024,INE482A01020,2024,41,native,page_kind:digital,0.0,True,0.0299,,span_truncated,pure_native
INE482A01020/2024,INE482A01020,2024,42,native,page_kind:digital,0.0,True,0.0299,,span_truncated,pure_native
INE482A01020/2024,INE482A01020,2024,43,native,page_kind:digital,0.0308,True,0.0299,True,span_truncated,pure_native
INE482A01020/2024,INE482A01020,2024,44,native,page_kind:digital,0.0308,True,0.0299,True,span_truncated,pure_native
INE482A01020/2024,INE482A01020,2024,45,native,page_kind:digital,0.0541,True,0.0299,True,span_truncated,pure_native
INE482A01020/2024,INE482A01020,2024,46,native,page_kind:digital,0.1132,True,0.0299,True,span_truncated,pure_native
INE482A01020/2024,INE482A01020,2024,47,native,page_kind:digital,0.0,True,0.0299,,span_truncated,pure_native
INE00E101023/2024,INE00E101023,2024,22,native,page_kind:digital,,False,0.0095,,,pure_native
INE00E101023/2024,INE00E101023,2024,23,native,page_kind:digital,0.0625,True,0.0095,True,,pure_native
INE00E101023/2024,INE00E101023,2024,24,native,page_kind:digital,0.0,True,0.0095,,,pure_native
INE00E101023/2024,INE00E101023,2024,25,native,page_kind:digital,0.0,True,0.0095,,,pure_native
INE00E101023/2024,INE00E101023,2024,26,native,page_kind:digital,0.0,True,0.0095,,,pure_native
INE00FF01025/2024,INE00FF01025,2024,31,native,page_kind:digital,,False,0.0113,,,pure_native
INE00FF01025/2024,INE00FF01025,2024,32,native,page_kind:digital,0.0,True,0.0113,,,pure_native
INE00FF01025/2024,INE00FF01025,2024,33,native,page_kind:digital,0.0,True,0.0113,,,pure_native
INE00FF01025/2024,INE00FF01025,2024,34,native,page_kind:digital,0.0,True,0.0113,,,pure_native
INE00FF01025/2024,INE00FF01025,2024,35,native,page_kind:digital,0.0,True,0.0113,,,pure_native
INE00FF01025/2024,INE00FF01025,2024,36,native,page_kind:digital,0.0,True,0.0113,,,pure_native
INE00FF01025/2024,INE00FF01025,2024,37,native,page_kind:digital,0.0,True,0.0113,,,pure_native
INE00FF01025/2024,INE00FF01025,2024,38,native,page_kind:digital,0.0,True,0.0113,,,pure_native
INE00FF01025/2024,INE00FF01025,2024,39,native,page_kind:digital,0.0,True,0.0113,,,pure_native
INE00FF01025/2024,INE00FF01025,2024,40,native,page_kind:digital,0.0,True,0.0113,,,pure_native
INE00FF01025/2024,INE00FF01025,2024,41,native,page_kind:digital,0.0,True,0.0113,,,pure_native
INE00FF01025/2024,INE00FF01025,2024,42,native,page_kind:digital,0.0,True,0.0113,,,pure_native
INE00FF01025/2024,INE00FF01025,2024,43,native,page_kind:digital,0.1154,True,0.0113,True,,pure_native
INE00FF01025/2025,INE00FF01025,2025,45,native,page_kind:digital,,False,0.0414,,source_shredded,pure_native
INE00FF01025/2025,INE00FF01025,2025,46,native,page_kind:digital,0.0,True,0.0414,,source_shredded,pure_native
INE00FF01025/2025,INE00FF01025,2025,47,native,page_kind:digital,0.0769,True,0.0414,False,source_shredded,pure_native
INE00FF01025/2025,INE00FF01025,2025,48,native,page_kind:digital,0.0833,True,0.0414,True,source_shredded,pure_native
INE00FF01025/2025,INE00FF01025,2025,49,native,page_kind:digital,0.1,True,0.0414,True,source_shredded,pure_native
INE00FF01025/2025,INE00FF01025,2025,50,native,page_kind:digital,0.0,True,0.0414,,source_shredded,pure_native
INE00FF01025/2025,INE00FF01025,2025,51,native,page_kind:digital,0.0,True,0.0414,,source_shredded,pure_native
INE00FF01025/2025,INE00FF01025,2025,52,native,page_kind:digital,0.0,True,0.0414,,source_shredded,pure_native
INE00FF01025/2025,INE00FF01025,2025,53,native,page_kind:digital,0.1429,True,0.0414,False,source_shredded,pure_native
INE00FF01025/2025,INE00FF01025,2025,54,native,page_kind:digital,0.0,True,0.0414,,source_shredded,pure_native
INE00FF01025/2025,INE00FF01025,2025,55,native,page_kind:digital,0.037,True,0.0414,True,source_shredded,pure_native
INE00FF01025/2025,INE00FF01025,2025,56,native,page_kind:digital,0.0294,True,0.0414,,source_shredded,pure_native
INE00LO01017/2025,INE00LO01017,2025,15,native,page_kind:digital,,False,0.0212,,span_truncated,pure_native
INE00LO01017/2025,INE00LO01017,2025,16,native,page_kind:digital,0.0,True,0.0212,,span_truncated,pure_native
INE00LO01017/2025,INE00LO01017,2025,17,native,page_kind:digital,0.0,True,0.0212,,span_truncated,pure_native
INE00LO01017/2025,INE00LO01017,2025,18,native,page_kind:digital,0.1304,True,0.0212,False,span_truncated,pure_native
INE00LO01017/2025,INE00LO01017,2025,19,native,page_kind:digital,0.0,True,0.0212,,span_truncated,pure_native
INE00LO01017/2025,INE00LO01017,2025,20,native,page_kind:digital,0.0,True,0.0212,,span_truncated,pure_native
INE00LO01017/2025,INE00LO01017,2025,21,native,page_kind:digital,0.0,True,0.0212,,span_truncated,pure_native
INE00LO01017/2025,INE00LO01017,2025,22,native,page_kind:digital,0.0,True,0.0212,,span_truncated,pure_native
INE00LO01017/2025,INE00LO01017,2025,23,native,page_kind:digital,0.0217,True,0.0212,,span_truncated,pure_native
INE00LO01017/2025,INE00LO01017,2025,24,native,page_kind:digital,0.0,True,0.0212,,span_truncated,pure_native
INE00LO01017/2025,INE00LO01017,2025,25,native,page_kind:digital,0.0,True,0.0212,,span_truncated,pure_native
INE00LO01017/2025,INE00LO01017,2025,26,native,page_kind:digital,0.0,True,0.0212,,span_truncated,pure_native
INE00LO01017/2025,INE00LO01017,2025,27,native,page_kind:digital,0.0169,True,0.0212,,span_truncated,pure_native
INE00LO01017/2025,INE00LO01017,2025,28,native,page_kind:digital,0.0357,True,0.0212,True,span_truncated,pure_native
INE00LO01017/2025,INE00LO01017,2025,29,native,page_kind:digital,0.125,True,0.0212,True,span_truncated,pure_native
INE00WC01027/2025,INE00WC01027,2025,50,native,page_kind:digital,,False,0.015,,source_shredded,pure_native
INE00WC01027/2025,INE00WC01027,2025,51,native,page_kind:digital,0.0263,True,0.015,,source_shredded,pure_native
INE00WC01027/2025,INE00WC01027,2025,52,native,page_kind:digital,0.0,True,0.015,,source_shredded,pure_native
INE00WC01027/2025,INE00WC01027,2025,53,native,page_kind:digital,0.0204,True,0.015,,source_shredded,pure_native
INE00WC01027/2025,INE00WC01027,2025,54,native,page_kind:digital,0.0811,True,0.015,True,source_shredded,pure_native
INE00WC01027/2025,INE00WC01027,2025,55,native,page_kind:digital,0.0,True,0.015,,source_shredded,pure_native
INE00WC01027/2025,INE00WC01027,2025,56,native,page_kind:digital,0.0,True,0.015,,source_shredded,pure_native
INE00WC01027/2025,INE00WC01027,2025,57,native,page_kind:digital,0.0,True,0.015,,source_shredded,pure_native
INE00WC01027/2025,INE00WC01027,2025,58,native,page_kind:digital,0.0,True,0.015,,source_shredded,pure_native
INE00LO01017/2024,INE00LO01017,2024,27,native,page_kind:digital,,False,0.026,,span_truncated,pure_native
INE00LO01017/2024,INE00LO01017,2024,28,native,page_kind:digital,0.0227,True,0.026,,span_truncated,pure_native
INE00LO01017/2024,INE00LO01017,2024,29,native,page_kind:digital,0.0339,True,0.026,True,span_truncated,pure_native
INE00LO01017/2024,INE00LO01017,2024,30,native,page_kind:digital,0.0286,True,0.026,,span_truncated,pure_native
INE00LO01017/2024,INE00LO01017,2024,31,native,page_kind:digital,0.0116,True,0.026,,span_truncated,pure_native
INE00LO01017/2024,INE00LO01017,2024,32,native,page_kind:digital,0.0145,True,0.026,,span_truncated,pure_native
INE00LO01017/2024,INE00LO01017,2024,33,native,page_kind:digital,0.028,True,0.026,,span_truncated,pure_native
INE002A01018/2018,INE002A01018,2018,57,ocr,ocr_stats:words=204,,False,0.0383,,source_shredded;span_truncated,pure_ocr
INE002A01018/2018,INE002A01018,2018,58,ocr,ocr_stats:words=180,0.0,True,0.0383,,source_shredded;span_truncated,pure_ocr
INE002A01018/2018,INE002A01018,2018,59,ocr,ocr_stats:words=514,0.0385,True,0.0383,True,source_shredded;span_truncated,pure_ocr
INE002A01018/2018,INE002A01018,2018,60,ocr,ocr_stats:words=678,0.0,True,0.0383,,source_shredded;span_truncated,pure_ocr
INE002A01018/2018,INE002A01018,2018,61,ocr,ocr_stats:words=601,0.0,True,0.0383,,source_shredded;span_truncated,pure_ocr
INE002A01018/2018,INE002A01018,2018,62,ocr,ocr_stats:words=800,0.0,True,0.0383,,source_shredded;span_truncated,pure_ocr
INE002A01018/2018,INE002A01018,2018,63,ocr,ocr_stats:words=654,0.0323,True,0.0383,True,source_shredded;span_truncated,pure_ocr
INE002A01018/2018,INE002A01018,2018,64,ocr,ocr_stats:words=330,0.0,True,0.0383,,source_shredded;span_truncated,pure_ocr
INE002A01018/2018,INE002A01018,2018,65,ocr,ocr_stats:words=286,0.0606,True,0.0383,True,source_shredded;span_truncated,pure_ocr
INE002A01018/2018,INE002A01018,2018,66,ocr,ocr_stats:words=601,0.0,True,0.0383,,source_shredded;span_truncated,pure_ocr
INE002A01018/2018,INE002A01018,2018,67,ocr,ocr_stats:words=401,0.0286,True,0.0383,,source_shredded;span_truncated,pure_ocr
INE002A01018/2018,INE002A01018,2018,68,ocr,ocr_stats:words=277,0.1667,True,0.0383,True,source_shredded;span_truncated,pure_ocr
INE002A01018/2018,INE002A01018,2018,69,ocr,ocr_stats:words=466,0.037,True,0.0383,True,source_shredded;span_truncated,pure_ocr
INE002A01018/2018,INE002A01018,2018,70,ocr,ocr_stats:words=529,0.1,True,0.0383,True,source_shredded;span_truncated,pure_ocr
INE002A01018/2018,INE002A01018,2018,71,ocr,ocr_stats:words=628,0.0345,True,0.0383,True,source_shredded;span_truncated,pure_ocr
INE002A01018/2018,INE002A01018,2018,72,ocr,ocr_stats:words=606,0.0526,True,0.0383,True,source_shredded;span_truncated,pure_ocr
INE002A01018/2018,INE002A01018,2018,73,ocr,ocr_stats:words=755,0.0769,True,0.0383,True,source_shredded;span_truncated,pure_ocr
INE002A01018/2018,INE002A01018,2018,74,ocr,ocr_stats:words=297,0.0,True,0.0383,,source_shredded;span_truncated,pure_ocr
INE002A01018/2018,INE002A01018,2018,75,ocr,ocr_stats:words=332,0.0833,True,0.0383,True,source_shredded;span_truncated,pure_ocr
INE002A01018/2018,INE002A01018,2018,76,ocr,ocr_stats:words=344,0.0,True,0.0383,,source_shredded;span_truncated,pure_ocr
INE002A01018/2018,INE002A01018,2018,77,ocr,ocr_stats:words=138,0.0345,True,0.0383,True,source_shredded;span_truncated,pure_ocr
INE002A01018/2018,INE002A01018,2018,78,ocr,ocr_stats:words=186,0.0,True,0.0383,,source_shredded;span_truncated,pure_ocr
INE002A01018/2018,INE002A01018,2018,79,ocr,ocr_stats:words=481,0.0,True,0.0383,,source_shredded;span_truncated,pure_ocr
INE002A01018/2018,INE002A01018,2018,80,ocr,ocr_stats:words=578,0.0588,True,0.0383,True,source_shredded;span_truncated,pure_ocr
INE002A01018/2018,INE002A01018,2018,81,ocr,ocr_stats:words=542,0.125,True,0.0383,True,source_shredded;span_truncated,pure_ocr
INE002A01018/2018,INE002A01018,2018,82,ocr,ocr_stats:words=539,0.0,True,0.0383,,source_shredded;span_truncated,pure_ocr
INE002A01018/2018,INE002A01018,2018,83,ocr,ocr_stats:words=368,0.0526,True,0.0383,True,source_shredded;span_truncated,pure_ocr
INE002A01018/2018,INE002A01018,2018,84,ocr,ocr_stats:words=360,0.0,True,0.0383,,source_shredded;span_truncated,pure_ocr
INE002A01018/2018,INE002A01018,2018,85,ocr,ocr_stats:words=506,0.0,True,0.0383,,source_shredded;span_truncated,pure_ocr
INE002A01018/2018,INE002A01018,2018,86,ocr,ocr_stats:words=533,0.1081,True,0.0383,True,source_shredded;span_truncated,pure_ocr
INE002A01018/2018,INE002A01018,2018,87,ocr,ocr_stats:words=87,0.15,True,0.0383,True,source_shredded;span_truncated,pure_ocr
INE002A01018/2018,INE002A01018,2018,88,ocr,ocr_stats:words=463,0.25,True,0.0383,True,source_shredded;span_truncated,pure_ocr
INE002A01018/2018,INE002A01018,2018,89,ocr,ocr_stats:words=376,0.0645,True,0.0383,True,source_shredded;span_truncated,pure_ocr
INE002A01018/2018,INE002A01018,2018,90,ocr,ocr_stats:words=424,0.0,True,0.0383,,source_shredded;span_truncated,pure_ocr
INE002A01018/2018,INE002A01018,2018,91,ocr,ocr_stats:words=647,0.0,True,0.0383,,source_shredded;span_truncated,pure_ocr
INE002A01018/2018,INE002A01018,2018,92,ocr,ocr_stats:words=468,0.037,True,0.0383,True,source_shredded;span_truncated,pure_ocr
INE002A01018/2018,INE002A01018,2018,93,ocr,ocr_stats:words=439,0.0,True,0.0383,,source_shredded;span_truncated,pure_ocr
INE002A01018/2018,INE002A01018,2018,94,ocr,ocr_stats:words=440,0.0345,True,0.0383,True,source_shredded;span_truncated,pure_ocr
INE002A01018/2018,INE002A01018,2018,95,ocr,ocr_stats:words=198,0.1333,True,0.0383,True,source_shredded;span_truncated,pure_ocr
INE002A01018/2018,INE002A01018,2018,96,ocr,ocr_stats:words=167,0.0769,True,0.0383,True,source_shredded;span_truncated,pure_ocr
INE002A01018/2018,INE002A01018,2018,97,ocr,ocr_stats:words=249,0.025,True,0.0383,,source_shredded;span_truncated,pure_ocr
INE002A01018/2018,INE002A01018,2018,98,ocr,ocr_stats:words=412,0.0417,True,0.0383,True,source_shredded;span_truncated,pure_ocr
INE002A01018/2018,INE002A01018,2018,99,ocr,ocr_stats:words=205,0.1333,True,0.0383,True,source_shredded;span_truncated,pure_ocr
INE002A01018/2018,INE002A01018,2018,100,ocr,ocr_stats:words=462,0.2105,True,0.0383,True,source_shredded;span_truncated,pure_ocr
INE002A01018/2018,INE002A01018,2018,101,ocr,ocr_stats:words=415,0.04,True,0.0383,True,source_shredded;span_truncated,pure_ocr
INE002A01018/2018,INE002A01018,2018,102,ocr,ocr_stats:words=469,0.0769,True,0.0383,True,source_shredded;span_truncated,pure_ocr
INE002A01018/2018,INE002A01018,2018,103,ocr,ocr_stats:words=179,0.1786,True,0.0383,True,source_shredded;span_truncated,pure_ocr
INE002A01018/2018,INE002A01018,2018,104,ocr,ocr_stats:words=382,0.1667,True,0.0383,True,source_shredded;span_truncated,pure_ocr
INE002A01018/2018,INE002A01018,2018,105,ocr,ocr_stats:words=442,0.0,True,0.0383,,source_shredded;span_truncated,pure_ocr
INE002A01018/2018,INE002A01018,2018,106,ocr,ocr_stats:words=542,0.0,True,0.0383,,source_shredded;span_truncated,pure_ocr
INE002A01018/2018,INE002A01018,2018,107,ocr,ocr_stats:words=593,0.0,True,0.0383,,source_shredded;span_truncated,pure_ocr
INE002A01018/2018,INE002A01018,2018,108,ocr,ocr_stats:words=465,0.0,True,0.0383,,source_shredded;span_truncated,pure_ocr
INE002A01018/2018,INE002A01018,2018,109,ocr,ocr_stats:words=899,0.0,True,0.0383,,source_shredded;span_truncated,pure_ocr
INE002A01018/2018,INE002A01018,2018,110,ocr,ocr_stats:words=264,0.0,True,0.0383,,source_shredded;span_truncated,pure_ocr
INE002A01018/2018,INE002A01018,2018,111,ocr,ocr_stats:words=267,0.0,True,0.0383,,source_shredded;span_truncated,pure_ocr
INE002A01018/2018,INE002A01018,2018,112,ocr,ocr_stats:words=565,0.0,True,0.0383,,source_shredded;span_truncated,pure_ocr
INE002A01018/2018,INE002A01018,2018,113,ocr,ocr_stats:words=613,0.0286,True,0.0383,,source_shredded;span_truncated,pure_ocr
INE002A01018/2018,INE002A01018,2018,114,ocr,ocr_stats:words=467,0.0345,True,0.0383,True,source_shredded;span_truncated,pure_ocr
INE002A01018/2018,INE002A01018,2018,115,ocr,ocr_stats:words=541,0.0278,True,0.0383,,source_shredded;span_truncated,pure_ocr
INE002A01018/2018,INE002A01018,2018,116,ocr,ocr_stats:words=289,0.0286,True,0.0383,,source_shredded;span_truncated,pure_ocr
INE002A01018/2018,INE002A01018,2018,117,ocr,ocr_stats:words=225,0.0,True,0.0383,,source_shredded;span_truncated,pure_ocr
INE002A01018/2018,INE002A01018,2018,118,ocr,ocr_stats:words=459,0.0,True,0.0383,,source_shredded;span_truncated,pure_ocr
INE002A01018/2018,INE002A01018,2018,119,ocr,ocr_stats:words=330,0.0357,True,0.0383,True,source_shredded;span_truncated,pure_ocr
INE002A01018/2018,INE002A01018,2018,120,ocr,ocr_stats:words=390,0.0,True,0.0383,,source_shredded;span_truncated,pure_ocr
INE002A01018/2018,INE002A01018,2018,121,ocr,ocr_stats:words=443,0.04,True,0.0383,True,source_shredded;span_truncated,pure_ocr
INE002A01018/2018,INE002A01018,2018,122,ocr,ocr_stats:words=731,0.0714,True,0.0383,True,source_shredded;span_truncated,pure_ocr
INE002A01018/2018,INE002A01018,2018,123,ocr,ocr_stats:words=567,0.0,True,0.0383,,source_shredded;span_truncated,pure_ocr
INE002A01018/2018,INE002A01018,2018,124,ocr,ocr_stats:words=469,0.037,True,0.0383,True,source_shredded;span_truncated,pure_ocr
INE002A01018/2018,INE002A01018,2018,125,ocr,ocr_stats:words=153,0.0189,True,0.0383,,source_shredded;span_truncated,pure_ocr
INE002A01018/2018,INE002A01018,2018,126,ocr,ocr_stats:words=303,0.0625,True,0.0383,True,source_shredded;span_truncated,pure_ocr
INE002A01018/2018,INE002A01018,2018,127,ocr,ocr_stats:words=237,0.0,True,0.0383,,source_shredded;span_truncated,pure_ocr
INE002A01018/2018,INE002A01018,2018,128,ocr,ocr_stats:words=203,0.0,True,0.0383,,source_shredded;span_truncated,pure_ocr
INE00WC01027/2024,INE00WC01027,2024,44,native,page_kind:digital,,False,0.0033,,source_shredded,pure_native
INE00WC01027/2024,INE00WC01027,2024,45,native,page_kind:digital,0.0,True,0.0033,,source_shredded,pure_native
INE00WC01027/2024,INE00WC01027,2024,46,native,page_kind:digital,0.0,True,0.0033,,source_shredded,pure_native
INE00WC01027/2024,INE00WC01027,2024,47,native,page_kind:digital,0.0,True,0.0033,,source_shredded,pure_native
INE00WC01027/2024,INE00WC01027,2024,48,native,page_kind:digital,0.0,True,0.0033,,source_shredded,pure_native
INE00WC01027/2024,INE00WC01027,2024,49,native,page_kind:digital,0.0,True,0.0033,,source_shredded,pure_native
INE00WC01027/2024,INE00WC01027,2024,50,native,page_kind:digital,0.0,True,0.0033,,source_shredded,pure_native
INE00WC01027/2024,INE00WC01027,2024,51,native,page_kind:digital,0.0,True,0.0033,,source_shredded,pure_native
INE00WC01027/2024,INE00WC01027,2024,52,native,page_kind:digital,0.0,True,0.0033,,source_shredded,pure_native
