observation_id,company_id,company_name,FY,expected,discovered,downloaded,identity_verified,mda_located,accepted,first_failed_stage,first_failed_reason_code,secondary_reason_codes,authoritative_artifact_id,authoritative_artifact_sha256,discovery_source_ids,discovery_source_types,era,cap_band,exchange,universe_rule_version,era_definition_version,cap_band_definition_version,exchange_definition_version,data_cutoff_timestamp,terminal_state
INE002A01018::FY2010,INE002A01018,Reliance Industries Limited,2010,True,True,False,False,False,False,DOWNLOAD,REASON_CODE_MISSING,,,,ee4e209f1f|fbc9e6dc63,bse|nse,E1_pre2013_FY2010-2012,large,both,"pm5-v1: cohort_companies.csv (36 firms, ...",pm5-v1,pm5-v1,pm5-v1,2026-09-17T10:25:19Z,FIRST_FAILURE_AT_DOWNLOAD
INE002A01018::FY2011,INE002A01018,Reliance Industries Limited,2011,True,True,False,False,False,False,DOWNLOAD,REASON_CODE_MISSING,,,,966e5dc3e7|e338382bf3,bse|nse,E1_pre2013_FY2010-2012,large,both,"pm5-v1: cohort_companies.csv (36 firms, ...",pm5-v1,pm5-v1,pm5-v1,2026-09-17T10:25:19Z,FIRST_FAILURE_AT_DOWNLOAD
INE002A01018::FY2012,INE002A01018,Reliance Industries Limited,2012,True,True,True,True,True,True,,,,7d5e6932d247fc16e41791ecbd03fc25403955c65b4b649536e09a46d50e795a,7d5e6932d247fc16e41791ecbd03fc25403955c65b4b649536e09a46d50e795a,2d202a0fdf|356e3b4a0d,bse|nse,E1_pre2013_FY2010-2012,large,both,"pm5-v1: cohort_companies.csv (36 firms, ...",pm5-v1,pm5-v1,pm5-v1,2026-09-17T10:25:19Z,ACCEPTED
INE002A01018::FY2013,INE002A01018,Reliance Industries Limited,2013,True,True,True,True,True,True,,,,39f0bf74cb5ae371b4d4613b016c854bb19b63ff7f4fb44084f4ecd9fbf23cdd,39f0bf74cb5ae371b4d4613b016c854bb19b63ff7f4fb44084f4ecd9fbf23cdd,39aedaf233|cc2c9a16d8|da0c1dfea3,bse|nse|screener,E2_BRreport_FY2013-2014,large,both,"pm5-v1: cohort_companies.csv (36 firms, ...",pm5-v1,pm5-v1,pm5-v1,2026-09-17T10:25:19Z,ACCEPTED
INE002A01018::FY2014,INE002A01018,Reliance Industries Limited,2014,True,True,False,False,False,False,DOWNLOAD,REASON_CODE_MISSING,,,,234b7be283|d4e595b46c,bse|nse|screener,E2_BRreport_FY2013-2014,large,both,"pm5-v1: cohort_companies.csv (36 firms, ...",pm5-v1,pm5-v1,pm5-v1,2026-09-17T10:25:19Z,FIRST_FAILURE_AT_DOWNLOAD
INE002A01018::FY2015,INE002A01018,Reliance Industries Limited,2015,True,True,False,False,False,False,DOWNLOAD,REASON_CODE_MISSING,,,,0aecf7b5ae|283f11a2a0,bse|nse|screener,E3_CompaniesAct2013_FY2015,large,both,"pm5-v1: cohort_companies.csv (36 firms, ...",pm5-v1,pm5-v1,pm5-v1,2026-09-17T10:25:19Z,FIRST_FAILURE_AT_DOWNLOAD
INE002A01018::FY2016,INE002A01018,Reliance Industries Limited,2016,True,True,False,False,False,False,DOWNLOAD,REASON_CODE_MISSING,,,,9b4e6d113c|ca2afaa8a8,bse|nse|screener,E4_IndAS_FY2016-2019,large,both,"pm5-v1: cohort_companies.csv (36 firms, ...",pm5-v1,pm5-v1,pm5-v1,2026-09-17T10:25:19Z,FIRST_FAILURE_AT_DOWNLOAD
INE002A01018::FY2017,INE002A01018,Reliance Industries Limited,2017,True,True,True,True,True,True,,,,a92ec874a698232e567b718ac71f406995a2ea89b7ad39d14810efc75b4d7248,a92ec874a698232e567b718ac71f406995a2ea89b7ad39d14810efc75b4d7248,084de03ae8|cb82a98420,bse|nse|screener,E4_IndAS_FY2016-2019,large,both,"pm5-v1: cohort_companies.csv (36 firms, ...",pm5-v1,pm5-v1,pm5-v1,2026-09-17T10:25:19Z,ACCEPTED
INE002A01018::FY2018,INE002A01018,Reliance Industries Limited,2018,True,True,True,True,True,False,ACCEPTANCE,source_shredded,span_truncated,3c12799b657541213f47910b4326952652cdc6ee53ec593e8a959f933e2ae0f3,3c12799b657541213f47910b4326952652cdc6ee53ec593e8a959f933e2ae0f3,939101af57|97e710050f,bse|nse|screener,E4_IndAS_FY2016-2019,large,both,"pm5-v1: cohort_companies.csv (36 firms, ...",pm5-v1,pm5-v1,pm5-v1,2026-09-17T10:25:19Z,FIRST_FAILURE_AT_ACCEPTANCE
INE002A01018::FY2019,INE002A01018,Reliance Industries Limited,2019,True,True,False,False,False,False,DOWNLOAD,REASON_CODE_MISSING,,,,3bd4268f31|ecb09a73bb,bse|nse|screener,E4_IndAS_FY2016-2019,large,both,"pm5-v1: cohort_companies.csv (36 firms, ...",pm5-v1,pm5-v1,pm5-v1,2026-09-17T10:25:19Z,FIRST_FAILURE_AT_DOWNLOAD
INE002A01018::FY2020,INE002A01018,Reliance Industries Limited,2020,True,True,False,False,False,False,DOWNLOAD,REASON_CODE_MISSING,,,,69229ac894|f20e03e99f,bse|nse|screener,E5_MandatedRatios_FY2020-2022,large,both,"pm5-v1: cohort_companies.csv (36 firms, ...",pm5-v1,pm5-v1,pm5-v1,2026-09-17T10:25:19Z,FIRST_FAILURE_AT_DOWNLOAD
INE002A01018::FY2021,INE002A01018,Reliance Industries Limited,2021,True,True,False,False,False,False,DOWNLOAD,REASON_CODE_MISSING,,,,386118e051|62d1965d57,bse|nse|screener,E5_MandatedRatios_FY2020-2022,large,both,"pm5-v1: cohort_companies.csv (36 firms, ...",pm5-v1,pm5-v1,pm5-v1,2026-09-17T10:25:19Z,FIRST_FAILURE_AT_DOWNLOAD
INE002A01018::FY2022,INE002A01018,Reliance Industries Limited,2022,True,True,False,False,False,False,DOWNLOAD,REASON_CODE_MISSING,,,,3015ba695a|a3a92ea13a,bse|nse|screener,E5_MandatedRatios_FY2020-2022,large,both,"pm5-v1: cohort_companies.csv (36 firms, ...",pm5-v1,pm5-v1,pm5-v1,2026-09-17T10:25:19Z,FIRST_FAILURE_AT_DOWNLOAD
INE002A01018::FY2023,INE002A01018,Reliance Industries Limited,2023,True,True,False,False,False,False,DOWNLOAD,REASON_CODE_MISSING,,,,0669e68cd5|2f14068099|e6afd8d46c,bse|nse|screener,E6_BRSR_FY2023-2025,large,both,"pm5-v1: cohort_companies.csv (36 firms, ...",pm5-v1,pm5-v1,pm5-v1,2026-09-17T10:25:19Z,FIRST_FAILURE_AT_DOWNLOAD
INE002A01018::FY2024,INE002A01018,Reliance Industries Limited,2024,True,True,True,True,True,True,,,,4d7d6038b4d6957981fb422bc501ea893765c24611ea1fa8a5d3cd9425541eae,4d7d6038b4d6957981fb422bc501ea893765c24611ea1fa8a5d3cd9425541eae,2d66df6090|c1724820d7,bse|nse|screener,E6_BRSR_FY2023-2025,large,both,"pm5-v1: cohort_companies.csv (36 firms, ...",pm5-v1,pm5-v1,pm5-v1,2026-09-17T10:25:19Z,ACCEPTED
INE002A01018::FY2025,INE002A01018,Reliance Industries Limited,2025,True,True,True,True,True,True,,,,c46ac824ba00bc39d70f66fcaece42dc1af4e32dd91c2a9038fc443618ec2908,c46ac824ba00bc39d70f66fcaece42dc1af4e32dd91c2a9038fc443618ec2908,b30427d964|d834f0ccb9,bse|nse|screener,E6_BRSR_FY2023-2025,large,both,"pm5-v1: cohort_companies.csv (36 firms, ...",pm5-v1,pm5-v1,pm5-v1,2026-09-17T10:25:19Z,ACCEPTED
INE009A01021::FY2010,INE009A01021,Infosys Limited,2010,True,True,False,False,False,False,DOWNLOAD,REASON_CODE_MISSING,,,,1ab86fc127|90058fcc00,bse|nse,E1_pre2013_FY2010-2012,large,both,"pm5-v1: cohort_companies.csv (36 firms, ...",pm5-v1,pm5-v1,pm5-v1,2026-09-17T10:25:19Z,FIRST_FAILURE_AT_DOWNLOAD
INE009A01021::FY2011,INE009A01021,Infosys Limited,2011,True,True,False,False,False,False,DOWNLOAD,REASON_CODE_MISSING,,,,a3236c850a,bse,E1_pre2013_FY2010-2012,large,both,"pm5-v1: cohort_companies.csv (36 firms, ...",pm5-v1,pm5-v1,pm5-v1,2026-09-17T10:25:19Z,FIRST_FAILURE_AT_DOWNLOAD
INE009A01021::FY2012,INE009A01021,Infosys Limited,2012,True,True,True,True,True,True,,,,7b7beda2e37b28d73a39a4250118c8ab04894fd7440a6abb6de203aede9eb576,7b7beda2e37b28d73a39a4250118c8ab04894fd7440a6abb6de203aede9eb576,1f72a44efa|b631807b9e,bse|nse,E1_pre2013_FY2010-2012,large,both,"pm5-v1: cohort_companies.csv (36 firms, ...",pm5-v1,pm5-v1,pm5-v1,2026-09-17T10:25:19Z,ACCEPTED
INE009A01021::FY2013,INE009A01021,Infosys Limited,2013,True,True,True,True,True,True,,,,a6253e70f855ebedb03d9c5745f15b371c107a270fb9d1bff9952eb22fc15178,a6253e70f855ebedb03d9c5745f15b371c107a270fb9d1bff9952eb22fc15178,521beac378|bfd2f11f02,bse|nse|screener,E2_BRreport_FY2013-2014,large,both,"pm5-v1: cohort_companies.csv (36 firms, ...",pm5-v1,pm5-v1,pm5-v1,2026-09-17T10:25:19Z,ACCEPTED
INE009A01021::FY2014,INE009A01021,Infosys Limited,2014,True,True,False,False,False,False,DOWNLOAD,REASON_CODE_MISSING,,,,0ba8c9b185|481700d5b4,bse|nse|screener,E2_BRreport_FY2013-2014,large,both,"pm5-v1: cohort_companies.csv (36 firms, ...",pm5-v1,pm5-v1,pm5-v1,2026-09-17T10:25:19Z,FIRST_FAILURE_AT_DOWNLOAD
INE009A01021::FY2015,INE009A01021,Infosys Limited,2015,True,True,False,False,False,False,DOWNLOAD,REASON_CODE_MISSING,,,,5a35f627b4|653eeac120,bse|nse|screener,E3_CompaniesAct2013_FY2015,large,both,"pm5-v1: cohort_companies.csv (36 firms, ...",pm5-v1,pm5-v1,pm5-v1,2026-09-17T10:25:19Z,FIRST_FAILURE_AT_DOWNLOAD
INE009A01021::FY2016,INE009A01021,Infosys Limited,2016,True,True,False,False,False,False,DOWNLOAD,REASON_CODE_MISSING,,,,cbba7fc795|dd20a32cb8,bse|nse|screener,E4_IndAS_FY2016-2019,large,both,"pm5-v1: cohort_companies.csv (36 firms, ...",pm5-v1,pm5-v1,pm5-v1,2026-09-17T10:25:19Z,FIRST_FAILURE_AT_DOWNLOAD
INE009A01021::FY2017,INE009A01021,Infosys Limited,2017,True,True,True,True,True,True,,,,5378aa22c774a2be796fbf6490844f0fc1fd31632d5b149897894614cc6dfbf7,5378aa22c774a2be796fbf6490844f0fc1fd31632d5b149897894614cc6dfbf7,2744f94a82|89e817d73a,bse|nse|screener,E4_IndAS_FY2016-2019,large,both,"pm5-v1: cohort_companies.csv (36 firms, ...",pm5-v1,pm5-v1,pm5-v1,2026-09-17T10:25:19Z,ACCEPTED
INE009A01021::FY2018,INE009A01021,Infosys Limited,2018,True,True,True,True,True,False,ACCEPTANCE,source_shredded,span_truncated,e7c871f5fd43287bbaa1627774e509472ae44372075a6179135a8fd80dd487d7,e7c871f5fd43287bbaa1627774e509472ae44372075a6179135a8fd80dd487d7,73a06c8dde|bbf04b7717,bse|nse|screener,E4_IndAS_FY2016-2019,large,both,"pm5-v1: cohort_companies.csv (36 firms, ...",pm5-v1,pm5-v1,pm5-v1,2026-09-17T10:25:19Z,FIRST_FAILURE_AT_ACCEPTANCE
INE009A01021::FY2019,INE009A01021,Infosys Limited,2019,True,True,False,False,False,False,DOWNLOAD,REASON_CODE_MISSING,,,,a7733d7bdd|e3fdd24d2c,bse|nse|screener,E4_IndAS_FY2016-2019,large,both,"pm5-v1: cohort_companies.csv (36 firms, ...",pm5-v1,pm5-v1,pm5-v1,2026-09-17T10:25:19Z,FIRST_FAILURE_AT_DOWNLOAD
INE009A01021::FY2020,INE009A01021,Infosys Limited,2020,True,True,False,False,False,False,DOWNLOAD,REASON_CODE_MISSING,,,,e332e65a43|e42c70db88,bse|nse|screener,E5_MandatedRatios_FY2020-2022,large,both,"pm5-v1: cohort_companies.csv (36 firms, ...",pm5-v1,pm5-v1,pm5-v1,2026-09-17T10:25:19Z,FIRST_FAILURE_AT_DOWNLOAD
INE009A01021::FY2021,INE009A01021,Infosys Limited,2021,True,True,False,False,False,False,DOWNLOAD,REASON_CODE_MISSING,,,,06d3260caa|806fa6d447,bse|nse|screener,E5_MandatedRatios_FY2020-2022,large,both,"pm5-v1: cohort_companies.csv (36 firms, ...",pm5-v1,pm5-v1,pm5-v1,2026-09-17T10:25:19Z,FIRST_FAILURE_AT_DOWNLOAD
INE009A01021::FY2022,INE009A01021,Infosys Limited,2022,True,True,False,False,False,False,DOWNLOAD,REASON_CODE_MISSING,,,,c821df25fd|ea0e722eb4,bse|nse|screener,E5_MandatedRatios_FY2020-2022,large,both,"pm5-v1: cohort_companies.csv (36 firms, ...",pm5-v1,pm5-v1,pm5-v1,2026-09-17T10:25:19Z,FIRST_FAILURE_AT_DOWNLOAD
INE009A01021::FY2023,INE009A01021,Infosys Limited,2023,True,True,False,False,False,False,DOWNLOAD,REASON_CODE_MISSING,,,,5f568b1a16|c734075094|e8c530d3dc,bse|nse|screener,E6_BRSR_FY2023-2025,large,both,"pm5-v1: cohort_companies.csv (36 firms, ...",pm5-v1,pm5-v1,pm5-v1,2026-09-17T10:25:19Z,FIRST_FAILURE_AT_DOWNLOAD
INE009A01021::FY2024,INE009A01021,Infosys Limited,2024,True,True,True,True,True,True,,,,b0a9bb9e802aff5f09733b8c78c88e9878732ac46e0fb29754c6da87ad47326a,b0a9bb9e802aff5f09733b8c78c88e9878732ac46e0fb29754c6da87ad47326a,53fc1a4dd4|cdfcae1752,bse|nse|screener,E6_BRSR_FY2023-2025,large,both,"pm5-v1: cohort_companies.csv (36 firms, ...",pm5-v1,pm5-v1,pm5-v1,2026-09-17T10:25:19Z,ACCEPTED
INE009A01021::FY2025,INE009A01021,Infosys Limited,2025,True,True,True,True,True,True,,,,6224d11244d3f44f7e95901428a8ff23164f383cd1960e02a47483c48612a3c5,6224d11244d3f44f7e95901428a8ff23164f383cd1960e02a47483c48612a3c5,262d3953d3|3d774d04ec,bse|nse|screener,E6_BRSR_FY2023-2025,large,both,"pm5-v1: cohort_companies.csv (36 firms, ...",pm5-v1,pm5-v1,pm5-v1,2026-09-17T10:25:19Z,ACCEPTED
INE040A01034::FY2010,INE040A01034,HDFC Bank Limited,2010,True,True,False,False,False,False,DOWNLOAD,REASON_CODE_MISSING,,,,b1d41a6de2|dd6c2a67d0,bse|nse,E1_pre2013_FY2010-2012,large,both,"pm5-v1: cohort_companies.csv (36 firms, ...",pm5-v1,pm5-v1,pm5-v1,2026-09-17T10:25:19Z,FIRST_FAILURE_AT_DOWNLOAD
INE040A01034::FY2011,INE040A01034,HDFC Bank Limited,2011,True,True,False,False,False,False,DOWNLOAD,REASON_CODE_MISSING,,,,bea6bb0660|d70eb28703,bse|nse,E1_pre2013_FY2010-2012,large,both,"pm5-v1: cohort_companies.csv (36 firms, ...",pm5-v1,pm5-v1,pm5-v1,2026-09-17T10:25:19Z,FIRST_FAILURE_AT_DOWNLOAD
INE040A01034::FY2012,INE040A01034,HDFC Bank Limited,2012,True,True,True,True,True,True,,,,54115ccf3bf53dec4626c618a136125eeee2815941427982d677cae7b89baf23,54115ccf3bf53dec4626c618a136125eeee2815941427982d677cae7b89baf23,514abb11e3|b2aa137047,bse|nse,E1_pre2013_FY2010-2012,large,both,"pm5-v1: cohort_companies.csv (36 firms, ...",pm5-v1,pm5-v1,pm5-v1,2026-09-17T10:25:19Z,ACCEPTED
INE040A01034::FY2013,INE040A01034,HDFC Bank Limited,2013,True,True,True,True,True,True,,,,fc8290a6faf39e34385fd09d52462e08b0b554162d5b78ca730551a52c6cacc6,fc8290a6faf39e34385fd09d52462e08b0b554162d5b78ca730551a52c6cacc6,1b54683429|ef77469de8,bse|nse,E2_BRreport_FY2013-2014,large,both,"pm5-v1: cohort_companies.csv (36 firms, ...",pm5-v1,pm5-v1,pm5-v1,2026-09-17T10:25:19Z,ACCEPTED
INE040A01034::FY2014,INE040A01034,HDFC Bank Limited,2014,True,True,False,False,False,False,DOWNLOAD,REASON_CODE_MISSING,,,,76a98e47c0|9dfb47cb0b,bse|nse,E2_BRreport_FY2013-2014,large,both,"pm5-v1: cohort_companies.csv (36 firms, ...",pm5-v1,pm5-v1,pm5-v1,2026-09-17T10:25:19Z,FIRST_FAILURE_AT_DOWNLOAD
INE040A01034::FY2015,INE040A01034,HDFC Bank Limited,2015,True,True,False,False,False,False,DOWNLOAD,REASON_CODE_MISSING,,,,10a7776286|ecf8e68794,bse|nse,E3_CompaniesAct2013_FY2015,large,both,"pm5-v1: cohort_companies.csv (36 firms, ...",pm5-v1,pm5-v1,pm5-v1,2026-09-17T10:25:19Z,FIRST_FAILURE_AT_DOWNLOAD
INE040A01034::FY2016,INE040A01034,HDFC Bank Limited,2016,True,True,False,False,False,False,DOWNLOAD,REASON_CODE_MISSING,,,,cfbf907a78|de919b4468,bse|nse,E4_IndAS_FY2016-2019,large,both,"pm5-v1: cohort_companies.csv (36 firms, ...",pm5-v1,pm5-v1,pm5-v1,2026-09-17T10:25:19Z,FIRST_FAILURE_AT_DOWNLOAD
INE040A01034::FY2017,INE040A01034,HDFC Bank Limited,2017,True,True,True,True,True,False,ACCEPTANCE,source_shredded,span_truncated,528fb52b970812d51d621216b9667115fa35c499e980b8dc6d119b1972e8006d,528fb52b970812d51d621216b9667115fa35c499e980b8dc6d119b1972e8006d,7c956eb722|97262e9305,bse|nse,E4_IndAS_FY2016-2019,large,both,"pm5-v1: cohort_companies.csv (36 firms, ...",pm5-v1,pm5-v1,pm5-v1,2026-09-17T10:25:19Z,FIRST_FAILURE_AT_ACCEPTANCE
INE040A01034::FY2018,INE040A01034,HDFC Bank Limited,2018,True,True,True,True,True,True,,,,98012b40f1bb58d93cca9dfa643da9216e1bab8467da924eccb034d113b33bc5,98012b40f1bb58d93cca9dfa643da9216e1bab8467da924eccb034d113b33bc5,6819c801cc|bb528228ec,bse|nse,E4_IndAS_FY2016-2019,large,both,"pm5-v1: cohort_companies.csv (36 firms, ...",pm5-v1,pm5-v1,pm5-v1,2026-09-17T10:25:19Z,ACCEPTED
INE040A01034::FY2019,INE040A01034,HDFC Bank Limited,2019,True,True,False,False,False,False,DOWNLOAD,REASON_CODE_MISSING,,,,47a85e1a27|e7ecf790e5,bse|nse,E4_IndAS_FY2016-2019,large,both,"pm5-v1: cohort_companies.csv (36 firms, ...",pm5-v1,pm5-v1,pm5-v1,2026-09-17T10:25:19Z,FIRST_FAILURE_AT_DOWNLOAD
INE040A01034::FY2020,INE040A01034,HDFC Bank Limited,2020,True,True,False,False,False,False,DOWNLOAD,REASON_CODE_MISSING,,,,4333b0235c|80d2f106c2,bse|nse,E5_MandatedRatios_FY2020-2022,large,both,"pm5-v1: cohort_companies.csv (36 firms, ...",pm5-v1,pm5-v1,pm5-v1,2026-09-17T10:25:19Z,FIRST_FAILURE_AT_DOWNLOAD
INE040A01034::FY2021,INE040A01034,HDFC Bank Limited,2021,True,True,False,False,False,False,DOWNLOAD,REASON_CODE_MISSING,,,,51d02a2a3b|7fbe486d8b,bse|nse,E5_MandatedRatios_FY2020-2022,large,both,"pm5-v1: cohort_companies.csv (36 firms, ...",pm5-v1,pm5-v1,pm5-v1,2026-09-17T10:25:19Z,FIRST_FAILURE_AT_DOWNLOAD
INE040A01034::FY2022,INE040A01034,HDFC Bank Limited,2022,True,True,False,False,False,False,DOWNLOAD,REASON_CODE_MISSING,,,,2a11aebc32|f693e89107,bse|nse,E5_MandatedRatios_FY2020-2022,large,both,"pm5-v1: cohort_companies.csv (36 firms, ...",pm5-v1,pm5-v1,pm5-v1,2026-09-17T10:25:19Z,FIRST_FAILURE_AT_DOWNLOAD
INE040A01034::FY2023,INE040A01034,HDFC Bank Limited,2023,True,True,False,False,False,False,DOWNLOAD,REASON_CODE_MISSING,,,,ec95d2e22f|fe1f5ca7e4,bse|nse,E6_BRSR_FY2023-2025,large,both,"pm5-v1: cohort_companies.csv (36 firms, ...",pm5-v1,pm5-v1,pm5-v1,2026-09-17T10:25:19Z,FIRST_FAILURE_AT_DOWNLOAD
INE040A01034::FY2024,INE040A01034,HDFC Bank Limited,2024,True,True,True,True,True,True,,,,fcd7ef37de26997fed3bcf2b7cfb9eb90f08d4e2617f5f3f967a1ac621c2a73e,fcd7ef37de26997fed3bcf2b7cfb9eb90f08d4e2617f5f3f967a1ac621c2a73e,8a44964cea|af7adf8dcb,bse|nse,E6_BRSR_FY2023-2025,large,both,"pm5-v1: cohort_companies.csv (36 firms, ...",pm5-v1,pm5-v1,pm5-v1,2026-09-17T10:25:19Z,ACCEPTED
INE040A01034::FY2025,INE040A01034,HDFC Bank Limited,2025,True,True,True,True,True,True,,,,875360e8667a46c33d0e33859b4cf363a6cdf68754e3220db9ce77b62fae434a,875360e8667a46c33d0e33859b4cf363a6cdf68754e3220db9ce77b62fae434a,29ecf3e46d|561a5ee58e|8330fa3503,bse|nse,E6_BRSR_FY2023-2025,large,both,"pm5-v1: cohort_companies.csv (36 firms, ...",pm5-v1,pm5-v1,pm5-v1,2026-09-17T10:25:19Z,ACCEPTED
INE044A01036::FY2010,INE044A01036,Sun Pharmaceutical Industries Limited,2010,True,True,False,False,False,False,DOWNLOAD,REASON_CODE_MISSING,,,,1c2c875c00|c51601ebbd,bse|nse,E1_pre2013_FY2010-2012,large,both,"pm5-v1: cohort_companies.csv (36 firms, ...",pm5-v1,pm5-v1,pm5-v1,2026-09-17T10:25:19Z,FIRST_FAILURE_AT_DOWNLOAD
INE044A01036::FY2011,INE044A01036,Sun Pharmaceutical Industries Limited,2011,True,True,False,False,False,False,DOWNLOAD,REASON_CODE_MISSING,,,,4610e09247|fe2b0da8ee,bse|nse,E1_pre2013_FY2010-2012,large,both,"pm5-v1: cohort_companies.csv (36 firms, ...",pm5-v1,pm5-v1,pm5-v1,2026-09-17T10:25:19Z,FIRST_FAILURE_AT_DOWNLOAD
INE044A01036::FY2012,INE044A01036,Sun Pharmaceutical Industries Limited,2012,True,True,True,True,True,True,,,,71a1ee5d35cdbc4654c0f314f92cf58e94cf72ed43c6044530bf9b9db5010149,71a1ee5d35cdbc4654c0f314f92cf58e94cf72ed43c6044530bf9b9db5010149,e459790500|f4749bb6a5,bse|nse|screener,E1_pre2013_FY2010-2012,large,both,"pm5-v1: cohort_companies.csv (36 firms, ...",pm5-v1,pm5-v1,pm5-v1,2026-09-17T10:25:19Z,ACCEPTED
INE044A01036::FY2013,INE044A01036,Sun Pharmaceutical Industries Limited,2013,True,True,True,True,True,False,ACCEPTANCE,source_shredded,span_truncated,ed03112a1847f9eda8b621bf22377bfa5612d21d10467eea05979a6d0faa0ab0,ed03112a1847f9eda8b621bf22377bfa5612d21d10467eea05979a6d0faa0ab0,776e048198|d95c4f36e4,bse|nse|screener,E2_BRreport_FY2013-2014,large,both,"pm5-v1: cohort_companies.csv (36 firms, ...",pm5-v1,pm5-v1,pm5-v1,2026-09-17T10:25:19Z,FIRST_FAILURE_AT_ACCEPTANCE
INE044A01036::FY2014,INE044A01036,Sun Pharmaceutical Industries Limited,2014,True,True,False,False,False,False,DOWNLOAD,REASON_CODE_MISSING,,,,05d62abb5a|18e9729553,bse|nse|screener,E2_BRreport_FY2013-2014,large,both,"pm5-v1: cohort_companies.csv (36 firms, ...",pm5-v1,pm5-v1,pm5-v1,2026-09-17T10:25:19Z,FIRST_FAILURE_AT_DOWNLOAD
INE044A01036::FY2015,INE044A01036,Sun Pharmaceutical Industries Limited,2015,True,True,False,False,False,False,DOWNLOAD,REASON_CODE_MISSING,,,,1937d4c001|d680246aa8,bse|nse|screener,E3_CompaniesAct2013_FY2015,large,both,"pm5-v1: cohort_companies.csv (36 firms, ...",pm5-v1,pm5-v1,pm5-v1,2026-09-17T10:25:19Z,FIRST_FAILURE_AT_DOWNLOAD
INE044A01036::FY2016,INE044A01036,Sun Pharmaceutical Industries Limited,2016,True,True,False,False,False,False,DOWNLOAD,REASON_CODE_MISSING,,,,2cf38c2c7d|f24908dd1e,bse|nse|screener,E4_IndAS_FY2016-2019,large,both,"pm5-v1: cohort_companies.csv (36 firms, ...",pm5-v1,pm5-v1,pm5-v1,2026-09-17T10:25:19Z,FIRST_FAILURE_AT_DOWNLOAD
INE044A01036::FY2017,INE044A01036,Sun Pharmaceutical Industries Limited,2017,True,True,True,True,True,True,,,,72ffe7dd0038b00a2a95ddcc0f22e6b626b472de8633713313b090ec02493914,72ffe7dd0038b00a2a95ddcc0f22e6b626b472de8633713313b090ec02493914,0e5e738c9a|81d8a8c792,bse|nse|screener,E4_IndAS_FY2016-2019,large,both,"pm5-v1: cohort_companies.csv (36 firms, ...",pm5-v1,pm5-v1,pm5-v1,2026-09-17T10:25:19Z,ACCEPTED
INE044A01036::FY2018,INE044A01036,Sun Pharmaceutical Industries Limited,2018,True,True,True,True,True,True,,,,8e699f31caa074fa14ff605e281acc3dc14de73336e0cb7bd0bce7b59d964a61,8e699f31caa074fa14ff605e281acc3dc14de73336e0cb7bd0bce7b59d964a61,24dd167c46|ddeee389ba,bse|nse|screener,E4_IndAS_FY2016-2019,large,both,"pm5-v1: cohort_companies.csv (36 firms, ...",pm5-v1,pm5-v1,pm5-v1,2026-09-17T10:25:19Z,ACCEPTED
INE044A01036::FY2019,INE044A01036,Sun Pharmaceutical Industries Limited,2019,True,True,False,False,False,False,DOWNLOAD,REASON_CODE_MISSING,,,,1ece0a1af9|e966f3e72c,bse|nse|screener,E4_IndAS_FY2016-2019,large,both,"pm5-v1: cohort_companies.csv (36 firms, ...",pm5-v1,pm5-v1,pm5-v1,2026-09-17T10:25:19Z,FIRST_FAILURE_AT_DOWNLOAD
INE044A01036::FY2020,INE044A01036,Sun Pharmaceutical Industries Limited,2020,True,True,False,False,False,False,DOWNLOAD,REASON_CODE_MISSING,,,,08aaec70fc|59f721def0,bse|nse|screener,E5_MandatedRatios_FY2020-2022,large,both,"pm5-v1: cohort_companies.csv (36 firms, ...",pm5-v1,pm5-v1,pm5-v1,2026-09-17T10:25:19Z,FIRST_FAILURE_AT_DOWNLOAD
INE044A01036::FY2021,INE044A01036,Sun Pharmaceutical Industries Limited,2021,True,True,False,False,False,False,DOWNLOAD,REASON_CODE_MISSING,,,,047798d0a6|6ae7f9412c,bse|nse|screener,E5_MandatedRatios_FY2020-2022,large,both,"pm5-v1: cohort_companies.csv (36 firms, ...",pm5-v1,pm5-v1,pm5-v1,2026-09-17T10:25:19Z,FIRST_FAILURE_AT_DOWNLOAD
INE044A01036::FY2022,INE044A01036,Sun Pharmaceutical Industries Limited,2022,True,True,False,False,False,False,DOWNLOAD,REASON_CODE_MISSING,,,,4ecb218092|6d021cc2ad,bse|nse|screener,E5_MandatedRatios_FY2020-2022,large,both,"pm5-v1: cohort_companies.csv (36 firms, ...",pm5-v1,pm5-v1,pm5-v1,2026-09-17T10:25:19Z,FIRST_FAILURE_AT_DOWNLOAD
INE044A01036::FY2023,INE044A01036,Sun Pharmaceutical Industries Limited,2023,True,True,False,False,False,False,DOWNLOAD,REASON_CODE_MISSING,,,,73a5b162b6|ceba1de907|d0e753bf26,bse|nse|screener,E6_BRSR_FY2023-2025,large,both,"pm5-v1: cohort_companies.csv (36 firms, ...",pm5-v1,pm5-v1,pm5-v1,2026-09-17T10:25:19Z,FIRST_FAILURE_AT_DOWNLOAD
INE044A01036::FY2024,INE044A01036,Sun Pharmaceutical Industries Limited,2024,True,True,True,True,True,True,,,,dbb9d8021b365cc095ef9e5c6917e4ec4fe7cca079672ece3beb6284128c9343,dbb9d8021b365cc095ef9e5c6917e4ec4fe7cca079672ece3beb6284128c9343,0834811385|7c74d1c5c5,bse|nse|screener,E6_BRSR_FY2023-2025,large,both,"pm5-v1: cohort_companies.csv (36 firms, ...",pm5-v1,pm5-v1,pm5-v1,2026-09-17T10:25:19Z,ACCEPTED
INE044A01036::FY2025,INE044A01036,Sun Pharmaceutical Industries Limited,2025,True,True,True,True,True,True,,,,abc0664bb0f83fc60b54898aef71b5554ae95a8eeb7fbe8a3a854309bd84224b,abc0664bb0f83fc60b54898aef71b5554ae95a8eeb7fbe8a3a854309bd84224b,991e3f016c|9bd0b1c93a,bse|nse|screener,E6_BRSR_FY2023-2025,large,both,"pm5-v1: cohort_companies.csv (36 firms, ...",pm5-v1,pm5-v1,pm5-v1,2026-09-17T10:25:19Z,ACCEPTED
INE081A01020::FY2010,INE081A01020,Tata Steel Limited,2010,True,True,False,False,False,False,DOWNLOAD,REASON_CODE_MISSING,,,,cb953ad27c|cc2c732f71,bse|nse,E1_pre2013_FY2010-2012,large,both,"pm5-v1: cohort_companies.csv (36 firms, ...",pm5-v1,pm5-v1,pm5-v1,2026-09-17T10:25:19Z,FIRST_FAILURE_AT_DOWNLOAD
INE081A01020::FY2011,INE081A01020,Tata Steel Limited,2011,True,True,False,False,False,False,DOWNLOAD,REASON_CODE_MISSING,,,,165d718b1b|7ffe2f7cbf,bse|nse,E1_pre2013_FY2010-2012,large,both,"pm5-v1: cohort_companies.csv (36 firms, ...",pm5-v1,pm5-v1,pm5-v1,2026-09-17T10:25:19Z,FIRST_FAILURE_AT_DOWNLOAD
INE081A01020::FY2012,INE081A01020,Tata Steel Limited,2012,True,True,True,True,True,True,,,,dc0e15483617c2e785a26c800be32b6cfd74339495025866b9b31573a40229a4,dc0e15483617c2e785a26c800be32b6cfd74339495025866b9b31573a40229a4,6576446076|999f732f5d,bse|nse|screener,E1_pre2013_FY2010-2012,large,both,"pm5-v1: cohort_companies.csv (36 firms, ...",pm5-v1,pm5-v1,pm5-v1,2026-09-17T10:25:19Z,ACCEPTED
INE081A01020::FY2013,INE081A01020,Tata Steel Limited,2013,True,True,True,True,True,True,,,,3e58ef4edf7239d3fe4e101d7f5a6eebec2d31e6190f7032d58b0ded3e3dffec,3e58ef4edf7239d3fe4e101d7f5a6eebec2d31e6190f7032d58b0ded3e3dffec,b9342e5bf4|bcfdcda01d,bse|nse|screener,E2_BRreport_FY2013-2014,large,both,"pm5-v1: cohort_companies.csv (36 firms, ...",pm5-v1,pm5-v1,pm5-v1,2026-09-17T10:25:19Z,ACCEPTED
INE081A01020::FY2014,INE081A01020,Tata Steel Limited,2014,True,True,False,False,False,False,DOWNLOAD,REASON_CODE_MISSING,,,,0e395cf8a3|c6e77175d1,bse|nse|screener,E2_BRreport_FY2013-2014,large,both,"pm5-v1: cohort_companies.csv (36 firms, ...",pm5-v1,pm5-v1,pm5-v1,2026-09-17T10:25:19Z,FIRST_FAILURE_AT_DOWNLOAD
INE081A01020::FY2015,INE081A01020,Tata Steel Limited,2015,True,True,False,False,False,False,DOWNLOAD,REASON_CODE_MISSING,,,,d9fe7bef54|eb27ea0438,bse|nse|screener,E3_CompaniesAct2013_FY2015,large,both,"pm5-v1: cohort_companies.csv (36 firms, ...",pm5-v1,pm5-v1,pm5-v1,2026-09-17T10:25:19Z,FIRST_FAILURE_AT_DOWNLOAD
INE081A01020::FY2016,INE081A01020,Tata Steel Limited,2016,True,True,False,False,False,False,DOWNLOAD,REASON_CODE_MISSING,,,,566e234d72|e58b68b642,bse|nse|screener,E4_IndAS_FY2016-2019,large,both,"pm5-v1: cohort_companies.csv (36 firms, ...",pm5-v1,pm5-v1,pm5-v1,2026-09-17T10:25:19Z,FIRST_FAILURE_AT_DOWNLOAD
INE081A01020::FY2017,INE081A01020,Tata Steel Limited,2017,True,True,True,True,True,True,,,,b588fbff20f69bf75cbd0dd1207e4ad48b616875218fb58488a4b047a40c4208,b588fbff20f69bf75cbd0dd1207e4ad48b616875218fb58488a4b047a40c4208,112cdbb261|d3db8de3ac,bse|nse|screener,E4_IndAS_FY2016-2019,large,both,"pm5-v1: cohort_companies.csv (36 firms, ...",pm5-v1,pm5-v1,pm5-v1,2026-09-17T10:25:19Z,ACCEPTED
INE081A01020::FY2018,INE081A01020,Tata Steel Limited,2018,True,True,True,True,True,True,,,,b9d52ac73af11d751b6996d38a1f95897f0fec87046e3cb8af53109ae02e0fe7,b9d52ac73af11d751b6996d38a1f95897f0fec87046e3cb8af53109ae02e0fe7,07c24412ea|82743d002c,bse|nse|screener,E4_IndAS_FY2016-2019,large,both,"pm5-v1: cohort_companies.csv (36 firms, ...",pm5-v1,pm5-v1,pm5-v1,2026-09-17T10:25:19Z,ACCEPTED
INE081A01020::FY2019,INE081A01020,Tata Steel Limited,2019,True,True,False,False,False,False,DOWNLOAD,REASON_CODE_MISSING,,,,366c1ff1b6|85a4c2b026,bse|nse|screener,E4_IndAS_FY2016-2019,large,both,"pm5-v1: cohort_companies.csv (36 firms, ...",pm5-v1,pm5-v1,pm5-v1,2026-09-17T10:25:19Z,FIRST_FAILURE_AT_DOWNLOAD
INE081A01020::FY2020,INE081A01020,Tata Steel Limited,2020,True,True,False,False,False,False,DOWNLOAD,REASON_CODE_MISSING,,,,10371e4923|698da85bac,bse|nse|screener,E5_MandatedRatios_FY2020-2022,large,both,"pm5-v1: cohort_companies.csv (36 firms, ...",pm5-v1,pm5-v1,pm5-v1,2026-09-17T10:25:19Z,FIRST_FAILURE_AT_DOWNLOAD
INE081A01020::FY2021,INE081A01020,Tata Steel Limited,2021,True,True,False,False,False,False,DOWNLOAD,REASON_CODE_MISSING,,,,173a9d25cf|e4316d7ed8,bse|nse|screener,E5_MandatedRatios_FY2020-2022,large,both,"pm5-v1: cohort_companies.csv (36 firms, ...",pm5-v1,pm5-v1,pm5-v1,2026-09-17T10:25:19Z,FIRST_FAILURE_AT_DOWNLOAD
INE081A01020::FY2022,INE081A01020,Tata Steel Limited,2022,True,True,False,False,False,False,DOWNLOAD,REASON_CODE_MISSING,,,,b98ccca88b|e97860fe98,bse|nse|screener,E5_MandatedRatios_FY2020-2022,large,both,"pm5-v1: cohort_companies.csv (36 firms, ...",pm5-v1,pm5-v1,pm5-v1,2026-09-17T10:25:19Z,FIRST_FAILURE_AT_DOWNLOAD
INE081A01020::FY2023,INE081A01020,Tata Steel Limited,2023,True,True,False,False,False,False,DOWNLOAD,REASON_CODE_MISSING,,,,01f313ec93|650453369c|c883330d2b,bse|nse|screener,E6_BRSR_FY2023-2025,large,both,"pm5-v1: cohort_companies.csv (36 firms, ...",pm5-v1,pm5-v1,pm5-v1,2026-09-17T10:25:19Z,FIRST_FAILURE_AT_DOWNLOAD
INE081A01020::FY2024,INE081A01020,Tata Steel Limited,2024,True,True,True,True,True,True,,,,870be0ca867c1c562337a5319d09cac353a85dbb7907dce7c13ee47ad7af3e21,870be0ca867c1c562337a5319d09cac353a85dbb7907dce7c13ee47ad7af3e21,272824c912|6a3b8c5ed5|f2aeaa29d3,bse|nse|screener,E6_BRSR_FY2023-2025,large,both,"pm5-v1: cohort_companies.csv (36 firms, ...",pm5-v1,pm5-v1,pm5-v1,2026-09-17T10:25:19Z,ACCEPTED
INE081A01020::FY2025,INE081A01020,Tata Steel Limited,2025,True,True,True,True,True,True,,,,7631720e90f7e7623b993c5d4109f008966516a7f08c193d5c6ba16e7f0af480,7631720e90f7e7623b993c5d4109f008966516a7f08c193d5c6ba16e7f0af480,6e82ffd5bd|ec7457261e,bse|nse|screener,E6_BRSR_FY2023-2025,large,both,"pm5-v1: cohort_companies.csv (36 firms, ...",pm5-v1,pm5-v1,pm5-v1,2026-09-17T10:25:19Z,ACCEPTED
INE154A01025::FY2010,INE154A01025,ITC Limited,2010,True,True,False,False,False,False,DOWNLOAD,REASON_CODE_MISSING,,,,18aed87410,bse,E1_pre2013_FY2010-2012,large,both,"pm5-v1: cohort_companies.csv (36 firms, ...",pm5-v1,pm5-v1,pm5-v1,2026-09-17T10:25:19Z,FIRST_FAILURE_AT_DOWNLOAD
INE154A01025::FY2011,INE154A01025,ITC Limited,2011,True,True,False,False,False,False,DOWNLOAD,REASON_CODE_MISSING,,,,a07fb804c9|afa49828ba,bse|nse,E1_pre2013_FY2010-2012,large,both,"pm5-v1: cohort_companies.csv (36 firms, ...",pm5-v1,pm5-v1,pm5-v1,2026-09-17T10:25:19Z,FIRST_FAILURE_AT_DOWNLOAD
INE154A01025::FY2012,INE154A01025,ITC Limited,2012,True,True,True,True,True,True,,,,ac5529d7cf0757abfc755cf6a93e56b5e2379b82384ede37590b3854428ebbc5,ac5529d7cf0757abfc755cf6a93e56b5e2379b82384ede37590b3854428ebbc5,03f65ff841|b16c8bbb2d,bse|nse,E1_pre2013_FY2010-2012,large,both,"pm5-v1: cohort_companies.csv (36 firms, ...",pm5-v1,pm5-v1,pm5-v1,2026-09-17T10:25:19Z,ACCEPTED
INE154A01025::FY2013,INE154A01025,ITC Limited,2013,True,True,True,True,True,True,,,,616ed821eb51e80de32cfad964e6a1451187fac8ccff7e6813361c549a70f7ce,616ed821eb51e80de32cfad964e6a1451187fac8ccff7e6813361c549a70f7ce,abc4f1b53c|ca35519805|df7ea10649,bse|nse|screener,E2_BRreport_FY2013-2014,large,both,"pm5-v1: cohort_companies.csv (36 firms, ...",pm5-v1,pm5-v1,pm5-v1,2026-09-17T10:25:19Z,ACCEPTED
INE154A01025::FY2014,INE154A01025,ITC Limited,2014,True,True,False,False,False,False,DOWNLOAD,REASON_CODE_MISSING,,,,017c0c02eb|bccdc5a8da,bse|nse|screener,E2_BRreport_FY2013-2014,large,both,"pm5-v1: cohort_companies.csv (36 firms, ...",pm5-v1,pm5-v1,pm5-v1,2026-09-17T10:25:19Z,FIRST_FAILURE_AT_DOWNLOAD
INE154A01025::FY2015,INE154A01025,ITC Limited,2015,True,True,False,False,False,False,DOWNLOAD,REASON_CODE_MISSING,,,,139e0ddeb6|174f9eb88f,bse|nse|screener,E3_CompaniesAct2013_FY2015,large,both,"pm5-v1: cohort_companies.csv (36 firms, ...",pm5-v1,pm5-v1,pm5-v1,2026-09-17T10:25:19Z,FIRST_FAILURE_AT_DOWNLOAD
INE154A01025::FY2016,INE154A01025,ITC Limited,2016,True,True,False,False,False,False,DOWNLOAD,REASON_CODE_MISSING,,,,0620174ada|6bf56d7428,bse|nse|screener,E4_IndAS_FY2016-2019,large,both,"pm5-v1: cohort_companies.csv (36 firms, ...",pm5-v1,pm5-v1,pm5-v1,2026-09-17T10:25:19Z,FIRST_FAILURE_AT_DOWNLOAD
INE154A01025::FY2017,INE154A01025,ITC Limited,2017,True,True,True,True,True,True,,,,a194d6ff73fc9975bb0095c3269d2c63480a802eebd0919ceef5bd389da6e42e,a194d6ff73fc9975bb0095c3269d2c63480a802eebd0919ceef5bd389da6e42e,2bf6ff9dea|b452555293,bse|nse|screener,E4_IndAS_FY2016-2019,large,both,"pm5-v1: cohort_companies.csv (36 firms, ...",pm5-v1,pm5-v1,pm5-v1,2026-09-17T10:25:19Z,ACCEPTED
INE154A01025::FY2018,INE154A01025,ITC Limited,2018,True,True,True,True,True,True,,,,65f9f2569702dee3187aa6a57caeba1c295e5c97eab21570990cd900716f4796,65f9f2569702dee3187aa6a57caeba1c295e5c97eab21570990cd900716f4796,5c2ea388fb|b1bfc48b6c,bse|nse|screener,E4_IndAS_FY2016-2019,large,both,"pm5-v1: cohort_companies.csv (36 firms, ...",pm5-v1,pm5-v1,pm5-v1,2026-09-17T10:25:19Z,ACCEPTED
INE154A01025::FY2019,INE154A01025,ITC Limited,2019,True,True,False,False,False,False,DOWNLOAD,REASON_CODE_MISSING,,,,007d8ac077|d1f72dceb8,bse|nse|screener,E4_IndAS_FY2016-2019,large,both,"pm5-v1: cohort_companies.csv (36 firms, ...",pm5-v1,pm5-v1,pm5-v1,2026-09-17T10:25:19Z,FIRST_FAILURE_AT_DOWNLOAD
INE154A01025::FY2020,INE154A01025,ITC Limited,2020,True,True,False,False,False,False,DOWNLOAD,REASON_CODE_MISSING,,,,830ee9d2b4|b7011e4fe9,bse|nse|screener,E5_MandatedRatios_FY2020-2022,large,both,"pm5-v1: cohort_companies.csv (36 firms, ...",pm5-v1,pm5-v1,pm5-v1,2026-09-17T10:25:19Z,FIRST_FAILURE_AT_DOWNLOAD
INE154A01025::FY2021,INE154A01025,ITC Limited,2021,True,True,False,False,False,False,DOWNLOAD,REASON_CODE_MISSING,,,,c558ff78b1|cebd2aa734,bse|nse|screener,E5_MandatedRatios_FY2020-2022,large,both,"pm5-v1: cohort_companies.csv (36 firms, ...",pm5-v1,pm5-v1,pm5-v1,2026-09-17T10:25:19Z,FIRST_FAILURE_AT_DOWNLOAD
INE154A01025::FY2022,INE154A01025,ITC Limited,2022,True,True,False,False,False,False,DOWNLOAD,REASON_CODE_MISSING,,,,9c92dab404|ff7fea8119,bse|nse|screener,E5_MandatedRatios_FY2020-2022,large,both,"pm5-v1: cohort_companies.csv (36 firms, ...",pm5-v1,pm5-v1,pm5-v1,2026-09-17T10:25:19Z,FIRST_FAILURE_AT_DOWNLOAD
INE154A01025::FY2023,INE154A01025,ITC Limited,2023,True,True,False,False,False,False,DOWNLOAD,REASON_CODE_MISSING,,,,830bd216ac|91dd30ea59|a2563a5099,bse|nse|screener,E6_BRSR_FY2023-2025,large,both,"pm5-v1: cohort_companies.csv (36 firms, ...",pm5-v1,pm5-v1,pm5-v1,2026-09-17T10:25:19Z,FIRST_FAILURE_AT_DOWNLOAD
INE154A01025::FY2024,INE154A01025,ITC Limited,2024,True,True,True,True,True,True,,,,cef9cf09cefa71094985018a88b936733ff2c3a02b7cc6cd772fdeb8b75a9c97,cef9cf09cefa71094985018a88b936733ff2c3a02b7cc6cd772fdeb8b75a9c97,d914b788ca|e155751f5d,bse|nse|screener,E6_BRSR_FY2023-2025,large,both,"pm5-v1: cohort_companies.csv (36 firms, ...",pm5-v1,pm5-v1,pm5-v1,2026-09-17T10:25:19Z,ACCEPTED
INE154A01025::FY2025,INE154A01025,ITC Limited,2025,True,True,True,True,True,True,,,,6b4cb6251ee52c35e7b2d0744089f7dcaba4da86f64a522ff249d0aa376e0925,6b4cb6251ee52c35e7b2d0744089f7dcaba4da86f64a522ff249d0aa376e0925,9b794a961f|a173b64bf8,bse|nse|screener,E6_BRSR_FY2023-2025,large,both,"pm5-v1: cohort_companies.csv (36 firms, ...",pm5-v1,pm5-v1,pm5-v1,2026-09-17T10:25:19Z,ACCEPTED
INE002L01015::FY2010,INE002L01015,SJVN Limited,2010,True,True,False,False,False,False,DOWNLOAD,REASON_CODE_MISSING,,,,4421309699|9f44f6373d,bse|nse,E1_pre2013_FY2010-2012,mid,both,"pm5-v1: cohort_companies.csv (36 firms, ...",pm5-v1,pm5-v1,pm5-v1,2026-09-17T10:25:19Z,FIRST_FAILURE_AT_DOWNLOAD
INE002L01015::FY2011,INE002L01015,SJVN Limited,2011,True,True,False,False,False,False,DOWNLOAD,REASON_CODE_MISSING,,,,470252c5a4|8d27df2978,bse|nse,E1_pre2013_FY2010-2012,mid,both,"pm5-v1: cohort_companies.csv (36 firms, ...",pm5-v1,pm5-v1,pm5-v1,2026-09-17T10:25:19Z,FIRST_FAILURE_AT_DOWNLOAD
INE002L01015::FY2012,INE002L01015,SJVN Limited,2012,True,True,True,True,True,False,ACCEPTANCE,source_shredded,span_truncated,5e0a412d4a192774c403daa7956fee178fa3465078f1503e34d34d22003fce51,5e0a412d4a192774c403daa7956fee178fa3465078f1503e34d34d22003fce51,19cd8eb7af|3ec9426c94,bse|nse|screener,E1_pre2013_FY2010-2012,mid,both,"pm5-v1: cohort_companies.csv (36 firms, ...",pm5-v1,pm5-v1,pm5-v1,2026-09-17T10:25:19Z,FIRST_FAILURE_AT_ACCEPTANCE
INE002L01015::FY2013,INE002L01015,SJVN Limited,2013,True,True,True,True,True,True,,,,5d2774e84efc03637c72202dc28782e0178c2f36162b424f2c6a4e147a3e63f4,5d2774e84efc03637c72202dc28782e0178c2f36162b424f2c6a4e147a3e63f4,c75bcefd7a|effc7cf136,bse|nse|screener,E2_BRreport_FY2013-2014,mid,both,"pm5-v1: cohort_companies.csv (36 firms, ...",pm5-v1,pm5-v1,pm5-v1,2026-09-17T10:25:19Z,ACCEPTED
INE002L01015::FY2014,INE002L01015,SJVN Limited,2014,True,True,False,False,False,False,DOWNLOAD,REASON_CODE_MISSING,,,,1ab85b3e76|f2362a9488,bse|nse|screener,E2_BRreport_FY2013-2014,mid,both,"pm5-v1: cohort_companies.csv (36 firms, ...",pm5-v1,pm5-v1,pm5-v1,2026-09-17T10:25:19Z,FIRST_FAILURE_AT_DOWNLOAD
INE002L01015::FY2015,INE002L01015,SJVN Limited,2015,True,True,False,False,False,False,DOWNLOAD,REASON_CODE_MISSING,,,,0e24c338c9|6280fcdad4,bse|nse|screener,E3_CompaniesAct2013_FY2015,mid,both,"pm5-v1: cohort_companies.csv (36 firms, ...",pm5-v1,pm5-v1,pm5-v1,2026-09-17T10:25:19Z,FIRST_FAILURE_AT_DOWNLOAD
INE002L01015::FY2016,INE002L01015,SJVN Limited,2016,True,True,False,False,False,False,DOWNLOAD,REASON_CODE_MISSING,,,,41e12ae2ae|95ce5089cb,bse|nse|screener,E4_IndAS_FY2016-2019,mid,both,"pm5-v1: cohort_companies.csv (36 firms, ...",pm5-v1,pm5-v1,pm5-v1,2026-09-17T10:25:19Z,FIRST_FAILURE_AT_DOWNLOAD
INE002L01015::FY2017,INE002L01015,SJVN Limited,2017,True,True,True,True,True,True,,,,41bf69f3f6ef06c856a0bbdf3fb38abc66de123b7e0f79565fd20c777ed1d65c,41bf69f3f6ef06c856a0bbdf3fb38abc66de123b7e0f79565fd20c777ed1d65c,a69592ff75|f72cebf44e,bse|nse|screener,E4_IndAS_FY2016-2019,mid,both,"pm5-v1: cohort_companies.csv (36 firms, ...",pm5-v1,pm5-v1,pm5-v1,2026-09-17T10:25:19Z,ACCEPTED
INE002L01015::FY2018,INE002L01015,SJVN Limited,2018,True,True,True,True,True,False,ACCEPTANCE,section_leak,source_shredded|span_truncated,9c1ab47a56b86dc7867960b1ff14f8cfa4861fc09fcb09d05597bf2bba3df1ba,9c1ab47a56b86dc7867960b1ff14f8cfa4861fc09fcb09d05597bf2bba3df1ba,486464e1c7|68466b0abc,bse|nse|screener,E4_IndAS_FY2016-2019,mid,both,"pm5-v1: cohort_companies.csv (36 firms, ...",pm5-v1,pm5-v1,pm5-v1,2026-09-17T10:25:19Z,FIRST_FAILURE_AT_ACCEPTANCE
INE002L01015::FY2019,INE002L01015,SJVN Limited,2019,True,True,False,False,False,False,DOWNLOAD,REASON_CODE_MISSING,,,,ca835e82e8|db310918ba,bse|nse|screener,E4_IndAS_FY2016-2019,mid,both,"pm5-v1: cohort_companies.csv (36 firms, ...",pm5-v1,pm5-v1,pm5-v1,2026-09-17T10:25:19Z,FIRST_FAILURE_AT_DOWNLOAD
INE002L01015::FY2020,INE002L01015,SJVN Limited,2020,True,True,False,False,False,False,DOWNLOAD,REASON_CODE_MISSING,,,,45c3d6efbf|c69ed0548a,bse|nse|screener,E5_MandatedRatios_FY2020-2022,mid,both,"pm5-v1: cohort_companies.csv (36 firms, ...",pm5-v1,pm5-v1,pm5-v1,2026-09-17T10:25:19Z,FIRST_FAILURE_AT_DOWNLOAD
INE002L01015::FY2021,INE002L01015,SJVN Limited,2021,True,True,False,False,False,False,DOWNLOAD,REASON_CODE_MISSING,,,,74a91cece2|e37ea4f5ba,bse|nse|screener,E5_MandatedRatios_FY2020-2022,mid,both,"pm5-v1: cohort_companies.csv (36 firms, ...",pm5-v1,pm5-v1,pm5-v1,2026-09-17T10:25:19Z,FIRST_FAILURE_AT_DOWNLOAD
INE002L01015::FY2022,INE002L01015,SJVN Limited,2022,True,True,False,False,False,False,DOWNLOAD,REASON_CODE_MISSING,,,,91997702bb|dafd925f71,bse|nse|screener,E5_MandatedRatios_FY2020-2022,mid,both,"pm5-v1: cohort_companies.csv (36 firms, ...",pm5-v1,pm5-v1,pm5-v1,2026-09-17T10:25:19Z,FIRST_FAILURE_AT_DOWNLOAD
INE002L01015::FY2023,INE002L01015,SJVN Limited,2023,True,True,False,False,False,False,DOWNLOAD,REASON_CODE_MISSING,,,,3e93515815|70ea053006|74719c4963,bse|nse|screener,E6_BRSR_FY2023-2025,mid,both,"pm5-v1: cohort_companies.csv (36 firms, ...",pm5-v1,pm5-v1,pm5-v1,2026-09-17T10:25:19Z,FIRST_FAILURE_AT_DOWNLOAD
INE002L01015::FY2024,INE002L01015,SJVN Limited,2024,True,True,True,True,True,False,ACCEPTANCE,source_shredded,span_truncated,730233fd582027ea7c09a53e3df0aee73afc2949e38cbbf8c6f852f9681fe75f,730233fd582027ea7c09a53e3df0aee73afc2949e38cbbf8c6f852f9681fe75f,b142d59a7d|e028cec86d,bse|nse|screener,E6_BRSR_FY2023-2025,mid,both,"pm5-v1: cohort_companies.csv (36 firms, ...",pm5-v1,pm5-v1,pm5-v1,2026-09-17T10:25:19Z,FIRST_FAILURE_AT_ACCEPTANCE
INE002L01015::FY2025,INE002L01015,SJVN Limited,2025,True,True,True,True,True,False,ACCEPTANCE,source_shredded,span_truncated,1070a70a65c9f05df0de48a7a7484cd1adf6eddd51803209aad362b912db7406,1070a70a65c9f05df0de48a7a7484cd1adf6eddd51803209aad362b912db7406,6d185b09b4|906ff1a609,bse|nse|screener,E6_BRSR_FY2023-2025,mid,both,"pm5-v1: cohort_companies.csv (36 firms, ...",pm5-v1,pm5-v1,pm5-v1,2026-09-17T10:25:19Z,FIRST_FAILURE_AT_ACCEPTANCE
INE006I01046::FY2010,INE006I01046,Astral Limited,2010,True,True,False,False,False,False,DOWNLOAD,REASON_CODE_MISSING,,,,3e7a165133|bc320d17b3,bse|nse,E1_pre2013_FY2010-2012,mid,both,"pm5-v1: cohort_companies.csv (36 firms, ...",pm5-v1,pm5-v1,pm5-v1,2026-09-17T10:25:19Z,FIRST_FAILURE_AT_DOWNLOAD
INE006I01046::FY2011,INE006I01046,Astral Limited,2011,True,True,False,False,False,False,DOWNLOAD,REASON_CODE_MISSING,,,,a94136d7f1|cd7a8b1e9f,bse|nse,E1_pre2013_FY2010-2012,mid,both,"pm5-v1: cohort_companies.csv (36 firms, ...",pm5-v1,pm5-v1,pm5-v1,2026-09-17T10:25:19Z,FIRST_FAILURE_AT_DOWNLOAD
INE006I01046::FY2012,INE006I01046,Astral Limited,2012,True,True,True,True,True,True,,,,4d7094047ffdcd917b71c6ede5941a036328a3d10cd2f8a03beb2bc517565166,4d7094047ffdcd917b71c6ede5941a036328a3d10cd2f8a03beb2bc517565166,52c667484a|ec7a2ec0d0,bse|nse,E1_pre2013_FY2010-2012,mid,both,"pm5-v1: cohort_companies.csv (36 firms, ...",pm5-v1,pm5-v1,pm5-v1,2026-09-17T10:25:19Z,ACCEPTED
INE006I01046::FY2013,INE006I01046,Astral Limited,2013,True,True,True,True,True,True,,,,c2e25d3bba43d69f4e34577ff37ca249b44da3937d60ed947642692b6418790c,c2e25d3bba43d69f4e34577ff37ca249b44da3937d60ed947642692b6418790c,8bb81d47ed|b421d7ea38|bd6984ea3e,bse|nse|screener,E2_BRreport_FY2013-2014,mid,both,"pm5-v1: cohort_companies.csv (36 firms, ...",pm5-v1,pm5-v1,pm5-v1,2026-09-17T10:25:19Z,ACCEPTED
INE006I01046::FY2014,INE006I01046,Astral Limited,2014,True,True,False,False,False,False,DOWNLOAD,REASON_CODE_MISSING,,,,0add919ced|77600bf59c,bse|nse|screener,E2_BRreport_FY2013-2014,mid,both,"pm5-v1: cohort_companies.csv (36 firms, ...",pm5-v1,pm5-v1,pm5-v1,2026-09-17T10:25:19Z,FIRST_FAILURE_AT_DOWNLOAD
INE006I01046::FY2015,INE006I01046,Astral Limited,2015,True,True,False,False,False,False,DOWNLOAD,REASON_CODE_MISSING,,,,28dea617e8|f33334bf2c,bse|nse|screener,E3_CompaniesAct2013_FY2015,mid,both,"pm5-v1: cohort_companies.csv (36 firms, ...",pm5-v1,pm5-v1,pm5-v1,2026-09-17T10:25:19Z,FIRST_FAILURE_AT_DOWNLOAD
INE006I01046::FY2016,INE006I01046,Astral Limited,2016,True,True,False,False,False,False,DOWNLOAD,REASON_CODE_MISSING,,,,246b275a02|b54a9ae25a,bse|nse|screener,E4_IndAS_FY2016-2019,mid,both,"pm5-v1: cohort_companies.csv (36 firms, ...",pm5-v1,pm5-v1,pm5-v1,2026-09-17T10:25:19Z,FIRST_FAILURE_AT_DOWNLOAD
INE006I01046::FY2017,INE006I01046,Astral Limited,2017,True,True,True,True,True,True,,,,c6e3283c6a5cf247244f996de7ec23d79309e2bc5e08a64909e28616bba56dd0,c6e3283c6a5cf247244f996de7ec23d79309e2bc5e08a64909e28616bba56dd0,b3e515d734|d97f5dae15,bse|nse|screener,E4_IndAS_FY2016-2019,mid,both,"pm5-v1: cohort_companies.csv (36 firms, ...",pm5-v1,pm5-v1,pm5-v1,2026-09-17T10:25:19Z,ACCEPTED
INE006I01046::FY2018,INE006I01046,Astral Limited,2018,True,True,True,True,True,True,,,,209b84f6166675b8879329e7e5a56c0a15d834c6fe97e2f572aeee4fe971bc56,209b84f6166675b8879329e7e5a56c0a15d834c6fe97e2f572aeee4fe971bc56,2c02eb19ed|3a9dc587dc,bse|nse|screener,E4_IndAS_FY2016-2019,mid,both,"pm5-v1: cohort_companies.csv (36 firms, ...",pm5-v1,pm5-v1,pm5-v1,2026-09-17T10:25:19Z,ACCEPTED
INE006I01046::FY2019,INE006I01046,Astral Limited,2019,True,True,False,False,False,False,DOWNLOAD,REASON_CODE_MISSING,,,,74d099c301|853e9f0454,bse|nse|screener,E4_IndAS_FY2016-2019,mid,both,"pm5-v1: cohort_companies.csv (36 firms, ...",pm5-v1,pm5-v1,pm5-v1,2026-09-17T10:25:19Z,FIRST_FAILURE_AT_DOWNLOAD
INE006I01046::FY2020,INE006I01046,Astral Limited,2020,True,True,False,False,False,False,DOWNLOAD,REASON_CODE_MISSING,,,,59a6f05019|9bf6f0b3a0,bse|nse|screener,E5_MandatedRatios_FY2020-2022,mid,both,"pm5-v1: cohort_companies.csv (36 firms, ...",pm5-v1,pm5-v1,pm5-v1,2026-09-17T10:25:19Z,FIRST_FAILURE_AT_DOWNLOAD
INE006I01046::FY2021,INE006I01046,Astral Limited,2021,True,True,False,False,False,False,DOWNLOAD,REASON_CODE_MISSING,,,,8ec1ef925f|9d183f35c3,bse|nse|screener,E5_MandatedRatios_FY2020-2022,mid,both,"pm5-v1: cohort_companies.csv (36 firms, ...",pm5-v1,pm5-v1,pm5-v1,2026-09-17T10:25:19Z,FIRST_FAILURE_AT_DOWNLOAD
INE006I01046::FY2022,INE006I01046,Astral Limited,2022,True,True,False,False,False,False,DOWNLOAD,REASON_CODE_MISSING,,,,1a4d729ee3|78fb4c636e,bse|nse|screener,E5_MandatedRatios_FY2020-2022,mid,both,"pm5-v1: cohort_companies.csv (36 firms, ...",pm5-v1,pm5-v1,pm5-v1,2026-09-17T10:25:19Z,FIRST_FAILURE_AT_DOWNLOAD
INE006I01046::FY2023,INE006I01046,Astral Limited,2023,True,True,False,False,False,False,DOWNLOAD,REASON_CODE_MISSING,,,,29036b9c6b|9c8c436beb|e240c286c2,bse|nse|screener,E6_BRSR_FY2023-2025,mid,both,"pm5-v1: cohort_companies.csv (36 firms, ...",pm5-v1,pm5-v1,pm5-v1,2026-09-17T10:25:19Z,FIRST_FAILURE_AT_DOWNLOAD
INE006I01046::FY2024,INE006I01046,Astral Limited,2024,True,True,True,True,True,True,,,,e1f48191c3aa007a4d2c0bd3f72076e67359fb7df62e6d2e3074cd381c566c71,e1f48191c3aa007a4d2c0bd3f72076e67359fb7df62e6d2e3074cd381c566c71,c156a19d84|f0eba389f4,bse|nse|screener,E6_BRSR_FY2023-2025,mid,both,"pm5-v1: cohort_companies.csv (36 firms, ...",pm5-v1,pm5-v1,pm5-v1,2026-09-17T10:25:19Z,ACCEPTED
INE006I01046::FY2025,INE006I01046,Astral Limited,2025,True,True,True,True,True,True,,,,3b08080af3d1d69a27620c06a97784b3bbb8fb5187a24b9c02f252a9ade6d6bf,3b08080af3d1d69a27620c06a97784b3bbb8fb5187a24b9c02f252a9ade6d6bf,1358e92cf0|30994d9d4f,bse|nse|screener,E6_BRSR_FY2023-2025,mid,both,"pm5-v1: cohort_companies.csv (36 firms, ...",pm5-v1,pm5-v1,pm5-v1,2026-09-17T10:25:19Z,ACCEPTED
INE007A01025::FY2010,INE007A01025,Crisil Limited,2010,True,True,False,False,False,False,DOWNLOAD,REASON_CODE_MISSING,,,,9da7639211|b2b2cc6f5d,bse|nse,E1_pre2013_FY2010-2012,mid,both,"pm5-v1: cohort_companies.csv (36 firms, ...",pm5-v1,pm5-v1,pm5-v1,2026-09-17T10:25:19Z,FIRST_FAILURE_AT_DOWNLOAD
INE007A01025::FY2011,INE007A01025,Crisil Limited,2011,True,True,False,False,False,False,DOWNLOAD,REASON_CODE_MISSING,,,,61ee73275b|66e5ffa758,bse|nse,E1_pre2013_FY2010-2012,mid,both,"pm5-v1: cohort_companies.csv (36 firms, ...",pm5-v1,pm5-v1,pm5-v1,2026-09-17T10:25:19Z,FIRST_FAILURE_AT_DOWNLOAD
INE007A01025::FY2012,INE007A01025,Crisil Limited,2012,True,True,True,False,True,False,IDENTITY,year_unproven,span_truncated,4c64fbf7aec3f61bfa8e421e8e642ea4b52d0af92e2083e9c58ab39d867fd51b,4c64fbf7aec3f61bfa8e421e8e642ea4b52d0af92e2083e9c58ab39d867fd51b,5afc797ba1|9e18673d3f|ad7441c7ff,bse|nse|screener,E1_pre2013_FY2010-2012,mid,both,"pm5-v1: cohort_companies.csv (36 firms, ...",pm5-v1,pm5-v1,pm5-v1,2026-09-17T10:25:19Z,FIRST_FAILURE_AT_IDENTITY
INE007A01025::FY2013,INE007A01025,Crisil Limited,2013,True,True,True,False,True,False,IDENTITY,year_unproven,span_truncated,419ba79d4446909585bb873d122982ec626bab8417ea7ee877d5a93e1beb4ffc,419ba79d4446909585bb873d122982ec626bab8417ea7ee877d5a93e1beb4ffc,427fdcc63b|49bc1da519|9db2c7ca65,bse|nse|screener,E2_BRreport_FY2013-2014,mid,both,"pm5-v1: cohort_companies.csv (36 firms, ...",pm5-v1,pm5-v1,pm5-v1,2026-09-17T10:25:19Z,FIRST_FAILURE_AT_IDENTITY
INE007A01025::FY2014,INE007A01025,Crisil Limited,2014,True,True,False,False,False,False,DOWNLOAD,REASON_CODE_MISSING,,,,5f5308a06e|85ebbd3306,bse|nse|screener,E2_BRreport_FY2013-2014,mid,both,"pm5-v1: cohort_companies.csv (36 firms, ...",pm5-v1,pm5-v1,pm5-v1,2026-09-17T10:25:19Z,FIRST_FAILURE_AT_DOWNLOAD
INE007A01025::FY2015,INE007A01025,Crisil Limited,2015,True,True,False,False,False,False,DOWNLOAD,REASON_CODE_MISSING,,,,22126b457c|e62565c518,bse|nse|screener,E3_CompaniesAct2013_FY2015,mid,both,"pm5-v1: cohort_companies.csv (36 firms, ...",pm5-v1,pm5-v1,pm5-v1,2026-09-17T10:25:19Z,FIRST_FAILURE_AT_DOWNLOAD
INE007A01025::FY2016,INE007A01025,Crisil Limited,2016,True,True,False,False,False,False,DOWNLOAD,REASON_CODE_MISSING,,,,3a5473c6c7|76c66c42be,bse|nse|screener,E4_IndAS_FY2016-2019,mid,both,"pm5-v1: cohort_companies.csv (36 firms, ...",pm5-v1,pm5-v1,pm5-v1,2026-09-17T10:25:19Z,FIRST_FAILURE_AT_DOWNLOAD
INE007A01025::FY2017,INE007A01025,Crisil Limited,2017,True,True,True,False,True,False,IDENTITY,year_unproven,source_shredded|span_truncated,eef4c6eec79325d71fcf4e4808347f30f0947430425c49376debec4bf3e6ffac,eef4c6eec79325d71fcf4e4808347f30f0947430425c49376debec4bf3e6ffac,4ac5eb5501|a6b993f7f5,bse|nse|screener,E4_IndAS_FY2016-2019,mid,both,"pm5-v1: cohort_companies.csv (36 firms, ...",pm5-v1,pm5-v1,pm5-v1,2026-09-17T10:25:19Z,FIRST_FAILURE_AT_IDENTITY
INE007A01025::FY2018,INE007A01025,Crisil Limited,2018,True,True,True,False,True,False,IDENTITY,year_unproven,span_truncated,f3870645c3d4c599bf761f37a76bbafbeed7a4ea95f67ae561e4ac5d4ccfd53d,f3870645c3d4c599bf761f37a76bbafbeed7a4ea95f67ae561e4ac5d4ccfd53d,aa51a2668f|dc4e7ef06e,bse|nse|screener,E4_IndAS_FY2016-2019,mid,both,"pm5-v1: cohort_companies.csv (36 firms, ...",pm5-v1,pm5-v1,pm5-v1,2026-09-17T10:25:19Z,FIRST_FAILURE_AT_IDENTITY
INE007A01025::FY2019,INE007A01025,Crisil Limited,2019,True,True,False,False,False,False,DOWNLOAD,REASON_CODE_MISSING,,,,35fef86c52|524112ecb3,bse|nse|screener,E4_IndAS_FY2016-2019,mid,both,"pm5-v1: cohort_companies.csv (36 firms, ...",pm5-v1,pm5-v1,pm5-v1,2026-09-17T10:25:19Z,FIRST_FAILURE_AT_DOWNLOAD
INE007A01025::FY2020,INE007A01025,Crisil Limited,2020,True,True,False,False,False,False,DOWNLOAD,REASON_CODE_MISSING,,,,71ef36100f|bab0153642,bse|nse|screener,E5_MandatedRatios_FY2020-2022,mid,both,"pm5-v1: cohort_companies.csv (36 firms, ...",pm5-v1,pm5-v1,pm5-v1,2026-09-17T10:25:19Z,FIRST_FAILURE_AT_DOWNLOAD
INE007A01025::FY2021,INE007A01025,Crisil Limited,2021,True,True,False,False,False,False,DOWNLOAD,REASON_CODE_MISSING,,,,6dbe00ad8d|e56c39a540,bse|nse|screener,E5_MandatedRatios_FY2020-2022,mid,both,"pm5-v1: cohort_companies.csv (36 firms, ...",pm5-v1,pm5-v1,pm5-v1,2026-09-17T10:25:19Z,FIRST_FAILURE_AT_DOWNLOAD
INE007A01025::FY2022,INE007A01025,Crisil Limited,2022,True,True,False,False,False,False,DOWNLOAD,REASON_CODE_MISSING,,,,1a2dae5b52|1af980b276|fc5b44f27a,bse|nse|screener,E5_MandatedRatios_FY2020-2022,mid,both,"pm5-v1: cohort_companies.csv (36 firms, ...",pm5-v1,pm5-v1,pm5-v1,2026-09-17T10:25:19Z,FIRST_FAILURE_AT_DOWNLOAD
INE007A01025::FY2023,INE007A01025,Crisil Limited,2023,True,True,False,False,False,False,DOWNLOAD,REASON_CODE_MISSING,,,,1414441eef|93a92a3ece,bse|nse|screener,E6_BRSR_FY2023-2025,mid,both,"pm5-v1: cohort_companies.csv (36 firms, ...",pm5-v1,pm5-v1,pm5-v1,2026-09-17T10:25:19Z,FIRST_FAILURE_AT_DOWNLOAD
INE007A01025::FY2024,INE007A01025,Crisil Limited,2024,True,True,True,True,True,True,,,,ba5ca28c77ae87453fbf869451bc15b09a14dfc6dbaee8cce13aed08c9767838,ba5ca28c77ae87453fbf869451bc15b09a14dfc6dbaee8cce13aed08c9767838,59398944c2|d9024e0039,bse|nse|screener,E6_BRSR_FY2023-2025,mid,both,"pm5-v1: cohort_companies.csv (36 firms, ...",pm5-v1,pm5-v1,pm5-v1,2026-09-17T10:25:19Z,ACCEPTED
INE007A01025::FY2025,INE007A01025,Crisil Limited,2025,True,True,True,False,True,False,IDENTITY,year_unproven,span_truncated,4e65d79ed0c336f5a97ae1664f18af9db7fbefbef30fafd35595dea0925c746a,4e65d79ed0c336f5a97ae1664f18af9db7fbefbef30fafd35595dea0925c746a,91df9d84ce|ec90129538,bse|nse|screener,E6_BRSR_FY2023-2025,mid,both,"pm5-v1: cohort_companies.csv (36 firms, ...",pm5-v1,pm5-v1,pm5-v1,2026-09-17T10:25:19Z,FIRST_FAILURE_AT_IDENTITY
INE151A01013::FY2010,INE151A01013,Tata Communications Limited,2010,True,True,False,False,False,False,DOWNLOAD,REASON_CODE_MISSING,,,,342cc2b0d3|49ba491a3f,bse|nse,E1_pre2013_FY2010-2012,mid,both,"pm5-v1: cohort_companies.csv (36 firms, ...",pm5-v1,pm5-v1,pm5-v1,2026-09-17T10:25:19Z,FIRST_FAILURE_AT_DOWNLOAD
INE151A01013::FY2011,INE151A01013,Tata Communications Limited,2011,True,True,False,False,False,False,DOWNLOAD,REASON_CODE_MISSING,,,,6b6a2b81ee|b6a414f554,bse|nse,E1_pre2013_FY2010-2012,mid,both,"pm5-v1: cohort_companies.csv (36 firms, ...",pm5-v1,pm5-v1,pm5-v1,2026-09-17T10:25:19Z,FIRST_FAILURE_AT_DOWNLOAD
INE151A01013::FY2012,INE151A01013,Tata Communications Limited,2012,True,True,True,True,True,True,,,,29b68699a9c265cc5df77a46b11d0e1507ac272c86b9db8c480351b314134ad0,29b68699a9c265cc5df77a46b11d0e1507ac272c86b9db8c480351b314134ad0,04ac45a08f|7b3a5e48a0,bse|nse|screener,E1_pre2013_FY2010-2012,mid,both,"pm5-v1: cohort_companies.csv (36 firms, ...",pm5-v1,pm5-v1,pm5-v1,2026-09-17T10:25:19Z,ACCEPTED
INE151A01013::FY2013,INE151A01013,Tata Communications Limited,2013,True,True,True,True,True,True,,,,37a21f8e4f7cc3c811a2a8b270b75a1ed60ac4b210e9fc9d0aabcde7eb78ecab,37a21f8e4f7cc3c811a2a8b270b75a1ed60ac4b210e9fc9d0aabcde7eb78ecab,375a2d8008|77dd631ad1,bse|nse|screener,E2_BRreport_FY2013-2014,mid,both,"pm5-v1: cohort_companies.csv (36 firms, ...",pm5-v1,pm5-v1,pm5-v1,2026-09-17T10:25:19Z,ACCEPTED
INE151A01013::FY2014,INE151A01013,Tata Communications Limited,2014,True,True,False,False,False,False,DOWNLOAD,REASON_CODE_MISSING,,,,16f753a599|d16a90f571,bse|nse|screener,E2_BRreport_FY2013-2014,mid,both,"pm5-v1: cohort_companies.csv (36 firms, ...",pm5-v1,pm5-v1,pm5-v1,2026-09-17T10:25:19Z,FIRST_FAILURE_AT_DOWNLOAD
INE151A01013::FY2015,INE151A01013,Tata Communications Limited,2015,True,True,False,False,False,False,DOWNLOAD,REASON_CODE_MISSING,,,,359b8d8f3b|4162bd5712,bse|nse|screener,E3_CompaniesAct2013_FY2015,mid,both,"pm5-v1: cohort_companies.csv (36 firms, ...",pm5-v1,pm5-v1,pm5-v1,2026-09-17T10:25:19Z,FIRST_FAILURE_AT_DOWNLOAD
INE151A01013::FY2016,INE151A01013,Tata Communications Limited,2016,True,True,False,False,False,False,DOWNLOAD,REASON_CODE_MISSING,,,,39fd1037a1|d4e192b357,bse|nse|screener,E4_IndAS_FY2016-2019,mid,both,"pm5-v1: cohort_companies.csv (36 firms, ...",pm5-v1,pm5-v1,pm5-v1,2026-09-17T10:25:19Z,FIRST_FAILURE_AT_DOWNLOAD
INE151A01013::FY2017,INE151A01013,Tata Communications Limited,2017,True,True,True,True,True,True,,,,c65d2ada7910502e7ccc83992c98f68ad4bade44b0e1cd58a55b3bd1775d5803,c65d2ada7910502e7ccc83992c98f68ad4bade44b0e1cd58a55b3bd1775d5803,7b81d12069|b62d0cb276,bse|nse|screener,E4_IndAS_FY2016-2019,mid,both,"pm5-v1: cohort_companies.csv (36 firms, ...",pm5-v1,pm5-v1,pm5-v1,2026-09-17T10:25:19Z,ACCEPTED
INE151A01013::FY2018,INE151A01013,Tata Communications Limited,2018,True,True,True,True,True,True,,,,1b050de55772f50d63f6e8ccf5ab97a49db64ff5caadb39b8b01325e5f9acf6b,1b050de55772f50d63f6e8ccf5ab97a49db64ff5caadb39b8b01325e5f9acf6b,d494c8420c|e688f7d628,bse|nse|screener,E4_IndAS_FY2016-2019,mid,both,"pm5-v1: cohort_companies.csv (36 firms, ...",pm5-v1,pm5-v1,pm5-v1,2026-09-17T10:25:19Z,ACCEPTED
INE151A01013::FY2019,INE151A01013,Tata Communications Limited,2019,True,True,False,False,False,False,DOWNLOAD,REASON_CODE_MISSING,,,,31cea320c2|56948d5da5,bse|nse|screener,E4_IndAS_FY2016-2019,mid,both,"pm5-v1: cohort_companies.csv (36 firms, ...",pm5-v1,pm5-v1,pm5-v1,2026-09-17T10:25:19Z,FIRST_FAILURE_AT_DOWNLOAD
INE151A01013::FY2020,INE151A01013,Tata Communications Limited,2020,True,True,False,False,False,False,DOWNLOAD,REASON_CODE_MISSING,,,,05a3e95d07|676b1a5dd1,bse|nse|screener,E5_MandatedRatios_FY2020-2022,mid,both,"pm5-v1: cohort_companies.csv (36 firms, ...",pm5-v1,pm5-v1,pm5-v1,2026-09-17T10:25:19Z,FIRST_FAILURE_AT_DOWNLOAD
INE151A01013::FY2021,INE151A01013,Tata Communications Limited,2021,True,True,False,False,False,False,DOWNLOAD,REASON_CODE_MISSING,,,,82eb483451|97302b34bc,bse|nse|screener,E5_MandatedRatios_FY2020-2022,mid,both,"pm5-v1: cohort_companies.csv (36 firms, ...",pm5-v1,pm5-v1,pm5-v1,2026-09-17T10:25:19Z,FIRST_FAILURE_AT_DOWNLOAD
INE151A01013::FY2022,INE151A01013,Tata Communications Limited,2022,True,True,False,False,False,False,DOWNLOAD,REASON_CODE_MISSING,,,,c1d881dd14|c81fb78aa3,bse|nse|screener,E5_MandatedRatios_FY2020-2022,mid,both,"pm5-v1: cohort_companies.csv (36 firms, ...",pm5-v1,pm5-v1,pm5-v1,2026-09-17T10:25:19Z,FIRST_FAILURE_AT_DOWNLOAD
INE151A01013::FY2023,INE151A01013,Tata Communications Limited,2023,True,True,False,False,False,False,DOWNLOAD,REASON_CODE_MISSING,,,,3b3eeaf0f2|66977017d4|8008f2baef,bse|nse|screener,E6_BRSR_FY2023-2025,mid,both,"pm5-v1: cohort_companies.csv (36 firms, ...",pm5-v1,pm5-v1,pm5-v1,2026-09-17T10:25:19Z,FIRST_FAILURE_AT_DOWNLOAD
INE151A01013::FY2024,INE151A01013,Tata Communications Limited,2024,True,True,True,True,True,True,,,,8d50b3dacf0a39d2e58cacad0375beb7d2a23f8899472c598eea915405d35e30,8d50b3dacf0a39d2e58cacad0375beb7d2a23f8899472c598eea915405d35e30,324fb35920|5331ba761c,bse|nse|screener,E6_BRSR_FY2023-2025,mid,both,"pm5-v1: cohort_companies.csv (36 firms, ...",pm5-v1,pm5-v1,pm5-v1,2026-09-17T10:25:19Z,ACCEPTED
INE151A01013::FY2025,INE151A01013,Tata Communications Limited,2025,True,True,True,True,True,True,,,,9bcbcecb4113f4a7ee5360e55d869880c779d66dbefa19007ae1c8ab220b305b,9bcbcecb4113f4a7ee5360e55d869880c779d66dbefa19007ae1c8ab220b305b,15ef99892a|251d21d15f,bse|nse|screener,E6_BRSR_FY2023-2025,mid,both,"pm5-v1: cohort_companies.csv (36 firms, ...",pm5-v1,pm5-v1,pm5-v1,2026-09-17T10:25:19Z,ACCEPTED
INE171A01029::FY2010,INE171A01029,The Federal Bank  Limited,2010,True,True,False,False,False,False,DOWNLOAD,REASON_CODE_MISSING,,,,243b6c6b1d|3cc55d3669,bse|nse,E1_pre2013_FY2010-2012,mid,both,"pm5-v1: cohort_companies.csv (36 firms, ...",pm5-v1,pm5-v1,pm5-v1,2026-09-17T10:25:19Z,FIRST_FAILURE_AT_DOWNLOAD
INE171A01029::FY2011,INE171A01029,The Federal Bank  Limited,2011,True,True,False,False,False,False,DOWNLOAD,REASON_CODE_MISSING,,,,43cffd047d|daa38ca4ed,bse|nse,E1_pre2013_FY2010-2012,mid,both,"pm5-v1: cohort_companies.csv (36 firms, ...",pm5-v1,pm5-v1,pm5-v1,2026-09-17T10:25:19Z,FIRST_FAILURE_AT_DOWNLOAD
INE171A01029::FY2012,INE171A01029,The Federal Bank  Limited,2012,True,True,True,True,True,False,ACCEPTANCE,section_leak,order_scrambled|span_truncated,e86db8c8662456ca12b99c9afb18c30dd0b717413d4335c599f5ceadec773076,e86db8c8662456ca12b99c9afb18c30dd0b717413d4335c599f5ceadec773076,000612f387|9ec3d6e7fc,bse|nse|screener,E1_pre2013_FY2010-2012,mid,both,"pm5-v1: cohort_companies.csv (36 firms, ...",pm5-v1,pm5-v1,pm5-v1,2026-09-17T10:25:19Z,FIRST_FAILURE_AT_ACCEPTANCE
INE171A01029::FY2013,INE171A01029,The Federal Bank  Limited,2013,True,True,True,True,True,False,ACCEPTANCE,section_leak,span_truncated,6b4f799f452c9c8bccfe514aec03cc440aaaf164880f92dedd309e9d89963062,6b4f799f452c9c8bccfe514aec03cc440aaaf164880f92dedd309e9d89963062,46fd121c26|df65cf1a8b,bse|nse|screener,E2_BRreport_FY2013-2014,mid,both,"pm5-v1: cohort_companies.csv (36 firms, ...",pm5-v1,pm5-v1,pm5-v1,2026-09-17T10:25:19Z,FIRST_FAILURE_AT_ACCEPTANCE
INE171A01029::FY2014,INE171A01029,The Federal Bank  Limited,2014,True,True,False,False,False,False,DOWNLOAD,REASON_CODE_MISSING,,,,343366a827|6ebe622c54,bse|nse|screener,E2_BRreport_FY2013-2014,mid,both,"pm5-v1: cohort_companies.csv (36 firms, ...",pm5-v1,pm5-v1,pm5-v1,2026-09-17T10:25:19Z,FIRST_FAILURE_AT_DOWNLOAD
INE171A01029::FY2015,INE171A01029,The Federal Bank  Limited,2015,True,True,False,False,False,False,DOWNLOAD,REASON_CODE_MISSING,,,,5e0fa6ec5c|cae764db8f,bse|nse|screener,E3_CompaniesAct2013_FY2015,mid,both,"pm5-v1: cohort_companies.csv (36 firms, ...",pm5-v1,pm5-v1,pm5-v1,2026-09-17T10:25:19Z,FIRST_FAILURE_AT_DOWNLOAD
INE171A01029::FY2016,INE171A01029,The Federal Bank  Limited,2016,True,True,False,False,False,False,DOWNLOAD,REASON_CODE_MISSING,,,,38a0de9ebb|7afac25313,bse|nse|screener,E4_IndAS_FY2016-2019,mid,both,"pm5-v1: cohort_companies.csv (36 firms, ...",pm5-v1,pm5-v1,pm5-v1,2026-09-17T10:25:19Z,FIRST_FAILURE_AT_DOWNLOAD
INE171A01029::FY2017,INE171A01029,The Federal Bank  Limited,2017,True,True,True,True,True,True,,,,0eff7ba82b8e5811a09d2ead5189605ce1cfbca072bee5b0f57f003b91b08769,0eff7ba82b8e5811a09d2ead5189605ce1cfbca072bee5b0f57f003b91b08769,464d816000|8e736b56a4,bse|nse|screener,E4_IndAS_FY2016-2019,mid,both,"pm5-v1: cohort_companies.csv (36 firms, ...",pm5-v1,pm5-v1,pm5-v1,2026-09-17T10:25:19Z,ACCEPTED
INE171A01029::FY2018,INE171A01029,The Federal Bank  Limited,2018,True,True,True,True,True,True,,,,d1b6a479cc7e28829f2f786ac2e46208b2b2f4d4a59ec0b30cb47421a3aeeaa0,d1b6a479cc7e28829f2f786ac2e46208b2b2f4d4a59ec0b30cb47421a3aeeaa0,824f4a2c32|bfd540c080,bse|nse|screener,E4_IndAS_FY2016-2019,mid,both,"pm5-v1: cohort_companies.csv (36 firms, ...",pm5-v1,pm5-v1,pm5-v1,2026-09-17T10:25:19Z,ACCEPTED
INE171A01029::FY2019,INE171A01029,The Federal Bank  Limited,2019,True,True,False,False,False,False,DOWNLOAD,REASON_CODE_MISSING,,,,41415d193c|4c4c34fdda,bse|nse|screener,E4_IndAS_FY2016-2019,mid,both,"pm5-v1: cohort_companies.csv (36 firms, ...",pm5-v1,pm5-v1,pm5-v1,2026-09-17T10:25:19Z,FIRST_FAILURE_AT_DOWNLOAD
INE171A01029::FY2020,INE171A01029,The Federal Bank  Limited,2020,True,True,False,False,False,False,DOWNLOAD,REASON_CODE_MISSING,,,,2797a3ffba|308de83a3c,bse|nse|screener,E5_MandatedRatios_FY2020-2022,mid,both,"pm5-v1: cohort_companies.csv (36 firms, ...",pm5-v1,pm5-v1,pm5-v1,2026-09-17T10:25:19Z,FIRST_FAILURE_AT_DOWNLOAD
INE171A01029::FY2021,INE171A01029,The Federal Bank  Limited,2021,True,True,False,False,False,False,DOWNLOAD,REASON_CODE_MISSING,,,,0d4ed92bb0|be1f9f75db,bse|nse|screener,E5_MandatedRatios_FY2020-2022,mid,both,"pm5-v1: cohort_companies.csv (36 firms, ...",pm5-v1,pm5-v1,pm5-v1,2026-09-17T10:25:19Z,FIRST_FAILURE_AT_DOWNLOAD
INE171A01029::FY2022,INE171A01029,The Federal Bank  Limited,2022,True,True,False,False,False,False,DOWNLOAD,REASON_CODE_MISSING,,,,7b4b829e5e|ae0e0bd7b5,bse|nse|screener,E5_MandatedRatios_FY2020-2022,mid,both,"pm5-v1: cohort_companies.csv (36 firms, ...",pm5-v1,pm5-v1,pm5-v1,2026-09-17T10:25:19Z,FIRST_FAILURE_AT_DOWNLOAD
INE171A01029::FY2023,INE171A01029,The Federal Bank  Limited,2023,True,True,False,False,False,False,DOWNLOAD,REASON_CODE_MISSING,,,,2b11e69673|5b0c9bec37|5ee54842c7|8012629693,bse|nse|screener,E6_BRSR_FY2023-2025,mid,both,"pm5-v1: cohort_companies.csv (36 firms, ...",pm5-v1,pm5-v1,pm5-v1,2026-09-17T10:25:19Z,FIRST_FAILURE_AT_DOWNLOAD
INE171A01029::FY2024,INE171A01029,The Federal Bank  Limited,2024,True,True,True,True,True,True,,,,f3b76769d526798f8db2e84d197469be97b24c070ddcf1bde2506e6d4205ef59,f3b76769d526798f8db2e84d197469be97b24c070ddcf1bde2506e6d4205ef59,9db69a54f9|fba9a897fb,bse|nse|screener,E6_BRSR_FY2023-2025,mid,both,"pm5-v1: cohort_companies.csv (36 firms, ...",pm5-v1,pm5-v1,pm5-v1,2026-09-17T10:25:19Z,ACCEPTED
INE171A01029::FY2025,INE171A01029,The Federal Bank  Limited,2025,True,True,True,True,True,True,,,,9eea027a8f86f6f5bc196f6e14bc07b67db2c56c9cd4d6d137334b06b9634bbf,9eea027a8f86f6f5bc196f6e14bc07b67db2c56c9cd4d6d137334b06b9634bbf,164de3ffaf|7e403e921d,bse|nse|screener,E6_BRSR_FY2023-2025,mid,both,"pm5-v1: cohort_companies.csv (36 firms, ...",pm5-v1,pm5-v1,pm5-v1,2026-09-17T10:25:19Z,ACCEPTED
INE226A01021::FY2010,INE226A01021,Voltas Limited,2010,True,True,False,False,False,False,DOWNLOAD,REASON_CODE_MISSING,,,,743885dc22|9cbaef4a37,bse|nse,E1_pre2013_FY2010-2012,mid,both,"pm5-v1: cohort_companies.csv (36 firms, ...",pm5-v1,pm5-v1,pm5-v1,2026-09-17T10:25:19Z,FIRST_FAILURE_AT_DOWNLOAD
INE226A01021::FY2011,INE226A01021,Voltas Limited,2011,True,True,False,False,False,False,DOWNLOAD,REASON_CODE_MISSING,,,,07954bcc05|cd14c4beac,bse|nse,E1_pre2013_FY2010-2012,mid,both,"pm5-v1: cohort_companies.csv (36 firms, ...",pm5-v1,pm5-v1,pm5-v1,2026-09-17T10:25:19Z,FIRST_FAILURE_AT_DOWNLOAD
INE226A01021::FY2012,INE226A01021,Voltas Limited,2012,True,True,True,False,False,False,IDENTITY,mda_not_located,,d79a05fd419ea504728658a5dbba78ea5ca806a67115c27e41548555eadb4b06,d79a05fd419ea504728658a5dbba78ea5ca806a67115c27e41548555eadb4b06,48131e89c0|7f055ec7c0,bse|nse,E1_pre2013_FY2010-2012,mid,both,"pm5-v1: cohort_companies.csv (36 firms, ...",pm5-v1,pm5-v1,pm5-v1,2026-09-17T10:25:19Z,FIRST_FAILURE_AT_IDENTITY
INE226A01021::FY2013,INE226A01021,Voltas Limited,2013,True,True,True,True,True,False,ACCEPTANCE,source_shredded,,e21553df4c21f11c35ecbc9ae0fdbb7891057bcf2c93a874d06438c7448e3901,e21553df4c21f11c35ecbc9ae0fdbb7891057bcf2c93a874d06438c7448e3901,022b6a13b3|1d94085b57|69605c3fcf,bse|nse|screener,E2_BRreport_FY2013-2014,mid,both,"pm5-v1: cohort_companies.csv (36 firms, ...",pm5-v1,pm5-v1,pm5-v1,2026-09-17T10:25:19Z,FIRST_FAILURE_AT_ACCEPTANCE
INE226A01021::FY2014,INE226A01021,Voltas Limited,2014,True,True,False,False,False,False,DOWNLOAD,REASON_CODE_MISSING,,,,66f5699d74|84f3ac5558,bse|nse|screener,E2_BRreport_FY2013-2014,mid,both,"pm5-v1: cohort_companies.csv (36 firms, ...",pm5-v1,pm5-v1,pm5-v1,2026-09-17T10:25:19Z,FIRST_FAILURE_AT_DOWNLOAD
INE226A01021::FY2015,INE226A01021,Voltas Limited,2015,True,True,False,False,False,False,DOWNLOAD,REASON_CODE_MISSING,,,,a2d49e613a|f6926fc3ff,bse|nse|screener,E3_CompaniesAct2013_FY2015,mid,both,"pm5-v1: cohort_companies.csv (36 firms, ...",pm5-v1,pm5-v1,pm5-v1,2026-09-17T10:25:19Z,FIRST_FAILURE_AT_DOWNLOAD
INE226A01021::FY2016,INE226A01021,Voltas Limited,2016,True,True,False,False,False,False,DOWNLOAD,REASON_CODE_MISSING,,,,6d926db3d5|803f9a2997,bse|nse|screener,E4_IndAS_FY2016-2019,mid,both,"pm5-v1: cohort_companies.csv (36 firms, ...",pm5-v1,pm5-v1,pm5-v1,2026-09-17T10:25:19Z,FIRST_FAILURE_AT_DOWNLOAD
INE226A01021::FY2017,INE226A01021,Voltas Limited,2017,True,True,True,True,True,True,,,,4dff5dd592bd347194798f9e25e96f3531db7a5d0961fb6434544a4f0234e6bf,4dff5dd592bd347194798f9e25e96f3531db7a5d0961fb6434544a4f0234e6bf,05de2be45e|7f9ae6941f,bse|nse|screener,E4_IndAS_FY2016-2019,mid,both,"pm5-v1: cohort_companies.csv (36 firms, ...",pm5-v1,pm5-v1,pm5-v1,2026-09-17T10:25:19Z,ACCEPTED
INE226A01021::FY2018,INE226A01021,Voltas Limited,2018,True,True,True,True,True,True,,,,c8d336a0196c0ad223fee41601386b8f512a7a4829d98c7db8368a9ff2abda7e,c8d336a0196c0ad223fee41601386b8f512a7a4829d98c7db8368a9ff2abda7e,087ee39c85|55ab99d47f,bse|nse|screener,E4_IndAS_FY2016-2019,mid,both,"pm5-v1: cohort_companies.csv (36 firms, ...",pm5-v1,pm5-v1,pm5-v1,2026-09-17T10:25:19Z,ACCEPTED
INE226A01021::FY2019,INE226A01021,Voltas Limited,2019,True,True,False,False,False,False,DOWNLOAD,REASON_CODE_MISSING,,,,86be425e61|9f3ca11e2a,bse|nse|screener,E4_IndAS_FY2016-2019,mid,both,"pm5-v1: cohort_companies.csv (36 firms, ...",pm5-v1,pm5-v1,pm5-v1,2026-09-17T10:25:19Z,FIRST_FAILURE_AT_DOWNLOAD
INE226A01021::FY2020,INE226A01021,Voltas Limited,2020,True,True,False,False,False,False,DOWNLOAD,REASON_CODE_MISSING,,,,70241dd5dd|dad6daa8e6,bse|nse|screener,E5_MandatedRatios_FY2020-2022,mid,both,"pm5-v1: cohort_companies.csv (36 firms, ...",pm5-v1,pm5-v1,pm5-v1,2026-09-17T10:25:19Z,FIRST_FAILURE_AT_DOWNLOAD
INE226A01021::FY2021,INE226A01021,Voltas Limited,2021,True,True,False,False,False,False,DOWNLOAD,REASON_CODE_MISSING,,,,79012c27e8|859ce4551e,bse|nse|screener,E5_MandatedRatios_FY2020-2022,mid,both,"pm5-v1: cohort_companies.csv (36 firms, ...",pm5-v1,pm5-v1,pm5-v1,2026-09-17T10:25:19Z,FIRST_FAILURE_AT_DOWNLOAD
INE226A01021::FY2022,INE226A01021,Voltas Limited,2022,True,True,False,False,False,False,DOWNLOAD,REASON_CODE_MISSING,,,,2c3f340344|ee08a3985b,bse|nse|screener,E5_MandatedRatios_FY2020-2022,mid,both,"pm5-v1: cohort_companies.csv (36 firms, ...",pm5-v1,pm5-v1,pm5-v1,2026-09-17T10:25:19Z,FIRST_FAILURE_AT_DOWNLOAD
INE226A01021::FY2023,INE226A01021,Voltas Limited,2023,True,True,False,False,False,False,DOWNLOAD,REASON_CODE_MISSING,,,,9284b78355|9bfd0ef7c8|a6397c624c,bse|nse|screener,E6_BRSR_FY2023-2025,mid,both,"pm5-v1: cohort_companies.csv (36 firms, ...",pm5-v1,pm5-v1,pm5-v1,2026-09-17T10:25:19Z,FIRST_FAILURE_AT_DOWNLOAD
INE226A01021::FY2024,INE226A01021,Voltas Limited,2024,True,True,True,True,True,False,ACCEPTANCE,span_truncated,,1894487aceade75f001e04e7e39ed74fb44381b25927f7c05c9e424c42ba1b40,1894487aceade75f001e04e7e39ed74fb44381b25927f7c05c9e424c42ba1b40,9d2499a535|b3412e5692|efd61977b0,bse|nse|screener,E6_BRSR_FY2023-2025,mid,both,"pm5-v1: cohort_companies.csv (36 firms, ...",pm5-v1,pm5-v1,pm5-v1,2026-09-17T10:25:19Z,FIRST_FAILURE_AT_ACCEPTANCE
INE226A01021::FY2025,INE226A01021,Voltas Limited,2025,True,True,True,True,True,True,,,,dd2809d9995af9172a3c9bdfb93fa60752f244998703362a444a4e15dc559c7f,dd2809d9995af9172a3c9bdfb93fa60752f244998703362a444a4e15dc559c7f,db3d43882c|e03052f055,bse|nse|screener,E6_BRSR_FY2023-2025,mid,both,"pm5-v1: cohort_companies.csv (36 firms, ...",pm5-v1,pm5-v1,pm5-v1,2026-09-17T10:25:19Z,ACCEPTED
INE761H01022::FY2010,INE761H01022,Page Industries Limited,2010,True,True,False,False,False,False,DOWNLOAD,REASON_CODE_MISSING,,,,0e871c2bad|94d7e3db75,bse|nse,E1_pre2013_FY2010-2012,mid,both,"pm5-v1: cohort_companies.csv (36 firms, ...",pm5-v1,pm5-v1,pm5-v1,2026-09-17T10:25:19Z,FIRST_FAILURE_AT_DOWNLOAD
INE761H01022::FY2011,INE761H01022,Page Industries Limited,2011,True,True,False,False,False,False,DOWNLOAD,REASON_CODE_MISSING,,,,256f1eb2d5|2d32a5eb5f,bse|nse,E1_pre2013_FY2010-2012,mid,both,"pm5-v1: cohort_companies.csv (36 firms, ...",pm5-v1,pm5-v1,pm5-v1,2026-09-17T10:25:19Z,FIRST_FAILURE_AT_DOWNLOAD
INE761H01022::FY2012,INE761H01022,Page Industries Limited,2012,True,True,True,True,True,True,,,,3fadc2ee4bc3a2e6afe0c81cc5110982b27324e5fd1ffa5a5e36dfd2efa1442a,3fadc2ee4bc3a2e6afe0c81cc5110982b27324e5fd1ffa5a5e36dfd2efa1442a,14774e1d65|d6ffc22e94,bse|nse,E1_pre2013_FY2010-2012,mid,both,"pm5-v1: cohort_companies.csv (36 firms, ...",pm5-v1,pm5-v1,pm5-v1,2026-09-17T10:25:19Z,ACCEPTED
INE761H01022::FY2013,INE761H01022,Page Industries Limited,2013,True,True,True,True,True,True,,,,e75eb3c9e6a3a73f18f96a2906419a4221c8e9406c713ca976cc82306110de45,e75eb3c9e6a3a73f18f96a2906419a4221c8e9406c713ca976cc82306110de45,4cc3033719|bded3b7755|c308417840,bse|nse|screener,E2_BRreport_FY2013-2014,mid,both,"pm5-v1: cohort_companies.csv (36 firms, ...",pm5-v1,pm5-v1,pm5-v1,2026-09-17T10:25:19Z,ACCEPTED
INE761H01022::FY2014,INE761H01022,Page Industries Limited,2014,True,True,False,False,False,False,DOWNLOAD,REASON_CODE_MISSING,,,,c9984e03bc|e61324e604,bse|nse|screener,E2_BRreport_FY2013-2014,mid,both,"pm5-v1: cohort_companies.csv (36 firms, ...",pm5-v1,pm5-v1,pm5-v1,2026-09-17T10:25:19Z,FIRST_FAILURE_AT_DOWNLOAD
INE761H01022::FY2015,INE761H01022,Page Industries Limited,2015,True,True,False,False,False,False,DOWNLOAD,REASON_CODE_MISSING,,,,8de55dcaa6|c20cb6788b|f16d66e2cd,bse|nse|screener,E3_CompaniesAct2013_FY2015,mid,both,"pm5-v1: cohort_companies.csv (36 firms, ...",pm5-v1,pm5-v1,pm5-v1,2026-09-17T10:25:19Z,FIRST_FAILURE_AT_DOWNLOAD
INE761H01022::FY2016,INE761H01022,Page Industries Limited,2016,True,True,False,False,False,False,DOWNLOAD,REASON_CODE_MISSING,,,,40ad4fb906|d19fb7d7cf,bse|nse|screener,E4_IndAS_FY2016-2019,mid,both,"pm5-v1: cohort_companies.csv (36 firms, ...",pm5-v1,pm5-v1,pm5-v1,2026-09-17T10:25:19Z,FIRST_FAILURE_AT_DOWNLOAD
INE761H01022::FY2017,INE761H01022,Page Industries Limited,2017,True,True,True,True,True,True,,,,8480ff44472d387fa845563745e4539989bb0a8ae6c4f1c79b44e7908f7fadb0,8480ff44472d387fa845563745e4539989bb0a8ae6c4f1c79b44e7908f7fadb0,2e87fd6c26|f4566faee6,bse|nse|screener,E4_IndAS_FY2016-2019,mid,both,"pm5-v1: cohort_companies.csv (36 firms, ...",pm5-v1,pm5-v1,pm5-v1,2026-09-17T10:25:19Z,ACCEPTED
INE761H01022::FY2018,INE761H01022,Page Industries Limited,2018,True,True,True,True,True,True,,,,caae2c5d920664fb02ac91e33083635ee91b3671f03a8e73ca63990bd6c4dfc8,caae2c5d920664fb02ac91e33083635ee91b3671f03a8e73ca63990bd6c4dfc8,8885d23667|9777f2cbfa,bse|nse|screener,E4_IndAS_FY2016-2019,mid,both,"pm5-v1: cohort_companies.csv (36 firms, ...",pm5-v1,pm5-v1,pm5-v1,2026-09-17T10:25:19Z,ACCEPTED
INE761H01022::FY2019,INE761H01022,Page Industries Limited,2019,True,True,False,False,False,False,DOWNLOAD,REASON_CODE_MISSING,,,,1ade4f5e2d|ea62e2cf5e,bse|nse|screener,E4_IndAS_FY2016-2019,mid,both,"pm5-v1: cohort_companies.csv (36 firms, ...",pm5-v1,pm5-v1,pm5-v1,2026-09-17T10:25:19Z,FIRST_FAILURE_AT_DOWNLOAD
INE761H01022::FY2020,INE761H01022,Page Industries Limited,2020,True,True,False,False,False,False,DOWNLOAD,REASON_CODE_MISSING,,,,0fb6868255|2dff746843,bse|nse|screener,E5_MandatedRatios_FY2020-2022,mid,both,"pm5-v1: cohort_companies.csv (36 firms, ...",pm5-v1,pm5-v1,pm5-v1,2026-09-17T10:25:19Z,FIRST_FAILURE_AT_DOWNLOAD
INE761H01022::FY2021,INE761H01022,Page Industries Limited,2021,True,True,False,False,False,False,DOWNLOAD,REASON_CODE_MISSING,,,,1109a713ec|5776e572d9,bse|nse|screener,E5_MandatedRatios_FY2020-2022,mid,both,"pm5-v1: cohort_companies.csv (36 firms, ...",pm5-v1,pm5-v1,pm5-v1,2026-09-17T10:25:19Z,FIRST_FAILURE_AT_DOWNLOAD
INE761H01022::FY2022,INE761H01022,Page Industries Limited,2022,True,True,False,False,False,False,DOWNLOAD,REASON_CODE_MISSING,,,,ba75891cc3|f576201045,bse|nse|screener,E5_MandatedRatios_FY2020-2022,mid,both,"pm5-v1: cohort_companies.csv (36 firms, ...",pm5-v1,pm5-v1,pm5-v1,2026-09-17T10:25:19Z,FIRST_FAILURE_AT_DOWNLOAD
INE761H01022::FY2023,INE761H01022,Page Industries Limited,2023,True,True,False,False,False,False,DOWNLOAD,REASON_CODE_MISSING,,,,05873103b9|7e3abe58ae|9104e41e88,bse|nse|screener,E6_BRSR_FY2023-2025,mid,both,"pm5-v1: cohort_companies.csv (36 firms, ...",pm5-v1,pm5-v1,pm5-v1,2026-09-17T10:25:19Z,FIRST_FAILURE_AT_DOWNLOAD
INE761H01022::FY2024,INE761H01022,Page Industries Limited,2024,True,True,True,True,True,True,,,,d9fb425a6fa53e873fbd3ef4930fde251f54f9f276a0ee03d7be3877e1e2869e,d9fb425a6fa53e873fbd3ef4930fde251f54f9f276a0ee03d7be3877e1e2869e,7287fc978e|bfcc9dda2e,bse|nse|screener,E6_BRSR_FY2023-2025,mid,both,"pm5-v1: cohort_companies.csv (36 firms, ...",pm5-v1,pm5-v1,pm5-v1,2026-09-17T10:25:19Z,ACCEPTED
INE761H01022::FY2025,INE761H01022,Page Industries Limited,2025,True,True,True,True,True,True,,,,e2027f21bb684518e643f74b01ba21eb54e8c5f42696af3cc255ed4f241ba47e,e2027f21bb684518e643f74b01ba21eb54e8c5f42696af3cc255ed4f241ba47e,5dab88e32a|c14049b9e3,bse|nse|screener,E6_BRSR_FY2023-2025,mid,both,"pm5-v1: cohort_companies.csv (36 firms, ...",pm5-v1,pm5-v1,pm5-v1,2026-09-17T10:25:19Z,ACCEPTED
INE797F01020::FY2010,INE797F01020,Jubilant Foodworks Limited,2010,True,True,False,False,False,False,DOWNLOAD,REASON_CODE_MISSING,,,,661a2d571a|929e81d89d,bse|nse,E1_pre2013_FY2010-2012,mid,both,"pm5-v1: cohort_companies.csv (36 firms, ...",pm5-v1,pm5-v1,pm5-v1,2026-09-17T10:25:19Z,FIRST_FAILURE_AT_DOWNLOAD
INE797F01020::FY2011,INE797F01020,Jubilant Foodworks Limited,2011,True,True,False,False,False,False,DOWNLOAD,REASON_CODE_MISSING,,,,582e0e9797|5f8057c313,bse|nse,E1_pre2013_FY2010-2012,mid,both,"pm5-v1: cohort_companies.csv (36 firms, ...",pm5-v1,pm5-v1,pm5-v1,2026-09-17T10:25:19Z,FIRST_FAILURE_AT_DOWNLOAD
INE797F01020::FY2012,INE797F01020,Jubilant Foodworks Limited,2012,True,True,True,True,True,False,ACCEPTANCE,source_shredded,span_truncated,b8939a3dff730b9112d76029ab17c09f2646e41ce40fd4c503cbc7dcc73393a7,b8939a3dff730b9112d76029ab17c09f2646e41ce40fd4c503cbc7dcc73393a7,1c85d25022|4252b3850f,bse|nse,E1_pre2013_FY2010-2012,mid,both,"pm5-v1: cohort_companies.csv (36 firms, ...",pm5-v1,pm5-v1,pm5-v1,2026-09-17T10:25:19Z,FIRST_FAILURE_AT_ACCEPTANCE
INE797F01020::FY2013,INE797F01020,Jubilant Foodworks Limited,2013,True,True,True,True,True,True,,,,e3aa3b9f3bad935331d44fa9942bda156f3f7bc98c04427117bfd86ae89306fb,e3aa3b9f3bad935331d44fa9942bda156f3f7bc98c04427117bfd86ae89306fb,13f44ce560|2951c062af|41fcc85e1c,bse|nse|screener,E2_BRreport_FY2013-2014,mid,both,"pm5-v1: cohort_companies.csv (36 firms, ...",pm5-v1,pm5-v1,pm5-v1,2026-09-17T10:25:19Z,ACCEPTED
INE797F01020::FY2014,INE797F01020,Jubilant Foodworks Limited,2014,True,True,False,False,False,False,DOWNLOAD,REASON_CODE_MISSING,,,,554ad6e3f0|a1227c11f8,bse|nse|screener,E2_BRreport_FY2013-2014,mid,both,"pm5-v1: cohort_companies.csv (36 firms, ...",pm5-v1,pm5-v1,pm5-v1,2026-09-17T10:25:19Z,FIRST_FAILURE_AT_DOWNLOAD
INE797F01020::FY2015,INE797F01020,Jubilant Foodworks Limited,2015,True,True,False,False,False,False,DOWNLOAD,REASON_CODE_MISSING,,,,68c3e6cdff|7bbd7fc704,bse|nse|screener,E3_CompaniesAct2013_FY2015,mid,both,"pm5-v1: cohort_companies.csv (36 firms, ...",pm5-v1,pm5-v1,pm5-v1,2026-09-17T10:25:19Z,FIRST_FAILURE_AT_DOWNLOAD
INE797F01020::FY2016,INE797F01020,Jubilant Foodworks Limited,2016,True,True,False,False,False,False,DOWNLOAD,REASON_CODE_MISSING,,,,ade65e7c8e|f1c20b01ca,bse|nse|screener,E4_IndAS_FY2016-2019,mid,both,"pm5-v1: cohort_companies.csv (36 firms, ...",pm5-v1,pm5-v1,pm5-v1,2026-09-17T10:25:19Z,FIRST_FAILURE_AT_DOWNLOAD
INE797F01020::FY2017,INE797F01020,Jubilant Foodworks Limited,2017,True,True,True,True,True,True,,,,c4061954a05c44aef57c01c894a0b3ca4a199c9df53167adea6c97ca223238bb,c4061954a05c44aef57c01c894a0b3ca4a199c9df53167adea6c97ca223238bb,353343c23f|a9d25027d9,bse|nse|screener,E4_IndAS_FY2016-2019,mid,both,"pm5-v1: cohort_companies.csv (36 firms, ...",pm5-v1,pm5-v1,pm5-v1,2026-09-17T10:25:19Z,ACCEPTED
INE797F01020::FY2018,INE797F01020,Jubilant Foodworks Limited,2018,True,True,True,True,True,True,,,,1796908df6c06c13b1ce4e5c04f39c8c876d0494262d36f3aab705482ce1e06b,1796908df6c06c13b1ce4e5c04f39c8c876d0494262d36f3aab705482ce1e06b,68e1937ce5|d6f9250508,bse|nse|screener,E4_IndAS_FY2016-2019,mid,both,"pm5-v1: cohort_companies.csv (36 firms, ...",pm5-v1,pm5-v1,pm5-v1,2026-09-17T10:25:19Z,ACCEPTED
INE797F01020::FY2019,INE797F01020,Jubilant Foodworks Limited,2019,True,True,False,False,False,False,DOWNLOAD,REASON_CODE_MISSING,,,,47228d8de2|93ba47fa8c,bse|nse|screener,E4_IndAS_FY2016-2019,mid,both,"pm5-v1: cohort_companies.csv (36 firms, ...",pm5-v1,pm5-v1,pm5-v1,2026-09-17T10:25:19Z,FIRST_FAILURE_AT_DOWNLOAD
INE797F01020::FY2020,INE797F01020,Jubilant Foodworks Limited,2020,True,True,False,False,False,False,DOWNLOAD,REASON_CODE_MISSING,,,,3d7aa64827|bfcafe36ff,bse|nse|screener,E5_MandatedRatios_FY2020-2022,mid,both,"pm5-v1: cohort_companies.csv (36 firms, ...",pm5-v1,pm5-v1,pm5-v1,2026-09-17T10:25:19Z,FIRST_FAILURE_AT_DOWNLOAD
INE797F01020::FY2021,INE797F01020,Jubilant Foodworks Limited,2021,True,True,False,False,False,False,DOWNLOAD,REASON_CODE_MISSING,,,,639783a61f|6fc0929cc0,bse|nse|screener,E5_MandatedRatios_FY2020-2022,mid,both,"pm5-v1: cohort_companies.csv (36 firms, ...",pm5-v1,pm5-v1,pm5-v1,2026-09-17T10:25:19Z,FIRST_FAILURE_AT_DOWNLOAD
INE797F01020::FY2022,INE797F01020,Jubilant Foodworks Limited,2022,True,True,False,False,False,False,DOWNLOAD,REASON_CODE_MISSING,,,,1db92f47d3|66cc66dc40,bse|nse|screener,E5_MandatedRatios_FY2020-2022,mid,both,"pm5-v1: cohort_companies.csv (36 firms, ...",pm5-v1,pm5-v1,pm5-v1,2026-09-17T10:25:19Z,FIRST_FAILURE_AT_DOWNLOAD
INE797F01020::FY2023,INE797F01020,Jubilant Foodworks Limited,2023,True,True,False,False,False,False,DOWNLOAD,REASON_CODE_MISSING,,,,2b8467d960|66701c2cf4,bse|nse|screener,E6_BRSR_FY2023-2025,mid,both,"pm5-v1: cohort_companies.csv (36 firms, ...",pm5-v1,pm5-v1,pm5-v1,2026-09-17T10:25:19Z,FIRST_FAILURE_AT_DOWNLOAD
INE797F01020::FY2024,INE797F01020,Jubilant Foodworks Limited,2024,True,True,True,True,True,True,,,,fbcb4a73b67620f6bfd0dad541e76e11bfb2c6adf2b8bddf72ca6eb1134fb581,fbcb4a73b67620f6bfd0dad541e76e11bfb2c6adf2b8bddf72ca6eb1134fb581,99b114ed86|bcc62ec655,bse|nse|screener,E6_BRSR_FY2023-2025,mid,both,"pm5-v1: cohort_companies.csv (36 firms, ...",pm5-v1,pm5-v1,pm5-v1,2026-09-17T10:25:19Z,ACCEPTED
INE797F01020::FY2025,INE797F01020,Jubilant Foodworks Limited,2025,True,True,True,True,True,True,,,,0931a7abc8ca646c5dc6afde716db8fbda9223e5f30f1a1f4f14bf59daf55ed6,0931a7abc8ca646c5dc6afde716db8fbda9223e5f30f1a1f4f14bf59daf55ed6,2354829d3b|5ba23c9e19,bse|nse|screener,E6_BRSR_FY2023-2025,mid,both,"pm5-v1: cohort_companies.csv (36 firms, ...",pm5-v1,pm5-v1,pm5-v1,2026-09-17T10:25:19Z,ACCEPTED
INE002S01010::FY2010,INE002S01010,Mahanagar Gas Limited,2010,True,False,False,False,False,False,DISCOVERY,REASON_CODE_MISSING,,,,,,E1_pre2013_FY2010-2012,small,both,"pm5-v1: cohort_companies.csv (36 firms, ...",pm5-v1,pm5-v1,pm5-v1,2026-09-17T10:25:19Z,FIRST_FAILURE_AT_DISCOVERY
INE002S01010::FY2011,INE002S01010,Mahanagar Gas Limited,2011,True,False,False,False,False,False,DISCOVERY,REASON_CODE_MISSING,,,,,,E1_pre2013_FY2010-2012,small,both,"pm5-v1: cohort_companies.csv (36 firms, ...",pm5-v1,pm5-v1,pm5-v1,2026-09-17T10:25:19Z,FIRST_FAILURE_AT_DISCOVERY
INE002S01010::FY2012,INE002S01010,Mahanagar Gas Limited,2012,True,False,False,False,False,False,DISCOVERY,REASON_CODE_MISSING,,,,,,E1_pre2013_FY2010-2012,small,both,"pm5-v1: cohort_companies.csv (36 firms, ...",pm5-v1,pm5-v1,pm5-v1,2026-09-17T10:25:19Z,FIRST_FAILURE_AT_DISCOVERY
INE002S01010::FY2013,INE002S01010,Mahanagar Gas Limited,2013,True,False,False,False,False,False,DISCOVERY,REASON_CODE_MISSING,,,,,,E2_BRreport_FY2013-2014,small,both,"pm5-v1: cohort_companies.csv (36 firms, ...",pm5-v1,pm5-v1,pm5-v1,2026-09-17T10:25:19Z,FIRST_FAILURE_AT_DISCOVERY
INE002S01010::FY2014,INE002S01010,Mahanagar Gas Limited,2014,True,True,False,False,False,False,DOWNLOAD,REASON_CODE_MISSING,,,,8cbbe0c83c,bse,E2_BRreport_FY2013-2014,small,both,"pm5-v1: cohort_companies.csv (36 firms, ...",pm5-v1,pm5-v1,pm5-v1,2026-09-17T10:25:19Z,FIRST_FAILURE_AT_DOWNLOAD
INE002S01010::FY2015,INE002S01010,Mahanagar Gas Limited,2015,True,True,False,False,False,False,DOWNLOAD,REASON_CODE_MISSING,,,,56364b5f74,bse,E3_CompaniesAct2013_FY2015,small,both,"pm5-v1: cohort_companies.csv (36 firms, ...",pm5-v1,pm5-v1,pm5-v1,2026-09-17T10:25:19Z,FIRST_FAILURE_AT_DOWNLOAD
INE002S01010::FY2016,INE002S01010,Mahanagar Gas Limited,2016,True,True,False,False,False,False,DOWNLOAD,REASON_CODE_MISSING,,,,02e1c414ec|e8d8b126dc,bse|nse|screener,E4_IndAS_FY2016-2019,small,both,"pm5-v1: cohort_companies.csv (36 firms, ...",pm5-v1,pm5-v1,pm5-v1,2026-09-17T10:25:19Z,FIRST_FAILURE_AT_DOWNLOAD
INE002S01010::FY2017,INE002S01010,Mahanagar Gas Limited,2017,True,True,True,True,True,False,ACCEPTANCE,source_shredded,,4b9cd8aa0e62a3236733e450e4c9fe7a02b13177672f8a824ee351a9d35efe48,4b9cd8aa0e62a3236733e450e4c9fe7a02b13177672f8a824ee351a9d35efe48,1e36863c25|844d55b6eb,bse|nse|screener,E4_IndAS_FY2016-2019,small,both,"pm5-v1: cohort_companies.csv (36 firms, ...",pm5-v1,pm5-v1,pm5-v1,2026-09-17T10:25:19Z,FIRST_FAILURE_AT_ACCEPTANCE
INE002S01010::FY2018,INE002S01010,Mahanagar Gas Limited,2018,True,True,True,True,True,True,,,,78e81b08cebe7913b9f1584bef0f449d66d6e404f28c8161d5a88d24dbfd1e65,78e81b08cebe7913b9f1584bef0f449d66d6e404f28c8161d5a88d24dbfd1e65,17f6fd152d|348f6d2838,bse|nse|screener,E4_IndAS_FY2016-2019,small,both,"pm5-v1: cohort_companies.csv (36 firms, ...",pm5-v1,pm5-v1,pm5-v1,2026-09-17T10:25:19Z,ACCEPTED
INE002S01010::FY2019,INE002S01010,Mahanagar Gas Limited,2019,True,True,False,False,False,False,DOWNLOAD,REASON_CODE_MISSING,,,,4163b12d0f|50b71abee7,bse|nse|screener,E4_IndAS_FY2016-2019,small,both,"pm5-v1: cohort_companies.csv (36 firms, ...",pm5-v1,pm5-v1,pm5-v1,2026-09-17T10:25:19Z,FIRST_FAILURE_AT_DOWNLOAD
INE002S01010::FY2020,INE002S01010,Mahanagar Gas Limited,2020,True,True,False,False,False,False,DOWNLOAD,REASON_CODE_MISSING,,,,58adba8a7d|a85e24fb48,bse|nse|screener,E5_MandatedRatios_FY2020-2022,small,both,"pm5-v1: cohort_companies.csv (36 firms, ...",pm5-v1,pm5-v1,pm5-v1,2026-09-17T10:25:19Z,FIRST_FAILURE_AT_DOWNLOAD
INE002S01010::FY2021,INE002S01010,Mahanagar Gas Limited,2021,True,True,False,False,False,False,DOWNLOAD,REASON_CODE_MISSING,,,,04389640e7|faecf28bb8,bse|nse|screener,E5_MandatedRatios_FY2020-2022,small,both,"pm5-v1: cohort_companies.csv (36 firms, ...",pm5-v1,pm5-v1,pm5-v1,2026-09-17T10:25:19Z,FIRST_FAILURE_AT_DOWNLOAD
INE002S01010::FY2022,INE002S01010,Mahanagar Gas Limited,2022,True,True,False,False,False,False,DOWNLOAD,REASON_CODE_MISSING,,,,03e49de7a0|53b4246fcd,bse|nse|screener,E5_MandatedRatios_FY2020-2022,small,both,"pm5-v1: cohort_companies.csv (36 firms, ...",pm5-v1,pm5-v1,pm5-v1,2026-09-17T10:25:19Z,FIRST_FAILURE_AT_DOWNLOAD
INE002S01010::FY2023,INE002S01010,Mahanagar Gas Limited,2023,True,True,False,False,False,False,DOWNLOAD,REASON_CODE_MISSING,,,,1c222e6a4e|c49545a39d|f4f9bcf939,bse|nse|screener,E6_BRSR_FY2023-2025,small,both,"pm5-v1: cohort_companies.csv (36 firms, ...",pm5-v1,pm5-v1,pm5-v1,2026-09-17T10:25:19Z,FIRST_FAILURE_AT_DOWNLOAD
INE002S01010::FY2024,INE002S01010,Mahanagar Gas Limited,2024,True,True,True,True,True,False,ACCEPTANCE,span_truncated,,b0c5d9e610ca5676a1a408a459a8531441816becf9a757471c546262c15f7356,b0c5d9e610ca5676a1a408a459a8531441816becf9a757471c546262c15f7356,0c3789b467|46a071c200,bse|nse|screener,E6_BRSR_FY2023-2025,small,both,"pm5-v1: cohort_companies.csv (36 firms, ...",pm5-v1,pm5-v1,pm5-v1,2026-09-17T10:25:19Z,FIRST_FAILURE_AT_ACCEPTANCE
INE002S01010::FY2025,INE002S01010,Mahanagar Gas Limited,2025,True,True,True,True,True,True,,,,da8365dd2657815beed152e56a4f9ada1214e203716f15f09a831c2490cde272,da8365dd2657815beed152e56a4f9ada1214e203716f15f09a831c2490cde272,6975fefa1b|b774d2b92d,bse|nse|screener,E6_BRSR_FY2023-2025,small,both,"pm5-v1: cohort_companies.csv (36 firms, ...",pm5-v1,pm5-v1,pm5-v1,2026-09-17T10:25:19Z,ACCEPTED
INE008A01015::FY2010,INE008A01015,IDBI Bank Limited,2010,True,True,False,False,False,False,DOWNLOAD,REASON_CODE_MISSING,,,,02002a0077|9d3231d9d1,bse|nse,E1_pre2013_FY2010-2012,small,both,"pm5-v1: cohort_companies.csv (36 firms, ...",pm5-v1,pm5-v1,pm5-v1,2026-09-17T10:25:19Z,FIRST_FAILURE_AT_DOWNLOAD
INE008A01015::FY2011,INE008A01015,IDBI Bank Limited,2011,True,True,False,False,False,False,DOWNLOAD,REASON_CODE_MISSING,,,,dccebd44e6|fa34d1adeb,bse|nse,E1_pre2013_FY2010-2012,small,both,"pm5-v1: cohort_companies.csv (36 firms, ...",pm5-v1,pm5-v1,pm5-v1,2026-09-17T10:25:19Z,FIRST_FAILURE_AT_DOWNLOAD
INE008A01015::FY2012,INE008A01015,IDBI Bank Limited,2012,True,True,True,True,True,False,ACCEPTANCE,span_truncated,,a8bcd04d6ec38da4f503aa9c4abf9c51c264a617b4b6b18f56215224234695a0,a8bcd04d6ec38da4f503aa9c4abf9c51c264a617b4b6b18f56215224234695a0,1a0cfd95fa|4810f77091|5d910cc7c4,bse|nse|screener,E1_pre2013_FY2010-2012,small,both,"pm5-v1: cohort_companies.csv (36 firms, ...",pm5-v1,pm5-v1,pm5-v1,2026-09-17T10:25:19Z,FIRST_FAILURE_AT_ACCEPTANCE
INE008A01015::FY2013,INE008A01015,IDBI Bank Limited,2013,True,True,True,False,True,False,IDENTITY,identity_unproven,order_scrambled|span_truncated,41e7e3720ea2060b23a5c0aa91bafe3ab1f4bf165150f93f2195e4f5c6a54f4e,41e7e3720ea2060b23a5c0aa91bafe3ab1f4bf165150f93f2195e4f5c6a54f4e,42657a9e8d|60ef2a9344,bse|nse|screener,E2_BRreport_FY2013-2014,small,both,"pm5-v1: cohort_companies.csv (36 firms, ...",pm5-v1,pm5-v1,pm5-v1,2026-09-17T10:25:19Z,FIRST_FAILURE_AT_IDENTITY
INE008A01015::FY2014,INE008A01015,IDBI Bank Limited,2014,True,True,False,False,False,False,DOWNLOAD,REASON_CODE_MISSING,,,,881727e0e9|c4209792cf,bse|nse|screener,E2_BRreport_FY2013-2014,small,both,"pm5-v1: cohort_companies.csv (36 firms, ...",pm5-v1,pm5-v1,pm5-v1,2026-09-17T10:25:19Z,FIRST_FAILURE_AT_DOWNLOAD
INE008A01015::FY2015,INE008A01015,IDBI Bank Limited,2015,True,True,False,False,False,False,DOWNLOAD,REASON_CODE_MISSING,,,,2af6284b3a|511c094df0,bse|nse|screener,E3_CompaniesAct2013_FY2015,small,both,"pm5-v1: cohort_companies.csv (36 firms, ...",pm5-v1,pm5-v1,pm5-v1,2026-09-17T10:25:19Z,FIRST_FAILURE_AT_DOWNLOAD
INE008A01015::FY2016,INE008A01015,IDBI Bank Limited,2016,True,True,False,False,False,False,DOWNLOAD,REASON_CODE_MISSING,,,,18f42d80b2|4113e23147,bse|nse|screener,E4_IndAS_FY2016-2019,small,both,"pm5-v1: cohort_companies.csv (36 firms, ...",pm5-v1,pm5-v1,pm5-v1,2026-09-17T10:25:19Z,FIRST_FAILURE_AT_DOWNLOAD
INE008A01015::FY2017,INE008A01015,IDBI Bank Limited,2017,True,True,True,True,True,True,,,,06c8df4d32962c388909c765f4554c12635fd7fe3c2279b1ea51e08cbcc1210d,06c8df4d32962c388909c765f4554c12635fd7fe3c2279b1ea51e08cbcc1210d,03992b8513|aedb4594cd,bse|nse|screener,E4_IndAS_FY2016-2019,small,both,"pm5-v1: cohort_companies.csv (36 firms, ...",pm5-v1,pm5-v1,pm5-v1,2026-09-17T10:25:19Z,ACCEPTED
INE008A01015::FY2018,INE008A01015,IDBI Bank Limited,2018,True,True,True,False,True,False,IDENTITY,identity_unproven,span_truncated,63dbce38652ba5a68ae68554303ea8e99478c7cd79450576e1f44535418f9345,63dbce38652ba5a68ae68554303ea8e99478c7cd79450576e1f44535418f9345,0347dff03f|268c4981ca,bse|nse|screener,E4_IndAS_FY2016-2019,small,both,"pm5-v1: cohort_companies.csv (36 firms, ...",pm5-v1,pm5-v1,pm5-v1,2026-09-17T10:25:19Z,FIRST_FAILURE_AT_IDENTITY
INE008A01015::FY2019,INE008A01015,IDBI Bank Limited,2019,True,True,False,False,False,False,DOWNLOAD,REASON_CODE_MISSING,,,,5978f198bc|6e70faf2c5,bse|nse|screener,E4_IndAS_FY2016-2019,small,both,"pm5-v1: cohort_companies.csv (36 firms, ...",pm5-v1,pm5-v1,pm5-v1,2026-09-17T10:25:19Z,FIRST_FAILURE_AT_DOWNLOAD
INE008A01015::FY2020,INE008A01015,IDBI Bank Limited,2020,True,True,False,False,False,False,DOWNLOAD,REASON_CODE_MISSING,,,,010fd14a2e|a0154036b9,bse|nse|screener,E5_MandatedRatios_FY2020-2022,small,both,"pm5-v1: cohort_companies.csv (36 firms, ...",pm5-v1,pm5-v1,pm5-v1,2026-09-17T10:25:19Z,FIRST_FAILURE_AT_DOWNLOAD
INE008A01015::FY2021,INE008A01015,IDBI Bank Limited,2021,True,True,False,False,False,False,DOWNLOAD,REASON_CODE_MISSING,,,,000c4340d3|deadec6373,bse|nse|screener,E5_MandatedRatios_FY2020-2022,small,both,"pm5-v1: cohort_companies.csv (36 firms, ...",pm5-v1,pm5-v1,pm5-v1,2026-09-17T10:25:19Z,FIRST_FAILURE_AT_DOWNLOAD
INE008A01015::FY2022,INE008A01015,IDBI Bank Limited,2022,True,True,False,False,False,False,DOWNLOAD,REASON_CODE_MISSING,,,,4b60fb1515|9d39bea7ab,bse|nse|screener,E5_MandatedRatios_FY2020-2022,small,both,"pm5-v1: cohort_companies.csv (36 firms, ...",pm5-v1,pm5-v1,pm5-v1,2026-09-17T10:25:19Z,FIRST_FAILURE_AT_DOWNLOAD
INE008A01015::FY2023,INE008A01015,IDBI Bank Limited,2023,True,True,False,False,False,False,DOWNLOAD,REASON_CODE_MISSING,,,,0e02f728a9|ca59afe136|ef495251d8,bse|nse|screener,E6_BRSR_FY2023-2025,small,both,"pm5-v1: cohort_companies.csv (36 firms, ...",pm5-v1,pm5-v1,pm5-v1,2026-09-17T10:25:19Z,FIRST_FAILURE_AT_DOWNLOAD
INE008A01015::FY2024,INE008A01015,IDBI Bank Limited,2024,True,True,True,True,True,False,ACCEPTANCE,source_shredded,span_truncated|WRONG_LANGUAGE_RISK,f79ba9e881edaa6cfb4a5b2b620e06ef589bc49d8d292000c0a1fc3571b0bdf2,f79ba9e881edaa6cfb4a5b2b620e06ef589bc49d8d292000c0a1fc3571b0bdf2,0bf20b3632|d1dc64f9ac,bse|nse|screener,E6_BRSR_FY2023-2025,small,both,"pm5-v1: cohort_companies.csv (36 firms, ...",pm5-v1,pm5-v1,pm5-v1,2026-09-17T10:25:19Z,FIRST_FAILURE_AT_ACCEPTANCE
INE008A01015::FY2025,INE008A01015,IDBI Bank Limited,2025,True,True,True,True,True,False,ACCEPTANCE,source_shredded,span_truncated|WRONG_LANGUAGE_RISK,79b590350451bb6eedb98984b4bacd91b31380c85a6526816e55af8b97cd55b5,79b590350451bb6eedb98984b4bacd91b31380c85a6526816e55af8b97cd55b5,25bf0283d7|6fe4da2e13,bse|nse|screener,E6_BRSR_FY2023-2025,small,both,"pm5-v1: cohort_companies.csv (36 firms, ...",pm5-v1,pm5-v1,pm5-v1,2026-09-17T10:25:19Z,FIRST_FAILURE_AT_ACCEPTANCE
INE119A01028::FY2010,INE119A01028,Balrampur Chini Mills Limited,2010,True,False,False,False,False,False,DISCOVERY,REASON_CODE_MISSING,,,,,,E1_pre2013_FY2010-2012,small,both,"pm5-v1: cohort_companies.csv (36 firms, ...",pm5-v1,pm5-v1,pm5-v1,2026-09-17T10:25:19Z,FIRST_FAILURE_AT_DISCOVERY
INE119A01028::FY2011,INE119A01028,Balrampur Chini Mills Limited,2011,True,True,False,False,False,False,DOWNLOAD,REASON_CODE_MISSING,,,,5fc2f349e8|f2d73d1399,bse|nse,E1_pre2013_FY2010-2012,small,both,"pm5-v1: cohort_companies.csv (36 firms, ...",pm5-v1,pm5-v1,pm5-v1,2026-09-17T10:25:19Z,FIRST_FAILURE_AT_DOWNLOAD
INE119A01028::FY2012,INE119A01028,Balrampur Chini Mills Limited,2012,True,True,True,True,True,False,ACCEPTANCE,REASON_CODE_MISSING,,1e61c8f8f1b707d33ce30dc89c031246cbe2f81f59d4353e596d53d151f2d252,1e61c8f8f1b707d33ce30dc89c031246cbe2f81f59d4353e596d53d151f2d252,03b176223f|660ac72af5,bse|nse|screener,E1_pre2013_FY2010-2012,small,both,"pm5-v1: cohort_companies.csv (36 firms, ...",pm5-v1,pm5-v1,pm5-v1,2026-09-17T10:25:19Z,FIRST_FAILURE_AT_ACCEPTANCE
INE119A01028::FY2013,INE119A01028,Balrampur Chini Mills Limited,2013,True,True,True,True,True,False,ACCEPTANCE,source_shredded,span_truncated,ffeb15ba2d5dce924fa35d1c00a56ec981f5e740f36fbb288d23c3db5ccad6b5,ffeb15ba2d5dce924fa35d1c00a56ec981f5e740f36fbb288d23c3db5ccad6b5,666964ed95|f985d1f017,bse|nse|screener,E2_BRreport_FY2013-2014,small,both,"pm5-v1: cohort_companies.csv (36 firms, ...",pm5-v1,pm5-v1,pm5-v1,2026-09-17T10:25:19Z,FIRST_FAILURE_AT_ACCEPTANCE
INE119A01028::FY2014,INE119A01028,Balrampur Chini Mills Limited,2014,True,True,False,False,False,False,DOWNLOAD,REASON_CODE_MISSING,,,,1a32982c02|db2b0f38fd,bse|nse|screener,E2_BRreport_FY2013-2014,small,both,"pm5-v1: cohort_companies.csv (36 firms, ...",pm5-v1,pm5-v1,pm5-v1,2026-09-17T10:25:19Z,FIRST_FAILURE_AT_DOWNLOAD
INE119A01028::FY2015,INE119A01028,Balrampur Chini Mills Limited,2015,True,True,False,False,False,False,DOWNLOAD,REASON_CODE_MISSING,,,,5882251d25|f360facaca,bse|nse|screener,E3_CompaniesAct2013_FY2015,small,both,"pm5-v1: cohort_companies.csv (36 firms, ...",pm5-v1,pm5-v1,pm5-v1,2026-09-17T10:25:19Z,FIRST_FAILURE_AT_DOWNLOAD
INE119A01028::FY2016,INE119A01028,Balrampur Chini Mills Limited,2016,True,True,False,False,False,False,DOWNLOAD,REASON_CODE_MISSING,,,,0c1f3c8e13|cf4a43f95c,bse|nse|screener,E4_IndAS_FY2016-2019,small,both,"pm5-v1: cohort_companies.csv (36 firms, ...",pm5-v1,pm5-v1,pm5-v1,2026-09-17T10:25:19Z,FIRST_FAILURE_AT_DOWNLOAD
INE119A01028::FY2017,INE119A01028,Balrampur Chini Mills Limited,2017,True,True,True,True,True,False,ACCEPTANCE,span_truncated,,d62ee8c61f4e885b97ac3f8491f23b8a7db55b8d8807e7d01f9e7f104bbb60f7,d62ee8c61f4e885b97ac3f8491f23b8a7db55b8d8807e7d01f9e7f104bbb60f7,1342d158c1|62677bcd52,bse|nse|screener,E4_IndAS_FY2016-2019,small,both,"pm5-v1: cohort_companies.csv (36 firms, ...",pm5-v1,pm5-v1,pm5-v1,2026-09-17T10:25:19Z,FIRST_FAILURE_AT_ACCEPTANCE
INE119A01028::FY2018,INE119A01028,Balrampur Chini Mills Limited,2018,True,True,True,True,True,False,ACCEPTANCE,source_shredded,span_truncated,29781cdde4c132519a7ac8a70bf633d7b409249ca665611fec76c945b3f89e37,29781cdde4c132519a7ac8a70bf633d7b409249ca665611fec76c945b3f89e37,1ebfb3cc31|da17c973a0,bse|nse|screener,E4_IndAS_FY2016-2019,small,both,"pm5-v1: cohort_companies.csv (36 firms, ...",pm5-v1,pm5-v1,pm5-v1,2026-09-17T10:25:19Z,FIRST_FAILURE_AT_ACCEPTANCE
INE119A01028::FY2019,INE119A01028,Balrampur Chini Mills Limited,2019,True,True,False,False,False,False,DOWNLOAD,REASON_CODE_MISSING,,,,34201d732e|a018bd0f2a,bse|nse|screener,E4_IndAS_FY2016-2019,small,both,"pm5-v1: cohort_companies.csv (36 firms, ...",pm5-v1,pm5-v1,pm5-v1,2026-09-17T10:25:19Z,FIRST_FAILURE_AT_DOWNLOAD
INE119A01028::FY2020,INE119A01028,Balrampur Chini Mills Limited,2020,True,True,False,False,False,False,DOWNLOAD,REASON_CODE_MISSING,,,,1cda2f1cd7|dec4936dff,bse|nse|screener,E5_MandatedRatios_FY2020-2022,small,both,"pm5-v1: cohort_companies.csv (36 firms, ...",pm5-v1,pm5-v1,pm5-v1,2026-09-17T10:25:19Z,FIRST_FAILURE_AT_DOWNLOAD
INE119A01028::FY2021,INE119A01028,Balrampur Chini Mills Limited,2021,True,True,False,False,False,False,DOWNLOAD,REASON_CODE_MISSING,,,,0c1550f60f|a74ffb09d8,bse|nse|screener,E5_MandatedRatios_FY2020-2022,small,both,"pm5-v1: cohort_companies.csv (36 firms, ...",pm5-v1,pm5-v1,pm5-v1,2026-09-17T10:25:19Z,FIRST_FAILURE_AT_DOWNLOAD
INE119A01028::FY2022,INE119A01028,Balrampur Chini Mills Limited,2022,True,True,False,False,False,False,DOWNLOAD,REASON_CODE_MISSING,,,,06a482b1bd|df8bc19487,bse|nse|screener,E5_MandatedRatios_FY2020-2022,small,both,"pm5-v1: cohort_companies.csv (36 firms, ...",pm5-v1,pm5-v1,pm5-v1,2026-09-17T10:25:19Z,FIRST_FAILURE_AT_DOWNLOAD
INE119A01028::FY2023,INE119A01028,Balrampur Chini Mills Limited,2023,True,True,False,False,False,False,DOWNLOAD,REASON_CODE_MISSING,,,,30cee1ee4c|8fb76a43e6|b80e55b0e5,bse|nse|screener,E6_BRSR_FY2023-2025,small,both,"pm5-v1: cohort_companies.csv (36 firms, ...",pm5-v1,pm5-v1,pm5-v1,2026-09-17T10:25:19Z,FIRST_FAILURE_AT_DOWNLOAD
INE119A01028::FY2024,INE119A01028,Balrampur Chini Mills Limited,2024,True,True,True,True,True,True,,,,1d26601c877ba57cf163f9454174ce45cfdb803b777345c44bf7e7a3103586f2,1d26601c877ba57cf163f9454174ce45cfdb803b777345c44bf7e7a3103586f2,46c7e45ccc|57055faa47,bse|nse|screener,E6_BRSR_FY2023-2025,small,both,"pm5-v1: cohort_companies.csv (36 firms, ...",pm5-v1,pm5-v1,pm5-v1,2026-09-17T10:25:19Z,ACCEPTED
INE119A01028::FY2025,INE119A01028,Balrampur Chini Mills Limited,2025,True,True,True,True,True,True,,,,c649947487fb9b43909572987333bddab11b0227b33c0a7094d7c50654eef657,c649947487fb9b43909572987333bddab11b0227b33c0a7094d7c50654eef657,9be1be0453|bcefa3f895,bse|nse|screener,E6_BRSR_FY2023-2025,small,both,"pm5-v1: cohort_companies.csv (36 firms, ...",pm5-v1,pm5-v1,pm5-v1,2026-09-17T10:25:19Z,ACCEPTED
INE191H01014::FY2010,INE191H01014,PVR INOX Limited,2010,True,True,False,False,False,False,DOWNLOAD,REASON_CODE_MISSING,,,,6aa744115b|b30b125010,bse|nse,E1_pre2013_FY2010-2012,small,both,"pm5-v1: cohort_companies.csv (36 firms, ...",pm5-v1,pm5-v1,pm5-v1,2026-09-17T10:25:19Z,FIRST_FAILURE_AT_DOWNLOAD
INE191H01014::FY2011,INE191H01014,PVR INOX Limited,2011,True,True,False,False,False,False,DOWNLOAD,REASON_CODE_MISSING,,,,a3bf2df3e5|c62efb068d,bse|nse,E1_pre2013_FY2010-2012,small,both,"pm5-v1: cohort_companies.csv (36 firms, ...",pm5-v1,pm5-v1,pm5-v1,2026-09-17T10:25:19Z,FIRST_FAILURE_AT_DOWNLOAD
INE191H01014::FY2012,INE191H01014,PVR INOX Limited,2012,True,True,True,True,True,True,,,,f97f93eef3bb87fced844242ac7789d10002e30f27ea2fe92f51e30f11344ead,f97f93eef3bb87fced844242ac7789d10002e30f27ea2fe92f51e30f11344ead,4bc62dcd37|4da25e6351|f49b0744c0,bse|nse|screener,E1_pre2013_FY2010-2012,small,both,"pm5-v1: cohort_companies.csv (36 firms, ...",pm5-v1,pm5-v1,pm5-v1,2026-09-17T10:25:19Z,ACCEPTED
INE191H01014::FY2013,INE191H01014,PVR INOX Limited,2013,True,True,True,True,True,False,ACCEPTANCE,section_leak,span_truncated,e68cb02ddc41f4b53977b367c337add55a834facbbc907bb8505a5d22bc0bd96,e68cb02ddc41f4b53977b367c337add55a834facbbc907bb8505a5d22bc0bd96,b4a20921a9|efd7ce96c4,bse|nse|screener,E2_BRreport_FY2013-2014,small,both,"pm5-v1: cohort_companies.csv (36 firms, ...",pm5-v1,pm5-v1,pm5-v1,2026-09-17T10:25:19Z,FIRST_FAILURE_AT_ACCEPTANCE
INE191H01014::FY2014,INE191H01014,PVR INOX Limited,2014,True,True,False,False,False,False,DOWNLOAD,REASON_CODE_MISSING,,,,be1a56b93c|fa7be55371,bse|nse|screener,E2_BRreport_FY2013-2014,small,both,"pm5-v1: cohort_companies.csv (36 firms, ...",pm5-v1,pm5-v1,pm5-v1,2026-09-17T10:25:19Z,FIRST_FAILURE_AT_DOWNLOAD
INE191H01014::FY2015,INE191H01014,PVR INOX Limited,2015,True,True,False,False,False,False,DOWNLOAD,REASON_CODE_MISSING,,,,26fbaa9b8b|a29e87499a,bse|nse|screener,E3_CompaniesAct2013_FY2015,small,both,"pm5-v1: cohort_companies.csv (36 firms, ...",pm5-v1,pm5-v1,pm5-v1,2026-09-17T10:25:19Z,FIRST_FAILURE_AT_DOWNLOAD
INE191H01014::FY2016,INE191H01014,PVR INOX Limited,2016,True,True,False,False,False,False,DOWNLOAD,REASON_CODE_MISSING,,,,2193bff2fc|76f0b68be1,bse|nse|screener,E4_IndAS_FY2016-2019,small,both,"pm5-v1: cohort_companies.csv (36 firms, ...",pm5-v1,pm5-v1,pm5-v1,2026-09-17T10:25:19Z,FIRST_FAILURE_AT_DOWNLOAD
INE191H01014::FY2017,INE191H01014,PVR INOX Limited,2017,True,True,True,True,True,True,,,,141e69522edec37b5823a058ed210412a3774fd9f125548d6683e38cefdeb765,141e69522edec37b5823a058ed210412a3774fd9f125548d6683e38cefdeb765,cdb4dd4c52|e773460182,bse|nse|screener,E4_IndAS_FY2016-2019,small,both,"pm5-v1: cohort_companies.csv (36 firms, ...",pm5-v1,pm5-v1,pm5-v1,2026-09-17T10:25:19Z,ACCEPTED
INE191H01014::FY2018,INE191H01014,PVR INOX Limited,2018,True,True,True,True,True,True,,,,28ed7b6a3053aa475dcfe8e587417fdbd25c4f7dfaaf670e76eb30595b7bee81,28ed7b6a3053aa475dcfe8e587417fdbd25c4f7dfaaf670e76eb30595b7bee81,301e677fd0|a637393a89,bse|nse|screener,E4_IndAS_FY2016-2019,small,both,"pm5-v1: cohort_companies.csv (36 firms, ...",pm5-v1,pm5-v1,pm5-v1,2026-09-17T10:25:19Z,ACCEPTED
INE191H01014::FY2019,INE191H01014,PVR INOX Limited,2019,True,True,False,False,False,False,DOWNLOAD,REASON_CODE_MISSING,,,,7013540591|b2f0a286df,bse|nse|screener,E4_IndAS_FY2016-2019,small,both,"pm5-v1: cohort_companies.csv (36 firms, ...",pm5-v1,pm5-v1,pm5-v1,2026-09-17T10:25:19Z,FIRST_FAILURE_AT_DOWNLOAD
INE191H01014::FY2020,INE191H01014,PVR INOX Limited,2020,True,True,False,False,False,False,DOWNLOAD,REASON_CODE_MISSING,,,,409f2d8526|603162c9a8,bse|nse|screener,E5_MandatedRatios_FY2020-2022,small,both,"pm5-v1: cohort_companies.csv (36 firms, ...",pm5-v1,pm5-v1,pm5-v1,2026-09-17T10:25:19Z,FIRST_FAILURE_AT_DOWNLOAD
INE191H01014::FY2021,INE191H01014,PVR INOX Limited,2021,True,True,False,False,False,False,DOWNLOAD,REASON_CODE_MISSING,,,,9e96378fef|dca8b2f4a3,bse|nse|screener,E5_MandatedRatios_FY2020-2022,small,both,"pm5-v1: cohort_companies.csv (36 firms, ...",pm5-v1,pm5-v1,pm5-v1,2026-09-17T10:25:19Z,FIRST_FAILURE_AT_DOWNLOAD
INE191H01014::FY2022,INE191H01014,PVR INOX Limited,2022,True,True,False,False,False,False,DOWNLOAD,REASON_CODE_MISSING,,,,370b4c0498|d4ede4d7f5,bse|nse|screener,E5_MandatedRatios_FY2020-2022,small,both,"pm5-v1: cohort_companies.csv (36 firms, ...",pm5-v1,pm5-v1,pm5-v1,2026-09-17T10:25:19Z,FIRST_FAILURE_AT_DOWNLOAD
INE191H01014::FY2023,INE191H01014,PVR INOX Limited,2023,True,True,False,False,False,False,DOWNLOAD,REASON_CODE_MISSING,,,,592f94a8b7|962da30f18|f9bc816185,bse|nse|screener,E6_BRSR_FY2023-2025,small,both,"pm5-v1: cohort_companies.csv (36 firms, ...",pm5-v1,pm5-v1,pm5-v1,2026-09-17T10:25:19Z,FIRST_FAILURE_AT_DOWNLOAD
INE191H01014::FY2024,INE191H01014,PVR INOX Limited,2024,True,True,True,True,True,True,,,,b59ae03a8541538b39baae54453536722f03b6c4ebe9dc62208bd450ed901c2b,b59ae03a8541538b39baae54453536722f03b6c4ebe9dc62208bd450ed901c2b,b1911d76b1|c94a5ddc63,bse|nse|screener,E6_BRSR_FY2023-2025,small,both,"pm5-v1: cohort_companies.csv (36 firms, ...",pm5-v1,pm5-v1,pm5-v1,2026-09-17T10:25:19Z,ACCEPTED
INE191H01014::FY2025,INE191H01014,PVR INOX Limited,2025,True,True,True,True,True,False,ACCEPTANCE,source_shredded,span_truncated,f51fa2ce953846c8906a5e2fb6f2e7e9766ac305a7e3ddc2e4482e51039169db,f51fa2ce953846c8906a5e2fb6f2e7e9766ac305a7e3ddc2e4482e51039169db,61551d83db|b9a4c748d5,bse|nse|screener,E6_BRSR_FY2023-2025,small,both,"pm5-v1: cohort_companies.csv (36 firms, ...",pm5-v1,pm5-v1,pm5-v1,2026-09-17T10:25:19Z,FIRST_FAILURE_AT_ACCEPTANCE
INE192B01031::FY2010,INE192B01031,Welspun Living Limited,2010,True,True,False,False,False,False,DOWNLOAD,REASON_CODE_MISSING,,,,00a28da252|52ca55e62c,bse|nse,E1_pre2013_FY2010-2012,small,both,"pm5-v1: cohort_companies.csv (36 firms, ...",pm5-v1,pm5-v1,pm5-v1,2026-09-17T10:25:19Z,FIRST_FAILURE_AT_DOWNLOAD
INE192B01031::FY2011,INE192B01031,Welspun Living Limited,2011,True,True,False,False,False,False,DOWNLOAD,REASON_CODE_MISSING,,,,3409b88171|a2038eb680,bse|nse,E1_pre2013_FY2010-2012,small,both,"pm5-v1: cohort_companies.csv (36 firms, ...",pm5-v1,pm5-v1,pm5-v1,2026-09-17T10:25:19Z,FIRST_FAILURE_AT_DOWNLOAD
INE192B01031::FY2012,INE192B01031,Welspun Living Limited,2012,True,True,True,False,True,False,IDENTITY,identity_unproven,year_unproven|source_shredded|span_truncated,4e62913a8863fab4f45c90c7f4ee328b232124ec02071cf61b1e4864cf850606,4e62913a8863fab4f45c90c7f4ee328b232124ec02071cf61b1e4864cf850606,46f5866374|9de785b5bf,bse|nse,E1_pre2013_FY2010-2012,small,both,"pm5-v1: cohort_companies.csv (36 firms, ...",pm5-v1,pm5-v1,pm5-v1,2026-09-17T10:25:19Z,FIRST_FAILURE_AT_IDENTITY
INE192B01031::FY2013,INE192B01031,Welspun Living Limited,2013,True,True,True,False,True,False,IDENTITY,identity_unproven,,1711171ff8edc5051f62c21869c885059481311309757f85954f6fa35df94f3d,1711171ff8edc5051f62c21869c885059481311309757f85954f6fa35df94f3d,38a5567b63|8e793fb348|f413db130a,bse|nse|screener,E2_BRreport_FY2013-2014,small,both,"pm5-v1: cohort_companies.csv (36 firms, ...",pm5-v1,pm5-v1,pm5-v1,2026-09-17T10:25:19Z,FIRST_FAILURE_AT_IDENTITY
INE192B01031::FY2014,INE192B01031,Welspun Living Limited,2014,True,True,False,False,False,False,DOWNLOAD,REASON_CODE_MISSING,,,,7a1ec2d6d8|949e9b38d5,bse|nse|screener,E2_BRreport_FY2013-2014,small,both,"pm5-v1: cohort_companies.csv (36 firms, ...",pm5-v1,pm5-v1,pm5-v1,2026-09-17T10:25:19Z,FIRST_FAILURE_AT_DOWNLOAD
INE192B01031::FY2015,INE192B01031,Welspun Living Limited,2015,True,True,False,False,False,False,DOWNLOAD,REASON_CODE_MISSING,,,,17714841ba|dca8c7c17f,bse|nse|screener,E3_CompaniesAct2013_FY2015,small,both,"pm5-v1: cohort_companies.csv (36 firms, ...",pm5-v1,pm5-v1,pm5-v1,2026-09-17T10:25:19Z,FIRST_FAILURE_AT_DOWNLOAD
INE192B01031::FY2016,INE192B01031,Welspun Living Limited,2016,True,True,False,False,False,False,DOWNLOAD,REASON_CODE_MISSING,,,,65ffdadc7a|87ffdcec63,bse|nse|screener,E4_IndAS_FY2016-2019,small,both,"pm5-v1: cohort_companies.csv (36 firms, ...",pm5-v1,pm5-v1,pm5-v1,2026-09-17T10:25:19Z,FIRST_FAILURE_AT_DOWNLOAD
INE192B01031::FY2017,INE192B01031,Welspun Living Limited,2017,True,True,True,True,True,True,,,,52b4f4ced950788a3c852bd9474f83c092f8a58fe9181c2cf7acb6dcfc612a6c,52b4f4ced950788a3c852bd9474f83c092f8a58fe9181c2cf7acb6dcfc612a6c,7224c006d7|76f1ae68ed,bse|nse|screener,E4_IndAS_FY2016-2019,small,both,"pm5-v1: cohort_companies.csv (36 firms, ...",pm5-v1,pm5-v1,pm5-v1,2026-09-17T10:25:19Z,ACCEPTED
INE192B01031::FY2018,INE192B01031,Welspun Living Limited,2018,True,True,True,True,True,True,,,,8626ed2609023d2906a47e8bcefc91749a4945e797ac4e3e861f68794f8ed54d,8626ed2609023d2906a47e8bcefc91749a4945e797ac4e3e861f68794f8ed54d,46b9b3a973|db4f5b1732,bse|nse|screener,E4_IndAS_FY2016-2019,small,both,"pm5-v1: cohort_companies.csv (36 firms, ...",pm5-v1,pm5-v1,pm5-v1,2026-09-17T10:25:19Z,ACCEPTED
INE192B01031::FY2019,INE192B01031,Welspun Living Limited,2019,True,True,False,False,False,False,DOWNLOAD,REASON_CODE_MISSING,,,,ea2017eb0c|ef32ab98d2,bse|nse|screener,E4_IndAS_FY2016-2019,small,both,"pm5-v1: cohort_companies.csv (36 firms, ...",pm5-v1,pm5-v1,pm5-v1,2026-09-17T10:25:19Z,FIRST_FAILURE_AT_DOWNLOAD
INE192B01031::FY2020,INE192B01031,Welspun Living Limited,2020,True,True,False,False,False,False,DOWNLOAD,REASON_CODE_MISSING,,,,0eb016f4f1|a90ed0b62e,bse|nse|screener,E5_MandatedRatios_FY2020-2022,small,both,"pm5-v1: cohort_companies.csv (36 firms, ...",pm5-v1,pm5-v1,pm5-v1,2026-09-17T10:25:19Z,FIRST_FAILURE_AT_DOWNLOAD
INE192B01031::FY2021,INE192B01031,Welspun Living Limited,2021,True,True,False,False,False,False,DOWNLOAD,REASON_CODE_MISSING,,,,63792dfbf8|c6fa36f7a0,bse|nse|screener,E5_MandatedRatios_FY2020-2022,small,both,"pm5-v1: cohort_companies.csv (36 firms, ...",pm5-v1,pm5-v1,pm5-v1,2026-09-17T10:25:19Z,FIRST_FAILURE_AT_DOWNLOAD
INE192B01031::FY2022,INE192B01031,Welspun Living Limited,2022,True,True,False,False,False,False,DOWNLOAD,REASON_CODE_MISSING,,,,34c368885e|398d53591f,bse|nse|screener,E5_MandatedRatios_FY2020-2022,small,both,"pm5-v1: cohort_companies.csv (36 firms, ...",pm5-v1,pm5-v1,pm5-v1,2026-09-17T10:25:19Z,FIRST_FAILURE_AT_DOWNLOAD
INE192B01031::FY2023,INE192B01031,Welspun Living Limited,2023,True,True,False,False,False,False,DOWNLOAD,REASON_CODE_MISSING,,,,370fbf3fbf|4f5d9c8a3a|99d1b6e716,bse|nse|screener,E6_BRSR_FY2023-2025,small,both,"pm5-v1: cohort_companies.csv (36 firms, ...",pm5-v1,pm5-v1,pm5-v1,2026-09-17T10:25:19Z,FIRST_FAILURE_AT_DOWNLOAD
INE192B01031::FY2024,INE192B01031,Welspun Living Limited,2024,True,True,True,True,True,True,,,,814886152ee1e682bc610e861e41d1806f6531eef5bd1c9f472c5abfc75972cc,814886152ee1e682bc610e861e41d1806f6531eef5bd1c9f472c5abfc75972cc,8ec1114065|ea8b329eee,bse|nse|screener,E6_BRSR_FY2023-2025,small,both,"pm5-v1: cohort_companies.csv (36 firms, ...",pm5-v1,pm5-v1,pm5-v1,2026-09-17T10:25:19Z,ACCEPTED
INE192B01031::FY2025,INE192B01031,Welspun Living Limited,2025,True,True,True,True,True,True,,,,07ecda71317e04d48499e654f42b294123694064ac48948f19d88c60f34bcd8f,07ecda71317e04d48499e654f42b294123694064ac48948f19d88c60f34bcd8f,6d7470eec8|cd534d43ec,bse|nse|screener,E6_BRSR_FY2023-2025,small,both,"pm5-v1: cohort_companies.csv (36 firms, ...",pm5-v1,pm5-v1,pm5-v1,2026-09-17T10:25:19Z,ACCEPTED
INE482A01020::FY2010,INE482A01020,CEAT Limited,2010,True,True,False,False,False,False,DOWNLOAD,REASON_CODE_MISSING,,,,1a171d5e89|c16c72e464,bse|nse,E1_pre2013_FY2010-2012,small,both,"pm5-v1: cohort_companies.csv (36 firms, ...",pm5-v1,pm5-v1,pm5-v1,2026-09-17T10:25:19Z,FIRST_FAILURE_AT_DOWNLOAD
INE482A01020::FY2011,INE482A01020,CEAT Limited,2011,True,True,False,False,False,False,DOWNLOAD,REASON_CODE_MISSING,,,,ca473836ea,bse,E1_pre2013_FY2010-2012,small,both,"pm5-v1: cohort_companies.csv (36 firms, ...",pm5-v1,pm5-v1,pm5-v1,2026-09-17T10:25:19Z,FIRST_FAILURE_AT_DOWNLOAD
INE482A01020::FY2012,INE482A01020,CEAT Limited,2012,True,True,True,True,True,True,,,,ac056f0de39913579ff7e3546c78ea784492f46b256e0e86be69aa5736162557,ac056f0de39913579ff7e3546c78ea784492f46b256e0e86be69aa5736162557,4c45712597|c92f45477d,bse|nse|screener,E1_pre2013_FY2010-2012,small,both,"pm5-v1: cohort_companies.csv (36 firms, ...",pm5-v1,pm5-v1,pm5-v1,2026-09-17T10:25:19Z,ACCEPTED
INE482A01020::FY2013,INE482A01020,CEAT Limited,2013,True,True,True,True,True,True,,,,43eb0d49e59d7fee138022b874d8e303e671a683d9763a8864c3c9747656f518,43eb0d49e59d7fee138022b874d8e303e671a683d9763a8864c3c9747656f518,3f6cc3b3e3|bde4a42300,bse|nse|screener,E2_BRreport_FY2013-2014,small,both,"pm5-v1: cohort_companies.csv (36 firms, ...",pm5-v1,pm5-v1,pm5-v1,2026-09-17T10:25:19Z,ACCEPTED
INE482A01020::FY2014,INE482A01020,CEAT Limited,2014,True,True,False,False,False,False,DOWNLOAD,REASON_CODE_MISSING,,,,703e546bcc|f53e1c9592,bse|nse|screener,E2_BRreport_FY2013-2014,small,both,"pm5-v1: cohort_companies.csv (36 firms, ...",pm5-v1,pm5-v1,pm5-v1,2026-09-17T10:25:19Z,FIRST_FAILURE_AT_DOWNLOAD
INE482A01020::FY2015,INE482A01020,CEAT Limited,2015,True,True,False,False,False,False,DOWNLOAD,REASON_CODE_MISSING,,,,0044f22d17|ec758c86a7,bse|nse|screener,E3_CompaniesAct2013_FY2015,small,both,"pm5-v1: cohort_companies.csv (36 firms, ...",pm5-v1,pm5-v1,pm5-v1,2026-09-17T10:25:19Z,FIRST_FAILURE_AT_DOWNLOAD
INE482A01020::FY2016,INE482A01020,CEAT Limited,2016,True,True,False,False,False,False,DOWNLOAD,REASON_CODE_MISSING,,,,19e8ae5874|a67a291166,bse|nse|screener,E4_IndAS_FY2016-2019,small,both,"pm5-v1: cohort_companies.csv (36 firms, ...",pm5-v1,pm5-v1,pm5-v1,2026-09-17T10:25:19Z,FIRST_FAILURE_AT_DOWNLOAD
INE482A01020::FY2017,INE482A01020,CEAT Limited,2017,True,True,True,True,True,True,,,,be4593eab67359eebfc4aa6749168e343b04c2699b1879fbb1ebb26340c08c07,be4593eab67359eebfc4aa6749168e343b04c2699b1879fbb1ebb26340c08c07,5f8ace7288|da581897bb,bse|nse|screener,E4_IndAS_FY2016-2019,small,both,"pm5-v1: cohort_companies.csv (36 firms, ...",pm5-v1,pm5-v1,pm5-v1,2026-09-17T10:25:19Z,ACCEPTED
INE482A01020::FY2018,INE482A01020,CEAT Limited,2018,True,True,True,True,True,True,,,,177d0e4dc477f822973a7fe7cad58523f93ed89967280340d6bf452421ca5189,177d0e4dc477f822973a7fe7cad58523f93ed89967280340d6bf452421ca5189,5484fe46b8|a00ba43774,bse|nse|screener,E4_IndAS_FY2016-2019,small,both,"pm5-v1: cohort_companies.csv (36 firms, ...",pm5-v1,pm5-v1,pm5-v1,2026-09-17T10:25:19Z,ACCEPTED
INE482A01020::FY2019,INE482A01020,CEAT Limited,2019,True,True,False,False,False,False,DOWNLOAD,REASON_CODE_MISSING,,,,33c7fdb3ba|463033572a,bse|nse|screener,E4_IndAS_FY2016-2019,small,both,"pm5-v1: cohort_companies.csv (36 firms, ...",pm5-v1,pm5-v1,pm5-v1,2026-09-17T10:25:19Z,FIRST_FAILURE_AT_DOWNLOAD
INE482A01020::FY2020,INE482A01020,CEAT Limited,2020,True,True,False,False,False,False,DOWNLOAD,REASON_CODE_MISSING,,,,2ae63817f4|903c11430e,bse|nse|screener,E5_MandatedRatios_FY2020-2022,small,both,"pm5-v1: cohort_companies.csv (36 firms, ...",pm5-v1,pm5-v1,pm5-v1,2026-09-17T10:25:19Z,FIRST_FAILURE_AT_DOWNLOAD
INE482A01020::FY2021,INE482A01020,CEAT Limited,2021,True,True,False,False,False,False,DOWNLOAD,REASON_CODE_MISSING,,,,8575e53ccf|92edddbb57,bse|nse|screener,E5_MandatedRatios_FY2020-2022,small,both,"pm5-v1: cohort_companies.csv (36 firms, ...",pm5-v1,pm5-v1,pm5-v1,2026-09-17T10:25:19Z,FIRST_FAILURE_AT_DOWNLOAD
INE482A01020::FY2022,INE482A01020,CEAT Limited,2022,True,True,False,False,False,False,DOWNLOAD,REASON_CODE_MISSING,,,,1d30a4a8b6|f55edfb11d,bse|nse|screener,E5_MandatedRatios_FY2020-2022,small,both,"pm5-v1: cohort_companies.csv (36 firms, ...",pm5-v1,pm5-v1,pm5-v1,2026-09-17T10:25:19Z,FIRST_FAILURE_AT_DOWNLOAD
INE482A01020::FY2023,INE482A01020,CEAT Limited,2023,True,True,False,False,False,False,DOWNLOAD,REASON_CODE_MISSING,,,,23a56081f2|79c55cc6a1|8e9aa6c0bb,bse|nse|screener,E6_BRSR_FY2023-2025,small,both,"pm5-v1: cohort_companies.csv (36 firms, ...",pm5-v1,pm5-v1,pm5-v1,2026-09-17T10:25:19Z,FIRST_FAILURE_AT_DOWNLOAD
INE482A01020::FY2024,INE482A01020,CEAT Limited,2024,True,True,True,True,True,True,,,,26e9064031e3684c4f86b78f829f090e6fff185bc74c9d1ddb5458477b56433a,26e9064031e3684c4f86b78f829f090e6fff185bc74c9d1ddb5458477b56433a,90ad778137|f62a7fea08,bse|nse|screener,E6_BRSR_FY2023-2025,small,both,"pm5-v1: cohort_companies.csv (36 firms, ...",pm5-v1,pm5-v1,pm5-v1,2026-09-17T10:25:19Z,ACCEPTED
INE482A01020::FY2025,INE482A01020,CEAT Limited,2025,True,True,True,True,True,True,,,,599fa0156caf55027fa2a482979b5288311ed46e5c2b0464f812146540f35e6d,599fa0156caf55027fa2a482979b5288311ed46e5c2b0464f812146540f35e6d,2593ff1466|c16e96ed53,bse|nse|screener,E6_BRSR_FY2023-2025,small,both,"pm5-v1: cohort_companies.csv (36 firms, ...",pm5-v1,pm5-v1,pm5-v1,2026-09-17T10:25:19Z,ACCEPTED
INE00E101023::FY2010,INE00E101023,Bikaji Foods International Limited,2010,True,False,False,False,False,False,DISCOVERY,REASON_CODE_MISSING,,,,,,E1_pre2013_FY2010-2012,small,both,"pm5-v1: cohort_companies.csv (36 firms, ...",pm5-v1,pm5-v1,pm5-v1,2026-09-17T10:25:19Z,FIRST_FAILURE_AT_DISCOVERY
INE00E101023::FY2011,INE00E101023,Bikaji Foods International Limited,2011,True,False,False,False,False,False,DISCOVERY,REASON_CODE_MISSING,,,,,,E1_pre2013_FY2010-2012,small,both,"pm5-v1: cohort_companies.csv (36 firms, ...",pm5-v1,pm5-v1,pm5-v1,2026-09-17T10:25:19Z,FIRST_FAILURE_AT_DISCOVERY
INE00E101023::FY2012,INE00E101023,Bikaji Foods International Limited,2012,True,False,False,False,False,False,DISCOVERY,REASON_CODE_MISSING,,,,,,E1_pre2013_FY2010-2012,small,both,"pm5-v1: cohort_companies.csv (36 firms, ...",pm5-v1,pm5-v1,pm5-v1,2026-09-17T10:25:19Z,FIRST_FAILURE_AT_DISCOVERY
INE00E101023::FY2013,INE00E101023,Bikaji Foods International Limited,2013,True,False,False,False,False,False,DISCOVERY,REASON_CODE_MISSING,,,,,,E2_BRreport_FY2013-2014,small,both,"pm5-v1: cohort_companies.csv (36 firms, ...",pm5-v1,pm5-v1,pm5-v1,2026-09-17T10:25:19Z,FIRST_FAILURE_AT_DISCOVERY
INE00E101023::FY2014,INE00E101023,Bikaji Foods International Limited,2014,True,False,False,False,False,False,DISCOVERY,REASON_CODE_MISSING,,,,,,E2_BRreport_FY2013-2014,small,both,"pm5-v1: cohort_companies.csv (36 firms, ...",pm5-v1,pm5-v1,pm5-v1,2026-09-17T10:25:19Z,FIRST_FAILURE_AT_DISCOVERY
INE00E101023::FY2015,INE00E101023,Bikaji Foods International Limited,2015,True,False,False,False,False,False,DISCOVERY,REASON_CODE_MISSING,,,,,,E3_CompaniesAct2013_FY2015,small,both,"pm5-v1: cohort_companies.csv (36 firms, ...",pm5-v1,pm5-v1,pm5-v1,2026-09-17T10:25:19Z,FIRST_FAILURE_AT_DISCOVERY
INE00E101023::FY2016,INE00E101023,Bikaji Foods International Limited,2016,True,False,False,False,False,False,DISCOVERY,REASON_CODE_MISSING,,,,,,E4_IndAS_FY2016-2019,small,both,"pm5-v1: cohort_companies.csv (36 firms, ...",pm5-v1,pm5-v1,pm5-v1,2026-09-17T10:25:19Z,FIRST_FAILURE_AT_DISCOVERY
INE00E101023::FY2017,INE00E101023,Bikaji Foods International Limited,2017,True,False,False,False,False,False,DISCOVERY,REASON_CODE_MISSING,,,,,,E4_IndAS_FY2016-2019,small,both,"pm5-v1: cohort_companies.csv (36 firms, ...",pm5-v1,pm5-v1,pm5-v1,2026-09-17T10:25:19Z,FIRST_FAILURE_AT_DISCOVERY
INE00E101023::FY2018,INE00E101023,Bikaji Foods International Limited,2018,True,False,False,False,False,False,DISCOVERY,REASON_CODE_MISSING,,,,,,E4_IndAS_FY2016-2019,small,both,"pm5-v1: cohort_companies.csv (36 firms, ...",pm5-v1,pm5-v1,pm5-v1,2026-09-17T10:25:19Z,FIRST_FAILURE_AT_DISCOVERY
INE00E101023::FY2019,INE00E101023,Bikaji Foods International Limited,2019,True,False,False,False,False,False,DISCOVERY,REASON_CODE_MISSING,,,,,,E4_IndAS_FY2016-2019,small,both,"pm5-v1: cohort_companies.csv (36 firms, ...",pm5-v1,pm5-v1,pm5-v1,2026-09-17T10:25:19Z,FIRST_FAILURE_AT_DISCOVERY
INE00E101023::FY2020,INE00E101023,Bikaji Foods International Limited,2020,True,False,False,False,False,False,DISCOVERY,REASON_CODE_MISSING,,,,,,E5_MandatedRatios_FY2020-2022,small,both,"pm5-v1: cohort_companies.csv (36 firms, ...",pm5-v1,pm5-v1,pm5-v1,2026-09-17T10:25:19Z,FIRST_FAILURE_AT_DISCOVERY
INE00E101023::FY2021,INE00E101023,Bikaji Foods International Limited,2021,True,False,False,False,False,False,DISCOVERY,REASON_CODE_MISSING,,,,,,E5_MandatedRatios_FY2020-2022,small,both,"pm5-v1: cohort_companies.csv (36 firms, ...",pm5-v1,pm5-v1,pm5-v1,2026-09-17T10:25:19Z,FIRST_FAILURE_AT_DISCOVERY
INE00E101023::FY2022,INE00E101023,Bikaji Foods International Limited,2022,True,False,False,False,False,False,DISCOVERY,REASON_CODE_MISSING,,,,,,E5_MandatedRatios_FY2020-2022,small,both,"pm5-v1: cohort_companies.csv (36 firms, ...",pm5-v1,pm5-v1,pm5-v1,2026-09-17T10:25:19Z,FIRST_FAILURE_AT_DISCOVERY
INE00E101023::FY2023,INE00E101023,Bikaji Foods International Limited,2023,True,True,False,False,False,False,DOWNLOAD,REASON_CODE_MISSING,,,,3bc38ba2e2|7159c48402|d6ca534e14,bse|nse|screener,E6_BRSR_FY2023-2025,small,both,"pm5-v1: cohort_companies.csv (36 firms, ...",pm5-v1,pm5-v1,pm5-v1,2026-09-17T10:25:19Z,FIRST_FAILURE_AT_DOWNLOAD
INE00E101023::FY2024,INE00E101023,Bikaji Foods International Limited,2024,True,True,True,True,True,True,,,,0791d7e713c37c45a13249c4e9214d03419500fbd80d0436ca3183b1f9effde3,0791d7e713c37c45a13249c4e9214d03419500fbd80d0436ca3183b1f9effde3,1898b86b0e|da02c69e19,bse|nse|screener,E6_BRSR_FY2023-2025,small,both,"pm5-v1: cohort_companies.csv (36 firms, ...",pm5-v1,pm5-v1,pm5-v1,2026-09-17T10:25:19Z,ACCEPTED
INE00E101023::FY2025,INE00E101023,Bikaji Foods International Limited,2025,True,True,True,True,True,True,,,,9b8c4a3c89885f392061f293f0afe18128be2bcbec5666f62255ea974937ba57,9b8c4a3c89885f392061f293f0afe18128be2bcbec5666f62255ea974937ba57,03311fb9d2|2cd6a3bb03,bse|nse|screener,E6_BRSR_FY2023-2025,small,both,"pm5-v1: cohort_companies.csv (36 firms, ...",pm5-v1,pm5-v1,pm5-v1,2026-09-17T10:25:19Z,ACCEPTED
INE00FF01025::FY2010,INE00FF01025,Acutaas Chemicals Limited,2010,True,False,False,False,False,False,DISCOVERY,REASON_CODE_MISSING,,,,,,E1_pre2013_FY2010-2012,small,both,"pm5-v1: cohort_companies.csv (36 firms, ...",pm5-v1,pm5-v1,pm5-v1,2026-09-17T10:25:19Z,FIRST_FAILURE_AT_DISCOVERY
INE00FF01025::FY2011,INE00FF01025,Acutaas Chemicals Limited,2011,True,False,False,False,False,False,DISCOVERY,REASON_CODE_MISSING,,,,,,E1_pre2013_FY2010-2012,small,both,"pm5-v1: cohort_companies.csv (36 firms, ...",pm5-v1,pm5-v1,pm5-v1,2026-09-17T10:25:19Z,FIRST_FAILURE_AT_DISCOVERY
INE00FF01025::FY2012,INE00FF01025,Acutaas Chemicals Limited,2012,True,False,False,False,False,False,DISCOVERY,REASON_CODE_MISSING,,,,,,E1_pre2013_FY2010-2012,small,both,"pm5-v1: cohort_companies.csv (36 firms, ...",pm5-v1,pm5-v1,pm5-v1,2026-09-17T10:25:19Z,FIRST_FAILURE_AT_DISCOVERY
INE00FF01025::FY2013,INE00FF01025,Acutaas Chemicals Limited,2013,True,False,False,False,False,False,DISCOVERY,REASON_CODE_MISSING,,,,,,E2_BRreport_FY2013-2014,small,both,"pm5-v1: cohort_companies.csv (36 firms, ...",pm5-v1,pm5-v1,pm5-v1,2026-09-17T10:25:19Z,FIRST_FAILURE_AT_DISCOVERY
INE00FF01025::FY2014,INE00FF01025,Acutaas Chemicals Limited,2014,True,False,False,False,False,False,DISCOVERY,REASON_CODE_MISSING,,,,,,E2_BRreport_FY2013-2014,small,both,"pm5-v1: cohort_companies.csv (36 firms, ...",pm5-v1,pm5-v1,pm5-v1,2026-09-17T10:25:19Z,FIRST_FAILURE_AT_DISCOVERY
INE00FF01025::FY2015,INE00FF01025,Acutaas Chemicals Limited,2015,True,True,True,False,False,False,IDENTITY,mda_not_located,,ad5579d7193f5bff7e97d9e05e7711e0b030fa42fb874971032c13a0ef84ca0c,ad5579d7193f5bff7e97d9e05e7711e0b030fa42fb874971032c13a0ef84ca0c,3af0ee49a6|6cb28cddfb,screener,E3_CompaniesAct2013_FY2015,small,both,"pm5-v1: cohort_companies.csv (36 firms, ...",pm5-v1,pm5-v1,pm5-v1,2026-09-17T10:25:19Z,FIRST_FAILURE_AT_IDENTITY
INE00FF01025::FY2016,INE00FF01025,Acutaas Chemicals Limited,2016,True,False,False,False,False,False,DISCOVERY,REASON_CODE_MISSING,,,,,,E4_IndAS_FY2016-2019,small,both,"pm5-v1: cohort_companies.csv (36 firms, ...",pm5-v1,pm5-v1,pm5-v1,2026-09-17T10:25:19Z,FIRST_FAILURE_AT_DISCOVERY
INE00FF01025::FY2017,INE00FF01025,Acutaas Chemicals Limited,2017,True,False,False,False,False,False,DISCOVERY,REASON_CODE_MISSING,,,,,,E4_IndAS_FY2016-2019,small,both,"pm5-v1: cohort_companies.csv (36 firms, ...",pm5-v1,pm5-v1,pm5-v1,2026-09-17T10:25:19Z,FIRST_FAILURE_AT_DISCOVERY
INE00FF01025::FY2018,INE00FF01025,Acutaas Chemicals Limited,2018,True,False,False,False,False,False,DISCOVERY,REASON_CODE_MISSING,,,,,,E4_IndAS_FY2016-2019,small,both,"pm5-v1: cohort_companies.csv (36 firms, ...",pm5-v1,pm5-v1,pm5-v1,2026-09-17T10:25:19Z,FIRST_FAILURE_AT_DISCOVERY
INE00FF01025::FY2019,INE00FF01025,Acutaas Chemicals Limited,2019,True,False,False,False,False,False,DISCOVERY,REASON_CODE_MISSING,,,,,,E4_IndAS_FY2016-2019,small,both,"pm5-v1: cohort_companies.csv (36 firms, ...",pm5-v1,pm5-v1,pm5-v1,2026-09-17T10:25:19Z,FIRST_FAILURE_AT_DISCOVERY
INE00FF01025::FY2020,INE00FF01025,Acutaas Chemicals Limited,2020,True,False,False,False,False,False,DISCOVERY,REASON_CODE_MISSING,,,,,,E5_MandatedRatios_FY2020-2022,small,both,"pm5-v1: cohort_companies.csv (36 firms, ...",pm5-v1,pm5-v1,pm5-v1,2026-09-17T10:25:19Z,FIRST_FAILURE_AT_DISCOVERY
INE00FF01025::FY2021,INE00FF01025,Acutaas Chemicals Limited,2021,True,False,False,False,False,False,DISCOVERY,REASON_CODE_MISSING,,,,,,E5_MandatedRatios_FY2020-2022,small,both,"pm5-v1: cohort_companies.csv (36 firms, ...",pm5-v1,pm5-v1,pm5-v1,2026-09-17T10:25:19Z,FIRST_FAILURE_AT_DISCOVERY
INE00FF01025::FY2022,INE00FF01025,Acutaas Chemicals Limited,2022,True,True,False,False,False,False,DOWNLOAD,REASON_CODE_MISSING,,,,3b102c14fe|d0f76480d2|de6586de0a,bse|nse|screener,E5_MandatedRatios_FY2020-2022,small,both,"pm5-v1: cohort_companies.csv (36 firms, ...",pm5-v1,pm5-v1,pm5-v1,2026-09-17T10:25:19Z,FIRST_FAILURE_AT_DOWNLOAD
INE00FF01025::FY2023,INE00FF01025,Acutaas Chemicals Limited,2023,True,True,False,False,False,False,DOWNLOAD,REASON_CODE_MISSING,,,,4a9cee3410|4c719cfe03|6d02a17b56|be9fdd0e89,bse|nse|screener,E6_BRSR_FY2023-2025,small,both,"pm5-v1: cohort_companies.csv (36 firms, ...",pm5-v1,pm5-v1,pm5-v1,2026-09-17T10:25:19Z,FIRST_FAILURE_AT_DOWNLOAD
INE00FF01025::FY2024,INE00FF01025,Acutaas Chemicals Limited,2024,True,True,True,True,True,True,,,,d137843e94954d0ce3f16ea0f28600688501af03bf75a18ed04e230d4d7d9f13,d137843e94954d0ce3f16ea0f28600688501af03bf75a18ed04e230d4d7d9f13,da7627e86d|ec15dfc761,bse|nse|screener,E6_BRSR_FY2023-2025,small,both,"pm5-v1: cohort_companies.csv (36 firms, ...",pm5-v1,pm5-v1,pm5-v1,2026-09-17T10:25:19Z,ACCEPTED
INE00FF01025::FY2025,INE00FF01025,Acutaas Chemicals Limited,2025,True,True,True,True,True,True,,,,0cd2d75144a18f342cc451f489feaacd6ee6dfe5304b268f4d485267f43051c2,0cd2d75144a18f342cc451f489feaacd6ee6dfe5304b268f4d485267f43051c2,36bf04b732|8e8f75b893|eb3e220817,bse|nse|screener,E6_BRSR_FY2023-2025,small,both,"pm5-v1: cohort_companies.csv (36 firms, ...",pm5-v1,pm5-v1,pm5-v1,2026-09-17T10:25:19Z,ACCEPTED
INE00LO01017::FY2010,INE00LO01017,Craftsman Automation Limited,2010,True,False,False,False,False,False,DISCOVERY,REASON_CODE_MISSING,,,,,,E1_pre2013_FY2010-2012,small,both,"pm5-v1: cohort_companies.csv (36 firms, ...",pm5-v1,pm5-v1,pm5-v1,2026-09-17T10:25:19Z,FIRST_FAILURE_AT_DISCOVERY
INE00LO01017::FY2011,INE00LO01017,Craftsman Automation Limited,2011,True,False,False,False,False,False,DISCOVERY,REASON_CODE_MISSING,,,,,,E1_pre2013_FY2010-2012,small,both,"pm5-v1: cohort_companies.csv (36 firms, ...",pm5-v1,pm5-v1,pm5-v1,2026-09-17T10:25:19Z,FIRST_FAILURE_AT_DISCOVERY
INE00LO01017::FY2012,INE00LO01017,Craftsman Automation Limited,2012,True,False,False,False,False,False,DISCOVERY,REASON_CODE_MISSING,,,,,,E1_pre2013_FY2010-2012,small,both,"pm5-v1: cohort_companies.csv (36 firms, ...",pm5-v1,pm5-v1,pm5-v1,2026-09-17T10:25:19Z,FIRST_FAILURE_AT_DISCOVERY
INE00LO01017::FY2013,INE00LO01017,Craftsman Automation Limited,2013,True,False,False,False,False,False,DISCOVERY,REASON_CODE_MISSING,,,,,,E2_BRreport_FY2013-2014,small,both,"pm5-v1: cohort_companies.csv (36 firms, ...",pm5-v1,pm5-v1,pm5-v1,2026-09-17T10:25:19Z,FIRST_FAILURE_AT_DISCOVERY
INE00LO01017::FY2014,INE00LO01017,Craftsman Automation Limited,2014,True,False,False,False,False,False,DISCOVERY,REASON_CODE_MISSING,,,,,,E2_BRreport_FY2013-2014,small,both,"pm5-v1: cohort_companies.csv (36 firms, ...",pm5-v1,pm5-v1,pm5-v1,2026-09-17T10:25:19Z,FIRST_FAILURE_AT_DISCOVERY
INE00LO01017::FY2015,INE00LO01017,Craftsman Automation Limited,2015,True,True,True,False,False,False,IDENTITY,mda_not_located,,7026f85eaacc0f30795ed78351afdeb6c3637cdf4b460cf91d5acaa8f3c2a0fd,7026f85eaacc0f30795ed78351afdeb6c3637cdf4b460cf91d5acaa8f3c2a0fd,323ba2a29e,screener,E3_CompaniesAct2013_FY2015,small,both,"pm5-v1: cohort_companies.csv (36 firms, ...",pm5-v1,pm5-v1,pm5-v1,2026-09-17T10:25:19Z,FIRST_FAILURE_AT_IDENTITY
INE00LO01017::FY2016,INE00LO01017,Craftsman Automation Limited,2016,True,False,False,False,False,False,DISCOVERY,REASON_CODE_MISSING,,,,,,E4_IndAS_FY2016-2019,small,both,"pm5-v1: cohort_companies.csv (36 firms, ...",pm5-v1,pm5-v1,pm5-v1,2026-09-17T10:25:19Z,FIRST_FAILURE_AT_DISCOVERY
INE00LO01017::FY2017,INE00LO01017,Craftsman Automation Limited,2017,True,False,False,False,False,False,DISCOVERY,REASON_CODE_MISSING,,,,,,E4_IndAS_FY2016-2019,small,both,"pm5-v1: cohort_companies.csv (36 firms, ...",pm5-v1,pm5-v1,pm5-v1,2026-09-17T10:25:19Z,FIRST_FAILURE_AT_DISCOVERY
INE00LO01017::FY2018,INE00LO01017,Craftsman Automation Limited,2018,True,False,False,False,False,False,DISCOVERY,REASON_CODE_MISSING,,,,,,E4_IndAS_FY2016-2019,small,both,"pm5-v1: cohort_companies.csv (36 firms, ...",pm5-v1,pm5-v1,pm5-v1,2026-09-17T10:25:19Z,FIRST_FAILURE_AT_DISCOVERY
INE00LO01017::FY2019,INE00LO01017,Craftsman Automation Limited,2019,True,False,False,False,False,False,DISCOVERY,REASON_CODE_MISSING,,,,,,E4_IndAS_FY2016-2019,small,both,"pm5-v1: cohort_companies.csv (36 firms, ...",pm5-v1,pm5-v1,pm5-v1,2026-09-17T10:25:19Z,FIRST_FAILURE_AT_DISCOVERY
INE00LO01017::FY2020,INE00LO01017,Craftsman Automation Limited,2020,True,False,False,False,False,False,DISCOVERY,REASON_CODE_MISSING,,,,,,E5_MandatedRatios_FY2020-2022,small,both,"pm5-v1: cohort_companies.csv (36 firms, ...",pm5-v1,pm5-v1,pm5-v1,2026-09-17T10:25:19Z,FIRST_FAILURE_AT_DISCOVERY
INE00LO01017::FY2021,INE00LO01017,Craftsman Automation Limited,2021,True,True,False,False,False,False,DOWNLOAD,REASON_CODE_MISSING,,,,2ca874cff4|d562f628b5,bse|nse|screener,E5_MandatedRatios_FY2020-2022,small,both,"pm5-v1: cohort_companies.csv (36 firms, ...",pm5-v1,pm5-v1,pm5-v1,2026-09-17T10:25:19Z,FIRST_FAILURE_AT_DOWNLOAD
INE00LO01017::FY2022,INE00LO01017,Craftsman Automation Limited,2022,True,True,False,False,False,False,DOWNLOAD,REASON_CODE_MISSING,,,,5c0169268c|eeec9f1756,bse|nse|screener,E5_MandatedRatios_FY2020-2022,small,both,"pm5-v1: cohort_companies.csv (36 firms, ...",pm5-v1,pm5-v1,pm5-v1,2026-09-17T10:25:19Z,FIRST_FAILURE_AT_DOWNLOAD
INE00LO01017::FY2023,INE00LO01017,Craftsman Automation Limited,2023,True,True,False,False,False,False,DOWNLOAD,REASON_CODE_MISSING,,,,8a0525f5c6|c08ce68ce8|fd3c83451a,bse|nse|screener,E6_BRSR_FY2023-2025,small,both,"pm5-v1: cohort_companies.csv (36 firms, ...",pm5-v1,pm5-v1,pm5-v1,2026-09-17T10:25:19Z,FIRST_FAILURE_AT_DOWNLOAD
INE00LO01017::FY2024,INE00LO01017,Craftsman Automation Limited,2024,True,True,True,True,True,True,,,,bbc5156db65cead9890e170eba069390b43aad1948b69ef52fa8b42d594f765e,bbc5156db65cead9890e170eba069390b43aad1948b69ef52fa8b42d594f765e,3a790f2243|be8eed343f,bse|nse|screener,E6_BRSR_FY2023-2025,small,both,"pm5-v1: cohort_companies.csv (36 firms, ...",pm5-v1,pm5-v1,pm5-v1,2026-09-17T10:25:19Z,ACCEPTED
INE00LO01017::FY2025,INE00LO01017,Craftsman Automation Limited,2025,True,True,True,True,True,True,,,,ba9e95a54851c5b23f503df932bcde1943dda492b2369c0b0d82d26e6f18d14b,ba9e95a54851c5b23f503df932bcde1943dda492b2369c0b0d82d26e6f18d14b,46254b7376|ccc4eea0b0,bse|nse|screener,E6_BRSR_FY2023-2025,small,both,"pm5-v1: cohort_companies.csv (36 firms, ...",pm5-v1,pm5-v1,pm5-v1,2026-09-17T10:25:19Z,ACCEPTED
INE00WC01027::FY2010,INE00WC01027,Affle 3i Limited,2010,True,False,False,False,False,False,DISCOVERY,REASON_CODE_MISSING,,,,,,E1_pre2013_FY2010-2012,small,both,"pm5-v1: cohort_companies.csv (36 firms, ...",pm5-v1,pm5-v1,pm5-v1,2026-09-17T10:25:19Z,FIRST_FAILURE_AT_DISCOVERY
INE00WC01027::FY2011,INE00WC01027,Affle 3i Limited,2011,True,False,False,False,False,False,DISCOVERY,REASON_CODE_MISSING,,,,,,E1_pre2013_FY2010-2012,small,both,"pm5-v1: cohort_companies.csv (36 firms, ...",pm5-v1,pm5-v1,pm5-v1,2026-09-17T10:25:19Z,FIRST_FAILURE_AT_DISCOVERY
INE00WC01027::FY2012,INE00WC01027,Affle 3i Limited,2012,True,False,False,False,False,False,DISCOVERY,REASON_CODE_MISSING,,,,,,E1_pre2013_FY2010-2012,small,both,"pm5-v1: cohort_companies.csv (36 firms, ...",pm5-v1,pm5-v1,pm5-v1,2026-09-17T10:25:19Z,FIRST_FAILURE_AT_DISCOVERY
INE00WC01027::FY2013,INE00WC01027,Affle 3i Limited,2013,True,False,False,False,False,False,DISCOVERY,REASON_CODE_MISSING,,,,,,E2_BRreport_FY2013-2014,small,both,"pm5-v1: cohort_companies.csv (36 firms, ...",pm5-v1,pm5-v1,pm5-v1,2026-09-17T10:25:19Z,FIRST_FAILURE_AT_DISCOVERY
INE00WC01027::FY2014,INE00WC01027,Affle 3i Limited,2014,True,False,False,False,False,False,DISCOVERY,REASON_CODE_MISSING,,,,,,E2_BRreport_FY2013-2014,small,both,"pm5-v1: cohort_companies.csv (36 firms, ...",pm5-v1,pm5-v1,pm5-v1,2026-09-17T10:25:19Z,FIRST_FAILURE_AT_DISCOVERY
INE00WC01027::FY2015,INE00WC01027,Affle 3i Limited,2015,True,False,False,False,False,False,DISCOVERY,REASON_CODE_MISSING,,,,,,E3_CompaniesAct2013_FY2015,small,both,"pm5-v1: cohort_companies.csv (36 firms, ...",pm5-v1,pm5-v1,pm5-v1,2026-09-17T10:25:19Z,FIRST_FAILURE_AT_DISCOVERY
INE00WC01027::FY2016,INE00WC01027,Affle 3i Limited,2016,True,False,False,False,False,False,DISCOVERY,REASON_CODE_MISSING,,,,,,E4_IndAS_FY2016-2019,small,both,"pm5-v1: cohort_companies.csv (36 firms, ...",pm5-v1,pm5-v1,pm5-v1,2026-09-17T10:25:19Z,FIRST_FAILURE_AT_DISCOVERY
INE00WC01027::FY2017,INE00WC01027,Affle 3i Limited,2017,True,False,False,False,False,False,DISCOVERY,REASON_CODE_MISSING,,,,,,E4_IndAS_FY2016-2019,small,both,"pm5-v1: cohort_companies.csv (36 firms, ...",pm5-v1,pm5-v1,pm5-v1,2026-09-17T10:25:19Z,FIRST_FAILURE_AT_DISCOVERY
INE00WC01027::FY2018,INE00WC01027,Affle 3i Limited,2018,True,False,False,False,False,False,DISCOVERY,REASON_CODE_MISSING,,,,,,E4_IndAS_FY2016-2019,small,both,"pm5-v1: cohort_companies.csv (36 firms, ...",pm5-v1,pm5-v1,pm5-v1,2026-09-17T10:25:19Z,FIRST_FAILURE_AT_DISCOVERY
INE00WC01027::FY2019,INE00WC01027,Affle 3i Limited,2019,True,False,False,False,False,False,DISCOVERY,REASON_CODE_MISSING,,,,,,E4_IndAS_FY2016-2019,small,both,"pm5-v1: cohort_companies.csv (36 firms, ...",pm5-v1,pm5-v1,pm5-v1,2026-09-17T10:25:19Z,FIRST_FAILURE_AT_DISCOVERY
INE00WC01027::FY2020,INE00WC01027,Affle 3i Limited,2020,True,True,False,False,False,False,DOWNLOAD,REASON_CODE_MISSING,,,,07bf76b189|8eddbdf5c5,bse|nse|screener,E5_MandatedRatios_FY2020-2022,small,both,"pm5-v1: cohort_companies.csv (36 firms, ...",pm5-v1,pm5-v1,pm5-v1,2026-09-17T10:25:19Z,FIRST_FAILURE_AT_DOWNLOAD
INE00WC01027::FY2021,INE00WC01027,Affle 3i Limited,2021,True,True,False,False,False,False,DOWNLOAD,REASON_CODE_MISSING,,,,127214cccb|27d93c4b05,bse|nse|screener,E5_MandatedRatios_FY2020-2022,small,both,"pm5-v1: cohort_companies.csv (36 firms, ...",pm5-v1,pm5-v1,pm5-v1,2026-09-17T10:25:19Z,FIRST_FAILURE_AT_DOWNLOAD
INE00WC01027::FY2022,INE00WC01027,Affle 3i Limited,2022,True,True,False,False,False,False,DOWNLOAD,REASON_CODE_MISSING,,,,4f676f8351|b95290343f,bse|nse|screener,E5_MandatedRatios_FY2020-2022,small,both,"pm5-v1: cohort_companies.csv (36 firms, ...",pm5-v1,pm5-v1,pm5-v1,2026-09-17T10:25:19Z,FIRST_FAILURE_AT_DOWNLOAD
INE00WC01027::FY2023,INE00WC01027,Affle 3i Limited,2023,True,True,False,False,False,False,DOWNLOAD,REASON_CODE_MISSING,,,,75ed9449d7|b1cbf0d87d|b962d7c0de,bse|nse|screener,E6_BRSR_FY2023-2025,small,both,"pm5-v1: cohort_companies.csv (36 firms, ...",pm5-v1,pm5-v1,pm5-v1,2026-09-17T10:25:19Z,FIRST_FAILURE_AT_DOWNLOAD
INE00WC01027::FY2024,INE00WC01027,Affle 3i Limited,2024,True,True,True,True,True,True,,,,62fc13523833027d7db9a50ca50ab6444b03b8377ec13938ba01e32691194293,62fc13523833027d7db9a50ca50ab6444b03b8377ec13938ba01e32691194293,422d391833|e16daa08f4,bse|nse|screener,E6_BRSR_FY2023-2025,small,both,"pm5-v1: cohort_companies.csv (36 firms, ...",pm5-v1,pm5-v1,pm5-v1,2026-09-17T10:25:19Z,ACCEPTED
INE00WC01027::FY2025,INE00WC01027,Affle 3i Limited,2025,True,True,True,True,True,True,,,,b62c63aa43a4309b297fe13958b0995c8497b8eca0829cb0ea83446a8bfd8bb8,b62c63aa43a4309b297fe13958b0995c8497b8eca0829cb0ea83446a8bfd8bb8,43103d0716|aead205b33,bse|nse|screener,E6_BRSR_FY2023-2025,small,both,"pm5-v1: cohort_companies.csv (36 firms, ...",pm5-v1,pm5-v1,pm5-v1,2026-09-17T10:25:19Z,ACCEPTED
INE001B01026::FY2010,INE001B01026,KRBL Limited,2010,True,True,False,False,False,False,DOWNLOAD,REASON_CODE_MISSING,,,,0a05ed32e2|cc7ebd5f81,bse|nse,E1_pre2013_FY2010-2012,micro,both,"pm5-v1: cohort_companies.csv (36 firms, ...",pm5-v1,pm5-v1,pm5-v1,2026-09-17T10:25:19Z,FIRST_FAILURE_AT_DOWNLOAD
INE001B01026::FY2011,INE001B01026,KRBL Limited,2011,True,True,False,False,False,False,DOWNLOAD,REASON_CODE_MISSING,,,,2cc952f37a|ce90899436,bse|nse,E1_pre2013_FY2010-2012,micro,both,"pm5-v1: cohort_companies.csv (36 firms, ...",pm5-v1,pm5-v1,pm5-v1,2026-09-17T10:25:19Z,FIRST_FAILURE_AT_DOWNLOAD
INE001B01026::FY2012,INE001B01026,KRBL Limited,2012,True,True,True,True,True,True,,,,85a43a887ebb82dfa83e2be710dcf39e815571c702aa0459ecfda2ce0b4481b4,85a43a887ebb82dfa83e2be710dcf39e815571c702aa0459ecfda2ce0b4481b4,484543b92a|d0429efa94,bse|nse,E1_pre2013_FY2010-2012,micro,both,"pm5-v1: cohort_companies.csv (36 firms, ...",pm5-v1,pm5-v1,pm5-v1,2026-09-17T10:25:19Z,ACCEPTED
INE001B01026::FY2013,INE001B01026,KRBL Limited,2013,True,True,True,True,True,True,,,,65a39f97ae2faecdebd901d5487886dbdc3380a282772fc6528fe9449edebd85,65a39f97ae2faecdebd901d5487886dbdc3380a282772fc6528fe9449edebd85,5759b8d7d2|596a974c18|9aa04dc1cf,bse|nse|screener,E2_BRreport_FY2013-2014,micro,both,"pm5-v1: cohort_companies.csv (36 firms, ...",pm5-v1,pm5-v1,pm5-v1,2026-09-17T10:25:19Z,ACCEPTED
INE001B01026::FY2014,INE001B01026,KRBL Limited,2014,True,True,False,False,False,False,DOWNLOAD,REASON_CODE_MISSING,,,,1d51f96a93|88f984401a,bse|nse|screener,E2_BRreport_FY2013-2014,micro,both,"pm5-v1: cohort_companies.csv (36 firms, ...",pm5-v1,pm5-v1,pm5-v1,2026-09-17T10:25:19Z,FIRST_FAILURE_AT_DOWNLOAD
INE001B01026::FY2015,INE001B01026,KRBL Limited,2015,True,True,False,False,False,False,DOWNLOAD,REASON_CODE_MISSING,,,,397853072a|8e88edba77,bse|nse|screener,E3_CompaniesAct2013_FY2015,micro,both,"pm5-v1: cohort_companies.csv (36 firms, ...",pm5-v1,pm5-v1,pm5-v1,2026-09-17T10:25:19Z,FIRST_FAILURE_AT_DOWNLOAD
INE001B01026::FY2016,INE001B01026,KRBL Limited,2016,True,True,False,False,False,False,DOWNLOAD,REASON_CODE_MISSING,,,,2b8917ed8e|395f51e9a7,bse|nse|screener,E4_IndAS_FY2016-2019,micro,both,"pm5-v1: cohort_companies.csv (36 firms, ...",pm5-v1,pm5-v1,pm5-v1,2026-09-17T10:25:19Z,FIRST_FAILURE_AT_DOWNLOAD
INE001B01026::FY2017,INE001B01026,KRBL Limited,2017,True,True,True,True,True,True,,,,a7f1aa3e11271d82730e322f7bff4ff0bf937809e3bde6af26c1086426cd0393,a7f1aa3e11271d82730e322f7bff4ff0bf937809e3bde6af26c1086426cd0393,58556ff4f2|dad2917619,bse|nse|screener,E4_IndAS_FY2016-2019,micro,both,"pm5-v1: cohort_companies.csv (36 firms, ...",pm5-v1,pm5-v1,pm5-v1,2026-09-17T10:25:19Z,ACCEPTED
INE001B01026::FY2018,INE001B01026,KRBL Limited,2018,True,True,True,True,True,False,ACCEPTANCE,source_shredded,span_truncated,cff36dacff70715da6b6e09b4509abc9b9190ff15ed7bf2e4c840d8561f2f5b2,cff36dacff70715da6b6e09b4509abc9b9190ff15ed7bf2e4c840d8561f2f5b2,9d8eeae7af|a001383a32,bse|nse|screener,E4_IndAS_FY2016-2019,micro,both,"pm5-v1: cohort_companies.csv (36 firms, ...",pm5-v1,pm5-v1,pm5-v1,2026-09-17T10:25:19Z,FIRST_FAILURE_AT_ACCEPTANCE
INE001B01026::FY2019,INE001B01026,KRBL Limited,2019,True,True,False,False,False,False,DOWNLOAD,REASON_CODE_MISSING,,,,971655e1fc|984e15c0f6,bse|nse|screener,E4_IndAS_FY2016-2019,micro,both,"pm5-v1: cohort_companies.csv (36 firms, ...",pm5-v1,pm5-v1,pm5-v1,2026-09-17T10:25:19Z,FIRST_FAILURE_AT_DOWNLOAD
INE001B01026::FY2020,INE001B01026,KRBL Limited,2020,True,True,False,False,False,False,DOWNLOAD,REASON_CODE_MISSING,,,,e3f2fc9706|f8ef16b2c2,bse|nse|screener,E5_MandatedRatios_FY2020-2022,micro,both,"pm5-v1: cohort_companies.csv (36 firms, ...",pm5-v1,pm5-v1,pm5-v1,2026-09-17T10:25:19Z,FIRST_FAILURE_AT_DOWNLOAD
INE001B01026::FY2021,INE001B01026,KRBL Limited,2021,True,True,False,False,False,False,DOWNLOAD,REASON_CODE_MISSING,,,,2ddf2495b9|a3fb5a47ed,bse|nse|screener,E5_MandatedRatios_FY2020-2022,micro,both,"pm5-v1: cohort_companies.csv (36 firms, ...",pm5-v1,pm5-v1,pm5-v1,2026-09-17T10:25:19Z,FIRST_FAILURE_AT_DOWNLOAD
INE001B01026::FY2022,INE001B01026,KRBL Limited,2022,True,True,False,False,False,False,DOWNLOAD,REASON_CODE_MISSING,,,,1388fa4b4a|e0d5b0cf92,bse|nse|screener,E5_MandatedRatios_FY2020-2022,micro,both,"pm5-v1: cohort_companies.csv (36 firms, ...",pm5-v1,pm5-v1,pm5-v1,2026-09-17T10:25:19Z,FIRST_FAILURE_AT_DOWNLOAD
INE001B01026::FY2023,INE001B01026,KRBL Limited,2023,True,True,False,False,False,False,DOWNLOAD,REASON_CODE_MISSING,,,,b59b2753fd|d34c4b09a2|d4521c2cf4,bse|nse|screener,E6_BRSR_FY2023-2025,micro,both,"pm5-v1: cohort_companies.csv (36 firms, ...",pm5-v1,pm5-v1,pm5-v1,2026-09-17T10:25:19Z,FIRST_FAILURE_AT_DOWNLOAD
INE001B01026::FY2024,INE001B01026,KRBL Limited,2024,True,True,True,True,True,True,,,,47744fb5b66bf3c5c47e8647e30f91d1243c2a671d26b580275772feca3be610,47744fb5b66bf3c5c47e8647e30f91d1243c2a671d26b580275772feca3be610,c1472d555e|d6ba5154d0,bse|nse|screener,E6_BRSR_FY2023-2025,micro,both,"pm5-v1: cohort_companies.csv (36 firms, ...",pm5-v1,pm5-v1,pm5-v1,2026-09-17T10:25:19Z,ACCEPTED
INE001B01026::FY2025,INE001B01026,KRBL Limited,2025,True,True,True,True,True,True,,,,aebce9df42a3fec535b85099546b61d94c406086e2e183220c894808554d5d07,aebce9df42a3fec535b85099546b61d94c406086e2e183220c894808554d5d07,b248ae6f4f|fb9096c6ff,bse|nse|screener,E6_BRSR_FY2023-2025,micro,both,"pm5-v1: cohort_companies.csv (36 firms, ...",pm5-v1,pm5-v1,pm5-v1,2026-09-17T10:25:19Z,ACCEPTED
INE001F01019::FY2010,INE001F01019,Modern Steels Limited,2010,True,True,False,False,False,False,DOWNLOAD,REASON_CODE_MISSING,,,,0195c178f9,bse,E1_pre2013_FY2010-2012,micro,bse,"pm5-v1: cohort_companies.csv (36 firms, ...",pm5-v1,pm5-v1,pm5-v1,2026-09-17T10:25:19Z,FIRST_FAILURE_AT_DOWNLOAD
INE001F01019::FY2011,INE001F01019,Modern Steels Limited,2011,True,True,False,False,False,False,DOWNLOAD,REASON_CODE_MISSING,,,,418a92421b,bse,E1_pre2013_FY2010-2012,micro,bse,"pm5-v1: cohort_companies.csv (36 firms, ...",pm5-v1,pm5-v1,pm5-v1,2026-09-17T10:25:19Z,FIRST_FAILURE_AT_DOWNLOAD
INE001F01019::FY2012,INE001F01019,Modern Steels Limited,2012,True,True,True,True,True,True,,,,7ca96fce59cda07b884371a9af00365ccde511c33e5aaabb515b79df5e459dcb,7ca96fce59cda07b884371a9af00365ccde511c33e5aaabb515b79df5e459dcb,1fec963475,bse,E1_pre2013_FY2010-2012,micro,bse,"pm5-v1: cohort_companies.csv (36 firms, ...",pm5-v1,pm5-v1,pm5-v1,2026-09-17T10:25:19Z,ACCEPTED
INE001F01019::FY2013,INE001F01019,Modern Steels Limited,2013,True,True,True,False,True,False,IDENTITY,year_unproven,span_truncated,b43ffd8429742abbb63df738c25524448013c04f24a16ab8ce7a841307d1dd06,b43ffd8429742abbb63df738c25524448013c04f24a16ab8ce7a841307d1dd06,107bbf9c16,bse,E2_BRreport_FY2013-2014,micro,bse,"pm5-v1: cohort_companies.csv (36 firms, ...",pm5-v1,pm5-v1,pm5-v1,2026-09-17T10:25:19Z,FIRST_FAILURE_AT_IDENTITY
INE001F01019::FY2014,INE001F01019,Modern Steels Limited,2014,True,True,False,False,False,False,DOWNLOAD,REASON_CODE_MISSING,,,,92df0c8ce7,bse,E2_BRreport_FY2013-2014,micro,bse,"pm5-v1: cohort_companies.csv (36 firms, ...",pm5-v1,pm5-v1,pm5-v1,2026-09-17T10:25:19Z,FIRST_FAILURE_AT_DOWNLOAD
INE001F01019::FY2015,INE001F01019,Modern Steels Limited,2015,True,True,False,False,False,False,DOWNLOAD,REASON_CODE_MISSING,,,,bab5286962,bse,E3_CompaniesAct2013_FY2015,micro,bse,"pm5-v1: cohort_companies.csv (36 firms, ...",pm5-v1,pm5-v1,pm5-v1,2026-09-17T10:25:19Z,FIRST_FAILURE_AT_DOWNLOAD
INE001F01019::FY2016,INE001F01019,Modern Steels Limited,2016,True,True,False,False,False,False,DOWNLOAD,REASON_CODE_MISSING,,,,d923b9560a,bse,E4_IndAS_FY2016-2019,micro,bse,"pm5-v1: cohort_companies.csv (36 firms, ...",pm5-v1,pm5-v1,pm5-v1,2026-09-17T10:25:19Z,FIRST_FAILURE_AT_DOWNLOAD
INE001F01019::FY2017,INE001F01019,Modern Steels Limited,2017,True,True,True,True,True,False,ACCEPTANCE,REASON_CODE_MISSING,,7d6c7f1dff985bd0ddb0e3f676f1673c0a0a73c9a8e5561ea362e0c5b00118cc,7d6c7f1dff985bd0ddb0e3f676f1673c0a0a73c9a8e5561ea362e0c5b00118cc,a626367b92,bse,E4_IndAS_FY2016-2019,micro,bse,"pm5-v1: cohort_companies.csv (36 firms, ...",pm5-v1,pm5-v1,pm5-v1,2026-09-17T10:25:19Z,FIRST_FAILURE_AT_ACCEPTANCE
INE001F01019::FY2018,INE001F01019,Modern Steels Limited,2018,True,True,True,True,True,True,,,,eb1db90ac4b641369bbef5c6fdec9cbe9848c6abe16943b39588d0cd8f3958fe,eb1db90ac4b641369bbef5c6fdec9cbe9848c6abe16943b39588d0cd8f3958fe,16fafcc780,bse,E4_IndAS_FY2016-2019,micro,bse,"pm5-v1: cohort_companies.csv (36 firms, ...",pm5-v1,pm5-v1,pm5-v1,2026-09-17T10:25:19Z,ACCEPTED
INE001F01019::FY2019,INE001F01019,Modern Steels Limited,2019,True,True,False,False,False,False,DOWNLOAD,REASON_CODE_MISSING,,,,503f439002,bse,E4_IndAS_FY2016-2019,micro,bse,"pm5-v1: cohort_companies.csv (36 firms, ...",pm5-v1,pm5-v1,pm5-v1,2026-09-17T10:25:19Z,FIRST_FAILURE_AT_DOWNLOAD
INE001F01019::FY2020,INE001F01019,Modern Steels Limited,2020,True,True,False,False,False,False,DOWNLOAD,REASON_CODE_MISSING,,,,6f8aa87d48,bse,E5_MandatedRatios_FY2020-2022,micro,bse,"pm5-v1: cohort_companies.csv (36 firms, ...",pm5-v1,pm5-v1,pm5-v1,2026-09-17T10:25:19Z,FIRST_FAILURE_AT_DOWNLOAD
INE001F01019::FY2021,INE001F01019,Modern Steels Limited,2021,True,True,False,False,False,False,DOWNLOAD,REASON_CODE_MISSING,,,,a63d8e2d6b,bse,E5_MandatedRatios_FY2020-2022,micro,bse,"pm5-v1: cohort_companies.csv (36 firms, ...",pm5-v1,pm5-v1,pm5-v1,2026-09-17T10:25:19Z,FIRST_FAILURE_AT_DOWNLOAD
INE001F01019::FY2022,INE001F01019,Modern Steels Limited,2022,True,True,False,False,False,False,DOWNLOAD,REASON_CODE_MISSING,,,,e7c2f5939b,bse,E5_MandatedRatios_FY2020-2022,micro,bse,"pm5-v1: cohort_companies.csv (36 firms, ...",pm5-v1,pm5-v1,pm5-v1,2026-09-17T10:25:19Z,FIRST_FAILURE_AT_DOWNLOAD
INE001F01019::FY2023,INE001F01019,Modern Steels Limited,2023,True,True,False,False,False,False,DOWNLOAD,REASON_CODE_MISSING,,,,cff81864fd|d101b95cd9,bse,E6_BRSR_FY2023-2025,micro,bse,"pm5-v1: cohort_companies.csv (36 firms, ...",pm5-v1,pm5-v1,pm5-v1,2026-09-17T10:25:19Z,FIRST_FAILURE_AT_DOWNLOAD
INE001F01019::FY2024,INE001F01019,Modern Steels Limited,2024,True,True,True,True,True,False,ACCEPTANCE,source_shredded,span_truncated,be99894412fec2286577b6347fd4a6f6800470ccf44b5a905db3b2db4aa54e38,be99894412fec2286577b6347fd4a6f6800470ccf44b5a905db3b2db4aa54e38,ebc1219519,bse,E6_BRSR_FY2023-2025,micro,bse,"pm5-v1: cohort_companies.csv (36 firms, ...",pm5-v1,pm5-v1,pm5-v1,2026-09-17T10:25:19Z,FIRST_FAILURE_AT_ACCEPTANCE
INE001F01019::FY2025,INE001F01019,Modern Steels Limited,2025,True,True,True,True,True,False,ACCEPTANCE,source_shredded,span_truncated,e66945691df2a14d83442d060cf61e398e8317f1d9ad63bbe6202a410f588f22,e66945691df2a14d83442d060cf61e398e8317f1d9ad63bbe6202a410f588f22,9ad2e3945d,bse,E6_BRSR_FY2023-2025,micro,bse,"pm5-v1: cohort_companies.csv (36 firms, ...",pm5-v1,pm5-v1,pm5-v1,2026-09-17T10:25:19Z,FIRST_FAILURE_AT_ACCEPTANCE
INE003B01014::FY2010,INE003B01014,Inter State Oil Carrier Ltd,2010,True,True,False,False,False,False,DOWNLOAD,REASON_CODE_MISSING,,,,92933723fe,bse,E1_pre2013_FY2010-2012,micro,bse,"pm5-v1: cohort_companies.csv (36 firms, ...",pm5-v1,pm5-v1,pm5-v1,2026-09-17T10:25:19Z,FIRST_FAILURE_AT_DOWNLOAD
INE003B01014::FY2011,INE003B01014,Inter State Oil Carrier Ltd,2011,True,True,True,True,True,False,ACCEPTANCE,REASON_CODE_MISSING,,edc9a15f53d68ac648fad9db5afc2d47906021f98b7a5e3085f8858450075a66,edc9a15f53d68ac648fad9db5afc2d47906021f98b7a5e3085f8858450075a66,b2eba4b44b,bse,E1_pre2013_FY2010-2012,micro,bse,"pm5-v1: cohort_companies.csv (36 firms, ...",pm5-v1,pm5-v1,pm5-v1,2026-09-17T10:25:19Z,FIRST_FAILURE_AT_ACCEPTANCE
INE003B01014::FY2012,INE003B01014,Inter State Oil Carrier Ltd,2012,True,False,False,False,False,False,DISCOVERY,REASON_CODE_MISSING,,,,,,E1_pre2013_FY2010-2012,micro,bse,"pm5-v1: cohort_companies.csv (36 firms, ...",pm5-v1,pm5-v1,pm5-v1,2026-09-17T10:25:19Z,FIRST_FAILURE_AT_DISCOVERY
INE003B01014::FY2013,INE003B01014,Inter State Oil Carrier Ltd,2013,True,True,True,True,True,True,,,,ac45a5735528f6231356054269077496160bddd78b616fa01823bcf778e232a1,ac45a5735528f6231356054269077496160bddd78b616fa01823bcf778e232a1,51ee509683,bse,E2_BRreport_FY2013-2014,micro,bse,"pm5-v1: cohort_companies.csv (36 firms, ...",pm5-v1,pm5-v1,pm5-v1,2026-09-17T10:25:19Z,ACCEPTED
INE003B01014::FY2014,INE003B01014,Inter State Oil Carrier Ltd,2014,True,True,False,False,False,False,DOWNLOAD,REASON_CODE_MISSING,,,,5d398cf908,bse,E2_BRreport_FY2013-2014,micro,bse,"pm5-v1: cohort_companies.csv (36 firms, ...",pm5-v1,pm5-v1,pm5-v1,2026-09-17T10:25:19Z,FIRST_FAILURE_AT_DOWNLOAD
INE003B01014::FY2015,INE003B01014,Inter State Oil Carrier Ltd,2015,True,True,False,False,False,False,DOWNLOAD,REASON_CODE_MISSING,,,,6c0a4eb692,bse,E3_CompaniesAct2013_FY2015,micro,bse,"pm5-v1: cohort_companies.csv (36 firms, ...",pm5-v1,pm5-v1,pm5-v1,2026-09-17T10:25:19Z,FIRST_FAILURE_AT_DOWNLOAD
INE003B01014::FY2016,INE003B01014,Inter State Oil Carrier Ltd,2016,True,True,False,False,False,False,DOWNLOAD,REASON_CODE_MISSING,,,,427f7d1a41,bse,E4_IndAS_FY2016-2019,micro,bse,"pm5-v1: cohort_companies.csv (36 firms, ...",pm5-v1,pm5-v1,pm5-v1,2026-09-17T10:25:19Z,FIRST_FAILURE_AT_DOWNLOAD
INE003B01014::FY2017,INE003B01014,Inter State Oil Carrier Ltd,2017,True,True,True,False,False,False,IDENTITY,mda_not_located,,7978d1c86cecaa825d81a8be5ff04531878e88f432a6fcd0432f8bd87b296bb0,7978d1c86cecaa825d81a8be5ff04531878e88f432a6fcd0432f8bd87b296bb0,5a27ef9098,bse,E4_IndAS_FY2016-2019,micro,bse,"pm5-v1: cohort_companies.csv (36 firms, ...",pm5-v1,pm5-v1,pm5-v1,2026-09-17T10:25:19Z,FIRST_FAILURE_AT_IDENTITY
INE003B01014::FY2018,INE003B01014,Inter State Oil Carrier Ltd,2018,True,True,True,False,False,False,IDENTITY,mda_not_located,,1407c9446c3b97c2617117cdc5edfe0149680c7bb5812244623430ad4981ac2d,1407c9446c3b97c2617117cdc5edfe0149680c7bb5812244623430ad4981ac2d,b7c60009d9,bse,E4_IndAS_FY2016-2019,micro,bse,"pm5-v1: cohort_companies.csv (36 firms, ...",pm5-v1,pm5-v1,pm5-v1,2026-09-17T10:25:19Z,FIRST_FAILURE_AT_IDENTITY
INE003B01014::FY2019,INE003B01014,Inter State Oil Carrier Ltd,2019,True,True,False,False,False,False,DOWNLOAD,REASON_CODE_MISSING,,,,55054159c8,bse,E4_IndAS_FY2016-2019,micro,bse,"pm5-v1: cohort_companies.csv (36 firms, ...",pm5-v1,pm5-v1,pm5-v1,2026-09-17T10:25:19Z,FIRST_FAILURE_AT_DOWNLOAD
INE003B01014::FY2020,INE003B01014,Inter State Oil Carrier Ltd,2020,True,True,False,False,False,False,DOWNLOAD,REASON_CODE_MISSING,,,,29f7e9fae6,bse,E5_MandatedRatios_FY2020-2022,micro,bse,"pm5-v1: cohort_companies.csv (36 firms, ...",pm5-v1,pm5-v1,pm5-v1,2026-09-17T10:25:19Z,FIRST_FAILURE_AT_DOWNLOAD
INE003B01014::FY2021,INE003B01014,Inter State Oil Carrier Ltd,2021,True,True,False,False,False,False,DOWNLOAD,REASON_CODE_MISSING,,,,4c3418366b,bse,E5_MandatedRatios_FY2020-2022,micro,bse,"pm5-v1: cohort_companies.csv (36 firms, ...",pm5-v1,pm5-v1,pm5-v1,2026-09-17T10:25:19Z,FIRST_FAILURE_AT_DOWNLOAD
INE003B01014::FY2022,INE003B01014,Inter State Oil Carrier Ltd,2022,True,True,False,False,False,False,DOWNLOAD,REASON_CODE_MISSING,,,,f5a05fc75a,bse,E5_MandatedRatios_FY2020-2022,micro,bse,"pm5-v1: cohort_companies.csv (36 firms, ...",pm5-v1,pm5-v1,pm5-v1,2026-09-17T10:25:19Z,FIRST_FAILURE_AT_DOWNLOAD
INE003B01014::FY2023,INE003B01014,Inter State Oil Carrier Ltd,2023,True,True,False,False,False,False,DOWNLOAD,REASON_CODE_MISSING,,,,64a7cbc5e8,bse,E6_BRSR_FY2023-2025,micro,bse,"pm5-v1: cohort_companies.csv (36 firms, ...",pm5-v1,pm5-v1,pm5-v1,2026-09-17T10:25:19Z,FIRST_FAILURE_AT_DOWNLOAD
INE003B01014::FY2024,INE003B01014,Inter State Oil Carrier Ltd,2024,True,True,True,True,True,True,,,,880f44f7449c8a8b08536c6ca06318b19e9a74cc096fabd9bf8520f431b0f4ac,880f44f7449c8a8b08536c6ca06318b19e9a74cc096fabd9bf8520f431b0f4ac,94deef0d90,bse,E6_BRSR_FY2023-2025,micro,bse,"pm5-v1: cohort_companies.csv (36 firms, ...",pm5-v1,pm5-v1,pm5-v1,2026-09-17T10:25:19Z,ACCEPTED
INE003B01014::FY2025,INE003B01014,Inter State Oil Carrier Ltd,2025,True,True,True,True,True,True,,,,7788c26d0d47f50c0256c1d486f996777e29cb18c9e14b616e3c81a40a0cd169,7788c26d0d47f50c0256c1d486f996777e29cb18c9e14b616e3c81a40a0cd169,dcc8db40fd,bse,E6_BRSR_FY2023-2025,micro,bse,"pm5-v1: cohort_companies.csv (36 firms, ...",pm5-v1,pm5-v1,pm5-v1,2026-09-17T10:25:19Z,ACCEPTED
INE003F01015::FY2010,INE003F01015,Muller & Phipps (India) Ltd.,2010,True,True,False,False,False,False,DOWNLOAD,REASON_CODE_MISSING,,,,96cd0a5918,bse,E1_pre2013_FY2010-2012,micro,bse,"pm5-v1: cohort_companies.csv (36 firms, ...",pm5-v1,pm5-v1,pm5-v1,2026-09-17T10:25:19Z,FIRST_FAILURE_AT_DOWNLOAD
INE003F01015::FY2011,INE003F01015,Muller & Phipps (India) Ltd.,2011,True,True,False,False,False,False,DOWNLOAD,REASON_CODE_MISSING,,,,b6e79a6d73,bse,E1_pre2013_FY2010-2012,micro,bse,"pm5-v1: cohort_companies.csv (36 firms, ...",pm5-v1,pm5-v1,pm5-v1,2026-09-17T10:25:19Z,FIRST_FAILURE_AT_DOWNLOAD
INE003F01015::FY2012,INE003F01015,Muller & Phipps (India) Ltd.,2012,True,True,True,False,False,False,IDENTITY,mda_not_located,,51f9884c026445d0f7687d41414d9193ea16fe637c3b74617fa7d8477f94dbe4,51f9884c026445d0f7687d41414d9193ea16fe637c3b74617fa7d8477f94dbe4,4cc9ea126a,bse,E1_pre2013_FY2010-2012,micro,bse,"pm5-v1: cohort_companies.csv (36 firms, ...",pm5-v1,pm5-v1,pm5-v1,2026-09-17T10:25:19Z,FIRST_FAILURE_AT_IDENTITY
INE003F01015::FY2013,INE003F01015,Muller & Phipps (India) Ltd.,2013,True,True,True,False,False,False,IDENTITY,mda_not_located,,82dddee265891d2900a0c1029d97d91856a2decb8361a6c52275f49d5053cc9e,82dddee265891d2900a0c1029d97d91856a2decb8361a6c52275f49d5053cc9e,d2afe089c2,bse,E2_BRreport_FY2013-2014,micro,bse,"pm5-v1: cohort_companies.csv (36 firms, ...",pm5-v1,pm5-v1,pm5-v1,2026-09-17T10:25:19Z,FIRST_FAILURE_AT_IDENTITY
INE003F01015::FY2014,INE003F01015,Muller & Phipps (India) Ltd.,2014,True,True,False,False,False,False,DOWNLOAD,REASON_CODE_MISSING,,,,9ed4537d0a,bse,E2_BRreport_FY2013-2014,micro,bse,"pm5-v1: cohort_companies.csv (36 firms, ...",pm5-v1,pm5-v1,pm5-v1,2026-09-17T10:25:19Z,FIRST_FAILURE_AT_DOWNLOAD
INE003F01015::FY2015,INE003F01015,Muller & Phipps (India) Ltd.,2015,True,True,False,False,False,False,DOWNLOAD,REASON_CODE_MISSING,,,,a757e9e89e,bse,E3_CompaniesAct2013_FY2015,micro,bse,"pm5-v1: cohort_companies.csv (36 firms, ...",pm5-v1,pm5-v1,pm5-v1,2026-09-17T10:25:19Z,FIRST_FAILURE_AT_DOWNLOAD
INE003F01015::FY2016,INE003F01015,Muller & Phipps (India) Ltd.,2016,True,True,False,False,False,False,DOWNLOAD,REASON_CODE_MISSING,,,,c654174dc8,bse,E4_IndAS_FY2016-2019,micro,bse,"pm5-v1: cohort_companies.csv (36 firms, ...",pm5-v1,pm5-v1,pm5-v1,2026-09-17T10:25:19Z,FIRST_FAILURE_AT_DOWNLOAD
INE003F01015::FY2017,INE003F01015,Muller & Phipps (India) Ltd.,2017,True,True,True,False,False,False,IDENTITY,mda_not_located,,ede8a4693046d2182c3a5cbc068c708305be3b5f2c09e30278d63de3e7ef01c8,ede8a4693046d2182c3a5cbc068c708305be3b5f2c09e30278d63de3e7ef01c8,503bd5dd84,bse,E4_IndAS_FY2016-2019,micro,bse,"pm5-v1: cohort_companies.csv (36 firms, ...",pm5-v1,pm5-v1,pm5-v1,2026-09-17T10:25:19Z,FIRST_FAILURE_AT_IDENTITY
INE003F01015::FY2018,INE003F01015,Muller & Phipps (India) Ltd.,2018,True,True,True,False,False,False,IDENTITY,mda_not_located,,64c5b3573df779a3a158609b06b5cd3d7e50b83087aaa14d438bf2604cd36872,64c5b3573df779a3a158609b06b5cd3d7e50b83087aaa14d438bf2604cd36872,f306fe9513,bse,E4_IndAS_FY2016-2019,micro,bse,"pm5-v1: cohort_companies.csv (36 firms, ...",pm5-v1,pm5-v1,pm5-v1,2026-09-17T10:25:19Z,FIRST_FAILURE_AT_IDENTITY
INE003F01015::FY2019,INE003F01015,Muller & Phipps (India) Ltd.,2019,True,True,False,False,False,False,DOWNLOAD,REASON_CODE_MISSING,,,,843c6ca3b7,bse,E4_IndAS_FY2016-2019,micro,bse,"pm5-v1: cohort_companies.csv (36 firms, ...",pm5-v1,pm5-v1,pm5-v1,2026-09-17T10:25:19Z,FIRST_FAILURE_AT_DOWNLOAD
INE003F01015::FY2020,INE003F01015,Muller & Phipps (India) Ltd.,2020,True,True,False,False,False,False,DOWNLOAD,REASON_CODE_MISSING,,,,4143c755b6,bse,E5_MandatedRatios_FY2020-2022,micro,bse,"pm5-v1: cohort_companies.csv (36 firms, ...",pm5-v1,pm5-v1,pm5-v1,2026-09-17T10:25:19Z,FIRST_FAILURE_AT_DOWNLOAD
INE003F01015::FY2021,INE003F01015,Muller & Phipps (India) Ltd.,2021,True,True,False,False,False,False,DOWNLOAD,REASON_CODE_MISSING,,,,3a9d65c530,bse,E5_MandatedRatios_FY2020-2022,micro,bse,"pm5-v1: cohort_companies.csv (36 firms, ...",pm5-v1,pm5-v1,pm5-v1,2026-09-17T10:25:19Z,FIRST_FAILURE_AT_DOWNLOAD
INE003F01015::FY2022,INE003F01015,Muller & Phipps (India) Ltd.,2022,True,True,False,False,False,False,DOWNLOAD,REASON_CODE_MISSING,,,,d3f5031a25,bse,E5_MandatedRatios_FY2020-2022,micro,bse,"pm5-v1: cohort_companies.csv (36 firms, ...",pm5-v1,pm5-v1,pm5-v1,2026-09-17T10:25:19Z,FIRST_FAILURE_AT_DOWNLOAD
INE003F01015::FY2023,INE003F01015,Muller & Phipps (India) Ltd.,2023,True,True,False,False,False,False,DOWNLOAD,REASON_CODE_MISSING,,,,46b8434be6,bse,E6_BRSR_FY2023-2025,micro,bse,"pm5-v1: cohort_companies.csv (36 firms, ...",pm5-v1,pm5-v1,pm5-v1,2026-09-17T10:25:19Z,FIRST_FAILURE_AT_DOWNLOAD
INE003F01015::FY2024,INE003F01015,Muller & Phipps (India) Ltd.,2024,True,True,True,False,False,False,IDENTITY,mda_not_located,,3c4d0fa1932189e3b3bf9acf1def7603dd909f4bd771dd0a6f9d200ceae9c51b,3c4d0fa1932189e3b3bf9acf1def7603dd909f4bd771dd0a6f9d200ceae9c51b,1ff76a6575,bse,E6_BRSR_FY2023-2025,micro,bse,"pm5-v1: cohort_companies.csv (36 firms, ...",pm5-v1,pm5-v1,pm5-v1,2026-09-17T10:25:19Z,FIRST_FAILURE_AT_IDENTITY
INE003F01015::FY2025,INE003F01015,Muller & Phipps (India) Ltd.,2025,True,True,True,False,False,False,IDENTITY,mda_not_located,,15a71c45b368a79f9c0a185740eb97876582915dad14cbca7567e8b46ba1b450,15a71c45b368a79f9c0a185740eb97876582915dad14cbca7567e8b46ba1b450,27d3a26952,bse,E6_BRSR_FY2023-2025,micro,bse,"pm5-v1: cohort_companies.csv (36 firms, ...",pm5-v1,pm5-v1,pm5-v1,2026-09-17T10:25:19Z,FIRST_FAILURE_AT_IDENTITY
INE004C01028::FY2010,INE004C01028,Gujarat Cotex Ltd,2010,True,False,False,False,False,False,DISCOVERY,REASON_CODE_MISSING,,,,,,E1_pre2013_FY2010-2012,micro,bse,"pm5-v1: cohort_companies.csv (36 firms, ...",pm5-v1,pm5-v1,pm5-v1,2026-09-17T10:25:19Z,FIRST_FAILURE_AT_DISCOVERY
INE004C01028::FY2011,INE004C01028,Gujarat Cotex Ltd,2011,True,False,False,False,False,False,DISCOVERY,REASON_CODE_MISSING,,,,,,E1_pre2013_FY2010-2012,micro,bse,"pm5-v1: cohort_companies.csv (36 firms, ...",pm5-v1,pm5-v1,pm5-v1,2026-09-17T10:25:19Z,FIRST_FAILURE_AT_DISCOVERY
INE004C01028::FY2012,INE004C01028,Gujarat Cotex Ltd,2012,True,False,False,False,False,False,DISCOVERY,REASON_CODE_MISSING,,,,,,E1_pre2013_FY2010-2012,micro,bse,"pm5-v1: cohort_companies.csv (36 firms, ...",pm5-v1,pm5-v1,pm5-v1,2026-09-17T10:25:19Z,FIRST_FAILURE_AT_DISCOVERY
INE004C01028::FY2013,INE004C01028,Gujarat Cotex Ltd,2013,True,False,False,False,False,False,DISCOVERY,REASON_CODE_MISSING,,,,,,E2_BRreport_FY2013-2014,micro,bse,"pm5-v1: cohort_companies.csv (36 firms, ...",pm5-v1,pm5-v1,pm5-v1,2026-09-17T10:25:19Z,FIRST_FAILURE_AT_DISCOVERY
INE004C01028::FY2014,INE004C01028,Gujarat Cotex Ltd,2014,True,True,False,False,False,False,DOWNLOAD,REASON_CODE_MISSING,,,,b7a04997aa,bse,E2_BRreport_FY2013-2014,micro,bse,"pm5-v1: cohort_companies.csv (36 firms, ...",pm5-v1,pm5-v1,pm5-v1,2026-09-17T10:25:19Z,FIRST_FAILURE_AT_DOWNLOAD
INE004C01028::FY2015,INE004C01028,Gujarat Cotex Ltd,2015,True,True,False,False,False,False,DOWNLOAD,REASON_CODE_MISSING,,,,f057e49104,bse,E3_CompaniesAct2013_FY2015,micro,bse,"pm5-v1: cohort_companies.csv (36 firms, ...",pm5-v1,pm5-v1,pm5-v1,2026-09-17T10:25:19Z,FIRST_FAILURE_AT_DOWNLOAD
INE004C01028::FY2016,INE004C01028,Gujarat Cotex Ltd,2016,True,True,False,False,False,False,DOWNLOAD,REASON_CODE_MISSING,,,,9a4f3299b9,bse,E4_IndAS_FY2016-2019,micro,bse,"pm5-v1: cohort_companies.csv (36 firms, ...",pm5-v1,pm5-v1,pm5-v1,2026-09-17T10:25:19Z,FIRST_FAILURE_AT_DOWNLOAD
INE004C01028::FY2017,INE004C01028,Gujarat Cotex Ltd,2017,True,True,True,True,True,False,ACCEPTANCE,year_unproven,order_scrambled|span_truncated,73c9aba9314f2a879e5bba9d9bbec279f90505b62c16f97e2d893a89c124612e,73c9aba9314f2a879e5bba9d9bbec279f90505b62c16f97e2d893a89c124612e,ba214ce582,bse,E4_IndAS_FY2016-2019,micro,bse,"pm5-v1: cohort_companies.csv (36 firms, ...",pm5-v1,pm5-v1,pm5-v1,2026-09-17T10:25:19Z,FIRST_FAILURE_AT_ACCEPTANCE
INE004C01028::FY2018,INE004C01028,Gujarat Cotex Ltd,2018,True,True,True,True,True,True,,,,7abb0ef1750e2a916f4f281eb41337a9d9a59510a54f9bb3fa24aa54065edc85,7abb0ef1750e2a916f4f281eb41337a9d9a59510a54f9bb3fa24aa54065edc85,ae4f72575b,bse,E4_IndAS_FY2016-2019,micro,bse,"pm5-v1: cohort_companies.csv (36 firms, ...",pm5-v1,pm5-v1,pm5-v1,2026-09-17T10:25:19Z,ACCEPTED
INE004C01028::FY2019,INE004C01028,Gujarat Cotex Ltd,2019,True,True,False,False,False,False,DOWNLOAD,REASON_CODE_MISSING,,,,1c69c4317f,bse,E4_IndAS_FY2016-2019,micro,bse,"pm5-v1: cohort_companies.csv (36 firms, ...",pm5-v1,pm5-v1,pm5-v1,2026-09-17T10:25:19Z,FIRST_FAILURE_AT_DOWNLOAD
INE004C01028::FY2020,INE004C01028,Gujarat Cotex Ltd,2020,True,True,False,False,False,False,DOWNLOAD,REASON_CODE_MISSING,,,,1113fd08ca,bse,E5_MandatedRatios_FY2020-2022,micro,bse,"pm5-v1: cohort_companies.csv (36 firms, ...",pm5-v1,pm5-v1,pm5-v1,2026-09-17T10:25:19Z,FIRST_FAILURE_AT_DOWNLOAD
INE004C01028::FY2021,INE004C01028,Gujarat Cotex Ltd,2021,True,True,False,False,False,False,DOWNLOAD,REASON_CODE_MISSING,,,,cf9d5979d8,bse,E5_MandatedRatios_FY2020-2022,micro,bse,"pm5-v1: cohort_companies.csv (36 firms, ...",pm5-v1,pm5-v1,pm5-v1,2026-09-17T10:25:19Z,FIRST_FAILURE_AT_DOWNLOAD
INE004C01028::FY2022,INE004C01028,Gujarat Cotex Ltd,2022,True,True,False,False,False,False,DOWNLOAD,REASON_CODE_MISSING,,,,e7e36621b2,bse,E5_MandatedRatios_FY2020-2022,micro,bse,"pm5-v1: cohort_companies.csv (36 firms, ...",pm5-v1,pm5-v1,pm5-v1,2026-09-17T10:25:19Z,FIRST_FAILURE_AT_DOWNLOAD
INE004C01028::FY2023,INE004C01028,Gujarat Cotex Ltd,2023,True,True,False,False,False,False,DOWNLOAD,REASON_CODE_MISSING,,,,db60065ae0,bse,E6_BRSR_FY2023-2025,micro,bse,"pm5-v1: cohort_companies.csv (36 firms, ...",pm5-v1,pm5-v1,pm5-v1,2026-09-17T10:25:19Z,FIRST_FAILURE_AT_DOWNLOAD
INE004C01028::FY2024,INE004C01028,Gujarat Cotex Ltd,2024,True,True,True,True,True,False,ACCEPTANCE,source_shredded,span_truncated,2077b668cbc7290b91420f4a49abfb0585df84bddfdbc03cd94fac8bc6412914,2077b668cbc7290b91420f4a49abfb0585df84bddfdbc03cd94fac8bc6412914,8612dcee39,bse,E6_BRSR_FY2023-2025,micro,bse,"pm5-v1: cohort_companies.csv (36 firms, ...",pm5-v1,pm5-v1,pm5-v1,2026-09-17T10:25:19Z,FIRST_FAILURE_AT_ACCEPTANCE
INE004C01028::FY2025,INE004C01028,Gujarat Cotex Ltd,2025,True,True,True,True,True,True,,,,0f1522f3a2dd3ea093d24f6896b42186b7c8e31218edba71d2149e1af38cff2b,0f1522f3a2dd3ea093d24f6896b42186b7c8e31218edba71d2149e1af38cff2b,e34a8fd64b,bse,E6_BRSR_FY2023-2025,micro,bse,"pm5-v1: cohort_companies.csv (36 firms, ...",pm5-v1,pm5-v1,pm5-v1,2026-09-17T10:25:19Z,ACCEPTED
INE004E01016::FY2010,INE004E01016,Span Divergent Limited,2010,True,True,False,False,False,False,DOWNLOAD,REASON_CODE_MISSING,,,,06b30c649a,bse,E1_pre2013_FY2010-2012,micro,bse,"pm5-v1: cohort_companies.csv (36 firms, ...",pm5-v1,pm5-v1,pm5-v1,2026-09-17T10:25:19Z,FIRST_FAILURE_AT_DOWNLOAD
INE004E01016::FY2011,INE004E01016,Span Divergent Limited,2011,True,True,False,False,False,False,DOWNLOAD,REASON_CODE_MISSING,,,,8ff12e2dc4,bse,E1_pre2013_FY2010-2012,micro,bse,"pm5-v1: cohort_companies.csv (36 firms, ...",pm5-v1,pm5-v1,pm5-v1,2026-09-17T10:25:19Z,FIRST_FAILURE_AT_DOWNLOAD
INE004E01016::FY2012,INE004E01016,Span Divergent Limited,2012,True,True,True,False,True,False,IDENTITY,identity_unproven,source_shredded|span_truncated,eadc5029f16c33a91cf122fa51bc516ba896f37aa9e4b9751aba7efe5d264ba8,eadc5029f16c33a91cf122fa51bc516ba896f37aa9e4b9751aba7efe5d264ba8,55ac03f49f,bse,E1_pre2013_FY2010-2012,micro,bse,"pm5-v1: cohort_companies.csv (36 firms, ...",pm5-v1,pm5-v1,pm5-v1,2026-09-17T10:25:19Z,FIRST_FAILURE_AT_IDENTITY
INE004E01016::FY2013,INE004E01016,Span Divergent Limited,2013,True,True,True,False,True,False,IDENTITY,identity_unproven,span_truncated,bd6ad137a7a3b8e4609c93ff8bc16265aa0efc709233a4dd5b79e54ccc853fbc,bd6ad137a7a3b8e4609c93ff8bc16265aa0efc709233a4dd5b79e54ccc853fbc,54c0735698,bse,E2_BRreport_FY2013-2014,micro,bse,"pm5-v1: cohort_companies.csv (36 firms, ...",pm5-v1,pm5-v1,pm5-v1,2026-09-17T10:25:19Z,FIRST_FAILURE_AT_IDENTITY
INE004E01016::FY2014,INE004E01016,Span Divergent Limited,2014,True,True,False,False,False,False,DOWNLOAD,REASON_CODE_MISSING,,,,6e65912cf4,bse,E2_BRreport_FY2013-2014,micro,bse,"pm5-v1: cohort_companies.csv (36 firms, ...",pm5-v1,pm5-v1,pm5-v1,2026-09-17T10:25:19Z,FIRST_FAILURE_AT_DOWNLOAD
INE004E01016::FY2015,INE004E01016,Span Divergent Limited,2015,True,True,False,False,False,False,DOWNLOAD,REASON_CODE_MISSING,,,,0ea2ef19b7,bse,E3_CompaniesAct2013_FY2015,micro,bse,"pm5-v1: cohort_companies.csv (36 firms, ...",pm5-v1,pm5-v1,pm5-v1,2026-09-17T10:25:19Z,FIRST_FAILURE_AT_DOWNLOAD
INE004E01016::FY2016,INE004E01016,Span Divergent Limited,2016,True,True,False,False,False,False,DOWNLOAD,REASON_CODE_MISSING,,,,63f2b78b29,bse,E4_IndAS_FY2016-2019,micro,bse,"pm5-v1: cohort_companies.csv (36 firms, ...",pm5-v1,pm5-v1,pm5-v1,2026-09-17T10:25:19Z,FIRST_FAILURE_AT_DOWNLOAD
INE004E01016::FY2017,INE004E01016,Span Divergent Limited,2017,True,True,True,True,True,True,,,,23bfad65fdf36889ddbea27e76b532d2464b3f76eacc70f52e9a8bb7c5ea1002,23bfad65fdf36889ddbea27e76b532d2464b3f76eacc70f52e9a8bb7c5ea1002,b6b3e0f10a,bse,E4_IndAS_FY2016-2019,micro,bse,"pm5-v1: cohort_companies.csv (36 firms, ...",pm5-v1,pm5-v1,pm5-v1,2026-09-17T10:25:19Z,ACCEPTED
INE004E01016::FY2018,INE004E01016,Span Divergent Limited,2018,True,True,True,False,False,False,IDENTITY,mda_not_located,,8bd164a01b993db8d3ef7c4f70553a3c0aec1581ae70dfea0a3dfe480670d8d3,8bd164a01b993db8d3ef7c4f70553a3c0aec1581ae70dfea0a3dfe480670d8d3,13bc45a833,bse,E4_IndAS_FY2016-2019,micro,bse,"pm5-v1: cohort_companies.csv (36 firms, ...",pm5-v1,pm5-v1,pm5-v1,2026-09-17T10:25:19Z,FIRST_FAILURE_AT_IDENTITY
INE004E01016::FY2019,INE004E01016,Span Divergent Limited,2019,True,True,False,False,False,False,DOWNLOAD,REASON_CODE_MISSING,,,,4fe47cea63,bse,E4_IndAS_FY2016-2019,micro,bse,"pm5-v1: cohort_companies.csv (36 firms, ...",pm5-v1,pm5-v1,pm5-v1,2026-09-17T10:25:19Z,FIRST_FAILURE_AT_DOWNLOAD
INE004E01016::FY2020,INE004E01016,Span Divergent Limited,2020,True,True,False,False,False,False,DOWNLOAD,REASON_CODE_MISSING,,,,05d5819107,bse,E5_MandatedRatios_FY2020-2022,micro,bse,"pm5-v1: cohort_companies.csv (36 firms, ...",pm5-v1,pm5-v1,pm5-v1,2026-09-17T10:25:19Z,FIRST_FAILURE_AT_DOWNLOAD
INE004E01016::FY2021,INE004E01016,Span Divergent Limited,2021,True,True,False,False,False,False,DOWNLOAD,REASON_CODE_MISSING,,,,7eeb43f76d,bse,E5_MandatedRatios_FY2020-2022,micro,bse,"pm5-v1: cohort_companies.csv (36 firms, ...",pm5-v1,pm5-v1,pm5-v1,2026-09-17T10:25:19Z,FIRST_FAILURE_AT_DOWNLOAD
INE004E01016::FY2022,INE004E01016,Span Divergent Limited,2022,True,True,False,False,False,False,DOWNLOAD,REASON_CODE_MISSING,,,,b6ff8818ed,bse,E5_MandatedRatios_FY2020-2022,micro,bse,"pm5-v1: cohort_companies.csv (36 firms, ...",pm5-v1,pm5-v1,pm5-v1,2026-09-17T10:25:19Z,FIRST_FAILURE_AT_DOWNLOAD
INE004E01016::FY2023,INE004E01016,Span Divergent Limited,2023,True,True,False,False,False,False,DOWNLOAD,REASON_CODE_MISSING,,,,9906c13756,bse,E6_BRSR_FY2023-2025,micro,bse,"pm5-v1: cohort_companies.csv (36 firms, ...",pm5-v1,pm5-v1,pm5-v1,2026-09-17T10:25:19Z,FIRST_FAILURE_AT_DOWNLOAD
INE004E01016::FY2024,INE004E01016,Span Divergent Limited,2024,True,True,True,True,True,False,ACCEPTANCE,source_shredded,span_truncated,5df0bb9af53232cc35ffadba97d1ae74fcfbb6b05ba44e004f972287823b0203,5df0bb9af53232cc35ffadba97d1ae74fcfbb6b05ba44e004f972287823b0203,0a279fcfa5,bse,E6_BRSR_FY2023-2025,micro,bse,"pm5-v1: cohort_companies.csv (36 firms, ...",pm5-v1,pm5-v1,pm5-v1,2026-09-17T10:25:19Z,FIRST_FAILURE_AT_ACCEPTANCE
INE004E01016::FY2025,INE004E01016,Span Divergent Limited,2025,True,True,True,True,True,False,ACCEPTANCE,source_shredded,span_truncated,8944db14283b448a6e1fe1d873cdad5b01643593bc0d5dbfd043fb82a9aaee3f,8944db14283b448a6e1fe1d873cdad5b01643593bc0d5dbfd043fb82a9aaee3f,492febe3d3,bse,E6_BRSR_FY2023-2025,micro,bse,"pm5-v1: cohort_companies.csv (36 firms, ...",pm5-v1,pm5-v1,pm5-v1,2026-09-17T10:25:19Z,FIRST_FAILURE_AT_ACCEPTANCE
INE005E01013::FY2010,INE005E01013,Ekansh Concepts Limited,2010,True,True,False,False,False,False,DOWNLOAD,REASON_CODE_MISSING,,,,f58e3250f9,bse,E1_pre2013_FY2010-2012,micro,bse,"pm5-v1: cohort_companies.csv (36 firms, ...",pm5-v1,pm5-v1,pm5-v1,2026-09-17T10:25:19Z,FIRST_FAILURE_AT_DOWNLOAD
INE005E01013::FY2011,INE005E01013,Ekansh Concepts Limited,2011,True,True,False,False,False,False,DOWNLOAD,REASON_CODE_MISSING,,,,129a78e97d,bse,E1_pre2013_FY2010-2012,micro,bse,"pm5-v1: cohort_companies.csv (36 firms, ...",pm5-v1,pm5-v1,pm5-v1,2026-09-17T10:25:19Z,FIRST_FAILURE_AT_DOWNLOAD
INE005E01013::FY2012,INE005E01013,Ekansh Concepts Limited,2012,True,True,True,True,True,True,,,,dc8bb17c415cf9952bd2c9b545ed733e20fee7e5a9bc61aa612d727035fe8135,dc8bb17c415cf9952bd2c9b545ed733e20fee7e5a9bc61aa612d727035fe8135,241cb26621,bse,E1_pre2013_FY2010-2012,micro,bse,"pm5-v1: cohort_companies.csv (36 firms, ...",pm5-v1,pm5-v1,pm5-v1,2026-09-17T10:25:19Z,ACCEPTED
INE005E01013::FY2013,INE005E01013,Ekansh Concepts Limited,2013,True,True,True,True,True,True,,,,f934459f048686d3c2169322c6b2bc731a83e4ac182dbffa878257222736e386,f934459f048686d3c2169322c6b2bc731a83e4ac182dbffa878257222736e386,a8dcd41cb1,bse,E2_BRreport_FY2013-2014,micro,bse,"pm5-v1: cohort_companies.csv (36 firms, ...",pm5-v1,pm5-v1,pm5-v1,2026-09-17T10:25:19Z,ACCEPTED
INE005E01013::FY2014,INE005E01013,Ekansh Concepts Limited,2014,True,True,False,False,False,False,DOWNLOAD,REASON_CODE_MISSING,,,,51ac2fc663,bse,E2_BRreport_FY2013-2014,micro,bse,"pm5-v1: cohort_companies.csv (36 firms, ...",pm5-v1,pm5-v1,pm5-v1,2026-09-17T10:25:19Z,FIRST_FAILURE_AT_DOWNLOAD
INE005E01013::FY2015,INE005E01013,Ekansh Concepts Limited,2015,True,True,False,False,False,False,DOWNLOAD,REASON_CODE_MISSING,,,,856133151b,bse,E3_CompaniesAct2013_FY2015,micro,bse,"pm5-v1: cohort_companies.csv (36 firms, ...",pm5-v1,pm5-v1,pm5-v1,2026-09-17T10:25:19Z,FIRST_FAILURE_AT_DOWNLOAD
INE005E01013::FY2016,INE005E01013,Ekansh Concepts Limited,2016,True,True,False,False,False,False,DOWNLOAD,REASON_CODE_MISSING,,,,0be8177300,bse,E4_IndAS_FY2016-2019,micro,bse,"pm5-v1: cohort_companies.csv (36 firms, ...",pm5-v1,pm5-v1,pm5-v1,2026-09-17T10:25:19Z,FIRST_FAILURE_AT_DOWNLOAD
INE005E01013::FY2017,INE005E01013,Ekansh Concepts Limited,2017,True,True,True,True,True,True,,,,bcbd2c26ca1aacccb1a7b7b68adf3fda2f10b09b27a0fcfbc255dc7072bd9324,bcbd2c26ca1aacccb1a7b7b68adf3fda2f10b09b27a0fcfbc255dc7072bd9324,68bd8ffb27,bse,E4_IndAS_FY2016-2019,micro,bse,"pm5-v1: cohort_companies.csv (36 firms, ...",pm5-v1,pm5-v1,pm5-v1,2026-09-17T10:25:19Z,ACCEPTED
INE005E01013::FY2018,INE005E01013,Ekansh Concepts Limited,2018,True,True,True,True,True,True,,,,a6ea0d82912d6cd21525719b3047b3e2d5907e4f89f2ca8d43eccb0bda4db1c8,a6ea0d82912d6cd21525719b3047b3e2d5907e4f89f2ca8d43eccb0bda4db1c8,88048ece86,bse,E4_IndAS_FY2016-2019,micro,bse,"pm5-v1: cohort_companies.csv (36 firms, ...",pm5-v1,pm5-v1,pm5-v1,2026-09-17T10:25:19Z,ACCEPTED
INE005E01013::FY2019,INE005E01013,Ekansh Concepts Limited,2019,True,True,False,False,False,False,DOWNLOAD,REASON_CODE_MISSING,,,,48a684e1e8,bse,E4_IndAS_FY2016-2019,micro,bse,"pm5-v1: cohort_companies.csv (36 firms, ...",pm5-v1,pm5-v1,pm5-v1,2026-09-17T10:25:19Z,FIRST_FAILURE_AT_DOWNLOAD
INE005E01013::FY2020,INE005E01013,Ekansh Concepts Limited,2020,True,True,False,False,False,False,DOWNLOAD,REASON_CODE_MISSING,,,,0ea6e8ed68,bse,E5_MandatedRatios_FY2020-2022,micro,bse,"pm5-v1: cohort_companies.csv (36 firms, ...",pm5-v1,pm5-v1,pm5-v1,2026-09-17T10:25:19Z,FIRST_FAILURE_AT_DOWNLOAD
INE005E01013::FY2021,INE005E01013,Ekansh Concepts Limited,2021,True,True,False,False,False,False,DOWNLOAD,REASON_CODE_MISSING,,,,04b65d461a,bse,E5_MandatedRatios_FY2020-2022,micro,bse,"pm5-v1: cohort_companies.csv (36 firms, ...",pm5-v1,pm5-v1,pm5-v1,2026-09-17T10:25:19Z,FIRST_FAILURE_AT_DOWNLOAD
INE005E01013::FY2022,INE005E01013,Ekansh Concepts Limited,2022,True,True,False,False,False,False,DOWNLOAD,REASON_CODE_MISSING,,,,dcfff0739b,bse,E5_MandatedRatios_FY2020-2022,micro,bse,"pm5-v1: cohort_companies.csv (36 firms, ...",pm5-v1,pm5-v1,pm5-v1,2026-09-17T10:25:19Z,FIRST_FAILURE_AT_DOWNLOAD
INE005E01013::FY2023,INE005E01013,Ekansh Concepts Limited,2023,True,True,False,False,False,False,DOWNLOAD,REASON_CODE_MISSING,,,,47a73bf235,bse,E6_BRSR_FY2023-2025,micro,bse,"pm5-v1: cohort_companies.csv (36 firms, ...",pm5-v1,pm5-v1,pm5-v1,2026-09-17T10:25:19Z,FIRST_FAILURE_AT_DOWNLOAD
INE005E01013::FY2024,INE005E01013,Ekansh Concepts Limited,2024,True,True,True,True,True,True,,,,3febf85887da6640e50371d6d726ada073275da379f5406dfcb2a3bb86bfb46f,3febf85887da6640e50371d6d726ada073275da379f5406dfcb2a3bb86bfb46f,62ca4e2c9f,bse,E6_BRSR_FY2023-2025,micro,bse,"pm5-v1: cohort_companies.csv (36 firms, ...",pm5-v1,pm5-v1,pm5-v1,2026-09-17T10:25:19Z,ACCEPTED
INE005E01013::FY2025,INE005E01013,Ekansh Concepts Limited,2025,True,True,True,True,True,True,,,,22d87e86093fe19cc7250f3a282dc9bff3536ac5fe4b2bde81fca1f73a29e7c5,22d87e86093fe19cc7250f3a282dc9bff3536ac5fe4b2bde81fca1f73a29e7c5,4cdf0370ee|7bd13139c3,bse,E6_BRSR_FY2023-2025,micro,bse,"pm5-v1: cohort_companies.csv (36 firms, ...",pm5-v1,pm5-v1,pm5-v1,2026-09-17T10:25:19Z,ACCEPTED
INE006C01015::FY2010,INE006C01015,K.Z.Leasing & Finance Ltd.,2010,True,True,False,False,False,False,DOWNLOAD,REASON_CODE_MISSING,,,,33c9827952,bse,E1_pre2013_FY2010-2012,micro,bse,"pm5-v1: cohort_companies.csv (36 firms, ...",pm5-v1,pm5-v1,pm5-v1,2026-09-17T10:25:19Z,FIRST_FAILURE_AT_DOWNLOAD
INE006C01015::FY2011,INE006C01015,K.Z.Leasing & Finance Ltd.,2011,True,True,False,False,False,False,DOWNLOAD,REASON_CODE_MISSING,,,,ba0e1dd5bc,bse,E1_pre2013_FY2010-2012,micro,bse,"pm5-v1: cohort_companies.csv (36 firms, ...",pm5-v1,pm5-v1,pm5-v1,2026-09-17T10:25:19Z,FIRST_FAILURE_AT_DOWNLOAD
INE006C01015::FY2012,INE006C01015,K.Z.Leasing & Finance Ltd.,2012,True,True,True,True,True,False,ACCEPTANCE,span_truncated,,2bac9f14c400ea136247d2e16cc9da8826f7b773c31de7e148db1cbd1190a2db,2bac9f14c400ea136247d2e16cc9da8826f7b773c31de7e148db1cbd1190a2db,5004d229ce,bse,E1_pre2013_FY2010-2012,micro,bse,"pm5-v1: cohort_companies.csv (36 firms, ...",pm5-v1,pm5-v1,pm5-v1,2026-09-17T10:25:19Z,FIRST_FAILURE_AT_ACCEPTANCE
INE006C01015::FY2013,INE006C01015,K.Z.Leasing & Finance Ltd.,2013,True,True,True,True,True,True,,,,1293abc0a3835396a6c82d1dd327d076ae350dc7a64d49bf682dba0602d05fc0,1293abc0a3835396a6c82d1dd327d076ae350dc7a64d49bf682dba0602d05fc0,90f4945901,bse,E2_BRreport_FY2013-2014,micro,bse,"pm5-v1: cohort_companies.csv (36 firms, ...",pm5-v1,pm5-v1,pm5-v1,2026-09-17T10:25:19Z,ACCEPTED
INE006C01015::FY2014,INE006C01015,K.Z.Leasing & Finance Ltd.,2014,True,True,False,False,False,False,DOWNLOAD,REASON_CODE_MISSING,,,,bb85be420b,bse,E2_BRreport_FY2013-2014,micro,bse,"pm5-v1: cohort_companies.csv (36 firms, ...",pm5-v1,pm5-v1,pm5-v1,2026-09-17T10:25:19Z,FIRST_FAILURE_AT_DOWNLOAD
INE006C01015::FY2015,INE006C01015,K.Z.Leasing & Finance Ltd.,2015,True,True,False,False,False,False,DOWNLOAD,REASON_CODE_MISSING,,,,d0060b2805,bse,E3_CompaniesAct2013_FY2015,micro,bse,"pm5-v1: cohort_companies.csv (36 firms, ...",pm5-v1,pm5-v1,pm5-v1,2026-09-17T10:25:19Z,FIRST_FAILURE_AT_DOWNLOAD
INE006C01015::FY2016,INE006C01015,K.Z.Leasing & Finance Ltd.,2016,True,True,False,False,False,False,DOWNLOAD,REASON_CODE_MISSING,,,,6f42390d28,bse,E4_IndAS_FY2016-2019,micro,bse,"pm5-v1: cohort_companies.csv (36 firms, ...",pm5-v1,pm5-v1,pm5-v1,2026-09-17T10:25:19Z,FIRST_FAILURE_AT_DOWNLOAD
INE006C01015::FY2017,INE006C01015,K.Z.Leasing & Finance Ltd.,2017,True,True,True,True,True,True,,,,f3b1f24c7beb87cf4e001e452cdaf1e936bc6c632aea1ef3b25885ba90ba9fff,f3b1f24c7beb87cf4e001e452cdaf1e936bc6c632aea1ef3b25885ba90ba9fff,0f635e54ee,bse,E4_IndAS_FY2016-2019,micro,bse,"pm5-v1: cohort_companies.csv (36 firms, ...",pm5-v1,pm5-v1,pm5-v1,2026-09-17T10:25:19Z,ACCEPTED
INE006C01015::FY2018,INE006C01015,K.Z.Leasing & Finance Ltd.,2018,True,True,True,True,True,False,ACCEPTANCE,source_shredded,span_truncated,79ffd006fc0fc6b8d97c28e00fa4f9eae09d63f6b84df1b48d15d2faf19bcfec,79ffd006fc0fc6b8d97c28e00fa4f9eae09d63f6b84df1b48d15d2faf19bcfec,0bb3c13c34,bse,E4_IndAS_FY2016-2019,micro,bse,"pm5-v1: cohort_companies.csv (36 firms, ...",pm5-v1,pm5-v1,pm5-v1,2026-09-17T10:25:19Z,FIRST_FAILURE_AT_ACCEPTANCE
INE006C01015::FY2019,INE006C01015,K.Z.Leasing & Finance Ltd.,2019,True,True,False,False,False,False,DOWNLOAD,REASON_CODE_MISSING,,,,681c4c76d0,bse,E4_IndAS_FY2016-2019,micro,bse,"pm5-v1: cohort_companies.csv (36 firms, ...",pm5-v1,pm5-v1,pm5-v1,2026-09-17T10:25:19Z,FIRST_FAILURE_AT_DOWNLOAD
INE006C01015::FY2020,INE006C01015,K.Z.Leasing & Finance Ltd.,2020,True,True,False,False,False,False,DOWNLOAD,REASON_CODE_MISSING,,,,f0ed2a60c1,bse,E5_MandatedRatios_FY2020-2022,micro,bse,"pm5-v1: cohort_companies.csv (36 firms, ...",pm5-v1,pm5-v1,pm5-v1,2026-09-17T10:25:19Z,FIRST_FAILURE_AT_DOWNLOAD
INE006C01015::FY2021,INE006C01015,K.Z.Leasing & Finance Ltd.,2021,True,True,False,False,False,False,DOWNLOAD,REASON_CODE_MISSING,,,,d5118a74cd,bse,E5_MandatedRatios_FY2020-2022,micro,bse,"pm5-v1: cohort_companies.csv (36 firms, ...",pm5-v1,pm5-v1,pm5-v1,2026-09-17T10:25:19Z,FIRST_FAILURE_AT_DOWNLOAD
INE006C01015::FY2022,INE006C01015,K.Z.Leasing & Finance Ltd.,2022,True,True,False,False,False,False,DOWNLOAD,REASON_CODE_MISSING,,,,216ae4dfd1,bse,E5_MandatedRatios_FY2020-2022,micro,bse,"pm5-v1: cohort_companies.csv (36 firms, ...",pm5-v1,pm5-v1,pm5-v1,2026-09-17T10:25:19Z,FIRST_FAILURE_AT_DOWNLOAD
INE006C01015::FY2023,INE006C01015,K.Z.Leasing & Finance Ltd.,2023,True,True,False,False,False,False,DOWNLOAD,REASON_CODE_MISSING,,,,a6fe4c8830,bse,E6_BRSR_FY2023-2025,micro,bse,"pm5-v1: cohort_companies.csv (36 firms, ...",pm5-v1,pm5-v1,pm5-v1,2026-09-17T10:25:19Z,FIRST_FAILURE_AT_DOWNLOAD
INE006C01015::FY2024,INE006C01015,K.Z.Leasing & Finance Ltd.,2024,True,True,True,True,True,True,,,,630adfbb19a1f021a2353d6f92831bdb4deec4ac32005be839ac336ba6da8902,630adfbb19a1f021a2353d6f92831bdb4deec4ac32005be839ac336ba6da8902,b43eb59cc6,bse,E6_BRSR_FY2023-2025,micro,bse,"pm5-v1: cohort_companies.csv (36 firms, ...",pm5-v1,pm5-v1,pm5-v1,2026-09-17T10:25:19Z,ACCEPTED
INE006C01015::FY2025,INE006C01015,K.Z.Leasing & Finance Ltd.,2025,True,True,True,True,True,True,,,,445f0d7dc6b77177994abb8d1aecd92c6ddac70f71b7d21bfa232bc6e524610f,445f0d7dc6b77177994abb8d1aecd92c6ddac70f71b7d21bfa232bc6e524610f,f98b55435d,bse,E6_BRSR_FY2023-2025,micro,bse,"pm5-v1: cohort_companies.csv (36 firms, ...",pm5-v1,pm5-v1,pm5-v1,2026-09-17T10:25:19Z,ACCEPTED
INE001O01029::FY2010,INE001O01029,Risa International Limited,2010,True,True,False,False,False,False,DOWNLOAD,REASON_CODE_MISSING,,,,880bb1ad9c,bse,E1_pre2013_FY2010-2012,micro,bse,"pm5-v1: cohort_companies.csv (36 firms, ...",pm5-v1,pm5-v1,pm5-v1,2026-09-17T10:25:19Z,FIRST_FAILURE_AT_DOWNLOAD
INE001O01029::FY2011,INE001O01029,Risa International Limited,2011,True,True,False,False,False,False,DOWNLOAD,REASON_CODE_MISSING,,,,2872ccf7b3,bse,E1_pre2013_FY2010-2012,micro,bse,"pm5-v1: cohort_companies.csv (36 firms, ...",pm5-v1,pm5-v1,pm5-v1,2026-09-17T10:25:19Z,FIRST_FAILURE_AT_DOWNLOAD
INE001O01029::FY2012,INE001O01029,Risa International Limited,2012,True,True,True,True,True,True,,,,9f97d060e4ea6dc5435edc1e758bcf83f38247880952e872c5465ad814069ee6,9f97d060e4ea6dc5435edc1e758bcf83f38247880952e872c5465ad814069ee6,ae7e8764a6,bse,E1_pre2013_FY2010-2012,micro,bse,"pm5-v1: cohort_companies.csv (36 firms, ...",pm5-v1,pm5-v1,pm5-v1,2026-09-17T10:25:19Z,ACCEPTED
INE001O01029::FY2013,INE001O01029,Risa International Limited,2013,True,True,True,True,True,True,,,,3f8c94f2ccc212bbe21873647892c51e7a83ddd9c98ce4f0eeadc0e96be9383e,3f8c94f2ccc212bbe21873647892c51e7a83ddd9c98ce4f0eeadc0e96be9383e,310d910a58,bse,E2_BRreport_FY2013-2014,micro,bse,"pm5-v1: cohort_companies.csv (36 firms, ...",pm5-v1,pm5-v1,pm5-v1,2026-09-17T10:25:19Z,ACCEPTED
INE001O01029::FY2014,INE001O01029,Risa International Limited,2014,True,True,False,False,False,False,DOWNLOAD,REASON_CODE_MISSING,,,,19f77ea3ee,bse,E2_BRreport_FY2013-2014,micro,bse,"pm5-v1: cohort_companies.csv (36 firms, ...",pm5-v1,pm5-v1,pm5-v1,2026-09-17T10:25:19Z,FIRST_FAILURE_AT_DOWNLOAD
INE001O01029::FY2015,INE001O01029,Risa International Limited,2015,True,True,False,False,False,False,DOWNLOAD,REASON_CODE_MISSING,,,,37e1e5ba04,bse,E3_CompaniesAct2013_FY2015,micro,bse,"pm5-v1: cohort_companies.csv (36 firms, ...",pm5-v1,pm5-v1,pm5-v1,2026-09-17T10:25:19Z,FIRST_FAILURE_AT_DOWNLOAD
INE001O01029::FY2016,INE001O01029,Risa International Limited,2016,True,True,False,False,False,False,DOWNLOAD,REASON_CODE_MISSING,,,,1505b6715e,bse,E4_IndAS_FY2016-2019,micro,bse,"pm5-v1: cohort_companies.csv (36 firms, ...",pm5-v1,pm5-v1,pm5-v1,2026-09-17T10:25:19Z,FIRST_FAILURE_AT_DOWNLOAD
INE001O01029::FY2017,INE001O01029,Risa International Limited,2017,True,True,True,True,True,True,,,,81f182a29e1321adae44e7022763374fefd9b3fad75d51f94c8ef34b85f5e4f3,81f182a29e1321adae44e7022763374fefd9b3fad75d51f94c8ef34b85f5e4f3,25255b024a,bse,E4_IndAS_FY2016-2019,micro,bse,"pm5-v1: cohort_companies.csv (36 firms, ...",pm5-v1,pm5-v1,pm5-v1,2026-09-17T10:25:19Z,ACCEPTED
INE001O01029::FY2018,INE001O01029,Risa International Limited,2018,True,True,True,True,True,False,ACCEPTANCE,source_shredded,span_truncated,07d7ef68807f64353f662e3bbd38b9e1a76e9c448307381ed41ceee241c788a7,07d7ef68807f64353f662e3bbd38b9e1a76e9c448307381ed41ceee241c788a7,d806233b64,bse,E4_IndAS_FY2016-2019,micro,bse,"pm5-v1: cohort_companies.csv (36 firms, ...",pm5-v1,pm5-v1,pm5-v1,2026-09-17T10:25:19Z,FIRST_FAILURE_AT_ACCEPTANCE
INE001O01029::FY2019,INE001O01029,Risa International Limited,2019,True,True,False,False,False,False,DOWNLOAD,REASON_CODE_MISSING,,,,0f8cc6e9b2,bse,E4_IndAS_FY2016-2019,micro,bse,"pm5-v1: cohort_companies.csv (36 firms, ...",pm5-v1,pm5-v1,pm5-v1,2026-09-17T10:25:19Z,FIRST_FAILURE_AT_DOWNLOAD
INE001O01029::FY2020,INE001O01029,Risa International Limited,2020,True,True,False,False,False,False,DOWNLOAD,REASON_CODE_MISSING,,,,10299f35f7,bse,E5_MandatedRatios_FY2020-2022,micro,bse,"pm5-v1: cohort_companies.csv (36 firms, ...",pm5-v1,pm5-v1,pm5-v1,2026-09-17T10:25:19Z,FIRST_FAILURE_AT_DOWNLOAD
INE001O01029::FY2021,INE001O01029,Risa International Limited,2021,True,True,False,False,False,False,DOWNLOAD,REASON_CODE_MISSING,,,,88ecc0ec34,bse,E5_MandatedRatios_FY2020-2022,micro,bse,"pm5-v1: cohort_companies.csv (36 firms, ...",pm5-v1,pm5-v1,pm5-v1,2026-09-17T10:25:19Z,FIRST_FAILURE_AT_DOWNLOAD
INE001O01029::FY2022,INE001O01029,Risa International Limited,2022,True,True,False,False,False,False,DOWNLOAD,REASON_CODE_MISSING,,,,6f7b2afa30,bse,E5_MandatedRatios_FY2020-2022,micro,bse,"pm5-v1: cohort_companies.csv (36 firms, ...",pm5-v1,pm5-v1,pm5-v1,2026-09-17T10:25:19Z,FIRST_FAILURE_AT_DOWNLOAD
INE001O01029::FY2023,INE001O01029,Risa International Limited,2023,True,True,False,False,False,False,DOWNLOAD,REASON_CODE_MISSING,,,,450799a8e2|9e5d0f21e7,bse,E6_BRSR_FY2023-2025,micro,bse,"pm5-v1: cohort_companies.csv (36 firms, ...",pm5-v1,pm5-v1,pm5-v1,2026-09-17T10:25:19Z,FIRST_FAILURE_AT_DOWNLOAD
INE001O01029::FY2024,INE001O01029,Risa International Limited,2024,True,True,True,True,True,True,,,,22b287d7c3e3306dcb741a0e2551d5ad7d1dfb4670aca4ecda4d9156bc8a8630,22b287d7c3e3306dcb741a0e2551d5ad7d1dfb4670aca4ecda4d9156bc8a8630,51fc3b5ccc,bse,E6_BRSR_FY2023-2025,micro,bse,"pm5-v1: cohort_companies.csv (36 firms, ...",pm5-v1,pm5-v1,pm5-v1,2026-09-17T10:25:19Z,ACCEPTED
INE001O01029::FY2025,INE001O01029,Risa International Limited,2025,True,True,True,True,True,True,,,,b94f484e5c56c1a354763aab059fd81c53e867128c2f321ec5fdf51a401b2606,b94f484e5c56c1a354763aab059fd81c53e867128c2f321ec5fdf51a401b2606,8e033f2250|bdf3bcbe51,bse,E6_BRSR_FY2023-2025,micro,bse,"pm5-v1: cohort_companies.csv (36 firms, ...",pm5-v1,pm5-v1,pm5-v1,2026-09-17T10:25:19Z,ACCEPTED
INE002B01016::FY2010,INE002B01016,MADALA HOLDINGS LIMITED,2010,True,True,False,False,False,False,DOWNLOAD,REASON_CODE_MISSING,,,,e5c15cc70c,bse,E1_pre2013_FY2010-2012,micro,bse,"pm5-v1: cohort_companies.csv (36 firms, ...",pm5-v1,pm5-v1,pm5-v1,2026-09-17T10:25:19Z,FIRST_FAILURE_AT_DOWNLOAD
INE002B01016::FY2011,INE002B01016,MADALA HOLDINGS LIMITED,2011,True,True,False,False,False,False,DOWNLOAD,REASON_CODE_MISSING,,,,227602aafb,bse,E1_pre2013_FY2010-2012,micro,bse,"pm5-v1: cohort_companies.csv (36 firms, ...",pm5-v1,pm5-v1,pm5-v1,2026-09-17T10:25:19Z,FIRST_FAILURE_AT_DOWNLOAD
INE002B01016::FY2012,INE002B01016,MADALA HOLDINGS LIMITED,2012,True,True,True,True,True,True,,,,eab8aa48f124b68ab28a362ded5f6e46331154125654bd629c4942aba9aaae2e,eab8aa48f124b68ab28a362ded5f6e46331154125654bd629c4942aba9aaae2e,deda03c462,bse,E1_pre2013_FY2010-2012,micro,bse,"pm5-v1: cohort_companies.csv (36 firms, ...",pm5-v1,pm5-v1,pm5-v1,2026-09-17T10:25:19Z,ACCEPTED
INE002B01016::FY2013,INE002B01016,MADALA HOLDINGS LIMITED,2013,True,True,True,True,True,True,,,,e9260e0004a0acea803a172956029d231b7dee6aa184dbf222f582da173ed9ce,e9260e0004a0acea803a172956029d231b7dee6aa184dbf222f582da173ed9ce,ac74266e15,bse,E2_BRreport_FY2013-2014,micro,bse,"pm5-v1: cohort_companies.csv (36 firms, ...",pm5-v1,pm5-v1,pm5-v1,2026-09-17T10:25:19Z,ACCEPTED
INE002B01016::FY2014,INE002B01016,MADALA HOLDINGS LIMITED,2014,True,True,False,False,False,False,DOWNLOAD,REASON_CODE_MISSING,,,,c48bb37948,bse,E2_BRreport_FY2013-2014,micro,bse,"pm5-v1: cohort_companies.csv (36 firms, ...",pm5-v1,pm5-v1,pm5-v1,2026-09-17T10:25:19Z,FIRST_FAILURE_AT_DOWNLOAD
INE002B01016::FY2015,INE002B01016,MADALA HOLDINGS LIMITED,2015,True,True,False,False,False,False,DOWNLOAD,REASON_CODE_MISSING,,,,d2f3a45662,bse,E3_CompaniesAct2013_FY2015,micro,bse,"pm5-v1: cohort_companies.csv (36 firms, ...",pm5-v1,pm5-v1,pm5-v1,2026-09-17T10:25:19Z,FIRST_FAILURE_AT_DOWNLOAD
INE002B01016::FY2016,INE002B01016,MADALA HOLDINGS LIMITED,2016,True,True,False,False,False,False,DOWNLOAD,REASON_CODE_MISSING,,,,087131cee0,bse,E4_IndAS_FY2016-2019,micro,bse,"pm5-v1: cohort_companies.csv (36 firms, ...",pm5-v1,pm5-v1,pm5-v1,2026-09-17T10:25:19Z,FIRST_FAILURE_AT_DOWNLOAD
INE002B01016::FY2017,INE002B01016,MADALA HOLDINGS LIMITED,2017,True,True,True,True,True,True,,,,760754d9348d868700c6afe3a99e365241a5e0bcbe20f2930f9c7b24a417ffdb,760754d9348d868700c6afe3a99e365241a5e0bcbe20f2930f9c7b24a417ffdb,a0a5433e48,bse,E4_IndAS_FY2016-2019,micro,bse,"pm5-v1: cohort_companies.csv (36 firms, ...",pm5-v1,pm5-v1,pm5-v1,2026-09-17T10:25:19Z,ACCEPTED
INE002B01016::FY2018,INE002B01016,MADALA HOLDINGS LIMITED,2018,True,True,True,True,True,True,,,,84dc91e82accd8ec6cd972fc26c149df1a90cd5aaf30c97d3579cb49cf4df2e4,84dc91e82accd8ec6cd972fc26c149df1a90cd5aaf30c97d3579cb49cf4df2e4,0be1e5e5b8,bse,E4_IndAS_FY2016-2019,micro,bse,"pm5-v1: cohort_companies.csv (36 firms, ...",pm5-v1,pm5-v1,pm5-v1,2026-09-17T10:25:19Z,ACCEPTED
INE002B01016::FY2019,INE002B01016,MADALA HOLDINGS LIMITED,2019,True,True,False,False,False,False,DOWNLOAD,REASON_CODE_MISSING,,,,d900557c87,bse,E4_IndAS_FY2016-2019,micro,bse,"pm5-v1: cohort_companies.csv (36 firms, ...",pm5-v1,pm5-v1,pm5-v1,2026-09-17T10:25:19Z,FIRST_FAILURE_AT_DOWNLOAD
INE002B01016::FY2020,INE002B01016,MADALA HOLDINGS LIMITED,2020,True,True,False,False,False,False,DOWNLOAD,REASON_CODE_MISSING,,,,9177c632a7,bse,E5_MandatedRatios_FY2020-2022,micro,bse,"pm5-v1: cohort_companies.csv (36 firms, ...",pm5-v1,pm5-v1,pm5-v1,2026-09-17T10:25:19Z,FIRST_FAILURE_AT_DOWNLOAD
INE002B01016::FY2021,INE002B01016,MADALA HOLDINGS LIMITED,2021,True,True,False,False,False,False,DOWNLOAD,REASON_CODE_MISSING,,,,bb5bede52e,bse,E5_MandatedRatios_FY2020-2022,micro,bse,"pm5-v1: cohort_companies.csv (36 firms, ...",pm5-v1,pm5-v1,pm5-v1,2026-09-17T10:25:19Z,FIRST_FAILURE_AT_DOWNLOAD
INE002B01016::FY2022,INE002B01016,MADALA HOLDINGS LIMITED,2022,True,True,False,False,False,False,DOWNLOAD,REASON_CODE_MISSING,,,,ab99d47a28,bse,E5_MandatedRatios_FY2020-2022,micro,bse,"pm5-v1: cohort_companies.csv (36 firms, ...",pm5-v1,pm5-v1,pm5-v1,2026-09-17T10:25:19Z,FIRST_FAILURE_AT_DOWNLOAD
INE002B01016::FY2023,INE002B01016,MADALA HOLDINGS LIMITED,2023,True,True,False,False,False,False,DOWNLOAD,REASON_CODE_MISSING,,,,52ae856b26,bse,E6_BRSR_FY2023-2025,micro,bse,"pm5-v1: cohort_companies.csv (36 firms, ...",pm5-v1,pm5-v1,pm5-v1,2026-09-17T10:25:19Z,FIRST_FAILURE_AT_DOWNLOAD
INE002B01016::FY2024,INE002B01016,MADALA HOLDINGS LIMITED,2024,True,True,True,True,True,False,ACCEPTANCE,source_shredded,span_truncated,dcfb7065c6a6a4ebe2b37309b78689e61025380dc5d0e36a451d925be0be6ab6,dcfb7065c6a6a4ebe2b37309b78689e61025380dc5d0e36a451d925be0be6ab6,d071494712,bse,E6_BRSR_FY2023-2025,micro,bse,"pm5-v1: cohort_companies.csv (36 firms, ...",pm5-v1,pm5-v1,pm5-v1,2026-09-17T10:25:19Z,FIRST_FAILURE_AT_ACCEPTANCE
INE002B01016::FY2025,INE002B01016,MADALA HOLDINGS LIMITED,2025,True,True,True,True,True,False,ACCEPTANCE,source_shredded,span_truncated,67439158974b6f3dca1e27d73c7272949391b886f8ea55086a4e2b6a66e9acd8,67439158974b6f3dca1e27d73c7272949391b886f8ea55086a4e2b6a66e9acd8,18222785e7,bse,E6_BRSR_FY2023-2025,micro,bse,"pm5-v1: cohort_companies.csv (36 firms, ...",pm5-v1,pm5-v1,pm5-v1,2026-09-17T10:25:19Z,FIRST_FAILURE_AT_ACCEPTANCE
INE002E01010::FY2010,INE002E01010,Sar  Auto Products Limited,2010,True,True,False,False,False,False,DOWNLOAD,REASON_CODE_MISSING,,,,c30e145c54,bse,E1_pre2013_FY2010-2012,micro,bse,"pm5-v1: cohort_companies.csv (36 firms, ...",pm5-v1,pm5-v1,pm5-v1,2026-09-17T10:25:19Z,FIRST_FAILURE_AT_DOWNLOAD
INE002E01010::FY2011,INE002E01010,Sar  Auto Products Limited,2011,True,True,False,False,False,False,DOWNLOAD,REASON_CODE_MISSING,,,,209b6778ea,bse,E1_pre2013_FY2010-2012,micro,bse,"pm5-v1: cohort_companies.csv (36 firms, ...",pm5-v1,pm5-v1,pm5-v1,2026-09-17T10:25:19Z,FIRST_FAILURE_AT_DOWNLOAD
INE002E01010::FY2012,INE002E01010,Sar  Auto Products Limited,2012,True,True,True,True,True,True,,,,f14b33e27ee960e8eea8d66e80036ffa45f132194765af3fda617950512b6e25,f14b33e27ee960e8eea8d66e80036ffa45f132194765af3fda617950512b6e25,5216f9c167,bse,E1_pre2013_FY2010-2012,micro,bse,"pm5-v1: cohort_companies.csv (36 firms, ...",pm5-v1,pm5-v1,pm5-v1,2026-09-17T10:25:19Z,ACCEPTED
INE002E01010::FY2013,INE002E01010,Sar  Auto Products Limited,2013,True,True,True,True,True,False,ACCEPTANCE,REASON_CODE_MISSING,,506af41f735e68862997ee112b2a80df1b288149d7bcff69324b822567cc8dab,506af41f735e68862997ee112b2a80df1b288149d7bcff69324b822567cc8dab,92c03bdd0d,bse,E2_BRreport_FY2013-2014,micro,bse,"pm5-v1: cohort_companies.csv (36 firms, ...",pm5-v1,pm5-v1,pm5-v1,2026-09-17T10:25:19Z,FIRST_FAILURE_AT_ACCEPTANCE
INE002E01010::FY2014,INE002E01010,Sar  Auto Products Limited,2014,True,False,False,False,False,False,DISCOVERY,REASON_CODE_MISSING,,,,,,E2_BRreport_FY2013-2014,micro,bse,"pm5-v1: cohort_companies.csv (36 firms, ...",pm5-v1,pm5-v1,pm5-v1,2026-09-17T10:25:19Z,FIRST_FAILURE_AT_DISCOVERY
INE002E01010::FY2015,INE002E01010,Sar  Auto Products Limited,2015,True,True,False,False,False,False,DOWNLOAD,REASON_CODE_MISSING,,,,fee683a3d9,bse,E3_CompaniesAct2013_FY2015,micro,bse,"pm5-v1: cohort_companies.csv (36 firms, ...",pm5-v1,pm5-v1,pm5-v1,2026-09-17T10:25:19Z,FIRST_FAILURE_AT_DOWNLOAD
INE002E01010::FY2016,INE002E01010,Sar  Auto Products Limited,2016,True,True,False,False,False,False,DOWNLOAD,REASON_CODE_MISSING,,,,8138641303,bse,E4_IndAS_FY2016-2019,micro,bse,"pm5-v1: cohort_companies.csv (36 firms, ...",pm5-v1,pm5-v1,pm5-v1,2026-09-17T10:25:19Z,FIRST_FAILURE_AT_DOWNLOAD
INE002E01010::FY2017,INE002E01010,Sar  Auto Products Limited,2017,True,True,True,True,True,False,ACCEPTANCE,year_unproven,,6d0cb7f7c3148ec7a6dcecfa01e3e5c1711ee64ea09a61f356828fd82b2b704b,6d0cb7f7c3148ec7a6dcecfa01e3e5c1711ee64ea09a61f356828fd82b2b704b,0c4afa878b,bse,E4_IndAS_FY2016-2019,micro,bse,"pm5-v1: cohort_companies.csv (36 firms, ...",pm5-v1,pm5-v1,pm5-v1,2026-09-17T10:25:19Z,FIRST_FAILURE_AT_ACCEPTANCE
INE002E01010::FY2018,INE002E01010,Sar  Auto Products Limited,2018,True,True,True,True,True,False,ACCEPTANCE,span_truncated,,380487f45c313901f6306e1dd24d44f629d63c071902b2b1e327e4227fd6e0c5,380487f45c313901f6306e1dd24d44f629d63c071902b2b1e327e4227fd6e0c5,a3e84c3c5b,bse,E4_IndAS_FY2016-2019,micro,bse,"pm5-v1: cohort_companies.csv (36 firms, ...",pm5-v1,pm5-v1,pm5-v1,2026-09-17T10:25:19Z,FIRST_FAILURE_AT_ACCEPTANCE
INE002E01010::FY2019,INE002E01010,Sar  Auto Products Limited,2019,True,True,False,False,False,False,DOWNLOAD,REASON_CODE_MISSING,,,,89944f218d,bse,E4_IndAS_FY2016-2019,micro,bse,"pm5-v1: cohort_companies.csv (36 firms, ...",pm5-v1,pm5-v1,pm5-v1,2026-09-17T10:25:19Z,FIRST_FAILURE_AT_DOWNLOAD
INE002E01010::FY2020,INE002E01010,Sar  Auto Products Limited,2020,True,True,False,False,False,False,DOWNLOAD,REASON_CODE_MISSING,,,,3b4565c8c0,bse,E5_MandatedRatios_FY2020-2022,micro,bse,"pm5-v1: cohort_companies.csv (36 firms, ...",pm5-v1,pm5-v1,pm5-v1,2026-09-17T10:25:19Z,FIRST_FAILURE_AT_DOWNLOAD
INE002E01010::FY2021,INE002E01010,Sar  Auto Products Limited,2021,True,True,False,False,False,False,DOWNLOAD,REASON_CODE_MISSING,,,,dd89a4e8ab,bse,E5_MandatedRatios_FY2020-2022,micro,bse,"pm5-v1: cohort_companies.csv (36 firms, ...",pm5-v1,pm5-v1,pm5-v1,2026-09-17T10:25:19Z,FIRST_FAILURE_AT_DOWNLOAD
INE002E01010::FY2022,INE002E01010,Sar  Auto Products Limited,2022,True,True,False,False,False,False,DOWNLOAD,REASON_CODE_MISSING,,,,76be328edb,bse,E5_MandatedRatios_FY2020-2022,micro,bse,"pm5-v1: cohort_companies.csv (36 firms, ...",pm5-v1,pm5-v1,pm5-v1,2026-09-17T10:25:19Z,FIRST_FAILURE_AT_DOWNLOAD
INE002E01010::FY2023,INE002E01010,Sar  Auto Products Limited,2023,True,True,False,False,False,False,DOWNLOAD,REASON_CODE_MISSING,,,,5c1e084cda,bse,E6_BRSR_FY2023-2025,micro,bse,"pm5-v1: cohort_companies.csv (36 firms, ...",pm5-v1,pm5-v1,pm5-v1,2026-09-17T10:25:19Z,FIRST_FAILURE_AT_DOWNLOAD
INE002E01010::FY2024,INE002E01010,Sar  Auto Products Limited,2024,True,True,True,True,True,False,ACCEPTANCE,source_shredded,span_truncated,9cab164dfae58457f4b2ced9e2dfb2b46b2ec493528acf9f50c3906da7324e24,9cab164dfae58457f4b2ced9e2dfb2b46b2ec493528acf9f50c3906da7324e24,99006703cb|eac41bd832,bse,E6_BRSR_FY2023-2025,micro,bse,"pm5-v1: cohort_companies.csv (36 firms, ...",pm5-v1,pm5-v1,pm5-v1,2026-09-17T10:25:19Z,FIRST_FAILURE_AT_ACCEPTANCE
INE002E01010::FY2025,INE002E01010,Sar  Auto Products Limited,2025,True,True,True,True,True,False,ACCEPTANCE,source_shredded,span_truncated,05da41540d2e075326ef41b2c9e264f69f047410b8df041fe942bbf7ab9fe5ac,05da41540d2e075326ef41b2c9e264f69f047410b8df041fe942bbf7ab9fe5ac,7d3fe6d0a6,bse,E6_BRSR_FY2023-2025,micro,bse,"pm5-v1: cohort_companies.csv (36 firms, ...",pm5-v1,pm5-v1,pm5-v1,2026-09-17T10:25:19Z,FIRST_FAILURE_AT_ACCEPTANCE
INE004Z01011::FY2010,INE004Z01011,Mac Hotels Limited,2010,True,False,False,False,False,False,DISCOVERY,REASON_CODE_MISSING,,,,,,E1_pre2013_FY2010-2012,micro,bse,"pm5-v1: cohort_companies.csv (36 firms, ...",pm5-v1,pm5-v1,pm5-v1,2026-09-17T10:25:19Z,FIRST_FAILURE_AT_DISCOVERY
INE004Z01011::FY2011,INE004Z01011,Mac Hotels Limited,2011,True,False,False,False,False,False,DISCOVERY,REASON_CODE_MISSING,,,,,,E1_pre2013_FY2010-2012,micro,bse,"pm5-v1: cohort_companies.csv (36 firms, ...",pm5-v1,pm5-v1,pm5-v1,2026-09-17T10:25:19Z,FIRST_FAILURE_AT_DISCOVERY
INE004Z01011::FY2012,INE004Z01011,Mac Hotels Limited,2012,True,False,False,False,False,False,DISCOVERY,REASON_CODE_MISSING,,,,,,E1_pre2013_FY2010-2012,micro,bse,"pm5-v1: cohort_companies.csv (36 firms, ...",pm5-v1,pm5-v1,pm5-v1,2026-09-17T10:25:19Z,FIRST_FAILURE_AT_DISCOVERY
INE004Z01011::FY2013,INE004Z01011,Mac Hotels Limited,2013,True,False,False,False,False,False,DISCOVERY,REASON_CODE_MISSING,,,,,,E2_BRreport_FY2013-2014,micro,bse,"pm5-v1: cohort_companies.csv (36 firms, ...",pm5-v1,pm5-v1,pm5-v1,2026-09-17T10:25:19Z,FIRST_FAILURE_AT_DISCOVERY
INE004Z01011::FY2014,INE004Z01011,Mac Hotels Limited,2014,True,False,False,False,False,False,DISCOVERY,REASON_CODE_MISSING,,,,,,E2_BRreport_FY2013-2014,micro,bse,"pm5-v1: cohort_companies.csv (36 firms, ...",pm5-v1,pm5-v1,pm5-v1,2026-09-17T10:25:19Z,FIRST_FAILURE_AT_DISCOVERY
INE004Z01011::FY2015,INE004Z01011,Mac Hotels Limited,2015,True,False,False,False,False,False,DISCOVERY,REASON_CODE_MISSING,,,,,,E3_CompaniesAct2013_FY2015,micro,bse,"pm5-v1: cohort_companies.csv (36 firms, ...",pm5-v1,pm5-v1,pm5-v1,2026-09-17T10:25:19Z,FIRST_FAILURE_AT_DISCOVERY
INE004Z01011::FY2016,INE004Z01011,Mac Hotels Limited,2016,True,False,False,False,False,False,DISCOVERY,REASON_CODE_MISSING,,,,,,E4_IndAS_FY2016-2019,micro,bse,"pm5-v1: cohort_companies.csv (36 firms, ...",pm5-v1,pm5-v1,pm5-v1,2026-09-17T10:25:19Z,FIRST_FAILURE_AT_DISCOVERY
INE004Z01011::FY2017,INE004Z01011,Mac Hotels Limited,2017,True,False,False,False,False,False,DISCOVERY,REASON_CODE_MISSING,,,,,,E4_IndAS_FY2016-2019,micro,bse,"pm5-v1: cohort_companies.csv (36 firms, ...",pm5-v1,pm5-v1,pm5-v1,2026-09-17T10:25:19Z,FIRST_FAILURE_AT_DISCOVERY
INE004Z01011::FY2018,INE004Z01011,Mac Hotels Limited,2018,True,False,False,False,False,False,DISCOVERY,REASON_CODE_MISSING,,,,,,E4_IndAS_FY2016-2019,micro,bse,"pm5-v1: cohort_companies.csv (36 firms, ...",pm5-v1,pm5-v1,pm5-v1,2026-09-17T10:25:19Z,FIRST_FAILURE_AT_DISCOVERY
INE004Z01011::FY2019,INE004Z01011,Mac Hotels Limited,2019,True,True,False,False,False,False,DOWNLOAD,REASON_CODE_MISSING,,,,8d4911ce4c,bse,E4_IndAS_FY2016-2019,micro,bse,"pm5-v1: cohort_companies.csv (36 firms, ...",pm5-v1,pm5-v1,pm5-v1,2026-09-17T10:25:19Z,FIRST_FAILURE_AT_DOWNLOAD
INE004Z01011::FY2020,INE004Z01011,Mac Hotels Limited,2020,True,True,False,False,False,False,DOWNLOAD,REASON_CODE_MISSING,,,,79191c6a47,bse,E5_MandatedRatios_FY2020-2022,micro,bse,"pm5-v1: cohort_companies.csv (36 firms, ...",pm5-v1,pm5-v1,pm5-v1,2026-09-17T10:25:19Z,FIRST_FAILURE_AT_DOWNLOAD
INE004Z01011::FY2021,INE004Z01011,Mac Hotels Limited,2021,True,True,False,False,False,False,DOWNLOAD,REASON_CODE_MISSING,,,,8ff4aeed30,bse,E5_MandatedRatios_FY2020-2022,micro,bse,"pm5-v1: cohort_companies.csv (36 firms, ...",pm5-v1,pm5-v1,pm5-v1,2026-09-17T10:25:19Z,FIRST_FAILURE_AT_DOWNLOAD
INE004Z01011::FY2022,INE004Z01011,Mac Hotels Limited,2022,True,True,False,False,False,False,DOWNLOAD,REASON_CODE_MISSING,,,,c58186fab2,bse,E5_MandatedRatios_FY2020-2022,micro,bse,"pm5-v1: cohort_companies.csv (36 firms, ...",pm5-v1,pm5-v1,pm5-v1,2026-09-17T10:25:19Z,FIRST_FAILURE_AT_DOWNLOAD
INE004Z01011::FY2023,INE004Z01011,Mac Hotels Limited,2023,True,True,False,False,False,False,DOWNLOAD,REASON_CODE_MISSING,,,,713039d98d,bse,E6_BRSR_FY2023-2025,micro,bse,"pm5-v1: cohort_companies.csv (36 firms, ...",pm5-v1,pm5-v1,pm5-v1,2026-09-17T10:25:19Z,FIRST_FAILURE_AT_DOWNLOAD
INE004Z01011::FY2024,INE004Z01011,Mac Hotels Limited,2024,True,True,True,True,True,True,,,,ecf45ab9f08aad31c007355d127d13e2ba2097588ee221834fbcedb9ecea8c85,ecf45ab9f08aad31c007355d127d13e2ba2097588ee221834fbcedb9ecea8c85,7e22df5637,bse,E6_BRSR_FY2023-2025,micro,bse,"pm5-v1: cohort_companies.csv (36 firms, ...",pm5-v1,pm5-v1,pm5-v1,2026-09-17T10:25:19Z,ACCEPTED
INE004Z01011::FY2025,INE004Z01011,Mac Hotels Limited,2025,True,True,True,True,True,True,,,,7a4f1a963222265043d2cc62f24d525cbd85af2da8342fa248089ecce38296e4,7a4f1a963222265043d2cc62f24d525cbd85af2da8342fa248089ecce38296e4,746ebf1339|a8a4d73844,bse,E6_BRSR_FY2023-2025,micro,bse,"pm5-v1: cohort_companies.csv (36 firms, ...",pm5-v1,pm5-v1,pm5-v1,2026-09-17T10:25:19Z,ACCEPTED
