document_id,issuer,fiscal_year,split,condition,status,evidence_source,document_count_basis,page_count,issuer_count_basis,detector_name,detector_version,verification_status,reviewer_type,notes,reconciled_verification_status,provenance
INE001B01026_2012,KRBL Limited,2012,VALIDATION,native,CANDIDATE,t0.1_audit_detector,1,103,1,audit_detector_native,1.0.0,NOT_REVIEWED,,raw_prop=native_page_count,NOT_REVIEWED,DERIVED_RECONCILIATION
INE001B01026_2012,KRBL Limited,2012,VALIDATION,scanned,NOT_OBSERVED,t0.1_audit_detector,0,0,0,audit_detector_scanned,1.0.0,NOT_REVIEWED,,raw_prop=scanned_page_count,NOT_REVIEWED,DERIVED_RECONCILIATION
INE001B01026_2012,KRBL Limited,2012,VALIDATION,ocr_layer_candidate,CANDIDATE,t0.1_audit_detector,1,2,1,audit_detector_ocr_layer_candidate,1.0.0,NOT_REVIEWED,,raw_prop=ocr_page_count,NOT_REVIEWED,DERIVED_RECONCILIATION
INE001B01026_2012,KRBL Limited,2012,VALIDATION,legacy_font_candidate,NOT_OBSERVED,t0.1_audit_detector,0,0,0,audit_detector_legacy_font_candidate,1.0.0,NOT_REVIEWED,,raw_prop=legacy_candidate_page_count,NOT_REVIEWED,DERIVED_RECONCILIATION
INE001B01026_2012,KRBL Limited,2012,VALIDATION,hidden_text_candidate,NOT_OBSERVED,t0.1_audit_detector,0,0,0,audit_detector_hidden_text_candidate,1.0.0,NOT_REVIEWED,,raw_prop=hidden_text_candidate_page_count,NOT_REVIEWED,DERIVED_RECONCILIATION
INE001B01026_2012,KRBL Limited,2012,VALIDATION,duplicate_text_candidate,CANDIDATE,t0.1_audit_detector,1,2,1,audit_detector_duplicate_text_candidate,1.0.0,NOT_REVIEWED,,raw_prop=duplicate_text_candidate_page_count,NOT_REVIEWED,DERIVED_RECONCILIATION
INE001B01026_2012,KRBL Limited,2012,VALIDATION,devanagari_candidate,NOT_OBSERVED,t0.1_audit_detector,0,0,0,audit_detector_devanagari_candidate,1.0.0,NOT_REVIEWED,,raw_prop=devanagari_page_count,NOT_REVIEWED,DERIVED_RECONCILIATION
INE001B01026_2012,KRBL Limited,2012,VALIDATION,bilingual_candidate,NOT_OBSERVED,t0.1_audit_detector,0,0,0,audit_detector_bilingual_candidate,1.0.0,NOT_REVIEWED,,raw_prop=bilingual_candidate_page_count,NOT_REVIEWED,DERIVED_RECONCILIATION
INE001B01026_2012,KRBL Limited,2012,VALIDATION,two_column,CANDIDATE,t0.1_audit_detector,1,42,1,audit_detector_two_column,1.0.0,NOT_REVIEWED,,raw_prop=two_column_page_count,NOT_REVIEWED,DERIVED_RECONCILIATION
INE001B01026_2012,KRBL Limited,2012,VALIDATION,multi_column,CANDIDATE,t0.1_audit_detector,1,29,1,audit_detector_multi_column,1.0.0,NOT_REVIEWED,,raw_prop=multi_column_page_count,NOT_REVIEWED,DERIVED_RECONCILIATION
INE001B01026_2012,KRBL Limited,2012,VALIDATION,table_candidate,CANDIDATE,t0.1_audit_detector,1,104,1,audit_detector_table_candidate,1.0.0,NOT_REVIEWED,,raw_prop=table_candidate_page_count,NOT_REVIEWED,DERIVED_RECONCILIATION
INE001B01026_2012,KRBL Limited,2012,VALIDATION,header_candidate,NOT_OBSERVED,t0.1_audit_detector,0,0,0,audit_detector_header_candidate,1.0.0,NOT_REVIEWED,,raw_prop=header_candidate_page_count,NOT_REVIEWED,DERIVED_RECONCILIATION
INE001B01026_2012,KRBL Limited,2012,VALIDATION,footer_candidate,CANDIDATE,t0.1_audit_detector,1,104,1,audit_detector_footer_candidate,1.0.0,NOT_REVIEWED,,raw_prop=footer_candidate_page_count,NOT_REVIEWED,DERIVED_RECONCILIATION
INE001B01026_2012,KRBL Limited,2012,VALIDATION,toc_candidate,CANDIDATE,t0.1_audit_detector,1,True,1,audit_detector_toc_candidate,1.0.0,NOT_REVIEWED,,raw_prop=toc_candidate,NOT_REVIEWED,DERIVED_RECONCILIATION
INE001B01026_2012,KRBL Limited,2012,VALIDATION,deep_hierarchy_candidate,NOT_OBSERVED,t0.1_audit_detector,0,False,0,audit_detector_deep_hierarchy_candidate,1.0.0,NOT_REVIEWED,,raw_prop=deep_hierarchy_candidate,NOT_REVIEWED,DERIVED_RECONCILIATION
INE001B01026_2012,KRBL Limited,2012,VALIDATION,annexure_candidate,CANDIDATE,t0.1_audit_detector,1,True,1,audit_detector_annexure_candidate,1.0.0,NOT_REVIEWED,,raw_prop=annexure_candidate,NOT_REVIEWED,DERIVED_RECONCILIATION
INE001B01026_2012,KRBL Limited,2012,VALIDATION,combined_mdna_candidate,CANDIDATE,t0.1_audit_detector,1,True,1,audit_detector_combined_mdna_candidate,1.0.0,NOT_REVIEWED,,raw_prop=combined_mdna_candidate,NOT_REVIEWED,DERIVED_RECONCILIATION
INE001B01026_2013,KRBL Limited,2013,VALIDATION,native,CANDIDATE,t0.1_audit_detector,1,116,1,audit_detector_native,1.0.0,NOT_REVIEWED,,raw_prop=native_page_count,NOT_REVIEWED,DERIVED_RECONCILIATION
INE001B01026_2013,KRBL Limited,2013,VALIDATION,scanned,CANDIDATE,t0.1_audit_detector,1,2,1,audit_detector_scanned,1.0.0,NOT_REVIEWED,,raw_prop=scanned_page_count,NOT_REVIEWED,DERIVED_RECONCILIATION
INE001B01026_2013,KRBL Limited,2013,VALIDATION,ocr_layer_candidate,NOT_OBSERVED,t0.1_audit_detector,0,0,0,audit_detector_ocr_layer_candidate,1.0.0,NOT_REVIEWED,,raw_prop=ocr_page_count,NOT_REVIEWED,DERIVED_RECONCILIATION
INE001B01026_2013,KRBL Limited,2013,VALIDATION,legacy_font_candidate,CANDIDATE,t0.1_audit_detector,1,26,1,audit_detector_legacy_font_candidate,1.0.0,NOT_REVIEWED,,raw_prop=legacy_candidate_page_count,NOT_REVIEWED,DERIVED_RECONCILIATION
INE001B01026_2013,KRBL Limited,2013,VALIDATION,hidden_text_candidate,NOT_OBSERVED,t0.1_audit_detector,0,0,0,audit_detector_hidden_text_candidate,1.0.0,NOT_REVIEWED,,raw_prop=hidden_text_candidate_page_count,NOT_REVIEWED,DERIVED_RECONCILIATION
INE001B01026_2013,KRBL Limited,2013,VALIDATION,duplicate_text_candidate,NOT_OBSERVED,t0.1_audit_detector,0,0,0,audit_detector_duplicate_text_candidate,1.0.0,NOT_REVIEWED,,raw_prop=duplicate_text_candidate_page_count,NOT_REVIEWED,DERIVED_RECONCILIATION
INE001B01026_2013,KRBL Limited,2013,VALIDATION,devanagari_candidate,NOT_OBSERVED,t0.1_audit_detector,0,0,0,audit_detector_devanagari_candidate,1.0.0,NOT_REVIEWED,,raw_prop=devanagari_page_count,NOT_REVIEWED,DERIVED_RECONCILIATION
INE001B01026_2013,KRBL Limited,2013,VALIDATION,bilingual_candidate,NOT_OBSERVED,t0.1_audit_detector,0,0,0,audit_detector_bilingual_candidate,1.0.0,NOT_REVIEWED,,raw_prop=bilingual_candidate_page_count,NOT_REVIEWED,DERIVED_RECONCILIATION
INE001B01026_2013,KRBL Limited,2013,VALIDATION,two_column,CANDIDATE,t0.1_audit_detector,1,43,1,audit_detector_two_column,1.0.0,NOT_REVIEWED,,raw_prop=two_column_page_count,NOT_REVIEWED,DERIVED_RECONCILIATION
INE001B01026_2013,KRBL Limited,2013,VALIDATION,multi_column,CANDIDATE,t0.1_audit_detector,1,56,1,audit_detector_multi_column,1.0.0,NOT_REVIEWED,,raw_prop=multi_column_page_count,NOT_REVIEWED,DERIVED_RECONCILIATION
INE001B01026_2013,KRBL Limited,2013,VALIDATION,table_candidate,CANDIDATE,t0.1_audit_detector,1,96,1,audit_detector_table_candidate,1.0.0,NOT_REVIEWED,,raw_prop=table_candidate_page_count,NOT_REVIEWED,DERIVED_RECONCILIATION
INE001B01026_2013,KRBL Limited,2013,VALIDATION,header_candidate,NOT_OBSERVED,t0.1_audit_detector,0,0,0,audit_detector_header_candidate,1.0.0,NOT_REVIEWED,,raw_prop=header_candidate_page_count,NOT_REVIEWED,DERIVED_RECONCILIATION
INE001B01026_2013,KRBL Limited,2013,VALIDATION,footer_candidate,NOT_OBSERVED,t0.1_audit_detector,0,0,0,audit_detector_footer_candidate,1.0.0,NOT_REVIEWED,,raw_prop=footer_candidate_page_count,NOT_REVIEWED,DERIVED_RECONCILIATION
INE001B01026_2013,KRBL Limited,2013,VALIDATION,toc_candidate,CANDIDATE,t0.1_audit_detector,1,True,1,audit_detector_toc_candidate,1.0.0,NOT_REVIEWED,,raw_prop=toc_candidate,NOT_REVIEWED,DERIVED_RECONCILIATION
INE001B01026_2013,KRBL Limited,2013,VALIDATION,deep_hierarchy_candidate,NOT_OBSERVED,t0.1_audit_detector,0,False,0,audit_detector_deep_hierarchy_candidate,1.0.0,NOT_REVIEWED,,raw_prop=deep_hierarchy_candidate,NOT_REVIEWED,DERIVED_RECONCILIATION
INE001B01026_2013,KRBL Limited,2013,VALIDATION,annexure_candidate,CANDIDATE,t0.1_audit_detector,1,True,1,audit_detector_annexure_candidate,1.0.0,NOT_REVIEWED,,raw_prop=annexure_candidate,NOT_REVIEWED,DERIVED_RECONCILIATION
INE001B01026_2013,KRBL Limited,2013,VALIDATION,combined_mdna_candidate,NOT_OBSERVED,t0.1_audit_detector,0,False,0,audit_detector_combined_mdna_candidate,1.0.0,NOT_REVIEWED,,raw_prop=combined_mdna_candidate,NOT_REVIEWED,DERIVED_RECONCILIATION
INE001B01026_2017,KRBL Limited,2017,VALIDATION,native,CANDIDATE,t0.1_audit_detector,1,228,1,audit_detector_native,1.0.0,NOT_REVIEWED,,raw_prop=native_page_count,NOT_REVIEWED,DERIVED_RECONCILIATION
INE001B01026_2017,KRBL Limited,2017,VALIDATION,scanned,CANDIDATE,t0.1_audit_detector,1,1,1,audit_detector_scanned,1.0.0,NOT_REVIEWED,,raw_prop=scanned_page_count,NOT_REVIEWED,DERIVED_RECONCILIATION
INE001B01026_2017,KRBL Limited,2017,VALIDATION,ocr_layer_candidate,CANDIDATE,t0.1_audit_detector,1,2,1,audit_detector_ocr_layer_candidate,1.0.0,NOT_REVIEWED,,raw_prop=ocr_page_count,NOT_REVIEWED,DERIVED_RECONCILIATION
INE001B01026_2017,KRBL Limited,2017,VALIDATION,legacy_font_candidate,CANDIDATE,t0.1_audit_detector,1,1,1,audit_detector_legacy_font_candidate,1.0.0,NOT_REVIEWED,,raw_prop=legacy_candidate_page_count,NOT_REVIEWED,DERIVED_RECONCILIATION
INE001B01026_2017,KRBL Limited,2017,VALIDATION,hidden_text_candidate,NOT_OBSERVED,t0.1_audit_detector,0,0,0,audit_detector_hidden_text_candidate,1.0.0,NOT_REVIEWED,,raw_prop=hidden_text_candidate_page_count,NOT_REVIEWED,DERIVED_RECONCILIATION
INE001B01026_2017,KRBL Limited,2017,VALIDATION,duplicate_text_candidate,NOT_OBSERVED,t0.1_audit_detector,0,0,0,audit_detector_duplicate_text_candidate,1.0.0,NOT_REVIEWED,,raw_prop=duplicate_text_candidate_page_count,NOT_REVIEWED,DERIVED_RECONCILIATION
INE001B01026_2017,KRBL Limited,2017,VALIDATION,devanagari_candidate,NOT_OBSERVED,t0.1_audit_detector,0,0,0,audit_detector_devanagari_candidate,1.0.0,NOT_REVIEWED,,raw_prop=devanagari_page_count,NOT_REVIEWED,DERIVED_RECONCILIATION
INE001B01026_2017,KRBL Limited,2017,VALIDATION,bilingual_candidate,NOT_OBSERVED,t0.1_audit_detector,0,0,0,audit_detector_bilingual_candidate,1.0.0,NOT_REVIEWED,,raw_prop=bilingual_candidate_page_count,NOT_REVIEWED,DERIVED_RECONCILIATION
INE001B01026_2017,KRBL Limited,2017,VALIDATION,two_column,CANDIDATE,t0.1_audit_detector,1,92,1,audit_detector_two_column,1.0.0,NOT_REVIEWED,,raw_prop=two_column_page_count,NOT_REVIEWED,DERIVED_RECONCILIATION
INE001B01026_2017,KRBL Limited,2017,VALIDATION,multi_column,CANDIDATE,t0.1_audit_detector,1,113,1,audit_detector_multi_column,1.0.0,NOT_REVIEWED,,raw_prop=multi_column_page_count,NOT_REVIEWED,DERIVED_RECONCILIATION
INE001B01026_2017,KRBL Limited,2017,VALIDATION,table_candidate,CANDIDATE,t0.1_audit_detector,1,232,1,audit_detector_table_candidate,1.0.0,NOT_REVIEWED,,raw_prop=table_candidate_page_count,NOT_REVIEWED,DERIVED_RECONCILIATION
INE001B01026_2017,KRBL Limited,2017,VALIDATION,header_candidate,NOT_OBSERVED,t0.1_audit_detector,0,0,0,audit_detector_header_candidate,1.0.0,NOT_REVIEWED,,raw_prop=header_candidate_page_count,NOT_REVIEWED,DERIVED_RECONCILIATION
INE001B01026_2017,KRBL Limited,2017,VALIDATION,footer_candidate,NOT_OBSERVED,t0.1_audit_detector,0,0,0,audit_detector_footer_candidate,1.0.0,NOT_REVIEWED,,raw_prop=footer_candidate_page_count,NOT_REVIEWED,DERIVED_RECONCILIATION
INE001B01026_2017,KRBL Limited,2017,VALIDATION,toc_candidate,CANDIDATE,t0.1_audit_detector,1,True,1,audit_detector_toc_candidate,1.0.0,NOT_REVIEWED,,raw_prop=toc_candidate,NOT_REVIEWED,DERIVED_RECONCILIATION
INE001B01026_2017,KRBL Limited,2017,VALIDATION,deep_hierarchy_candidate,NOT_OBSERVED,t0.1_audit_detector,0,False,0,audit_detector_deep_hierarchy_candidate,1.0.0,NOT_REVIEWED,,raw_prop=deep_hierarchy_candidate,NOT_REVIEWED,DERIVED_RECONCILIATION
INE001B01026_2017,KRBL Limited,2017,VALIDATION,annexure_candidate,CANDIDATE,t0.1_audit_detector,1,True,1,audit_detector_annexure_candidate,1.0.0,NOT_REVIEWED,,raw_prop=annexure_candidate,NOT_REVIEWED,DERIVED_RECONCILIATION
INE001B01026_2017,KRBL Limited,2017,VALIDATION,combined_mdna_candidate,NOT_OBSERVED,t0.1_audit_detector,0,False,0,audit_detector_combined_mdna_candidate,1.0.0,NOT_REVIEWED,,raw_prop=combined_mdna_candidate,NOT_REVIEWED,DERIVED_RECONCILIATION
INE001B01026_2018,KRBL Limited,2018,VALIDATION,native,CANDIDATE,t0.1_audit_detector,1,239,1,audit_detector_native,1.0.0,NOT_REVIEWED,,raw_prop=native_page_count,NOT_REVIEWED,DERIVED_RECONCILIATION
INE001B01026_2018,KRBL Limited,2018,VALIDATION,scanned,CANDIDATE,t0.1_audit_detector,1,1,1,audit_detector_scanned,1.0.0,NOT_REVIEWED,,raw_prop=scanned_page_count,NOT_REVIEWED,DERIVED_RECONCILIATION
INE001B01026_2018,KRBL Limited,2018,VALIDATION,ocr_layer_candidate,CANDIDATE,t0.1_audit_detector,1,9,1,audit_detector_ocr_layer_candidate,1.0.0,NOT_REVIEWED,,raw_prop=ocr_page_count,NOT_REVIEWED,DERIVED_RECONCILIATION
INE001B01026_2018,KRBL Limited,2018,VALIDATION,legacy_font_candidate,NOT_OBSERVED,t0.1_audit_detector,0,0,0,audit_detector_legacy_font_candidate,1.0.0,NOT_REVIEWED,,raw_prop=legacy_candidate_page_count,NOT_REVIEWED,DERIVED_RECONCILIATION
INE001B01026_2018,KRBL Limited,2018,VALIDATION,hidden_text_candidate,NOT_OBSERVED,t0.1_audit_detector,0,0,0,audit_detector_hidden_text_candidate,1.0.0,NOT_REVIEWED,,raw_prop=hidden_text_candidate_page_count,NOT_REVIEWED,DERIVED_RECONCILIATION
INE001B01026_2018,KRBL Limited,2018,VALIDATION,duplicate_text_candidate,CANDIDATE,t0.1_audit_detector,1,1,1,audit_detector_duplicate_text_candidate,1.0.0,NOT_REVIEWED,,raw_prop=duplicate_text_candidate_page_count,NOT_REVIEWED,DERIVED_RECONCILIATION
INE001B01026_2018,KRBL Limited,2018,VALIDATION,devanagari_candidate,NOT_OBSERVED,t0.1_audit_detector,0,0,0,audit_detector_devanagari_candidate,1.0.0,NOT_REVIEWED,,raw_prop=devanagari_page_count,NOT_REVIEWED,DERIVED_RECONCILIATION
INE001B01026_2018,KRBL Limited,2018,VALIDATION,bilingual_candidate,NOT_OBSERVED,t0.1_audit_detector,0,0,0,audit_detector_bilingual_candidate,1.0.0,NOT_REVIEWED,,raw_prop=bilingual_candidate_page_count,NOT_REVIEWED,DERIVED_RECONCILIATION
INE001B01026_2018,KRBL Limited,2018,VALIDATION,two_column,CANDIDATE,t0.1_audit_detector,1,116,1,audit_detector_two_column,1.0.0,NOT_REVIEWED,,raw_prop=two_column_page_count,NOT_REVIEWED,DERIVED_RECONCILIATION
INE001B01026_2018,KRBL Limited,2018,VALIDATION,multi_column,CANDIDATE,t0.1_audit_detector,1,84,1,audit_detector_multi_column,1.0.0,NOT_REVIEWED,,raw_prop=multi_column_page_count,NOT_REVIEWED,DERIVED_RECONCILIATION
INE001B01026_2018,KRBL Limited,2018,VALIDATION,table_candidate,CANDIDATE,t0.1_audit_detector,1,212,1,audit_detector_table_candidate,1.0.0,NOT_REVIEWED,,raw_prop=table_candidate_page_count,NOT_REVIEWED,DERIVED_RECONCILIATION
INE001B01026_2018,KRBL Limited,2018,VALIDATION,header_candidate,NOT_OBSERVED,t0.1_audit_detector,0,0,0,audit_detector_header_candidate,1.0.0,NOT_REVIEWED,,raw_prop=header_candidate_page_count,NOT_REVIEWED,DERIVED_RECONCILIATION
INE001B01026_2018,KRBL Limited,2018,VALIDATION,footer_candidate,CANDIDATE,t0.1_audit_detector,1,7,1,audit_detector_footer_candidate,1.0.0,NOT_REVIEWED,,raw_prop=footer_candidate_page_count,NOT_REVIEWED,DERIVED_RECONCILIATION
INE001B01026_2018,KRBL Limited,2018,VALIDATION,toc_candidate,CANDIDATE,t0.1_audit_detector,1,True,1,audit_detector_toc_candidate,1.0.0,NOT_REVIEWED,,raw_prop=toc_candidate,NOT_REVIEWED,DERIVED_RECONCILIATION
INE001B01026_2018,KRBL Limited,2018,VALIDATION,deep_hierarchy_candidate,NOT_OBSERVED,t0.1_audit_detector,0,False,0,audit_detector_deep_hierarchy_candidate,1.0.0,NOT_REVIEWED,,raw_prop=deep_hierarchy_candidate,NOT_REVIEWED,DERIVED_RECONCILIATION
INE001B01026_2018,KRBL Limited,2018,VALIDATION,annexure_candidate,CANDIDATE,t0.1_audit_detector,1,True,1,audit_detector_annexure_candidate,1.0.0,NOT_REVIEWED,,raw_prop=annexure_candidate,NOT_REVIEWED,DERIVED_RECONCILIATION
INE001B01026_2018,KRBL Limited,2018,VALIDATION,combined_mdna_candidate,NOT_OBSERVED,t0.1_audit_detector,0,False,0,audit_detector_combined_mdna_candidate,1.0.0,NOT_REVIEWED,,raw_prop=combined_mdna_candidate,NOT_REVIEWED,DERIVED_RECONCILIATION
INE001B01026_2024,KRBL Limited,2024,VALIDATION,native,CANDIDATE,t0.1_audit_detector,1,155,1,audit_detector_native,1.0.0,NOT_REVIEWED,,raw_prop=native_page_count,NOT_REVIEWED,DERIVED_RECONCILIATION
INE001B01026_2024,KRBL Limited,2024,VALIDATION,scanned,NOT_OBSERVED,t0.1_audit_detector,0,0,0,audit_detector_scanned,1.0.0,NOT_REVIEWED,,raw_prop=scanned_page_count,NOT_REVIEWED,DERIVED_RECONCILIATION
INE001B01026_2024,KRBL Limited,2024,VALIDATION,ocr_layer_candidate,CANDIDATE,t0.1_audit_detector,1,1,1,audit_detector_ocr_layer_candidate,1.0.0,NOT_REVIEWED,,raw_prop=ocr_page_count,NOT_REVIEWED,DERIVED_RECONCILIATION
INE001B01026_2024,KRBL Limited,2024,VALIDATION,legacy_font_candidate,CANDIDATE,t0.1_audit_detector,1,5,1,audit_detector_legacy_font_candidate,1.0.0,NOT_REVIEWED,,raw_prop=legacy_candidate_page_count,NOT_REVIEWED,DERIVED_RECONCILIATION
INE001B01026_2024,KRBL Limited,2024,VALIDATION,hidden_text_candidate,NOT_OBSERVED,t0.1_audit_detector,0,0,0,audit_detector_hidden_text_candidate,1.0.0,NOT_REVIEWED,,raw_prop=hidden_text_candidate_page_count,NOT_REVIEWED,DERIVED_RECONCILIATION
INE001B01026_2024,KRBL Limited,2024,VALIDATION,duplicate_text_candidate,CANDIDATE,t0.1_audit_detector,1,1,1,audit_detector_duplicate_text_candidate,1.0.0,NOT_REVIEWED,,raw_prop=duplicate_text_candidate_page_count,NOT_REVIEWED,DERIVED_RECONCILIATION
INE001B01026_2024,KRBL Limited,2024,VALIDATION,devanagari_candidate,NOT_OBSERVED,t0.1_audit_detector,0,0,0,audit_detector_devanagari_candidate,1.0.0,NOT_REVIEWED,,raw_prop=devanagari_page_count,NOT_REVIEWED,DERIVED_RECONCILIATION
INE001B01026_2024,KRBL Limited,2024,VALIDATION,bilingual_candidate,NOT_OBSERVED,t0.1_audit_detector,0,0,0,audit_detector_bilingual_candidate,1.0.0,NOT_REVIEWED,,raw_prop=bilingual_candidate_page_count,NOT_REVIEWED,DERIVED_RECONCILIATION
INE001B01026_2024,KRBL Limited,2024,VALIDATION,two_column,CANDIDATE,t0.1_audit_detector,1,149,1,audit_detector_two_column,1.0.0,NOT_REVIEWED,,raw_prop=two_column_page_count,NOT_REVIEWED,DERIVED_RECONCILIATION
INE001B01026_2024,KRBL Limited,2024,VALIDATION,multi_column,CANDIDATE,t0.1_audit_detector,1,4,1,audit_detector_multi_column,1.0.0,NOT_REVIEWED,,raw_prop=multi_column_page_count,NOT_REVIEWED,DERIVED_RECONCILIATION
INE001B01026_2024,KRBL Limited,2024,VALIDATION,table_candidate,CANDIDATE,t0.1_audit_detector,1,155,1,audit_detector_table_candidate,1.0.0,NOT_REVIEWED,,raw_prop=table_candidate_page_count,NOT_REVIEWED,DERIVED_RECONCILIATION
INE001B01026_2024,KRBL Limited,2024,VALIDATION,header_candidate,CANDIDATE,t0.1_audit_detector,1,150,1,audit_detector_header_candidate,1.0.0,NOT_REVIEWED,,raw_prop=header_candidate_page_count,NOT_REVIEWED,DERIVED_RECONCILIATION
INE001B01026_2024,KRBL Limited,2024,VALIDATION,footer_candidate,NOT_OBSERVED,t0.1_audit_detector,0,0,0,audit_detector_footer_candidate,1.0.0,NOT_REVIEWED,,raw_prop=footer_candidate_page_count,NOT_REVIEWED,DERIVED_RECONCILIATION
INE001B01026_2024,KRBL Limited,2024,VALIDATION,toc_candidate,CANDIDATE,t0.1_audit_detector,1,True,1,audit_detector_toc_candidate,1.0.0,NOT_REVIEWED,,raw_prop=toc_candidate,NOT_REVIEWED,DERIVED_RECONCILIATION
INE001B01026_2024,KRBL Limited,2024,VALIDATION,deep_hierarchy_candidate,CANDIDATE,t0.1_audit_detector,1,True,1,audit_detector_deep_hierarchy_candidate,1.0.0,NOT_REVIEWED,,raw_prop=deep_hierarchy_candidate,NOT_REVIEWED,DERIVED_RECONCILIATION
INE001B01026_2024,KRBL Limited,2024,VALIDATION,annexure_candidate,CANDIDATE,t0.1_audit_detector,1,True,1,audit_detector_annexure_candidate,1.0.0,NOT_REVIEWED,,raw_prop=annexure_candidate,NOT_REVIEWED,DERIVED_RECONCILIATION
INE001B01026_2024,KRBL Limited,2024,VALIDATION,combined_mdna_candidate,NOT_OBSERVED,t0.1_audit_detector,0,False,0,audit_detector_combined_mdna_candidate,1.0.0,NOT_REVIEWED,,raw_prop=combined_mdna_candidate,NOT_REVIEWED,DERIVED_RECONCILIATION
INE001B01026_2025,KRBL Limited,2025,VALIDATION,native,CANDIDATE,t0.1_audit_detector,1,322,1,audit_detector_native,1.0.0,NOT_REVIEWED,,raw_prop=native_page_count,NOT_REVIEWED,DERIVED_RECONCILIATION
INE001B01026_2025,KRBL Limited,2025,VALIDATION,scanned,CANDIDATE,t0.1_audit_detector,1,2,1,audit_detector_scanned,1.0.0,NOT_REVIEWED,,raw_prop=scanned_page_count,NOT_REVIEWED,DERIVED_RECONCILIATION
INE001B01026_2025,KRBL Limited,2025,VALIDATION,ocr_layer_candidate,CANDIDATE,t0.1_audit_detector,1,1,1,audit_detector_ocr_layer_candidate,1.0.0,NOT_REVIEWED,,raw_prop=ocr_page_count,NOT_REVIEWED,DERIVED_RECONCILIATION
INE001B01026_2025,KRBL Limited,2025,VALIDATION,legacy_font_candidate,NOT_OBSERVED,t0.1_audit_detector,0,0,0,audit_detector_legacy_font_candidate,1.0.0,NOT_REVIEWED,,raw_prop=legacy_candidate_page_count,NOT_REVIEWED,DERIVED_RECONCILIATION
INE001B01026_2025,KRBL Limited,2025,VALIDATION,hidden_text_candidate,NOT_OBSERVED,t0.1_audit_detector,0,0,0,audit_detector_hidden_text_candidate,1.0.0,NOT_REVIEWED,,raw_prop=hidden_text_candidate_page_count,NOT_REVIEWED,DERIVED_RECONCILIATION
INE001B01026_2025,KRBL Limited,2025,VALIDATION,duplicate_text_candidate,NOT_OBSERVED,t0.1_audit_detector,0,0,0,audit_detector_duplicate_text_candidate,1.0.0,NOT_REVIEWED,,raw_prop=duplicate_text_candidate_page_count,NOT_REVIEWED,DERIVED_RECONCILIATION
INE001B01026_2025,KRBL Limited,2025,VALIDATION,devanagari_candidate,NOT_OBSERVED,t0.1_audit_detector,0,0,0,audit_detector_devanagari_candidate,1.0.0,NOT_REVIEWED,,raw_prop=devanagari_page_count,NOT_REVIEWED,DERIVED_RECONCILIATION
INE001B01026_2025,KRBL Limited,2025,VALIDATION,bilingual_candidate,NOT_OBSERVED,t0.1_audit_detector,0,0,0,audit_detector_bilingual_candidate,1.0.0,NOT_REVIEWED,,raw_prop=bilingual_candidate_page_count,NOT_REVIEWED,DERIVED_RECONCILIATION
INE001B01026_2025,KRBL Limited,2025,VALIDATION,two_column,CANDIDATE,t0.1_audit_detector,1,126,1,audit_detector_two_column,1.0.0,NOT_REVIEWED,,raw_prop=two_column_page_count,NOT_REVIEWED,DERIVED_RECONCILIATION
INE001B01026_2025,KRBL Limited,2025,VALIDATION,multi_column,CANDIDATE,t0.1_audit_detector,1,186,1,audit_detector_multi_column,1.0.0,NOT_REVIEWED,,raw_prop=multi_column_page_count,NOT_REVIEWED,DERIVED_RECONCILIATION
INE001B01026_2025,KRBL Limited,2025,VALIDATION,table_candidate,CANDIDATE,t0.1_audit_detector,1,270,1,audit_detector_table_candidate,1.0.0,NOT_REVIEWED,,raw_prop=table_candidate_page_count,NOT_REVIEWED,DERIVED_RECONCILIATION
INE001B01026_2025,KRBL Limited,2025,VALIDATION,header_candidate,CANDIDATE,t0.1_audit_detector,1,33,1,audit_detector_header_candidate,1.0.0,NOT_REVIEWED,,raw_prop=header_candidate_page_count,NOT_REVIEWED,DERIVED_RECONCILIATION
INE001B01026_2025,KRBL Limited,2025,VALIDATION,footer_candidate,CANDIDATE,t0.1_audit_detector,1,33,1,audit_detector_footer_candidate,1.0.0,NOT_REVIEWED,,raw_prop=footer_candidate_page_count,NOT_REVIEWED,DERIVED_RECONCILIATION
INE001B01026_2025,KRBL Limited,2025,VALIDATION,toc_candidate,CANDIDATE,t0.1_audit_detector,1,True,1,audit_detector_toc_candidate,1.0.0,NOT_REVIEWED,,raw_prop=toc_candidate,NOT_REVIEWED,DERIVED_RECONCILIATION
INE001B01026_2025,KRBL Limited,2025,VALIDATION,deep_hierarchy_candidate,CANDIDATE,t0.1_audit_detector,1,True,1,audit_detector_deep_hierarchy_candidate,1.0.0,NOT_REVIEWED,,raw_prop=deep_hierarchy_candidate,NOT_REVIEWED,DERIVED_RECONCILIATION
INE001B01026_2025,KRBL Limited,2025,VALIDATION,annexure_candidate,CANDIDATE,t0.1_audit_detector,1,True,1,audit_detector_annexure_candidate,1.0.0,NOT_REVIEWED,,raw_prop=annexure_candidate,NOT_REVIEWED,DERIVED_RECONCILIATION
INE001B01026_2025,KRBL Limited,2025,VALIDATION,combined_mdna_candidate,NOT_OBSERVED,t0.1_audit_detector,0,False,0,audit_detector_combined_mdna_candidate,1.0.0,NOT_REVIEWED,,raw_prop=combined_mdna_candidate,NOT_REVIEWED,DERIVED_RECONCILIATION
INE001F01019_2012,Modern Steels Limited,2012,FIT,native,CANDIDATE,t0.1_audit_detector,1,42,1,audit_detector_native,1.0.0,NOT_REVIEWED,,raw_prop=native_page_count,NOT_REVIEWED,DERIVED_RECONCILIATION
INE001F01019_2012,Modern Steels Limited,2012,FIT,scanned,NOT_OBSERVED,t0.1_audit_detector,0,0,0,audit_detector_scanned,1.0.0,NOT_REVIEWED,,raw_prop=scanned_page_count,NOT_REVIEWED,DERIVED_RECONCILIATION
INE001F01019_2012,Modern Steels Limited,2012,FIT,ocr_layer_candidate,NOT_OBSERVED,t0.1_audit_detector,0,0,0,audit_detector_ocr_layer_candidate,1.0.0,NOT_REVIEWED,,raw_prop=ocr_page_count,NOT_REVIEWED,DERIVED_RECONCILIATION
INE001F01019_2012,Modern Steels Limited,2012,FIT,legacy_font_candidate,NOT_OBSERVED,t0.1_audit_detector,0,0,0,audit_detector_legacy_font_candidate,1.0.0,NOT_REVIEWED,,raw_prop=legacy_candidate_page_count,NOT_REVIEWED,DERIVED_RECONCILIATION
INE001F01019_2012,Modern Steels Limited,2012,FIT,hidden_text_candidate,NOT_OBSERVED,t0.1_audit_detector,0,0,0,audit_detector_hidden_text_candidate,1.0.0,NOT_REVIEWED,,raw_prop=hidden_text_candidate_page_count,NOT_REVIEWED,DERIVED_RECONCILIATION
INE001F01019_2012,Modern Steels Limited,2012,FIT,duplicate_text_candidate,NOT_OBSERVED,t0.1_audit_detector,0,0,0,audit_detector_duplicate_text_candidate,1.0.0,NOT_REVIEWED,,raw_prop=duplicate_text_candidate_page_count,NOT_REVIEWED,DERIVED_RECONCILIATION
INE001F01019_2012,Modern Steels Limited,2012,FIT,devanagari_candidate,NOT_OBSERVED,t0.1_audit_detector,0,0,0,audit_detector_devanagari_candidate,1.0.0,NOT_REVIEWED,,raw_prop=devanagari_page_count,NOT_REVIEWED,DERIVED_RECONCILIATION
INE001F01019_2012,Modern Steels Limited,2012,FIT,bilingual_candidate,NOT_OBSERVED,t0.1_audit_detector,0,0,0,audit_detector_bilingual_candidate,1.0.0,NOT_REVIEWED,,raw_prop=bilingual_candidate_page_count,NOT_REVIEWED,DERIVED_RECONCILIATION
INE001F01019_2012,Modern Steels Limited,2012,FIT,two_column,CANDIDATE,t0.1_audit_detector,1,11,1,audit_detector_two_column,1.0.0,NOT_REVIEWED,,raw_prop=two_column_page_count,NOT_REVIEWED,DERIVED_RECONCILIATION
INE001F01019_2012,Modern Steels Limited,2012,FIT,multi_column,CANDIDATE,t0.1_audit_detector,1,28,1,audit_detector_multi_column,1.0.0,NOT_REVIEWED,,raw_prop=multi_column_page_count,NOT_REVIEWED,DERIVED_RECONCILIATION
INE001F01019_2012,Modern Steels Limited,2012,FIT,table_candidate,CANDIDATE,t0.1_audit_detector,1,13,1,audit_detector_table_candidate,1.0.0,NOT_REVIEWED,,raw_prop=table_candidate_page_count,NOT_REVIEWED,DERIVED_RECONCILIATION
INE001F01019_2012,Modern Steels Limited,2012,FIT,header_candidate,NOT_OBSERVED,t0.1_audit_detector,0,0,0,audit_detector_header_candidate,1.0.0,NOT_REVIEWED,,raw_prop=header_candidate_page_count,NOT_REVIEWED,DERIVED_RECONCILIATION
INE001F01019_2012,Modern Steels Limited,2012,FIT,footer_candidate,NOT_OBSERVED,t0.1_audit_detector,0,0,0,audit_detector_footer_candidate,1.0.0,NOT_REVIEWED,,raw_prop=footer_candidate_page_count,NOT_REVIEWED,DERIVED_RECONCILIATION
INE001F01019_2012,Modern Steels Limited,2012,FIT,toc_candidate,CANDIDATE,t0.1_audit_detector,1,True,1,audit_detector_toc_candidate,1.0.0,NOT_REVIEWED,,raw_prop=toc_candidate,NOT_REVIEWED,DERIVED_RECONCILIATION
INE001F01019_2012,Modern Steels Limited,2012,FIT,deep_hierarchy_candidate,NOT_OBSERVED,t0.1_audit_detector,0,False,0,audit_detector_deep_hierarchy_candidate,1.0.0,NOT_REVIEWED,,raw_prop=deep_hierarchy_candidate,NOT_REVIEWED,DERIVED_RECONCILIATION
INE001F01019_2012,Modern Steels Limited,2012,FIT,annexure_candidate,CANDIDATE,t0.1_audit_detector,1,True,1,audit_detector_annexure_candidate,1.0.0,NOT_REVIEWED,,raw_prop=annexure_candidate,NOT_REVIEWED,DERIVED_RECONCILIATION
INE001F01019_2012,Modern Steels Limited,2012,FIT,combined_mdna_candidate,NOT_OBSERVED,t0.1_audit_detector,0,False,0,audit_detector_combined_mdna_candidate,1.0.0,NOT_REVIEWED,,raw_prop=combined_mdna_candidate,NOT_REVIEWED,DERIVED_RECONCILIATION
INE001F01019_2013,Modern Steels Limited,2013,FIT,native,CANDIDATE,t0.1_audit_detector,1,45,1,audit_detector_native,1.0.0,NOT_REVIEWED,,raw_prop=native_page_count,NOT_REVIEWED,DERIVED_RECONCILIATION
INE001F01019_2013,Modern Steels Limited,2013,FIT,scanned,NOT_OBSERVED,t0.1_audit_detector,0,0,0,audit_detector_scanned,1.0.0,NOT_REVIEWED,,raw_prop=scanned_page_count,NOT_REVIEWED,DERIVED_RECONCILIATION
INE001F01019_2013,Modern Steels Limited,2013,FIT,ocr_layer_candidate,NOT_OBSERVED,t0.1_audit_detector,0,0,0,audit_detector_ocr_layer_candidate,1.0.0,NOT_REVIEWED,,raw_prop=ocr_page_count,NOT_REVIEWED,DERIVED_RECONCILIATION
INE001F01019_2013,Modern Steels Limited,2013,FIT,legacy_font_candidate,NOT_OBSERVED,t0.1_audit_detector,0,0,0,audit_detector_legacy_font_candidate,1.0.0,NOT_REVIEWED,,raw_prop=legacy_candidate_page_count,NOT_REVIEWED,DERIVED_RECONCILIATION
INE001F01019_2013,Modern Steels Limited,2013,FIT,hidden_text_candidate,NOT_OBSERVED,t0.1_audit_detector,0,0,0,audit_detector_hidden_text_candidate,1.0.0,NOT_REVIEWED,,raw_prop=hidden_text_candidate_page_count,NOT_REVIEWED,DERIVED_RECONCILIATION
INE001F01019_2013,Modern Steels Limited,2013,FIT,duplicate_text_candidate,NOT_OBSERVED,t0.1_audit_detector,0,0,0,audit_detector_duplicate_text_candidate,1.0.0,NOT_REVIEWED,,raw_prop=duplicate_text_candidate_page_count,NOT_REVIEWED,DERIVED_RECONCILIATION
INE001F01019_2013,Modern Steels Limited,2013,FIT,devanagari_candidate,NOT_OBSERVED,t0.1_audit_detector,0,0,0,audit_detector_devanagari_candidate,1.0.0,NOT_REVIEWED,,raw_prop=devanagari_page_count,NOT_REVIEWED,DERIVED_RECONCILIATION
INE001F01019_2013,Modern Steels Limited,2013,FIT,bilingual_candidate,NOT_OBSERVED,t0.1_audit_detector,0,0,0,audit_detector_bilingual_candidate,1.0.0,NOT_REVIEWED,,raw_prop=bilingual_candidate_page_count,NOT_REVIEWED,DERIVED_RECONCILIATION
INE001F01019_2013,Modern Steels Limited,2013,FIT,two_column,CANDIDATE,t0.1_audit_detector,1,15,1,audit_detector_two_column,1.0.0,NOT_REVIEWED,,raw_prop=two_column_page_count,NOT_REVIEWED,DERIVED_RECONCILIATION
INE001F01019_2013,Modern Steels Limited,2013,FIT,multi_column,CANDIDATE,t0.1_audit_detector,1,26,1,audit_detector_multi_column,1.0.0,NOT_REVIEWED,,raw_prop=multi_column_page_count,NOT_REVIEWED,DERIVED_RECONCILIATION
INE001F01019_2013,Modern Steels Limited,2013,FIT,table_candidate,CANDIDATE,t0.1_audit_detector,1,14,1,audit_detector_table_candidate,1.0.0,NOT_REVIEWED,,raw_prop=table_candidate_page_count,NOT_REVIEWED,DERIVED_RECONCILIATION
INE001F01019_2013,Modern Steels Limited,2013,FIT,header_candidate,NOT_OBSERVED,t0.1_audit_detector,0,0,0,audit_detector_header_candidate,1.0.0,NOT_REVIEWED,,raw_prop=header_candidate_page_count,NOT_REVIEWED,DERIVED_RECONCILIATION
INE001F01019_2013,Modern Steels Limited,2013,FIT,footer_candidate,NOT_OBSERVED,t0.1_audit_detector,0,0,0,audit_detector_footer_candidate,1.0.0,NOT_REVIEWED,,raw_prop=footer_candidate_page_count,NOT_REVIEWED,DERIVED_RECONCILIATION
INE001F01019_2013,Modern Steels Limited,2013,FIT,toc_candidate,CANDIDATE,t0.1_audit_detector,1,True,1,audit_detector_toc_candidate,1.0.0,NOT_REVIEWED,,raw_prop=toc_candidate,NOT_REVIEWED,DERIVED_RECONCILIATION
INE001F01019_2013,Modern Steels Limited,2013,FIT,deep_hierarchy_candidate,NOT_OBSERVED,t0.1_audit_detector,0,False,0,audit_detector_deep_hierarchy_candidate,1.0.0,NOT_REVIEWED,,raw_prop=deep_hierarchy_candidate,NOT_REVIEWED,DERIVED_RECONCILIATION
INE001F01019_2013,Modern Steels Limited,2013,FIT,annexure_candidate,CANDIDATE,t0.1_audit_detector,1,True,1,audit_detector_annexure_candidate,1.0.0,NOT_REVIEWED,,raw_prop=annexure_candidate,NOT_REVIEWED,DERIVED_RECONCILIATION
INE001F01019_2013,Modern Steels Limited,2013,FIT,combined_mdna_candidate,NOT_OBSERVED,t0.1_audit_detector,0,False,0,audit_detector_combined_mdna_candidate,1.0.0,NOT_REVIEWED,,raw_prop=combined_mdna_candidate,NOT_REVIEWED,DERIVED_RECONCILIATION
INE001F01019_2017,Modern Steels Limited,2017,FIT,native,CANDIDATE,t0.1_audit_detector,1,46,1,audit_detector_native,1.0.0,NOT_REVIEWED,,raw_prop=native_page_count,NOT_REVIEWED,DERIVED_RECONCILIATION
INE001F01019_2017,Modern Steels Limited,2017,FIT,scanned,NOT_OBSERVED,t0.1_audit_detector,0,0,0,audit_detector_scanned,1.0.0,NOT_REVIEWED,,raw_prop=scanned_page_count,NOT_REVIEWED,DERIVED_RECONCILIATION
INE001F01019_2017,Modern Steels Limited,2017,FIT,ocr_layer_candidate,NOT_OBSERVED,t0.1_audit_detector,0,0,0,audit_detector_ocr_layer_candidate,1.0.0,NOT_REVIEWED,,raw_prop=ocr_page_count,NOT_REVIEWED,DERIVED_RECONCILIATION
INE001F01019_2017,Modern Steels Limited,2017,FIT,legacy_font_candidate,NOT_OBSERVED,t0.1_audit_detector,0,0,0,audit_detector_legacy_font_candidate,1.0.0,NOT_REVIEWED,,raw_prop=legacy_candidate_page_count,NOT_REVIEWED,DERIVED_RECONCILIATION
INE001F01019_2017,Modern Steels Limited,2017,FIT,hidden_text_candidate,NOT_OBSERVED,t0.1_audit_detector,0,0,0,audit_detector_hidden_text_candidate,1.0.0,NOT_REVIEWED,,raw_prop=hidden_text_candidate_page_count,NOT_REVIEWED,DERIVED_RECONCILIATION
INE001F01019_2017,Modern Steels Limited,2017,FIT,duplicate_text_candidate,NOT_OBSERVED,t0.1_audit_detector,0,0,0,audit_detector_duplicate_text_candidate,1.0.0,NOT_REVIEWED,,raw_prop=duplicate_text_candidate_page_count,NOT_REVIEWED,DERIVED_RECONCILIATION
INE001F01019_2017,Modern Steels Limited,2017,FIT,devanagari_candidate,NOT_OBSERVED,t0.1_audit_detector,0,0,0,audit_detector_devanagari_candidate,1.0.0,NOT_REVIEWED,,raw_prop=devanagari_page_count,NOT_REVIEWED,DERIVED_RECONCILIATION
INE001F01019_2017,Modern Steels Limited,2017,FIT,bilingual_candidate,NOT_OBSERVED,t0.1_audit_detector,0,0,0,audit_detector_bilingual_candidate,1.0.0,NOT_REVIEWED,,raw_prop=bilingual_candidate_page_count,NOT_REVIEWED,DERIVED_RECONCILIATION
INE001F01019_2017,Modern Steels Limited,2017,FIT,two_column,CANDIDATE,t0.1_audit_detector,1,11,1,audit_detector_two_column,1.0.0,NOT_REVIEWED,,raw_prop=two_column_page_count,NOT_REVIEWED,DERIVED_RECONCILIATION
INE001F01019_2017,Modern Steels Limited,2017,FIT,multi_column,CANDIDATE,t0.1_audit_detector,1,24,1,audit_detector_multi_column,1.0.0,NOT_REVIEWED,,raw_prop=multi_column_page_count,NOT_REVIEWED,DERIVED_RECONCILIATION
INE001F01019_2017,Modern Steels Limited,2017,FIT,table_candidate,CANDIDATE,t0.1_audit_detector,1,35,1,audit_detector_table_candidate,1.0.0,NOT_REVIEWED,,raw_prop=table_candidate_page_count,NOT_REVIEWED,DERIVED_RECONCILIATION
INE001F01019_2017,Modern Steels Limited,2017,FIT,header_candidate,NOT_OBSERVED,t0.1_audit_detector,0,0,0,audit_detector_header_candidate,1.0.0,NOT_REVIEWED,,raw_prop=header_candidate_page_count,NOT_REVIEWED,DERIVED_RECONCILIATION
INE001F01019_2017,Modern Steels Limited,2017,FIT,footer_candidate,NOT_OBSERVED,t0.1_audit_detector,0,0,0,audit_detector_footer_candidate,1.0.0,NOT_REVIEWED,,raw_prop=footer_candidate_page_count,NOT_REVIEWED,DERIVED_RECONCILIATION
INE001F01019_2017,Modern Steels Limited,2017,FIT,toc_candidate,CANDIDATE,t0.1_audit_detector,1,True,1,audit_detector_toc_candidate,1.0.0,NOT_REVIEWED,,raw_prop=toc_candidate,NOT_REVIEWED,DERIVED_RECONCILIATION
INE001F01019_2017,Modern Steels Limited,2017,FIT,deep_hierarchy_candidate,NOT_OBSERVED,t0.1_audit_detector,0,False,0,audit_detector_deep_hierarchy_candidate,1.0.0,NOT_REVIEWED,,raw_prop=deep_hierarchy_candidate,NOT_REVIEWED,DERIVED_RECONCILIATION
INE001F01019_2017,Modern Steels Limited,2017,FIT,annexure_candidate,CANDIDATE,t0.1_audit_detector,1,True,1,audit_detector_annexure_candidate,1.0.0,NOT_REVIEWED,,raw_prop=annexure_candidate,NOT_REVIEWED,DERIVED_RECONCILIATION
INE001F01019_2017,Modern Steels Limited,2017,FIT,combined_mdna_candidate,NOT_OBSERVED,t0.1_audit_detector,0,False,0,audit_detector_combined_mdna_candidate,1.0.0,NOT_REVIEWED,,raw_prop=combined_mdna_candidate,NOT_REVIEWED,DERIVED_RECONCILIATION
INE001F01019_2018,Modern Steels Limited,2018,FIT,native,CANDIDATE,t0.1_audit_detector,1,73,1,audit_detector_native,1.0.0,NOT_REVIEWED,,raw_prop=native_page_count,NOT_REVIEWED,DERIVED_RECONCILIATION
INE001F01019_2018,Modern Steels Limited,2018,FIT,scanned,CANDIDATE,t0.1_audit_detector,1,1,1,audit_detector_scanned,1.0.0,NOT_REVIEWED,,raw_prop=scanned_page_count,NOT_REVIEWED,DERIVED_RECONCILIATION
INE001F01019_2018,Modern Steels Limited,2018,FIT,ocr_layer_candidate,NOT_OBSERVED,t0.1_audit_detector,0,0,0,audit_detector_ocr_layer_candidate,1.0.0,NOT_REVIEWED,,raw_prop=ocr_page_count,NOT_REVIEWED,DERIVED_RECONCILIATION
INE001F01019_2018,Modern Steels Limited,2018,FIT,legacy_font_candidate,CANDIDATE,t0.1_audit_detector,1,2,1,audit_detector_legacy_font_candidate,1.0.0,NOT_REVIEWED,,raw_prop=legacy_candidate_page_count,NOT_REVIEWED,DERIVED_RECONCILIATION
INE001F01019_2018,Modern Steels Limited,2018,FIT,hidden_text_candidate,NOT_OBSERVED,t0.1_audit_detector,0,0,0,audit_detector_hidden_text_candidate,1.0.0,NOT_REVIEWED,,raw_prop=hidden_text_candidate_page_count,NOT_REVIEWED,DERIVED_RECONCILIATION
INE001F01019_2018,Modern Steels Limited,2018,FIT,duplicate_text_candidate,NOT_OBSERVED,t0.1_audit_detector,0,0,0,audit_detector_duplicate_text_candidate,1.0.0,NOT_REVIEWED,,raw_prop=duplicate_text_candidate_page_count,NOT_REVIEWED,DERIVED_RECONCILIATION
INE001F01019_2018,Modern Steels Limited,2018,FIT,devanagari_candidate,NOT_OBSERVED,t0.1_audit_detector,0,0,0,audit_detector_devanagari_candidate,1.0.0,NOT_REVIEWED,,raw_prop=devanagari_page_count,NOT_REVIEWED,DERIVED_RECONCILIATION
INE001F01019_2018,Modern Steels Limited,2018,FIT,bilingual_candidate,NOT_OBSERVED,t0.1_audit_detector,0,0,0,audit_detector_bilingual_candidate,1.0.0,NOT_REVIEWED,,raw_prop=bilingual_candidate_page_count,NOT_REVIEWED,DERIVED_RECONCILIATION
INE001F01019_2018,Modern Steels Limited,2018,FIT,two_column,CANDIDATE,t0.1_audit_detector,1,21,1,audit_detector_two_column,1.0.0,NOT_REVIEWED,,raw_prop=two_column_page_count,NOT_REVIEWED,DERIVED_RECONCILIATION
INE001F01019_2018,Modern Steels Limited,2018,FIT,multi_column,CANDIDATE,t0.1_audit_detector,1,36,1,audit_detector_multi_column,1.0.0,NOT_REVIEWED,,raw_prop=multi_column_page_count,NOT_REVIEWED,DERIVED_RECONCILIATION
INE001F01019_2018,Modern Steels Limited,2018,FIT,table_candidate,CANDIDATE,t0.1_audit_detector,1,45,1,audit_detector_table_candidate,1.0.0,NOT_REVIEWED,,raw_prop=table_candidate_page_count,NOT_REVIEWED,DERIVED_RECONCILIATION
INE001F01019_2018,Modern Steels Limited,2018,FIT,header_candidate,NOT_OBSERVED,t0.1_audit_detector,0,0,0,audit_detector_header_candidate,1.0.0,NOT_REVIEWED,,raw_prop=header_candidate_page_count,NOT_REVIEWED,DERIVED_RECONCILIATION
INE001F01019_2018,Modern Steels Limited,2018,FIT,footer_candidate,NOT_OBSERVED,t0.1_audit_detector,0,0,0,audit_detector_footer_candidate,1.0.0,NOT_REVIEWED,,raw_prop=footer_candidate_page_count,NOT_REVIEWED,DERIVED_RECONCILIATION
INE001F01019_2018,Modern Steels Limited,2018,FIT,toc_candidate,CANDIDATE,t0.1_audit_detector,1,True,1,audit_detector_toc_candidate,1.0.0,NOT_REVIEWED,,raw_prop=toc_candidate,NOT_REVIEWED,DERIVED_RECONCILIATION
INE001F01019_2018,Modern Steels Limited,2018,FIT,deep_hierarchy_candidate,NOT_OBSERVED,t0.1_audit_detector,0,False,0,audit_detector_deep_hierarchy_candidate,1.0.0,NOT_REVIEWED,,raw_prop=deep_hierarchy_candidate,NOT_REVIEWED,DERIVED_RECONCILIATION
INE001F01019_2018,Modern Steels Limited,2018,FIT,annexure_candidate,CANDIDATE,t0.1_audit_detector,1,True,1,audit_detector_annexure_candidate,1.0.0,NOT_REVIEWED,,raw_prop=annexure_candidate,NOT_REVIEWED,DERIVED_RECONCILIATION
INE001F01019_2018,Modern Steels Limited,2018,FIT,combined_mdna_candidate,NOT_OBSERVED,t0.1_audit_detector,0,False,0,audit_detector_combined_mdna_candidate,1.0.0,NOT_REVIEWED,,raw_prop=combined_mdna_candidate,NOT_REVIEWED,DERIVED_RECONCILIATION
INE001F01019_2024,Modern Steels Limited,2024,FIT,native,CANDIDATE,t0.1_audit_detector,1,49,1,audit_detector_native,1.0.0,NOT_REVIEWED,,raw_prop=native_page_count,NOT_REVIEWED,DERIVED_RECONCILIATION
INE001F01019_2024,Modern Steels Limited,2024,FIT,scanned,NOT_OBSERVED,t0.1_audit_detector,0,0,0,audit_detector_scanned,1.0.0,NOT_REVIEWED,,raw_prop=scanned_page_count,NOT_REVIEWED,DERIVED_RECONCILIATION
INE001F01019_2024,Modern Steels Limited,2024,FIT,ocr_layer_candidate,NOT_OBSERVED,t0.1_audit_detector,0,0,0,audit_detector_ocr_layer_candidate,1.0.0,NOT_REVIEWED,,raw_prop=ocr_page_count,NOT_REVIEWED,DERIVED_RECONCILIATION
INE001F01019_2024,Modern Steels Limited,2024,FIT,legacy_font_candidate,NOT_OBSERVED,t0.1_audit_detector,0,0,0,audit_detector_legacy_font_candidate,1.0.0,NOT_REVIEWED,,raw_prop=legacy_candidate_page_count,NOT_REVIEWED,DERIVED_RECONCILIATION
INE001F01019_2024,Modern Steels Limited,2024,FIT,hidden_text_candidate,NOT_OBSERVED,t0.1_audit_detector,0,0,0,audit_detector_hidden_text_candidate,1.0.0,NOT_REVIEWED,,raw_prop=hidden_text_candidate_page_count,NOT_REVIEWED,DERIVED_RECONCILIATION
INE001F01019_2024,Modern Steels Limited,2024,FIT,duplicate_text_candidate,NOT_OBSERVED,t0.1_audit_detector,0,0,0,audit_detector_duplicate_text_candidate,1.0.0,NOT_REVIEWED,,raw_prop=duplicate_text_candidate_page_count,NOT_REVIEWED,DERIVED_RECONCILIATION
INE001F01019_2024,Modern Steels Limited,2024,FIT,devanagari_candidate,NOT_OBSERVED,t0.1_audit_detector,0,0,0,audit_detector_devanagari_candidate,1.0.0,NOT_REVIEWED,,raw_prop=devanagari_page_count,NOT_REVIEWED,DERIVED_RECONCILIATION
INE001F01019_2024,Modern Steels Limited,2024,FIT,bilingual_candidate,NOT_OBSERVED,t0.1_audit_detector,0,0,0,audit_detector_bilingual_candidate,1.0.0,NOT_REVIEWED,,raw_prop=bilingual_candidate_page_count,NOT_REVIEWED,DERIVED_RECONCILIATION
INE001F01019_2024,Modern Steels Limited,2024,FIT,two_column,CANDIDATE,t0.1_audit_detector,1,21,1,audit_detector_two_column,1.0.0,NOT_REVIEWED,,raw_prop=two_column_page_count,NOT_REVIEWED,DERIVED_RECONCILIATION
INE001F01019_2024,Modern Steels Limited,2024,FIT,multi_column,CANDIDATE,t0.1_audit_detector,1,23,1,audit_detector_multi_column,1.0.0,NOT_REVIEWED,,raw_prop=multi_column_page_count,NOT_REVIEWED,DERIVED_RECONCILIATION
INE001F01019_2024,Modern Steels Limited,2024,FIT,table_candidate,CANDIDATE,t0.1_audit_detector,1,27,1,audit_detector_table_candidate,1.0.0,NOT_REVIEWED,,raw_prop=table_candidate_page_count,NOT_REVIEWED,DERIVED_RECONCILIATION
INE001F01019_2024,Modern Steels Limited,2024,FIT,header_candidate,NOT_OBSERVED,t0.1_audit_detector,0,0,0,audit_detector_header_candidate,1.0.0,NOT_REVIEWED,,raw_prop=header_candidate_page_count,NOT_REVIEWED,DERIVED_RECONCILIATION
INE001F01019_2024,Modern Steels Limited,2024,FIT,footer_candidate,NOT_OBSERVED,t0.1_audit_detector,0,0,0,audit_detector_footer_candidate,1.0.0,NOT_REVIEWED,,raw_prop=footer_candidate_page_count,NOT_REVIEWED,DERIVED_RECONCILIATION
INE001F01019_2024,Modern Steels Limited,2024,FIT,toc_candidate,CANDIDATE,t0.1_audit_detector,1,True,1,audit_detector_toc_candidate,1.0.0,NOT_REVIEWED,,raw_prop=toc_candidate,NOT_REVIEWED,DERIVED_RECONCILIATION
INE001F01019_2024,Modern Steels Limited,2024,FIT,deep_hierarchy_candidate,NOT_OBSERVED,t0.1_audit_detector,0,False,0,audit_detector_deep_hierarchy_candidate,1.0.0,NOT_REVIEWED,,raw_prop=deep_hierarchy_candidate,NOT_REVIEWED,DERIVED_RECONCILIATION
INE001F01019_2024,Modern Steels Limited,2024,FIT,annexure_candidate,CANDIDATE,t0.1_audit_detector,1,True,1,audit_detector_annexure_candidate,1.0.0,NOT_REVIEWED,,raw_prop=annexure_candidate,NOT_REVIEWED,DERIVED_RECONCILIATION
INE001F01019_2024,Modern Steels Limited,2024,FIT,combined_mdna_candidate,NOT_OBSERVED,t0.1_audit_detector,0,False,0,audit_detector_combined_mdna_candidate,1.0.0,NOT_REVIEWED,,raw_prop=combined_mdna_candidate,NOT_REVIEWED,DERIVED_RECONCILIATION
INE001F01019_2025,Modern Steels Limited,2025,FIT,native,CANDIDATE,t0.1_audit_detector,1,46,1,audit_detector_native,1.0.0,NOT_REVIEWED,,raw_prop=native_page_count,NOT_REVIEWED,DERIVED_RECONCILIATION
INE001F01019_2025,Modern Steels Limited,2025,FIT,scanned,NOT_OBSERVED,t0.1_audit_detector,0,0,0,audit_detector_scanned,1.0.0,NOT_REVIEWED,,raw_prop=scanned_page_count,NOT_REVIEWED,DERIVED_RECONCILIATION
INE001F01019_2025,Modern Steels Limited,2025,FIT,ocr_layer_candidate,NOT_OBSERVED,t0.1_audit_detector,0,0,0,audit_detector_ocr_layer_candidate,1.0.0,NOT_REVIEWED,,raw_prop=ocr_page_count,NOT_REVIEWED,DERIVED_RECONCILIATION
INE001F01019_2025,Modern Steels Limited,2025,FIT,legacy_font_candidate,NOT_OBSERVED,t0.1_audit_detector,0,0,0,audit_detector_legacy_font_candidate,1.0.0,NOT_REVIEWED,,raw_prop=legacy_candidate_page_count,NOT_REVIEWED,DERIVED_RECONCILIATION
INE001F01019_2025,Modern Steels Limited,2025,FIT,hidden_text_candidate,NOT_OBSERVED,t0.1_audit_detector,0,0,0,audit_detector_hidden_text_candidate,1.0.0,NOT_REVIEWED,,raw_prop=hidden_text_candidate_page_count,NOT_REVIEWED,DERIVED_RECONCILIATION
INE001F01019_2025,Modern Steels Limited,2025,FIT,duplicate_text_candidate,NOT_OBSERVED,t0.1_audit_detector,0,0,0,audit_detector_duplicate_text_candidate,1.0.0,NOT_REVIEWED,,raw_prop=duplicate_text_candidate_page_count,NOT_REVIEWED,DERIVED_RECONCILIATION
INE001F01019_2025,Modern Steels Limited,2025,FIT,devanagari_candidate,NOT_OBSERVED,t0.1_audit_detector,0,0,0,audit_detector_devanagari_candidate,1.0.0,NOT_REVIEWED,,raw_prop=devanagari_page_count,NOT_REVIEWED,DERIVED_RECONCILIATION
INE001F01019_2025,Modern Steels Limited,2025,FIT,bilingual_candidate,NOT_OBSERVED,t0.1_audit_detector,0,0,0,audit_detector_bilingual_candidate,1.0.0,NOT_REVIEWED,,raw_prop=bilingual_candidate_page_count,NOT_REVIEWED,DERIVED_RECONCILIATION
INE001F01019_2025,Modern Steels Limited,2025,FIT,two_column,CANDIDATE,t0.1_audit_detector,1,19,1,audit_detector_two_column,1.0.0,NOT_REVIEWED,,raw_prop=two_column_page_count,NOT_REVIEWED,DERIVED_RECONCILIATION
INE001F01019_2025,Modern Steels Limited,2025,FIT,multi_column,CANDIDATE,t0.1_audit_detector,1,21,1,audit_detector_multi_column,1.0.0,NOT_REVIEWED,,raw_prop=multi_column_page_count,NOT_REVIEWED,DERIVED_RECONCILIATION
INE001F01019_2025,Modern Steels Limited,2025,FIT,table_candidate,CANDIDATE,t0.1_audit_detector,1,26,1,audit_detector_table_candidate,1.0.0,NOT_REVIEWED,,raw_prop=table_candidate_page_count,NOT_REVIEWED,DERIVED_RECONCILIATION
INE001F01019_2025,Modern Steels Limited,2025,FIT,header_candidate,NOT_OBSERVED,t0.1_audit_detector,0,0,0,audit_detector_header_candidate,1.0.0,NOT_REVIEWED,,raw_prop=header_candidate_page_count,NOT_REVIEWED,DERIVED_RECONCILIATION
INE001F01019_2025,Modern Steels Limited,2025,FIT,footer_candidate,NOT_OBSERVED,t0.1_audit_detector,0,0,0,audit_detector_footer_candidate,1.0.0,NOT_REVIEWED,,raw_prop=footer_candidate_page_count,NOT_REVIEWED,DERIVED_RECONCILIATION
INE001F01019_2025,Modern Steels Limited,2025,FIT,toc_candidate,CANDIDATE,t0.1_audit_detector,1,True,1,audit_detector_toc_candidate,1.0.0,NOT_REVIEWED,,raw_prop=toc_candidate,NOT_REVIEWED,DERIVED_RECONCILIATION
INE001F01019_2025,Modern Steels Limited,2025,FIT,deep_hierarchy_candidate,NOT_OBSERVED,t0.1_audit_detector,0,False,0,audit_detector_deep_hierarchy_candidate,1.0.0,NOT_REVIEWED,,raw_prop=deep_hierarchy_candidate,NOT_REVIEWED,DERIVED_RECONCILIATION
INE001F01019_2025,Modern Steels Limited,2025,FIT,annexure_candidate,CANDIDATE,t0.1_audit_detector,1,True,1,audit_detector_annexure_candidate,1.0.0,NOT_REVIEWED,,raw_prop=annexure_candidate,NOT_REVIEWED,DERIVED_RECONCILIATION
INE001F01019_2025,Modern Steels Limited,2025,FIT,combined_mdna_candidate,NOT_OBSERVED,t0.1_audit_detector,0,False,0,audit_detector_combined_mdna_candidate,1.0.0,NOT_REVIEWED,,raw_prop=combined_mdna_candidate,NOT_REVIEWED,DERIVED_RECONCILIATION
INE001O01029_2012,Risa International Limited,2012,HOLDOUT,native,CANDIDATE,t0.1_audit_detector,1,32,1,audit_detector_native,1.0.0,NOT_REVIEWED,,raw_prop=native_page_count,NOT_REVIEWED,DERIVED_RECONCILIATION
INE001O01029_2012,Risa International Limited,2012,HOLDOUT,scanned,NOT_OBSERVED,t0.1_audit_detector,0,0,0,audit_detector_scanned,1.0.0,NOT_REVIEWED,,raw_prop=scanned_page_count,NOT_REVIEWED,DERIVED_RECONCILIATION
INE001O01029_2012,Risa International Limited,2012,HOLDOUT,ocr_layer_candidate,NOT_OBSERVED,t0.1_audit_detector,0,0,0,audit_detector_ocr_layer_candidate,1.0.0,NOT_REVIEWED,,raw_prop=ocr_page_count,NOT_REVIEWED,DERIVED_RECONCILIATION
INE001O01029_2012,Risa International Limited,2012,HOLDOUT,legacy_font_candidate,NOT_OBSERVED,t0.1_audit_detector,0,0,0,audit_detector_legacy_font_candidate,1.0.0,NOT_REVIEWED,,raw_prop=legacy_candidate_page_count,NOT_REVIEWED,DERIVED_RECONCILIATION
INE001O01029_2012,Risa International Limited,2012,HOLDOUT,hidden_text_candidate,NOT_OBSERVED,t0.1_audit_detector,0,0,0,audit_detector_hidden_text_candidate,1.0.0,NOT_REVIEWED,,raw_prop=hidden_text_candidate_page_count,NOT_REVIEWED,DERIVED_RECONCILIATION
INE001O01029_2012,Risa International Limited,2012,HOLDOUT,duplicate_text_candidate,NOT_OBSERVED,t0.1_audit_detector,0,0,0,audit_detector_duplicate_text_candidate,1.0.0,NOT_REVIEWED,,raw_prop=duplicate_text_candidate_page_count,NOT_REVIEWED,DERIVED_RECONCILIATION
INE001O01029_2012,Risa International Limited,2012,HOLDOUT,devanagari_candidate,NOT_OBSERVED,t0.1_audit_detector,0,0,0,audit_detector_devanagari_candidate,1.0.0,NOT_REVIEWED,,raw_prop=devanagari_page_count,NOT_REVIEWED,DERIVED_RECONCILIATION
INE001O01029_2012,Risa International Limited,2012,HOLDOUT,bilingual_candidate,NOT_OBSERVED,t0.1_audit_detector,0,0,0,audit_detector_bilingual_candidate,1.0.0,NOT_REVIEWED,,raw_prop=bilingual_candidate_page_count,NOT_REVIEWED,DERIVED_RECONCILIATION
INE001O01029_2012,Risa International Limited,2012,HOLDOUT,two_column,NOT_OBSERVED,t0.1_audit_detector,0,0,0,audit_detector_two_column,1.0.0,NOT_REVIEWED,,raw_prop=two_column_page_count,NOT_REVIEWED,DERIVED_RECONCILIATION
INE001O01029_2012,Risa International Limited,2012,HOLDOUT,multi_column,CANDIDATE,t0.1_audit_detector,1,15,1,audit_detector_multi_column,1.0.0,NOT_REVIEWED,,raw_prop=multi_column_page_count,NOT_REVIEWED,DERIVED_RECONCILIATION
INE001O01029_2012,Risa International Limited,2012,HOLDOUT,table_candidate,CANDIDATE,t0.1_audit_detector,1,32,1,audit_detector_table_candidate,1.0.0,NOT_REVIEWED,,raw_prop=table_candidate_page_count,NOT_REVIEWED,DERIVED_RECONCILIATION
INE001O01029_2012,Risa International Limited,2012,HOLDOUT,header_candidate,CANDIDATE,t0.1_audit_detector,1,31,1,audit_detector_header_candidate,1.0.0,NOT_REVIEWED,,raw_prop=header_candidate_page_count,NOT_REVIEWED,DERIVED_RECONCILIATION
INE001O01029_2012,Risa International Limited,2012,HOLDOUT,footer_candidate,NOT_OBSERVED,t0.1_audit_detector,0,0,0,audit_detector_footer_candidate,1.0.0,NOT_REVIEWED,,raw_prop=footer_candidate_page_count,NOT_REVIEWED,DERIVED_RECONCILIATION
INE001O01029_2012,Risa International Limited,2012,HOLDOUT,toc_candidate,CANDIDATE,t0.1_audit_detector,1,True,1,audit_detector_toc_candidate,1.0.0,NOT_REVIEWED,,raw_prop=toc_candidate,NOT_REVIEWED,DERIVED_RECONCILIATION
INE001O01029_2012,Risa International Limited,2012,HOLDOUT,deep_hierarchy_candidate,NOT_OBSERVED,t0.1_audit_detector,0,False,0,audit_detector_deep_hierarchy_candidate,1.0.0,NOT_REVIEWED,,raw_prop=deep_hierarchy_candidate,NOT_REVIEWED,DERIVED_RECONCILIATION
INE001O01029_2012,Risa International Limited,2012,HOLDOUT,annexure_candidate,CANDIDATE,t0.1_audit_detector,1,True,1,audit_detector_annexure_candidate,1.0.0,NOT_REVIEWED,,raw_prop=annexure_candidate,NOT_REVIEWED,DERIVED_RECONCILIATION
INE001O01029_2012,Risa International Limited,2012,HOLDOUT,combined_mdna_candidate,NOT_OBSERVED,t0.1_audit_detector,0,False,0,audit_detector_combined_mdna_candidate,1.0.0,NOT_REVIEWED,,raw_prop=combined_mdna_candidate,NOT_REVIEWED,DERIVED_RECONCILIATION
INE001O01029_2013,Risa International Limited,2013,HOLDOUT,native,CANDIDATE,t0.1_audit_detector,1,34,1,audit_detector_native,1.0.0,NOT_REVIEWED,,raw_prop=native_page_count,NOT_REVIEWED,DERIVED_RECONCILIATION
INE001O01029_2013,Risa International Limited,2013,HOLDOUT,scanned,CANDIDATE,t0.1_audit_detector,1,1,1,audit_detector_scanned,1.0.0,NOT_REVIEWED,,raw_prop=scanned_page_count,NOT_REVIEWED,DERIVED_RECONCILIATION
INE001O01029_2013,Risa International Limited,2013,HOLDOUT,ocr_layer_candidate,NOT_OBSERVED,t0.1_audit_detector,0,0,0,audit_detector_ocr_layer_candidate,1.0.0,NOT_REVIEWED,,raw_prop=ocr_page_count,NOT_REVIEWED,DERIVED_RECONCILIATION
INE001O01029_2013,Risa International Limited,2013,HOLDOUT,legacy_font_candidate,NOT_OBSERVED,t0.1_audit_detector,0,0,0,audit_detector_legacy_font_candidate,1.0.0,NOT_REVIEWED,,raw_prop=legacy_candidate_page_count,NOT_REVIEWED,DERIVED_RECONCILIATION
INE001O01029_2013,Risa International Limited,2013,HOLDOUT,hidden_text_candidate,NOT_OBSERVED,t0.1_audit_detector,0,0,0,audit_detector_hidden_text_candidate,1.0.0,NOT_REVIEWED,,raw_prop=hidden_text_candidate_page_count,NOT_REVIEWED,DERIVED_RECONCILIATION
INE001O01029_2013,Risa International Limited,2013,HOLDOUT,duplicate_text_candidate,NOT_OBSERVED,t0.1_audit_detector,0,0,0,audit_detector_duplicate_text_candidate,1.0.0,NOT_REVIEWED,,raw_prop=duplicate_text_candidate_page_count,NOT_REVIEWED,DERIVED_RECONCILIATION
INE001O01029_2013,Risa International Limited,2013,HOLDOUT,devanagari_candidate,NOT_OBSERVED,t0.1_audit_detector,0,0,0,audit_detector_devanagari_candidate,1.0.0,NOT_REVIEWED,,raw_prop=devanagari_page_count,NOT_REVIEWED,DERIVED_RECONCILIATION
INE001O01029_2013,Risa International Limited,2013,HOLDOUT,bilingual_candidate,NOT_OBSERVED,t0.1_audit_detector,0,0,0,audit_detector_bilingual_candidate,1.0.0,NOT_REVIEWED,,raw_prop=bilingual_candidate_page_count,NOT_REVIEWED,DERIVED_RECONCILIATION
INE001O01029_2013,Risa International Limited,2013,HOLDOUT,two_column,CANDIDATE,t0.1_audit_detector,1,2,1,audit_detector_two_column,1.0.0,NOT_REVIEWED,,raw_prop=two_column_page_count,NOT_REVIEWED,DERIVED_RECONCILIATION
INE001O01029_2013,Risa International Limited,2013,HOLDOUT,multi_column,CANDIDATE,t0.1_audit_detector,1,22,1,audit_detector_multi_column,1.0.0,NOT_REVIEWED,,raw_prop=multi_column_page_count,NOT_REVIEWED,DERIVED_RECONCILIATION
INE001O01029_2013,Risa International Limited,2013,HOLDOUT,table_candidate,CANDIDATE,t0.1_audit_detector,1,24,1,audit_detector_table_candidate,1.0.0,NOT_REVIEWED,,raw_prop=table_candidate_page_count,NOT_REVIEWED,DERIVED_RECONCILIATION
INE001O01029_2013,Risa International Limited,2013,HOLDOUT,header_candidate,NOT_OBSERVED,t0.1_audit_detector,0,0,0,audit_detector_header_candidate,1.0.0,NOT_REVIEWED,,raw_prop=header_candidate_page_count,NOT_REVIEWED,DERIVED_RECONCILIATION
INE001O01029_2013,Risa International Limited,2013,HOLDOUT,footer_candidate,NOT_OBSERVED,t0.1_audit_detector,0,0,0,audit_detector_footer_candidate,1.0.0,NOT_REVIEWED,,raw_prop=footer_candidate_page_count,NOT_REVIEWED,DERIVED_RECONCILIATION
INE001O01029_2013,Risa International Limited,2013,HOLDOUT,toc_candidate,CANDIDATE,t0.1_audit_detector,1,True,1,audit_detector_toc_candidate,1.0.0,NOT_REVIEWED,,raw_prop=toc_candidate,NOT_REVIEWED,DERIVED_RECONCILIATION
INE001O01029_2013,Risa International Limited,2013,HOLDOUT,deep_hierarchy_candidate,NOT_OBSERVED,t0.1_audit_detector,0,False,0,audit_detector_deep_hierarchy_candidate,1.0.0,NOT_REVIEWED,,raw_prop=deep_hierarchy_candidate,NOT_REVIEWED,DERIVED_RECONCILIATION
INE001O01029_2013,Risa International Limited,2013,HOLDOUT,annexure_candidate,CANDIDATE,t0.1_audit_detector,1,True,1,audit_detector_annexure_candidate,1.0.0,NOT_REVIEWED,,raw_prop=annexure_candidate,NOT_REVIEWED,DERIVED_RECONCILIATION
INE001O01029_2013,Risa International Limited,2013,HOLDOUT,combined_mdna_candidate,CANDIDATE,t0.1_audit_detector,1,True,1,audit_detector_combined_mdna_candidate,1.0.0,NOT_REVIEWED,,raw_prop=combined_mdna_candidate,NOT_REVIEWED,DERIVED_RECONCILIATION
INE001O01029_2017,Risa International Limited,2017,HOLDOUT,native,CANDIDATE,t0.1_audit_detector,1,70,1,audit_detector_native,1.0.0,NOT_REVIEWED,,raw_prop=native_page_count,NOT_REVIEWED,DERIVED_RECONCILIATION
INE001O01029_2017,Risa International Limited,2017,HOLDOUT,scanned,CANDIDATE,t0.1_audit_detector,1,1,1,audit_detector_scanned,1.0.0,NOT_REVIEWED,,raw_prop=scanned_page_count,NOT_REVIEWED,DERIVED_RECONCILIATION
INE001O01029_2017,Risa International Limited,2017,HOLDOUT,ocr_layer_candidate,NOT_OBSERVED,t0.1_audit_detector,0,0,0,audit_detector_ocr_layer_candidate,1.0.0,NOT_REVIEWED,,raw_prop=ocr_page_count,NOT_REVIEWED,DERIVED_RECONCILIATION
INE001O01029_2017,Risa International Limited,2017,HOLDOUT,legacy_font_candidate,NOT_OBSERVED,t0.1_audit_detector,0,0,0,audit_detector_legacy_font_candidate,1.0.0,NOT_REVIEWED,,raw_prop=legacy_candidate_page_count,NOT_REVIEWED,DERIVED_RECONCILIATION
INE001O01029_2017,Risa International Limited,2017,HOLDOUT,hidden_text_candidate,NOT_OBSERVED,t0.1_audit_detector,0,0,0,audit_detector_hidden_text_candidate,1.0.0,NOT_REVIEWED,,raw_prop=hidden_text_candidate_page_count,NOT_REVIEWED,DERIVED_RECONCILIATION
INE001O01029_2017,Risa International Limited,2017,HOLDOUT,duplicate_text_candidate,NOT_OBSERVED,t0.1_audit_detector,0,0,0,audit_detector_duplicate_text_candidate,1.0.0,NOT_REVIEWED,,raw_prop=duplicate_text_candidate_page_count,NOT_REVIEWED,DERIVED_RECONCILIATION
INE001O01029_2017,Risa International Limited,2017,HOLDOUT,devanagari_candidate,NOT_OBSERVED,t0.1_audit_detector,0,0,0,audit_detector_devanagari_candidate,1.0.0,NOT_REVIEWED,,raw_prop=devanagari_page_count,NOT_REVIEWED,DERIVED_RECONCILIATION
INE001O01029_2017,Risa International Limited,2017,HOLDOUT,bilingual_candidate,NOT_OBSERVED,t0.1_audit_detector,0,0,0,audit_detector_bilingual_candidate,1.0.0,NOT_REVIEWED,,raw_prop=bilingual_candidate_page_count,NOT_REVIEWED,DERIVED_RECONCILIATION
INE001O01029_2017,Risa International Limited,2017,HOLDOUT,two_column,CANDIDATE,t0.1_audit_detector,1,4,1,audit_detector_two_column,1.0.0,NOT_REVIEWED,,raw_prop=two_column_page_count,NOT_REVIEWED,DERIVED_RECONCILIATION
INE001O01029_2017,Risa International Limited,2017,HOLDOUT,multi_column,CANDIDATE,t0.1_audit_detector,1,55,1,audit_detector_multi_column,1.0.0,NOT_REVIEWED,,raw_prop=multi_column_page_count,NOT_REVIEWED,DERIVED_RECONCILIATION
INE001O01029_2017,Risa International Limited,2017,HOLDOUT,table_candidate,CANDIDATE,t0.1_audit_detector,1,46,1,audit_detector_table_candidate,1.0.0,NOT_REVIEWED,,raw_prop=table_candidate_page_count,NOT_REVIEWED,DERIVED_RECONCILIATION
INE001O01029_2017,Risa International Limited,2017,HOLDOUT,header_candidate,CANDIDATE,t0.1_audit_detector,1,66,1,audit_detector_header_candidate,1.0.0,NOT_REVIEWED,,raw_prop=header_candidate_page_count,NOT_REVIEWED,DERIVED_RECONCILIATION
INE001O01029_2017,Risa International Limited,2017,HOLDOUT,footer_candidate,NOT_OBSERVED,t0.1_audit_detector,0,0,0,audit_detector_footer_candidate,1.0.0,NOT_REVIEWED,,raw_prop=footer_candidate_page_count,NOT_REVIEWED,DERIVED_RECONCILIATION
INE001O01029_2017,Risa International Limited,2017,HOLDOUT,toc_candidate,CANDIDATE,t0.1_audit_detector,1,True,1,audit_detector_toc_candidate,1.0.0,NOT_REVIEWED,,raw_prop=toc_candidate,NOT_REVIEWED,DERIVED_RECONCILIATION
INE001O01029_2017,Risa International Limited,2017,HOLDOUT,deep_hierarchy_candidate,NOT_OBSERVED,t0.1_audit_detector,0,False,0,audit_detector_deep_hierarchy_candidate,1.0.0,NOT_REVIEWED,,raw_prop=deep_hierarchy_candidate,NOT_REVIEWED,DERIVED_RECONCILIATION
INE001O01029_2017,Risa International Limited,2017,HOLDOUT,annexure_candidate,CANDIDATE,t0.1_audit_detector,1,True,1,audit_detector_annexure_candidate,1.0.0,NOT_REVIEWED,,raw_prop=annexure_candidate,NOT_REVIEWED,DERIVED_RECONCILIATION
INE001O01029_2017,Risa International Limited,2017,HOLDOUT,combined_mdna_candidate,NOT_OBSERVED,t0.1_audit_detector,0,False,0,audit_detector_combined_mdna_candidate,1.0.0,NOT_REVIEWED,,raw_prop=combined_mdna_candidate,NOT_REVIEWED,DERIVED_RECONCILIATION
INE001O01029_2018,Risa International Limited,2018,HOLDOUT,native,CANDIDATE,t0.1_audit_detector,1,74,1,audit_detector_native,1.0.0,NOT_REVIEWED,,raw_prop=native_page_count,NOT_REVIEWED,DERIVED_RECONCILIATION
INE001O01029_2018,Risa International Limited,2018,HOLDOUT,scanned,NOT_OBSERVED,t0.1_audit_detector,0,0,0,audit_detector_scanned,1.0.0,NOT_REVIEWED,,raw_prop=scanned_page_count,NOT_REVIEWED,DERIVED_RECONCILIATION
INE001O01029_2018,Risa International Limited,2018,HOLDOUT,ocr_layer_candidate,NOT_OBSERVED,t0.1_audit_detector,0,0,0,audit_detector_ocr_layer_candidate,1.0.0,NOT_REVIEWED,,raw_prop=ocr_page_count,NOT_REVIEWED,DERIVED_RECONCILIATION
INE001O01029_2018,Risa International Limited,2018,HOLDOUT,legacy_font_candidate,NOT_OBSERVED,t0.1_audit_detector,0,0,0,audit_detector_legacy_font_candidate,1.0.0,NOT_REVIEWED,,raw_prop=legacy_candidate_page_count,NOT_REVIEWED,DERIVED_RECONCILIATION
INE001O01029_2018,Risa International Limited,2018,HOLDOUT,hidden_text_candidate,NOT_OBSERVED,t0.1_audit_detector,0,0,0,audit_detector_hidden_text_candidate,1.0.0,NOT_REVIEWED,,raw_prop=hidden_text_candidate_page_count,NOT_REVIEWED,DERIVED_RECONCILIATION
INE001O01029_2018,Risa International Limited,2018,HOLDOUT,duplicate_text_candidate,NOT_OBSERVED,t0.1_audit_detector,0,0,0,audit_detector_duplicate_text_candidate,1.0.0,NOT_REVIEWED,,raw_prop=duplicate_text_candidate_page_count,NOT_REVIEWED,DERIVED_RECONCILIATION
INE001O01029_2018,Risa International Limited,2018,HOLDOUT,devanagari_candidate,NOT_OBSERVED,t0.1_audit_detector,0,0,0,audit_detector_devanagari_candidate,1.0.0,NOT_REVIEWED,,raw_prop=devanagari_page_count,NOT_REVIEWED,DERIVED_RECONCILIATION
INE001O01029_2018,Risa International Limited,2018,HOLDOUT,bilingual_candidate,NOT_OBSERVED,t0.1_audit_detector,0,0,0,audit_detector_bilingual_candidate,1.0.0,NOT_REVIEWED,,raw_prop=bilingual_candidate_page_count,NOT_REVIEWED,DERIVED_RECONCILIATION
INE001O01029_2018,Risa International Limited,2018,HOLDOUT,two_column,CANDIDATE,t0.1_audit_detector,1,4,1,audit_detector_two_column,1.0.0,NOT_REVIEWED,,raw_prop=two_column_page_count,NOT_REVIEWED,DERIVED_RECONCILIATION
INE001O01029_2018,Risa International Limited,2018,HOLDOUT,multi_column,CANDIDATE,t0.1_audit_detector,1,54,1,audit_detector_multi_column,1.0.0,NOT_REVIEWED,,raw_prop=multi_column_page_count,NOT_REVIEWED,DERIVED_RECONCILIATION
INE001O01029_2018,Risa International Limited,2018,HOLDOUT,table_candidate,CANDIDATE,t0.1_audit_detector,1,45,1,audit_detector_table_candidate,1.0.0,NOT_REVIEWED,,raw_prop=table_candidate_page_count,NOT_REVIEWED,DERIVED_RECONCILIATION
INE001O01029_2018,Risa International Limited,2018,HOLDOUT,header_candidate,CANDIDATE,t0.1_audit_detector,1,62,1,audit_detector_header_candidate,1.0.0,NOT_REVIEWED,,raw_prop=header_candidate_page_count,NOT_REVIEWED,DERIVED_RECONCILIATION
INE001O01029_2018,Risa International Limited,2018,HOLDOUT,footer_candidate,NOT_OBSERVED,t0.1_audit_detector,0,0,0,audit_detector_footer_candidate,1.0.0,NOT_REVIEWED,,raw_prop=footer_candidate_page_count,NOT_REVIEWED,DERIVED_RECONCILIATION
INE001O01029_2018,Risa International Limited,2018,HOLDOUT,toc_candidate,CANDIDATE,t0.1_audit_detector,1,True,1,audit_detector_toc_candidate,1.0.0,NOT_REVIEWED,,raw_prop=toc_candidate,NOT_REVIEWED,DERIVED_RECONCILIATION
INE001O01029_2018,Risa International Limited,2018,HOLDOUT,deep_hierarchy_candidate,NOT_OBSERVED,t0.1_audit_detector,0,False,0,audit_detector_deep_hierarchy_candidate,1.0.0,NOT_REVIEWED,,raw_prop=deep_hierarchy_candidate,NOT_REVIEWED,DERIVED_RECONCILIATION
INE001O01029_2018,Risa International Limited,2018,HOLDOUT,annexure_candidate,CANDIDATE,t0.1_audit_detector,1,True,1,audit_detector_annexure_candidate,1.0.0,NOT_REVIEWED,,raw_prop=annexure_candidate,NOT_REVIEWED,DERIVED_RECONCILIATION
INE001O01029_2018,Risa International Limited,2018,HOLDOUT,combined_mdna_candidate,NOT_OBSERVED,t0.1_audit_detector,0,False,0,audit_detector_combined_mdna_candidate,1.0.0,NOT_REVIEWED,,raw_prop=combined_mdna_candidate,NOT_REVIEWED,DERIVED_RECONCILIATION
INE001O01029_2024,Risa International Limited,2024,HOLDOUT,native,CANDIDATE,t0.1_audit_detector,1,96,1,audit_detector_native,1.0.0,NOT_REVIEWED,,raw_prop=native_page_count,NOT_REVIEWED,DERIVED_RECONCILIATION
INE001O01029_2024,Risa International Limited,2024,HOLDOUT,scanned,NOT_OBSERVED,t0.1_audit_detector,0,0,0,audit_detector_scanned,1.0.0,NOT_REVIEWED,,raw_prop=scanned_page_count,NOT_REVIEWED,DERIVED_RECONCILIATION
INE001O01029_2024,Risa International Limited,2024,HOLDOUT,ocr_layer_candidate,CANDIDATE,t0.1_audit_detector,1,1,1,audit_detector_ocr_layer_candidate,1.0.0,NOT_REVIEWED,,raw_prop=ocr_page_count,NOT_REVIEWED,DERIVED_RECONCILIATION
INE001O01029_2024,Risa International Limited,2024,HOLDOUT,legacy_font_candidate,NOT_OBSERVED,t0.1_audit_detector,0,0,0,audit_detector_legacy_font_candidate,1.0.0,NOT_REVIEWED,,raw_prop=legacy_candidate_page_count,NOT_REVIEWED,DERIVED_RECONCILIATION
INE001O01029_2024,Risa International Limited,2024,HOLDOUT,hidden_text_candidate,NOT_OBSERVED,t0.1_audit_detector,0,0,0,audit_detector_hidden_text_candidate,1.0.0,NOT_REVIEWED,,raw_prop=hidden_text_candidate_page_count,NOT_REVIEWED,DERIVED_RECONCILIATION
INE001O01029_2024,Risa International Limited,2024,HOLDOUT,duplicate_text_candidate,CANDIDATE,t0.1_audit_detector,1,1,1,audit_detector_duplicate_text_candidate,1.0.0,NOT_REVIEWED,,raw_prop=duplicate_text_candidate_page_count,NOT_REVIEWED,DERIVED_RECONCILIATION
INE001O01029_2024,Risa International Limited,2024,HOLDOUT,devanagari_candidate,NOT_OBSERVED,t0.1_audit_detector,0,0,0,audit_detector_devanagari_candidate,1.0.0,NOT_REVIEWED,,raw_prop=devanagari_page_count,NOT_REVIEWED,DERIVED_RECONCILIATION
INE001O01029_2024,Risa International Limited,2024,HOLDOUT,bilingual_candidate,NOT_OBSERVED,t0.1_audit_detector,0,0,0,audit_detector_bilingual_candidate,1.0.0,NOT_REVIEWED,,raw_prop=bilingual_candidate_page_count,NOT_REVIEWED,DERIVED_RECONCILIATION
INE001O01029_2024,Risa International Limited,2024,HOLDOUT,two_column,CANDIDATE,t0.1_audit_detector,1,2,1,audit_detector_two_column,1.0.0,NOT_REVIEWED,,raw_prop=two_column_page_count,NOT_REVIEWED,DERIVED_RECONCILIATION
INE001O01029_2024,Risa International Limited,2024,HOLDOUT,multi_column,CANDIDATE,t0.1_audit_detector,1,86,1,audit_detector_multi_column,1.0.0,NOT_REVIEWED,,raw_prop=multi_column_page_count,NOT_REVIEWED,DERIVED_RECONCILIATION
INE001O01029_2024,Risa International Limited,2024,HOLDOUT,table_candidate,CANDIDATE,t0.1_audit_detector,1,10,1,audit_detector_table_candidate,1.0.0,NOT_REVIEWED,,raw_prop=table_candidate_page_count,NOT_REVIEWED,DERIVED_RECONCILIATION
INE001O01029_2024,Risa International Limited,2024,HOLDOUT,header_candidate,NOT_OBSERVED,t0.1_audit_detector,0,0,0,audit_detector_header_candidate,1.0.0,NOT_REVIEWED,,raw_prop=header_candidate_page_count,NOT_REVIEWED,DERIVED_RECONCILIATION
INE001O01029_2024,Risa International Limited,2024,HOLDOUT,footer_candidate,NOT_OBSERVED,t0.1_audit_detector,0,0,0,audit_detector_footer_candidate,1.0.0,NOT_REVIEWED,,raw_prop=footer_candidate_page_count,NOT_REVIEWED,DERIVED_RECONCILIATION
INE001O01029_2024,Risa International Limited,2024,HOLDOUT,toc_candidate,CANDIDATE,t0.1_audit_detector,1,True,1,audit_detector_toc_candidate,1.0.0,NOT_REVIEWED,,raw_prop=toc_candidate,NOT_REVIEWED,DERIVED_RECONCILIATION
INE001O01029_2024,Risa International Limited,2024,HOLDOUT,deep_hierarchy_candidate,NOT_OBSERVED,t0.1_audit_detector,0,False,0,audit_detector_deep_hierarchy_candidate,1.0.0,NOT_REVIEWED,,raw_prop=deep_hierarchy_candidate,NOT_REVIEWED,DERIVED_RECONCILIATION
INE001O01029_2024,Risa International Limited,2024,HOLDOUT,annexure_candidate,CANDIDATE,t0.1_audit_detector,1,True,1,audit_detector_annexure_candidate,1.0.0,NOT_REVIEWED,,raw_prop=annexure_candidate,NOT_REVIEWED,DERIVED_RECONCILIATION
INE001O01029_2024,Risa International Limited,2024,HOLDOUT,combined_mdna_candidate,CANDIDATE,t0.1_audit_detector,1,True,1,audit_detector_combined_mdna_candidate,1.0.0,NOT_REVIEWED,,raw_prop=combined_mdna_candidate,NOT_REVIEWED,DERIVED_RECONCILIATION
INE001O01029_2025,Risa International Limited,2025,HOLDOUT,native,CANDIDATE,t0.1_audit_detector,1,104,1,audit_detector_native,1.0.0,NOT_REVIEWED,,raw_prop=native_page_count,NOT_REVIEWED,DERIVED_RECONCILIATION
INE001O01029_2025,Risa International Limited,2025,HOLDOUT,scanned,NOT_OBSERVED,t0.1_audit_detector,0,0,0,audit_detector_scanned,1.0.0,NOT_REVIEWED,,raw_prop=scanned_page_count,NOT_REVIEWED,DERIVED_RECONCILIATION
INE001O01029_2025,Risa International Limited,2025,HOLDOUT,ocr_layer_candidate,CANDIDATE,t0.1_audit_detector,1,1,1,audit_detector_ocr_layer_candidate,1.0.0,NOT_REVIEWED,,raw_prop=ocr_page_count,NOT_REVIEWED,DERIVED_RECONCILIATION
INE001O01029_2025,Risa International Limited,2025,HOLDOUT,legacy_font_candidate,NOT_OBSERVED,t0.1_audit_detector,0,0,0,audit_detector_legacy_font_candidate,1.0.0,NOT_REVIEWED,,raw_prop=legacy_candidate_page_count,NOT_REVIEWED,DERIVED_RECONCILIATION
INE001O01029_2025,Risa International Limited,2025,HOLDOUT,hidden_text_candidate,NOT_OBSERVED,t0.1_audit_detector,0,0,0,audit_detector_hidden_text_candidate,1.0.0,NOT_REVIEWED,,raw_prop=hidden_text_candidate_page_count,NOT_REVIEWED,DERIVED_RECONCILIATION
INE001O01029_2025,Risa International Limited,2025,HOLDOUT,duplicate_text_candidate,CANDIDATE,t0.1_audit_detector,1,2,1,audit_detector_duplicate_text_candidate,1.0.0,NOT_REVIEWED,,raw_prop=duplicate_text_candidate_page_count,NOT_REVIEWED,DERIVED_RECONCILIATION
INE001O01029_2025,Risa International Limited,2025,HOLDOUT,devanagari_candidate,NOT_OBSERVED,t0.1_audit_detector,0,0,0,audit_detector_devanagari_candidate,1.0.0,NOT_REVIEWED,,raw_prop=devanagari_page_count,NOT_REVIEWED,DERIVED_RECONCILIATION
INE001O01029_2025,Risa International Limited,2025,HOLDOUT,bilingual_candidate,NOT_OBSERVED,t0.1_audit_detector,0,0,0,audit_detector_bilingual_candidate,1.0.0,NOT_REVIEWED,,raw_prop=bilingual_candidate_page_count,NOT_REVIEWED,DERIVED_RECONCILIATION
INE001O01029_2025,Risa International Limited,2025,HOLDOUT,two_column,CANDIDATE,t0.1_audit_detector,1,3,1,audit_detector_two_column,1.0.0,NOT_REVIEWED,,raw_prop=two_column_page_count,NOT_REVIEWED,DERIVED_RECONCILIATION
INE001O01029_2025,Risa International Limited,2025,HOLDOUT,multi_column,CANDIDATE,t0.1_audit_detector,1,62,1,audit_detector_multi_column,1.0.0,NOT_REVIEWED,,raw_prop=multi_column_page_count,NOT_REVIEWED,DERIVED_RECONCILIATION
INE001O01029_2025,Risa International Limited,2025,HOLDOUT,table_candidate,CANDIDATE,t0.1_audit_detector,1,10,1,audit_detector_table_candidate,1.0.0,NOT_REVIEWED,,raw_prop=table_candidate_page_count,NOT_REVIEWED,DERIVED_RECONCILIATION
INE001O01029_2025,Risa International Limited,2025,HOLDOUT,header_candidate,CANDIDATE,t0.1_audit_detector,1,90,1,audit_detector_header_candidate,1.0.0,NOT_REVIEWED,,raw_prop=header_candidate_page_count,NOT_REVIEWED,DERIVED_RECONCILIATION
INE001O01029_2025,Risa International Limited,2025,HOLDOUT,footer_candidate,NOT_OBSERVED,t0.1_audit_detector,0,0,0,audit_detector_footer_candidate,1.0.0,NOT_REVIEWED,,raw_prop=footer_candidate_page_count,NOT_REVIEWED,DERIVED_RECONCILIATION
INE001O01029_2025,Risa International Limited,2025,HOLDOUT,toc_candidate,CANDIDATE,t0.1_audit_detector,1,True,1,audit_detector_toc_candidate,1.0.0,NOT_REVIEWED,,raw_prop=toc_candidate,NOT_REVIEWED,DERIVED_RECONCILIATION
INE001O01029_2025,Risa International Limited,2025,HOLDOUT,deep_hierarchy_candidate,NOT_OBSERVED,t0.1_audit_detector,0,False,0,audit_detector_deep_hierarchy_candidate,1.0.0,NOT_REVIEWED,,raw_prop=deep_hierarchy_candidate,NOT_REVIEWED,DERIVED_RECONCILIATION
INE001O01029_2025,Risa International Limited,2025,HOLDOUT,annexure_candidate,CANDIDATE,t0.1_audit_detector,1,True,1,audit_detector_annexure_candidate,1.0.0,NOT_REVIEWED,,raw_prop=annexure_candidate,NOT_REVIEWED,DERIVED_RECONCILIATION
INE001O01029_2025,Risa International Limited,2025,HOLDOUT,combined_mdna_candidate,CANDIDATE,t0.1_audit_detector,1,True,1,audit_detector_combined_mdna_candidate,1.0.0,NOT_REVIEWED,,raw_prop=combined_mdna_candidate,NOT_REVIEWED,DERIVED_RECONCILIATION
INE002A01018_2012,Reliance Industries Limited,2012,FIT,native,CANDIDATE,t0.1_audit_detector,1,219,1,audit_detector_native,1.0.0,NOT_REVIEWED,,raw_prop=native_page_count,NOT_REVIEWED,DERIVED_RECONCILIATION
INE002A01018_2012,Reliance Industries Limited,2012,FIT,scanned,NOT_OBSERVED,t0.1_audit_detector,0,0,0,audit_detector_scanned,1.0.0,NOT_REVIEWED,,raw_prop=scanned_page_count,NOT_REVIEWED,DERIVED_RECONCILIATION
INE002A01018_2012,Reliance Industries Limited,2012,FIT,ocr_layer_candidate,CANDIDATE,t0.1_audit_detector,1,1,1,audit_detector_ocr_layer_candidate,1.0.0,NOT_REVIEWED,,raw_prop=ocr_page_count,NOT_REVIEWED,DERIVED_RECONCILIATION
INE002A01018_2012,Reliance Industries Limited,2012,FIT,legacy_font_candidate,NOT_OBSERVED,t0.1_audit_detector,0,0,0,audit_detector_legacy_font_candidate,1.0.0,NOT_REVIEWED,,raw_prop=legacy_candidate_page_count,NOT_REVIEWED,DERIVED_RECONCILIATION
INE002A01018_2012,Reliance Industries Limited,2012,FIT,hidden_text_candidate,NOT_OBSERVED,t0.1_audit_detector,0,0,0,audit_detector_hidden_text_candidate,1.0.0,NOT_REVIEWED,,raw_prop=hidden_text_candidate_page_count,NOT_REVIEWED,DERIVED_RECONCILIATION
INE002A01018_2012,Reliance Industries Limited,2012,FIT,duplicate_text_candidate,NOT_OBSERVED,t0.1_audit_detector,0,0,0,audit_detector_duplicate_text_candidate,1.0.0,NOT_REVIEWED,,raw_prop=duplicate_text_candidate_page_count,NOT_REVIEWED,DERIVED_RECONCILIATION
INE002A01018_2012,Reliance Industries Limited,2012,FIT,devanagari_candidate,NOT_OBSERVED,t0.1_audit_detector,0,0,0,audit_detector_devanagari_candidate,1.0.0,NOT_REVIEWED,,raw_prop=devanagari_page_count,NOT_REVIEWED,DERIVED_RECONCILIATION
INE002A01018_2012,Reliance Industries Limited,2012,FIT,bilingual_candidate,NOT_OBSERVED,t0.1_audit_detector,0,0,0,audit_detector_bilingual_candidate,1.0.0,NOT_REVIEWED,,raw_prop=bilingual_candidate_page_count,NOT_REVIEWED,DERIVED_RECONCILIATION
INE002A01018_2012,Reliance Industries Limited,2012,FIT,two_column,CANDIDATE,t0.1_audit_detector,1,93,1,audit_detector_two_column,1.0.0,NOT_REVIEWED,,raw_prop=two_column_page_count,NOT_REVIEWED,DERIVED_RECONCILIATION
INE002A01018_2012,Reliance Industries Limited,2012,FIT,multi_column,CANDIDATE,t0.1_audit_detector,1,67,1,audit_detector_multi_column,1.0.0,NOT_REVIEWED,,raw_prop=multi_column_page_count,NOT_REVIEWED,DERIVED_RECONCILIATION
INE002A01018_2012,Reliance Industries Limited,2012,FIT,table_candidate,CANDIDATE,t0.1_audit_detector,1,219,1,audit_detector_table_candidate,1.0.0,NOT_REVIEWED,,raw_prop=table_candidate_page_count,NOT_REVIEWED,DERIVED_RECONCILIATION
INE002A01018_2012,Reliance Industries Limited,2012,FIT,header_candidate,NOT_OBSERVED,t0.1_audit_detector,0,0,0,audit_detector_header_candidate,1.0.0,NOT_REVIEWED,,raw_prop=header_candidate_page_count,NOT_REVIEWED,DERIVED_RECONCILIATION
INE002A01018_2012,Reliance Industries Limited,2012,FIT,footer_candidate,CANDIDATE,t0.1_audit_detector,1,2,1,audit_detector_footer_candidate,1.0.0,NOT_REVIEWED,,raw_prop=footer_candidate_page_count,NOT_REVIEWED,DERIVED_RECONCILIATION
INE002A01018_2012,Reliance Industries Limited,2012,FIT,toc_candidate,CANDIDATE,t0.1_audit_detector,1,True,1,audit_detector_toc_candidate,1.0.0,NOT_REVIEWED,,raw_prop=toc_candidate,NOT_REVIEWED,DERIVED_RECONCILIATION
INE002A01018_2012,Reliance Industries Limited,2012,FIT,deep_hierarchy_candidate,NOT_OBSERVED,t0.1_audit_detector,0,False,0,audit_detector_deep_hierarchy_candidate,1.0.0,NOT_REVIEWED,,raw_prop=deep_hierarchy_candidate,NOT_REVIEWED,DERIVED_RECONCILIATION
INE002A01018_2012,Reliance Industries Limited,2012,FIT,annexure_candidate,CANDIDATE,t0.1_audit_detector,1,True,1,audit_detector_annexure_candidate,1.0.0,NOT_REVIEWED,,raw_prop=annexure_candidate,NOT_REVIEWED,DERIVED_RECONCILIATION
INE002A01018_2012,Reliance Industries Limited,2012,FIT,combined_mdna_candidate,NOT_OBSERVED,t0.1_audit_detector,0,False,0,audit_detector_combined_mdna_candidate,1.0.0,NOT_REVIEWED,,raw_prop=combined_mdna_candidate,NOT_REVIEWED,DERIVED_RECONCILIATION
INE002A01018_2013,Reliance Industries Limited,2013,FIT,native,CANDIDATE,t0.1_audit_detector,1,226,1,audit_detector_native,1.0.0,NOT_REVIEWED,,raw_prop=native_page_count,NOT_REVIEWED,DERIVED_RECONCILIATION
INE002A01018_2013,Reliance Industries Limited,2013,FIT,scanned,CANDIDATE,t0.1_audit_detector,1,1,1,audit_detector_scanned,1.0.0,NOT_REVIEWED,,raw_prop=scanned_page_count,NOT_REVIEWED,DERIVED_RECONCILIATION
INE002A01018_2013,Reliance Industries Limited,2013,FIT,ocr_layer_candidate,CANDIDATE,t0.1_audit_detector,1,1,1,audit_detector_ocr_layer_candidate,1.0.0,NOT_REVIEWED,,raw_prop=ocr_page_count,NOT_REVIEWED,DERIVED_RECONCILIATION
INE002A01018_2013,Reliance Industries Limited,2013,FIT,legacy_font_candidate,CANDIDATE,t0.1_audit_detector,1,7,1,audit_detector_legacy_font_candidate,1.0.0,NOT_REVIEWED,,raw_prop=legacy_candidate_page_count,NOT_REVIEWED,DERIVED_RECONCILIATION
INE002A01018_2013,Reliance Industries Limited,2013,FIT,hidden_text_candidate,NOT_OBSERVED,t0.1_audit_detector,0,0,0,audit_detector_hidden_text_candidate,1.0.0,NOT_REVIEWED,,raw_prop=hidden_text_candidate_page_count,NOT_REVIEWED,DERIVED_RECONCILIATION
INE002A01018_2013,Reliance Industries Limited,2013,FIT,duplicate_text_candidate,NOT_OBSERVED,t0.1_audit_detector,0,0,0,audit_detector_duplicate_text_candidate,1.0.0,NOT_REVIEWED,,raw_prop=duplicate_text_candidate_page_count,NOT_REVIEWED,DERIVED_RECONCILIATION
INE002A01018_2013,Reliance Industries Limited,2013,FIT,devanagari_candidate,NOT_OBSERVED,t0.1_audit_detector,0,0,0,audit_detector_devanagari_candidate,1.0.0,NOT_REVIEWED,,raw_prop=devanagari_page_count,NOT_REVIEWED,DERIVED_RECONCILIATION
INE002A01018_2013,Reliance Industries Limited,2013,FIT,bilingual_candidate,NOT_OBSERVED,t0.1_audit_detector,0,0,0,audit_detector_bilingual_candidate,1.0.0,NOT_REVIEWED,,raw_prop=bilingual_candidate_page_count,NOT_REVIEWED,DERIVED_RECONCILIATION
INE002A01018_2013,Reliance Industries Limited,2013,FIT,two_column,CANDIDATE,t0.1_audit_detector,1,110,1,audit_detector_two_column,1.0.0,NOT_REVIEWED,,raw_prop=two_column_page_count,NOT_REVIEWED,DERIVED_RECONCILIATION
INE002A01018_2013,Reliance Industries Limited,2013,FIT,multi_column,CANDIDATE,t0.1_audit_detector,1,79,1,audit_detector_multi_column,1.0.0,NOT_REVIEWED,,raw_prop=multi_column_page_count,NOT_REVIEWED,DERIVED_RECONCILIATION
INE002A01018_2013,Reliance Industries Limited,2013,FIT,table_candidate,CANDIDATE,t0.1_audit_detector,1,133,1,audit_detector_table_candidate,1.0.0,NOT_REVIEWED,,raw_prop=table_candidate_page_count,NOT_REVIEWED,DERIVED_RECONCILIATION
INE002A01018_2013,Reliance Industries Limited,2013,FIT,header_candidate,NOT_OBSERVED,t0.1_audit_detector,0,0,0,audit_detector_header_candidate,1.0.0,NOT_REVIEWED,,raw_prop=header_candidate_page_count,NOT_REVIEWED,DERIVED_RECONCILIATION
INE002A01018_2013,Reliance Industries Limited,2013,FIT,footer_candidate,NOT_OBSERVED,t0.1_audit_detector,0,0,0,audit_detector_footer_candidate,1.0.0,NOT_REVIEWED,,raw_prop=footer_candidate_page_count,NOT_REVIEWED,DERIVED_RECONCILIATION
INE002A01018_2013,Reliance Industries Limited,2013,FIT,toc_candidate,CANDIDATE,t0.1_audit_detector,1,True,1,audit_detector_toc_candidate,1.0.0,NOT_REVIEWED,,raw_prop=toc_candidate,NOT_REVIEWED,DERIVED_RECONCILIATION
INE002A01018_2013,Reliance Industries Limited,2013,FIT,deep_hierarchy_candidate,CANDIDATE,t0.1_audit_detector,1,True,1,audit_detector_deep_hierarchy_candidate,1.0.0,NOT_REVIEWED,,raw_prop=deep_hierarchy_candidate,NOT_REVIEWED,DERIVED_RECONCILIATION
INE002A01018_2013,Reliance Industries Limited,2013,FIT,annexure_candidate,CANDIDATE,t0.1_audit_detector,1,True,1,audit_detector_annexure_candidate,1.0.0,NOT_REVIEWED,,raw_prop=annexure_candidate,NOT_REVIEWED,DERIVED_RECONCILIATION
INE002A01018_2013,Reliance Industries Limited,2013,FIT,combined_mdna_candidate,NOT_OBSERVED,t0.1_audit_detector,0,False,0,audit_detector_combined_mdna_candidate,1.0.0,NOT_REVIEWED,,raw_prop=combined_mdna_candidate,NOT_REVIEWED,DERIVED_RECONCILIATION
INE002A01018_2017,Reliance Industries Limited,2017,FIT,native,CANDIDATE,t0.1_audit_detector,1,460,1,audit_detector_native,1.0.0,NOT_REVIEWED,,raw_prop=native_page_count,NOT_REVIEWED,DERIVED_RECONCILIATION
INE002A01018_2017,Reliance Industries Limited,2017,FIT,scanned,CANDIDATE,t0.1_audit_detector,1,1,1,audit_detector_scanned,1.0.0,NOT_REVIEWED,,raw_prop=scanned_page_count,NOT_REVIEWED,DERIVED_RECONCILIATION
INE002A01018_2017,Reliance Industries Limited,2017,FIT,ocr_layer_candidate,CANDIDATE,t0.1_audit_detector,1,1,1,audit_detector_ocr_layer_candidate,1.0.0,NOT_REVIEWED,,raw_prop=ocr_page_count,NOT_REVIEWED,DERIVED_RECONCILIATION
INE002A01018_2017,Reliance Industries Limited,2017,FIT,legacy_font_candidate,NOT_OBSERVED,t0.1_audit_detector,0,0,0,audit_detector_legacy_font_candidate,1.0.0,NOT_REVIEWED,,raw_prop=legacy_candidate_page_count,NOT_REVIEWED,DERIVED_RECONCILIATION
INE002A01018_2017,Reliance Industries Limited,2017,FIT,hidden_text_candidate,NOT_OBSERVED,t0.1_audit_detector,0,0,0,audit_detector_hidden_text_candidate,1.0.0,NOT_REVIEWED,,raw_prop=hidden_text_candidate_page_count,NOT_REVIEWED,DERIVED_RECONCILIATION
INE002A01018_2017,Reliance Industries Limited,2017,FIT,duplicate_text_candidate,NOT_OBSERVED,t0.1_audit_detector,0,0,0,audit_detector_duplicate_text_candidate,1.0.0,NOT_REVIEWED,,raw_prop=duplicate_text_candidate_page_count,NOT_REVIEWED,DERIVED_RECONCILIATION
INE002A01018_2017,Reliance Industries Limited,2017,FIT,devanagari_candidate,NOT_OBSERVED,t0.1_audit_detector,0,0,0,audit_detector_devanagari_candidate,1.0.0,NOT_REVIEWED,,raw_prop=devanagari_page_count,NOT_REVIEWED,DERIVED_RECONCILIATION
INE002A01018_2017,Reliance Industries Limited,2017,FIT,bilingual_candidate,NOT_OBSERVED,t0.1_audit_detector,0,0,0,audit_detector_bilingual_candidate,1.0.0,NOT_REVIEWED,,raw_prop=bilingual_candidate_page_count,NOT_REVIEWED,DERIVED_RECONCILIATION
INE002A01018_2017,Reliance Industries Limited,2017,FIT,two_column,CANDIDATE,t0.1_audit_detector,1,247,1,audit_detector_two_column,1.0.0,NOT_REVIEWED,,raw_prop=two_column_page_count,NOT_REVIEWED,DERIVED_RECONCILIATION
INE002A01018_2017,Reliance Industries Limited,2017,FIT,multi_column,CANDIDATE,t0.1_audit_detector,1,153,1,audit_detector_multi_column,1.0.0,NOT_REVIEWED,,raw_prop=multi_column_page_count,NOT_REVIEWED,DERIVED_RECONCILIATION
INE002A01018_2017,Reliance Industries Limited,2017,FIT,table_candidate,CANDIDATE,t0.1_audit_detector,1,413,1,audit_detector_table_candidate,1.0.0,NOT_REVIEWED,,raw_prop=table_candidate_page_count,NOT_REVIEWED,DERIVED_RECONCILIATION
INE002A01018_2017,Reliance Industries Limited,2017,FIT,header_candidate,NOT_OBSERVED,t0.1_audit_detector,0,0,0,audit_detector_header_candidate,1.0.0,NOT_REVIEWED,,raw_prop=header_candidate_page_count,NOT_REVIEWED,DERIVED_RECONCILIATION
INE002A01018_2017,Reliance Industries Limited,2017,FIT,footer_candidate,CANDIDATE,t0.1_audit_detector,1,4,1,audit_detector_footer_candidate,1.0.0,NOT_REVIEWED,,raw_prop=footer_candidate_page_count,NOT_REVIEWED,DERIVED_RECONCILIATION
INE002A01018_2017,Reliance Industries Limited,2017,FIT,toc_candidate,CANDIDATE,t0.1_audit_detector,1,True,1,audit_detector_toc_candidate,1.0.0,NOT_REVIEWED,,raw_prop=toc_candidate,NOT_REVIEWED,DERIVED_RECONCILIATION
INE002A01018_2017,Reliance Industries Limited,2017,FIT,deep_hierarchy_candidate,CANDIDATE,t0.1_audit_detector,1,True,1,audit_detector_deep_hierarchy_candidate,1.0.0,NOT_REVIEWED,,raw_prop=deep_hierarchy_candidate,NOT_REVIEWED,DERIVED_RECONCILIATION
INE002A01018_2017,Reliance Industries Limited,2017,FIT,annexure_candidate,CANDIDATE,t0.1_audit_detector,1,True,1,audit_detector_annexure_candidate,1.0.0,NOT_REVIEWED,,raw_prop=annexure_candidate,NOT_REVIEWED,DERIVED_RECONCILIATION
INE002A01018_2017,Reliance Industries Limited,2017,FIT,combined_mdna_candidate,NOT_OBSERVED,t0.1_audit_detector,0,False,0,audit_detector_combined_mdna_candidate,1.0.0,NOT_REVIEWED,,raw_prop=combined_mdna_candidate,NOT_REVIEWED,DERIVED_RECONCILIATION
INE002A01018_2018,Reliance Industries Limited,2018,FIT,native,CANDIDATE,t0.1_audit_detector,1,447,1,audit_detector_native,1.0.0,NOT_REVIEWED,,raw_prop=native_page_count,NOT_REVIEWED,DERIVED_RECONCILIATION
INE002A01018_2018,Reliance Industries Limited,2018,FIT,scanned,NOT_OBSERVED,t0.1_audit_detector,0,0,0,audit_detector_scanned,1.0.0,NOT_REVIEWED,,raw_prop=scanned_page_count,NOT_REVIEWED,DERIVED_RECONCILIATION
INE002A01018_2018,Reliance Industries Limited,2018,FIT,ocr_layer_candidate,CANDIDATE,t0.1_audit_detector,1,1,1,audit_detector_ocr_layer_candidate,1.0.0,NOT_REVIEWED,,raw_prop=ocr_page_count,NOT_REVIEWED,DERIVED_RECONCILIATION
INE002A01018_2018,Reliance Industries Limited,2018,FIT,legacy_font_candidate,CANDIDATE,t0.1_audit_detector,1,395,1,audit_detector_legacy_font_candidate,1.0.0,NOT_REVIEWED,,raw_prop=legacy_candidate_page_count,NOT_REVIEWED,DERIVED_RECONCILIATION
INE002A01018_2018,Reliance Industries Limited,2018,FIT,hidden_text_candidate,NOT_OBSERVED,t0.1_audit_detector,0,0,0,audit_detector_hidden_text_candidate,1.0.0,NOT_REVIEWED,,raw_prop=hidden_text_candidate_page_count,NOT_REVIEWED,DERIVED_RECONCILIATION
INE002A01018_2018,Reliance Industries Limited,2018,FIT,duplicate_text_candidate,NOT_OBSERVED,t0.1_audit_detector,0,0,0,audit_detector_duplicate_text_candidate,1.0.0,NOT_REVIEWED,,raw_prop=duplicate_text_candidate_page_count,NOT_REVIEWED,DERIVED_RECONCILIATION
INE002A01018_2018,Reliance Industries Limited,2018,FIT,devanagari_candidate,NOT_OBSERVED,t0.1_audit_detector,0,0,0,audit_detector_devanagari_candidate,1.0.0,NOT_REVIEWED,,raw_prop=devanagari_page_count,NOT_REVIEWED,DERIVED_RECONCILIATION
INE002A01018_2018,Reliance Industries Limited,2018,FIT,bilingual_candidate,NOT_OBSERVED,t0.1_audit_detector,0,0,0,audit_detector_bilingual_candidate,1.0.0,NOT_REVIEWED,,raw_prop=bilingual_candidate_page_count,NOT_REVIEWED,DERIVED_RECONCILIATION
INE002A01018_2018,Reliance Industries Limited,2018,FIT,two_column,CANDIDATE,t0.1_audit_detector,1,214,1,audit_detector_two_column,1.0.0,NOT_REVIEWED,,raw_prop=two_column_page_count,NOT_REVIEWED,DERIVED_RECONCILIATION
INE002A01018_2018,Reliance Industries Limited,2018,FIT,multi_column,CANDIDATE,t0.1_audit_detector,1,176,1,audit_detector_multi_column,1.0.0,NOT_REVIEWED,,raw_prop=multi_column_page_count,NOT_REVIEWED,DERIVED_RECONCILIATION
INE002A01018_2018,Reliance Industries Limited,2018,FIT,table_candidate,CANDIDATE,t0.1_audit_detector,1,343,1,audit_detector_table_candidate,1.0.0,NOT_REVIEWED,,raw_prop=table_candidate_page_count,NOT_REVIEWED,DERIVED_RECONCILIATION
INE002A01018_2018,Reliance Industries Limited,2018,FIT,header_candidate,NOT_OBSERVED,t0.1_audit_detector,0,0,0,audit_detector_header_candidate,1.0.0,NOT_REVIEWED,,raw_prop=header_candidate_page_count,NOT_REVIEWED,DERIVED_RECONCILIATION
INE002A01018_2018,Reliance Industries Limited,2018,FIT,footer_candidate,CANDIDATE,t0.1_audit_detector,1,13,1,audit_detector_footer_candidate,1.0.0,NOT_REVIEWED,,raw_prop=footer_candidate_page_count,NOT_REVIEWED,DERIVED_RECONCILIATION
INE002A01018_2018,Reliance Industries Limited,2018,FIT,toc_candidate,CANDIDATE,t0.1_audit_detector,1,True,1,audit_detector_toc_candidate,1.0.0,NOT_REVIEWED,,raw_prop=toc_candidate,NOT_REVIEWED,DERIVED_RECONCILIATION
INE002A01018_2018,Reliance Industries Limited,2018,FIT,deep_hierarchy_candidate,NOT_OBSERVED,t0.1_audit_detector,0,False,0,audit_detector_deep_hierarchy_candidate,1.0.0,NOT_REVIEWED,,raw_prop=deep_hierarchy_candidate,NOT_REVIEWED,DERIVED_RECONCILIATION
INE002A01018_2018,Reliance Industries Limited,2018,FIT,annexure_candidate,CANDIDATE,t0.1_audit_detector,1,True,1,audit_detector_annexure_candidate,1.0.0,NOT_REVIEWED,,raw_prop=annexure_candidate,NOT_REVIEWED,DERIVED_RECONCILIATION
INE002A01018_2018,Reliance Industries Limited,2018,FIT,combined_mdna_candidate,NOT_OBSERVED,t0.1_audit_detector,0,False,0,audit_detector_combined_mdna_candidate,1.0.0,NOT_REVIEWED,,raw_prop=combined_mdna_candidate,NOT_REVIEWED,DERIVED_RECONCILIATION
INE002A01018_2024,Reliance Industries Limited,2024,FIT,native,CANDIDATE,t0.1_audit_detector,1,181,1,audit_detector_native,1.0.0,NOT_REVIEWED,,raw_prop=native_page_count,NOT_REVIEWED,DERIVED_RECONCILIATION
INE002A01018_2024,Reliance Industries Limited,2024,FIT,scanned,NOT_OBSERVED,t0.1_audit_detector,0,0,0,audit_detector_scanned,1.0.0,NOT_REVIEWED,,raw_prop=scanned_page_count,NOT_REVIEWED,DERIVED_RECONCILIATION
INE002A01018_2024,Reliance Industries Limited,2024,FIT,ocr_layer_candidate,NOT_OBSERVED,t0.1_audit_detector,0,0,0,audit_detector_ocr_layer_candidate,1.0.0,NOT_REVIEWED,,raw_prop=ocr_page_count,NOT_REVIEWED,DERIVED_RECONCILIATION
INE002A01018_2024,Reliance Industries Limited,2024,FIT,legacy_font_candidate,NOT_OBSERVED,t0.1_audit_detector,0,0,0,audit_detector_legacy_font_candidate,1.0.0,NOT_REVIEWED,,raw_prop=legacy_candidate_page_count,NOT_REVIEWED,DERIVED_RECONCILIATION
INE002A01018_2024,Reliance Industries Limited,2024,FIT,hidden_text_candidate,NOT_OBSERVED,t0.1_audit_detector,0,0,0,audit_detector_hidden_text_candidate,1.0.0,NOT_REVIEWED,,raw_prop=hidden_text_candidate_page_count,NOT_REVIEWED,DERIVED_RECONCILIATION
INE002A01018_2024,Reliance Industries Limited,2024,FIT,duplicate_text_candidate,NOT_OBSERVED,t0.1_audit_detector,0,0,0,audit_detector_duplicate_text_candidate,1.0.0,NOT_REVIEWED,,raw_prop=duplicate_text_candidate_page_count,NOT_REVIEWED,DERIVED_RECONCILIATION
INE002A01018_2024,Reliance Industries Limited,2024,FIT,devanagari_candidate,NOT_OBSERVED,t0.1_audit_detector,0,0,0,audit_detector_devanagari_candidate,1.0.0,NOT_REVIEWED,,raw_prop=devanagari_page_count,NOT_REVIEWED,DERIVED_RECONCILIATION
INE002A01018_2024,Reliance Industries Limited,2024,FIT,bilingual_candidate,NOT_OBSERVED,t0.1_audit_detector,0,0,0,audit_detector_bilingual_candidate,1.0.0,NOT_REVIEWED,,raw_prop=bilingual_candidate_page_count,NOT_REVIEWED,DERIVED_RECONCILIATION
INE002A01018_2024,Reliance Industries Limited,2024,FIT,two_column,CANDIDATE,t0.1_audit_detector,1,172,1,audit_detector_two_column,1.0.0,NOT_REVIEWED,,raw_prop=two_column_page_count,NOT_REVIEWED,DERIVED_RECONCILIATION
INE002A01018_2024,Reliance Industries Limited,2024,FIT,multi_column,CANDIDATE,t0.1_audit_detector,1,9,1,audit_detector_multi_column,1.0.0,NOT_REVIEWED,,raw_prop=multi_column_page_count,NOT_REVIEWED,DERIVED_RECONCILIATION
INE002A01018_2024,Reliance Industries Limited,2024,FIT,table_candidate,CANDIDATE,t0.1_audit_detector,1,174,1,audit_detector_table_candidate,1.0.0,NOT_REVIEWED,,raw_prop=table_candidate_page_count,NOT_REVIEWED,DERIVED_RECONCILIATION
INE002A01018_2024,Reliance Industries Limited,2024,FIT,header_candidate,CANDIDATE,t0.1_audit_detector,1,161,1,audit_detector_header_candidate,1.0.0,NOT_REVIEWED,,raw_prop=header_candidate_page_count,NOT_REVIEWED,DERIVED_RECONCILIATION
INE002A01018_2024,Reliance Industries Limited,2024,FIT,footer_candidate,CANDIDATE,t0.1_audit_detector,1,175,1,audit_detector_footer_candidate,1.0.0,NOT_REVIEWED,,raw_prop=footer_candidate_page_count,NOT_REVIEWED,DERIVED_RECONCILIATION
INE002A01018_2024,Reliance Industries Limited,2024,FIT,toc_candidate,CANDIDATE,t0.1_audit_detector,1,True,1,audit_detector_toc_candidate,1.0.0,NOT_REVIEWED,,raw_prop=toc_candidate,NOT_REVIEWED,DERIVED_RECONCILIATION
INE002A01018_2024,Reliance Industries Limited,2024,FIT,deep_hierarchy_candidate,NOT_OBSERVED,t0.1_audit_detector,0,False,0,audit_detector_deep_hierarchy_candidate,1.0.0,NOT_REVIEWED,,raw_prop=deep_hierarchy_candidate,NOT_REVIEWED,DERIVED_RECONCILIATION
INE002A01018_2024,Reliance Industries Limited,2024,FIT,annexure_candidate,CANDIDATE,t0.1_audit_detector,1,True,1,audit_detector_annexure_candidate,1.0.0,NOT_REVIEWED,,raw_prop=annexure_candidate,NOT_REVIEWED,DERIVED_RECONCILIATION
INE002A01018_2024,Reliance Industries Limited,2024,FIT,combined_mdna_candidate,CANDIDATE,t0.1_audit_detector,1,True,1,audit_detector_combined_mdna_candidate,1.0.0,NOT_REVIEWED,,raw_prop=combined_mdna_candidate,NOT_REVIEWED,DERIVED_RECONCILIATION
INE002A01018_2025,Reliance Industries Limited,2025,FIT,native,CANDIDATE,t0.1_audit_detector,1,174,1,audit_detector_native,1.0.0,NOT_REVIEWED,,raw_prop=native_page_count,NOT_REVIEWED,DERIVED_RECONCILIATION
INE002A01018_2025,Reliance Industries Limited,2025,FIT,scanned,NOT_OBSERVED,t0.1_audit_detector,0,0,0,audit_detector_scanned,1.0.0,NOT_REVIEWED,,raw_prop=scanned_page_count,NOT_REVIEWED,DERIVED_RECONCILIATION
INE002A01018_2025,Reliance Industries Limited,2025,FIT,ocr_layer_candidate,NOT_OBSERVED,t0.1_audit_detector,0,0,0,audit_detector_ocr_layer_candidate,1.0.0,NOT_REVIEWED,,raw_prop=ocr_page_count,NOT_REVIEWED,DERIVED_RECONCILIATION
INE002A01018_2025,Reliance Industries Limited,2025,FIT,legacy_font_candidate,NOT_OBSERVED,t0.1_audit_detector,0,0,0,audit_detector_legacy_font_candidate,1.0.0,NOT_REVIEWED,,raw_prop=legacy_candidate_page_count,NOT_REVIEWED,DERIVED_RECONCILIATION
INE002A01018_2025,Reliance Industries Limited,2025,FIT,hidden_text_candidate,NOT_OBSERVED,t0.1_audit_detector,0,0,0,audit_detector_hidden_text_candidate,1.0.0,NOT_REVIEWED,,raw_prop=hidden_text_candidate_page_count,NOT_REVIEWED,DERIVED_RECONCILIATION
INE002A01018_2025,Reliance Industries Limited,2025,FIT,duplicate_text_candidate,NOT_OBSERVED,t0.1_audit_detector,0,0,0,audit_detector_duplicate_text_candidate,1.0.0,NOT_REVIEWED,,raw_prop=duplicate_text_candidate_page_count,NOT_REVIEWED,DERIVED_RECONCILIATION
INE002A01018_2025,Reliance Industries Limited,2025,FIT,devanagari_candidate,NOT_OBSERVED,t0.1_audit_detector,0,0,0,audit_detector_devanagari_candidate,1.0.0,NOT_REVIEWED,,raw_prop=devanagari_page_count,NOT_REVIEWED,DERIVED_RECONCILIATION
INE002A01018_2025,Reliance Industries Limited,2025,FIT,bilingual_candidate,NOT_OBSERVED,t0.1_audit_detector,0,0,0,audit_detector_bilingual_candidate,1.0.0,NOT_REVIEWED,,raw_prop=bilingual_candidate_page_count,NOT_REVIEWED,DERIVED_RECONCILIATION
INE002A01018_2025,Reliance Industries Limited,2025,FIT,two_column,CANDIDATE,t0.1_audit_detector,1,157,1,audit_detector_two_column,1.0.0,NOT_REVIEWED,,raw_prop=two_column_page_count,NOT_REVIEWED,DERIVED_RECONCILIATION
INE002A01018_2025,Reliance Industries Limited,2025,FIT,multi_column,CANDIDATE,t0.1_audit_detector,1,17,1,audit_detector_multi_column,1.0.0,NOT_REVIEWED,,raw_prop=multi_column_page_count,NOT_REVIEWED,DERIVED_RECONCILIATION
INE002A01018_2025,Reliance Industries Limited,2025,FIT,table_candidate,CANDIDATE,t0.1_audit_detector,1,152,1,audit_detector_table_candidate,1.0.0,NOT_REVIEWED,,raw_prop=table_candidate_page_count,NOT_REVIEWED,DERIVED_RECONCILIATION
INE002A01018_2025,Reliance Industries Limited,2025,FIT,header_candidate,CANDIDATE,t0.1_audit_detector,1,135,1,audit_detector_header_candidate,1.0.0,NOT_REVIEWED,,raw_prop=header_candidate_page_count,NOT_REVIEWED,DERIVED_RECONCILIATION
INE002A01018_2025,Reliance Industries Limited,2025,FIT,footer_candidate,CANDIDATE,t0.1_audit_detector,1,154,1,audit_detector_footer_candidate,1.0.0,NOT_REVIEWED,,raw_prop=footer_candidate_page_count,NOT_REVIEWED,DERIVED_RECONCILIATION
INE002A01018_2025,Reliance Industries Limited,2025,FIT,toc_candidate,CANDIDATE,t0.1_audit_detector,1,True,1,audit_detector_toc_candidate,1.0.0,NOT_REVIEWED,,raw_prop=toc_candidate,NOT_REVIEWED,DERIVED_RECONCILIATION
INE002A01018_2025,Reliance Industries Limited,2025,FIT,deep_hierarchy_candidate,NOT_OBSERVED,t0.1_audit_detector,0,False,0,audit_detector_deep_hierarchy_candidate,1.0.0,NOT_REVIEWED,,raw_prop=deep_hierarchy_candidate,NOT_REVIEWED,DERIVED_RECONCILIATION
INE002A01018_2025,Reliance Industries Limited,2025,FIT,annexure_candidate,CANDIDATE,t0.1_audit_detector,1,True,1,audit_detector_annexure_candidate,1.0.0,NOT_REVIEWED,,raw_prop=annexure_candidate,NOT_REVIEWED,DERIVED_RECONCILIATION
INE002A01018_2025,Reliance Industries Limited,2025,FIT,combined_mdna_candidate,NOT_OBSERVED,t0.1_audit_detector,0,False,0,audit_detector_combined_mdna_candidate,1.0.0,NOT_REVIEWED,,raw_prop=combined_mdna_candidate,NOT_REVIEWED,DERIVED_RECONCILIATION
INE002B01016_2012,MADALA HOLDINGS LIMITED,2012,HOLDOUT,native,CANDIDATE,t0.1_audit_detector,1,76,1,audit_detector_native,1.0.0,NOT_REVIEWED,,raw_prop=native_page_count,NOT_REVIEWED,DERIVED_RECONCILIATION
INE002B01016_2012,MADALA HOLDINGS LIMITED,2012,HOLDOUT,scanned,CANDIDATE,t0.1_audit_detector,1,1,1,audit_detector_scanned,1.0.0,NOT_REVIEWED,,raw_prop=scanned_page_count,NOT_REVIEWED,DERIVED_RECONCILIATION
INE002B01016_2012,MADALA HOLDINGS LIMITED,2012,HOLDOUT,ocr_layer_candidate,CANDIDATE,t0.1_audit_detector,1,1,1,audit_detector_ocr_layer_candidate,1.0.0,NOT_REVIEWED,,raw_prop=ocr_page_count,NOT_REVIEWED,DERIVED_RECONCILIATION
INE002B01016_2012,MADALA HOLDINGS LIMITED,2012,HOLDOUT,legacy_font_candidate,NOT_OBSERVED,t0.1_audit_detector,0,0,0,audit_detector_legacy_font_candidate,1.0.0,NOT_REVIEWED,,raw_prop=legacy_candidate_page_count,NOT_REVIEWED,DERIVED_RECONCILIATION
INE002B01016_2012,MADALA HOLDINGS LIMITED,2012,HOLDOUT,hidden_text_candidate,NOT_OBSERVED,t0.1_audit_detector,0,0,0,audit_detector_hidden_text_candidate,1.0.0,NOT_REVIEWED,,raw_prop=hidden_text_candidate_page_count,NOT_REVIEWED,DERIVED_RECONCILIATION
INE002B01016_2012,MADALA HOLDINGS LIMITED,2012,HOLDOUT,duplicate_text_candidate,NOT_OBSERVED,t0.1_audit_detector,0,0,0,audit_detector_duplicate_text_candidate,1.0.0,NOT_REVIEWED,,raw_prop=duplicate_text_candidate_page_count,NOT_REVIEWED,DERIVED_RECONCILIATION
INE002B01016_2012,MADALA HOLDINGS LIMITED,2012,HOLDOUT,devanagari_candidate,NOT_OBSERVED,t0.1_audit_detector,0,0,0,audit_detector_devanagari_candidate,1.0.0,NOT_REVIEWED,,raw_prop=devanagari_page_count,NOT_REVIEWED,DERIVED_RECONCILIATION
INE002B01016_2012,MADALA HOLDINGS LIMITED,2012,HOLDOUT,bilingual_candidate,NOT_OBSERVED,t0.1_audit_detector,0,0,0,audit_detector_bilingual_candidate,1.0.0,NOT_REVIEWED,,raw_prop=bilingual_candidate_page_count,NOT_REVIEWED,DERIVED_RECONCILIATION
INE002B01016_2012,MADALA HOLDINGS LIMITED,2012,HOLDOUT,two_column,CANDIDATE,t0.1_audit_detector,1,7,1,audit_detector_two_column,1.0.0,NOT_REVIEWED,,raw_prop=two_column_page_count,NOT_REVIEWED,DERIVED_RECONCILIATION
INE002B01016_2012,MADALA HOLDINGS LIMITED,2012,HOLDOUT,multi_column,CANDIDATE,t0.1_audit_detector,1,42,1,audit_detector_multi_column,1.0.0,NOT_REVIEWED,,raw_prop=multi_column_page_count,NOT_REVIEWED,DERIVED_RECONCILIATION
INE002B01016_2012,MADALA HOLDINGS LIMITED,2012,HOLDOUT,table_candidate,CANDIDATE,t0.1_audit_detector,1,4,1,audit_detector_table_candidate,1.0.0,NOT_REVIEWED,,raw_prop=table_candidate_page_count,NOT_REVIEWED,DERIVED_RECONCILIATION
INE002B01016_2012,MADALA HOLDINGS LIMITED,2012,HOLDOUT,header_candidate,NOT_OBSERVED,t0.1_audit_detector,0,0,0,audit_detector_header_candidate,1.0.0,NOT_REVIEWED,,raw_prop=header_candidate_page_count,NOT_REVIEWED,DERIVED_RECONCILIATION
INE002B01016_2012,MADALA HOLDINGS LIMITED,2012,HOLDOUT,footer_candidate,NOT_OBSERVED,t0.1_audit_detector,0,0,0,audit_detector_footer_candidate,1.0.0,NOT_REVIEWED,,raw_prop=footer_candidate_page_count,NOT_REVIEWED,DERIVED_RECONCILIATION
INE002B01016_2012,MADALA HOLDINGS LIMITED,2012,HOLDOUT,toc_candidate,CANDIDATE,t0.1_audit_detector,1,True,1,audit_detector_toc_candidate,1.0.0,NOT_REVIEWED,,raw_prop=toc_candidate,NOT_REVIEWED,DERIVED_RECONCILIATION
INE002B01016_2012,MADALA HOLDINGS LIMITED,2012,HOLDOUT,deep_hierarchy_candidate,NOT_OBSERVED,t0.1_audit_detector,0,False,0,audit_detector_deep_hierarchy_candidate,1.0.0,NOT_REVIEWED,,raw_prop=deep_hierarchy_candidate,NOT_REVIEWED,DERIVED_RECONCILIATION
INE002B01016_2012,MADALA HOLDINGS LIMITED,2012,HOLDOUT,annexure_candidate,CANDIDATE,t0.1_audit_detector,1,True,1,audit_detector_annexure_candidate,1.0.0,NOT_REVIEWED,,raw_prop=annexure_candidate,NOT_REVIEWED,DERIVED_RECONCILIATION
INE002B01016_2012,MADALA HOLDINGS LIMITED,2012,HOLDOUT,combined_mdna_candidate,NOT_OBSERVED,t0.1_audit_detector,0,False,0,audit_detector_combined_mdna_candidate,1.0.0,NOT_REVIEWED,,raw_prop=combined_mdna_candidate,NOT_REVIEWED,DERIVED_RECONCILIATION
INE002B01016_2013,MADALA HOLDINGS LIMITED,2013,HOLDOUT,native,CANDIDATE,t0.1_audit_detector,1,79,1,audit_detector_native,1.0.0,NOT_REVIEWED,,raw_prop=native_page_count,NOT_REVIEWED,DERIVED_RECONCILIATION
INE002B01016_2013,MADALA HOLDINGS LIMITED,2013,HOLDOUT,scanned,NOT_OBSERVED,t0.1_audit_detector,0,0,0,audit_detector_scanned,1.0.0,NOT_REVIEWED,,raw_prop=scanned_page_count,NOT_REVIEWED,DERIVED_RECONCILIATION
INE002B01016_2013,MADALA HOLDINGS LIMITED,2013,HOLDOUT,ocr_layer_candidate,CANDIDATE,t0.1_audit_detector,1,1,1,audit_detector_ocr_layer_candidate,1.0.0,NOT_REVIEWED,,raw_prop=ocr_page_count,NOT_REVIEWED,DERIVED_RECONCILIATION
INE002B01016_2013,MADALA HOLDINGS LIMITED,2013,HOLDOUT,legacy_font_candidate,NOT_OBSERVED,t0.1_audit_detector,0,0,0,audit_detector_legacy_font_candidate,1.0.0,NOT_REVIEWED,,raw_prop=legacy_candidate_page_count,NOT_REVIEWED,DERIVED_RECONCILIATION
INE002B01016_2013,MADALA HOLDINGS LIMITED,2013,HOLDOUT,hidden_text_candidate,NOT_OBSERVED,t0.1_audit_detector,0,0,0,audit_detector_hidden_text_candidate,1.0.0,NOT_REVIEWED,,raw_prop=hidden_text_candidate_page_count,NOT_REVIEWED,DERIVED_RECONCILIATION
INE002B01016_2013,MADALA HOLDINGS LIMITED,2013,HOLDOUT,duplicate_text_candidate,NOT_OBSERVED,t0.1_audit_detector,0,0,0,audit_detector_duplicate_text_candidate,1.0.0,NOT_REVIEWED,,raw_prop=duplicate_text_candidate_page_count,NOT_REVIEWED,DERIVED_RECONCILIATION
INE002B01016_2013,MADALA HOLDINGS LIMITED,2013,HOLDOUT,devanagari_candidate,NOT_OBSERVED,t0.1_audit_detector,0,0,0,audit_detector_devanagari_candidate,1.0.0,NOT_REVIEWED,,raw_prop=devanagari_page_count,NOT_REVIEWED,DERIVED_RECONCILIATION
INE002B01016_2013,MADALA HOLDINGS LIMITED,2013,HOLDOUT,bilingual_candidate,NOT_OBSERVED,t0.1_audit_detector,0,0,0,audit_detector_bilingual_candidate,1.0.0,NOT_REVIEWED,,raw_prop=bilingual_candidate_page_count,NOT_REVIEWED,DERIVED_RECONCILIATION
INE002B01016_2013,MADALA HOLDINGS LIMITED,2013,HOLDOUT,two_column,CANDIDATE,t0.1_audit_detector,1,4,1,audit_detector_two_column,1.0.0,NOT_REVIEWED,,raw_prop=two_column_page_count,NOT_REVIEWED,DERIVED_RECONCILIATION
INE002B01016_2013,MADALA HOLDINGS LIMITED,2013,HOLDOUT,multi_column,CANDIDATE,t0.1_audit_detector,1,43,1,audit_detector_multi_column,1.0.0,NOT_REVIEWED,,raw_prop=multi_column_page_count,NOT_REVIEWED,DERIVED_RECONCILIATION
INE002B01016_2013,MADALA HOLDINGS LIMITED,2013,HOLDOUT,table_candidate,CANDIDATE,t0.1_audit_detector,1,1,1,audit_detector_table_candidate,1.0.0,NOT_REVIEWED,,raw_prop=table_candidate_page_count,NOT_REVIEWED,DERIVED_RECONCILIATION
INE002B01016_2013,MADALA HOLDINGS LIMITED,2013,HOLDOUT,header_candidate,NOT_OBSERVED,t0.1_audit_detector,0,0,0,audit_detector_header_candidate,1.0.0,NOT_REVIEWED,,raw_prop=header_candidate_page_count,NOT_REVIEWED,DERIVED_RECONCILIATION
INE002B01016_2013,MADALA HOLDINGS LIMITED,2013,HOLDOUT,footer_candidate,NOT_OBSERVED,t0.1_audit_detector,0,0,0,audit_detector_footer_candidate,1.0.0,NOT_REVIEWED,,raw_prop=footer_candidate_page_count,NOT_REVIEWED,DERIVED_RECONCILIATION
INE002B01016_2013,MADALA HOLDINGS LIMITED,2013,HOLDOUT,toc_candidate,CANDIDATE,t0.1_audit_detector,1,True,1,audit_detector_toc_candidate,1.0.0,NOT_REVIEWED,,raw_prop=toc_candidate,NOT_REVIEWED,DERIVED_RECONCILIATION
INE002B01016_2013,MADALA HOLDINGS LIMITED,2013,HOLDOUT,deep_hierarchy_candidate,NOT_OBSERVED,t0.1_audit_detector,0,False,0,audit_detector_deep_hierarchy_candidate,1.0.0,NOT_REVIEWED,,raw_prop=deep_hierarchy_candidate,NOT_REVIEWED,DERIVED_RECONCILIATION
INE002B01016_2013,MADALA HOLDINGS LIMITED,2013,HOLDOUT,annexure_candidate,CANDIDATE,t0.1_audit_detector,1,True,1,audit_detector_annexure_candidate,1.0.0,NOT_REVIEWED,,raw_prop=annexure_candidate,NOT_REVIEWED,DERIVED_RECONCILIATION
INE002B01016_2013,MADALA HOLDINGS LIMITED,2013,HOLDOUT,combined_mdna_candidate,NOT_OBSERVED,t0.1_audit_detector,0,False,0,audit_detector_combined_mdna_candidate,1.0.0,NOT_REVIEWED,,raw_prop=combined_mdna_candidate,NOT_REVIEWED,DERIVED_RECONCILIATION
INE002B01016_2017,MADALA HOLDINGS LIMITED,2017,HOLDOUT,native,CANDIDATE,t0.1_audit_detector,1,113,1,audit_detector_native,1.0.0,NOT_REVIEWED,,raw_prop=native_page_count,NOT_REVIEWED,DERIVED_RECONCILIATION
INE002B01016_2017,MADALA HOLDINGS LIMITED,2017,HOLDOUT,scanned,NOT_OBSERVED,t0.1_audit_detector,0,0,0,audit_detector_scanned,1.0.0,NOT_REVIEWED,,raw_prop=scanned_page_count,NOT_REVIEWED,DERIVED_RECONCILIATION
INE002B01016_2017,MADALA HOLDINGS LIMITED,2017,HOLDOUT,ocr_layer_candidate,CANDIDATE,t0.1_audit_detector,1,1,1,audit_detector_ocr_layer_candidate,1.0.0,NOT_REVIEWED,,raw_prop=ocr_page_count,NOT_REVIEWED,DERIVED_RECONCILIATION
INE002B01016_2017,MADALA HOLDINGS LIMITED,2017,HOLDOUT,legacy_font_candidate,NOT_OBSERVED,t0.1_audit_detector,0,0,0,audit_detector_legacy_font_candidate,1.0.0,NOT_REVIEWED,,raw_prop=legacy_candidate_page_count,NOT_REVIEWED,DERIVED_RECONCILIATION
INE002B01016_2017,MADALA HOLDINGS LIMITED,2017,HOLDOUT,hidden_text_candidate,NOT_OBSERVED,t0.1_audit_detector,0,0,0,audit_detector_hidden_text_candidate,1.0.0,NOT_REVIEWED,,raw_prop=hidden_text_candidate_page_count,NOT_REVIEWED,DERIVED_RECONCILIATION
INE002B01016_2017,MADALA HOLDINGS LIMITED,2017,HOLDOUT,duplicate_text_candidate,NOT_OBSERVED,t0.1_audit_detector,0,0,0,audit_detector_duplicate_text_candidate,1.0.0,NOT_REVIEWED,,raw_prop=duplicate_text_candidate_page_count,NOT_REVIEWED,DERIVED_RECONCILIATION
INE002B01016_2017,MADALA HOLDINGS LIMITED,2017,HOLDOUT,devanagari_candidate,NOT_OBSERVED,t0.1_audit_detector,0,0,0,audit_detector_devanagari_candidate,1.0.0,NOT_REVIEWED,,raw_prop=devanagari_page_count,NOT_REVIEWED,DERIVED_RECONCILIATION
INE002B01016_2017,MADALA HOLDINGS LIMITED,2017,HOLDOUT,bilingual_candidate,NOT_OBSERVED,t0.1_audit_detector,0,0,0,audit_detector_bilingual_candidate,1.0.0,NOT_REVIEWED,,raw_prop=bilingual_candidate_page_count,NOT_REVIEWED,DERIVED_RECONCILIATION
INE002B01016_2017,MADALA HOLDINGS LIMITED,2017,HOLDOUT,two_column,CANDIDATE,t0.1_audit_detector,1,2,1,audit_detector_two_column,1.0.0,NOT_REVIEWED,,raw_prop=two_column_page_count,NOT_REVIEWED,DERIVED_RECONCILIATION
INE002B01016_2017,MADALA HOLDINGS LIMITED,2017,HOLDOUT,multi_column,CANDIDATE,t0.1_audit_detector,1,41,1,audit_detector_multi_column,1.0.0,NOT_REVIEWED,,raw_prop=multi_column_page_count,NOT_REVIEWED,DERIVED_RECONCILIATION
INE002B01016_2017,MADALA HOLDINGS LIMITED,2017,HOLDOUT,table_candidate,CANDIDATE,t0.1_audit_detector,1,49,1,audit_detector_table_candidate,1.0.0,NOT_REVIEWED,,raw_prop=table_candidate_page_count,NOT_REVIEWED,DERIVED_RECONCILIATION
INE002B01016_2017,MADALA HOLDINGS LIMITED,2017,HOLDOUT,header_candidate,CANDIDATE,t0.1_audit_detector,1,112,1,audit_detector_header_candidate,1.0.0,NOT_REVIEWED,,raw_prop=header_candidate_page_count,NOT_REVIEWED,DERIVED_RECONCILIATION
INE002B01016_2017,MADALA HOLDINGS LIMITED,2017,HOLDOUT,footer_candidate,NOT_OBSERVED,t0.1_audit_detector,0,0,0,audit_detector_footer_candidate,1.0.0,NOT_REVIEWED,,raw_prop=footer_candidate_page_count,NOT_REVIEWED,DERIVED_RECONCILIATION
INE002B01016_2017,MADALA HOLDINGS LIMITED,2017,HOLDOUT,toc_candidate,CANDIDATE,t0.1_audit_detector,1,True,1,audit_detector_toc_candidate,1.0.0,NOT_REVIEWED,,raw_prop=toc_candidate,NOT_REVIEWED,DERIVED_RECONCILIATION
INE002B01016_2017,MADALA HOLDINGS LIMITED,2017,HOLDOUT,deep_hierarchy_candidate,NOT_OBSERVED,t0.1_audit_detector,0,False,0,audit_detector_deep_hierarchy_candidate,1.0.0,NOT_REVIEWED,,raw_prop=deep_hierarchy_candidate,NOT_REVIEWED,DERIVED_RECONCILIATION
INE002B01016_2017,MADALA HOLDINGS LIMITED,2017,HOLDOUT,annexure_candidate,CANDIDATE,t0.1_audit_detector,1,True,1,audit_detector_annexure_candidate,1.0.0,NOT_REVIEWED,,raw_prop=annexure_candidate,NOT_REVIEWED,DERIVED_RECONCILIATION
INE002B01016_2017,MADALA HOLDINGS LIMITED,2017,HOLDOUT,combined_mdna_candidate,NOT_OBSERVED,t0.1_audit_detector,0,False,0,audit_detector_combined_mdna_candidate,1.0.0,NOT_REVIEWED,,raw_prop=combined_mdna_candidate,NOT_REVIEWED,DERIVED_RECONCILIATION
INE002B01016_2018,MADALA HOLDINGS LIMITED,2018,HOLDOUT,native,CANDIDATE,t0.1_audit_detector,1,145,1,audit_detector_native,1.0.0,NOT_REVIEWED,,raw_prop=native_page_count,NOT_REVIEWED,DERIVED_RECONCILIATION
INE002B01016_2018,MADALA HOLDINGS LIMITED,2018,HOLDOUT,scanned,NOT_OBSERVED,t0.1_audit_detector,0,0,0,audit_detector_scanned,1.0.0,NOT_REVIEWED,,raw_prop=scanned_page_count,NOT_REVIEWED,DERIVED_RECONCILIATION
INE002B01016_2018,MADALA HOLDINGS LIMITED,2018,HOLDOUT,ocr_layer_candidate,NOT_OBSERVED,t0.1_audit_detector,0,0,0,audit_detector_ocr_layer_candidate,1.0.0,NOT_REVIEWED,,raw_prop=ocr_page_count,NOT_REVIEWED,DERIVED_RECONCILIATION
INE002B01016_2018,MADALA HOLDINGS LIMITED,2018,HOLDOUT,legacy_font_candidate,NOT_OBSERVED,t0.1_audit_detector,0,0,0,audit_detector_legacy_font_candidate,1.0.0,NOT_REVIEWED,,raw_prop=legacy_candidate_page_count,NOT_REVIEWED,DERIVED_RECONCILIATION
INE002B01016_2018,MADALA HOLDINGS LIMITED,2018,HOLDOUT,hidden_text_candidate,NOT_OBSERVED,t0.1_audit_detector,0,0,0,audit_detector_hidden_text_candidate,1.0.0,NOT_REVIEWED,,raw_prop=hidden_text_candidate_page_count,NOT_REVIEWED,DERIVED_RECONCILIATION
INE002B01016_2018,MADALA HOLDINGS LIMITED,2018,HOLDOUT,duplicate_text_candidate,NOT_OBSERVED,t0.1_audit_detector,0,0,0,audit_detector_duplicate_text_candidate,1.0.0,NOT_REVIEWED,,raw_prop=duplicate_text_candidate_page_count,NOT_REVIEWED,DERIVED_RECONCILIATION
INE002B01016_2018,MADALA HOLDINGS LIMITED,2018,HOLDOUT,devanagari_candidate,NOT_OBSERVED,t0.1_audit_detector,0,0,0,audit_detector_devanagari_candidate,1.0.0,NOT_REVIEWED,,raw_prop=devanagari_page_count,NOT_REVIEWED,DERIVED_RECONCILIATION
INE002B01016_2018,MADALA HOLDINGS LIMITED,2018,HOLDOUT,bilingual_candidate,NOT_OBSERVED,t0.1_audit_detector,0,0,0,audit_detector_bilingual_candidate,1.0.0,NOT_REVIEWED,,raw_prop=bilingual_candidate_page_count,NOT_REVIEWED,DERIVED_RECONCILIATION
INE002B01016_2018,MADALA HOLDINGS LIMITED,2018,HOLDOUT,two_column,NOT_OBSERVED,t0.1_audit_detector,0,0,0,audit_detector_two_column,1.0.0,NOT_REVIEWED,,raw_prop=two_column_page_count,NOT_REVIEWED,DERIVED_RECONCILIATION
INE002B01016_2018,MADALA HOLDINGS LIMITED,2018,HOLDOUT,multi_column,CANDIDATE,t0.1_audit_detector,1,50,1,audit_detector_multi_column,1.0.0,NOT_REVIEWED,,raw_prop=multi_column_page_count,NOT_REVIEWED,DERIVED_RECONCILIATION
INE002B01016_2018,MADALA HOLDINGS LIMITED,2018,HOLDOUT,table_candidate,CANDIDATE,t0.1_audit_detector,1,67,1,audit_detector_table_candidate,1.0.0,NOT_REVIEWED,,raw_prop=table_candidate_page_count,NOT_REVIEWED,DERIVED_RECONCILIATION
INE002B01016_2018,MADALA HOLDINGS LIMITED,2018,HOLDOUT,header_candidate,CANDIDATE,t0.1_audit_detector,1,143,1,audit_detector_header_candidate,1.0.0,NOT_REVIEWED,,raw_prop=header_candidate_page_count,NOT_REVIEWED,DERIVED_RECONCILIATION
INE002B01016_2018,MADALA HOLDINGS LIMITED,2018,HOLDOUT,footer_candidate,CANDIDATE,t0.1_audit_detector,1,2,1,audit_detector_footer_candidate,1.0.0,NOT_REVIEWED,,raw_prop=footer_candidate_page_count,NOT_REVIEWED,DERIVED_RECONCILIATION
INE002B01016_2018,MADALA HOLDINGS LIMITED,2018,HOLDOUT,toc_candidate,CANDIDATE,t0.1_audit_detector,1,True,1,audit_detector_toc_candidate,1.0.0,NOT_REVIEWED,,raw_prop=toc_candidate,NOT_REVIEWED,DERIVED_RECONCILIATION
INE002B01016_2018,MADALA HOLDINGS LIMITED,2018,HOLDOUT,deep_hierarchy_candidate,NOT_OBSERVED,t0.1_audit_detector,0,False,0,audit_detector_deep_hierarchy_candidate,1.0.0,NOT_REVIEWED,,raw_prop=deep_hierarchy_candidate,NOT_REVIEWED,DERIVED_RECONCILIATION
INE002B01016_2018,MADALA HOLDINGS LIMITED,2018,HOLDOUT,annexure_candidate,CANDIDATE,t0.1_audit_detector,1,True,1,audit_detector_annexure_candidate,1.0.0,NOT_REVIEWED,,raw_prop=annexure_candidate,NOT_REVIEWED,DERIVED_RECONCILIATION
INE002B01016_2018,MADALA HOLDINGS LIMITED,2018,HOLDOUT,combined_mdna_candidate,NOT_OBSERVED,t0.1_audit_detector,0,False,0,audit_detector_combined_mdna_candidate,1.0.0,NOT_REVIEWED,,raw_prop=combined_mdna_candidate,NOT_REVIEWED,DERIVED_RECONCILIATION
INE002B01016_2024,MADALA HOLDINGS LIMITED,2024,HOLDOUT,native,CANDIDATE,t0.1_audit_detector,1,167,1,audit_detector_native,1.0.0,NOT_REVIEWED,,raw_prop=native_page_count,NOT_REVIEWED,DERIVED_RECONCILIATION
INE002B01016_2024,MADALA HOLDINGS LIMITED,2024,HOLDOUT,scanned,NOT_OBSERVED,t0.1_audit_detector,0,0,0,audit_detector_scanned,1.0.0,NOT_REVIEWED,,raw_prop=scanned_page_count,NOT_REVIEWED,DERIVED_RECONCILIATION
INE002B01016_2024,MADALA HOLDINGS LIMITED,2024,HOLDOUT,ocr_layer_candidate,NOT_OBSERVED,t0.1_audit_detector,0,0,0,audit_detector_ocr_layer_candidate,1.0.0,NOT_REVIEWED,,raw_prop=ocr_page_count,NOT_REVIEWED,DERIVED_RECONCILIATION
INE002B01016_2024,MADALA HOLDINGS LIMITED,2024,HOLDOUT,legacy_font_candidate,NOT_OBSERVED,t0.1_audit_detector,0,0,0,audit_detector_legacy_font_candidate,1.0.0,NOT_REVIEWED,,raw_prop=legacy_candidate_page_count,NOT_REVIEWED,DERIVED_RECONCILIATION
INE002B01016_2024,MADALA HOLDINGS LIMITED,2024,HOLDOUT,hidden_text_candidate,NOT_OBSERVED,t0.1_audit_detector,0,0,0,audit_detector_hidden_text_candidate,1.0.0,NOT_REVIEWED,,raw_prop=hidden_text_candidate_page_count,NOT_REVIEWED,DERIVED_RECONCILIATION
INE002B01016_2024,MADALA HOLDINGS LIMITED,2024,HOLDOUT,duplicate_text_candidate,NOT_OBSERVED,t0.1_audit_detector,0,0,0,audit_detector_duplicate_text_candidate,1.0.0,NOT_REVIEWED,,raw_prop=duplicate_text_candidate_page_count,NOT_REVIEWED,DERIVED_RECONCILIATION
INE002B01016_2024,MADALA HOLDINGS LIMITED,2024,HOLDOUT,devanagari_candidate,NOT_OBSERVED,t0.1_audit_detector,0,0,0,audit_detector_devanagari_candidate,1.0.0,NOT_REVIEWED,,raw_prop=devanagari_page_count,NOT_REVIEWED,DERIVED_RECONCILIATION
INE002B01016_2024,MADALA HOLDINGS LIMITED,2024,HOLDOUT,bilingual_candidate,NOT_OBSERVED,t0.1_audit_detector,0,0,0,audit_detector_bilingual_candidate,1.0.0,NOT_REVIEWED,,raw_prop=bilingual_candidate_page_count,NOT_REVIEWED,DERIVED_RECONCILIATION
INE002B01016_2024,MADALA HOLDINGS LIMITED,2024,HOLDOUT,two_column,CANDIDATE,t0.1_audit_detector,1,1,1,audit_detector_two_column,1.0.0,NOT_REVIEWED,,raw_prop=two_column_page_count,NOT_REVIEWED,DERIVED_RECONCILIATION
INE002B01016_2024,MADALA HOLDINGS LIMITED,2024,HOLDOUT,multi_column,CANDIDATE,t0.1_audit_detector,1,62,1,audit_detector_multi_column,1.0.0,NOT_REVIEWED,,raw_prop=multi_column_page_count,NOT_REVIEWED,DERIVED_RECONCILIATION
INE002B01016_2024,MADALA HOLDINGS LIMITED,2024,HOLDOUT,table_candidate,CANDIDATE,t0.1_audit_detector,1,50,1,audit_detector_table_candidate,1.0.0,NOT_REVIEWED,,raw_prop=table_candidate_page_count,NOT_REVIEWED,DERIVED_RECONCILIATION
INE002B01016_2024,MADALA HOLDINGS LIMITED,2024,HOLDOUT,header_candidate,CANDIDATE,t0.1_audit_detector,1,165,1,audit_detector_header_candidate,1.0.0,NOT_REVIEWED,,raw_prop=header_candidate_page_count,NOT_REVIEWED,DERIVED_RECONCILIATION
INE002B01016_2024,MADALA HOLDINGS LIMITED,2024,HOLDOUT,footer_candidate,NOT_OBSERVED,t0.1_audit_detector,0,0,0,audit_detector_footer_candidate,1.0.0,NOT_REVIEWED,,raw_prop=footer_candidate_page_count,NOT_REVIEWED,DERIVED_RECONCILIATION
INE002B01016_2024,MADALA HOLDINGS LIMITED,2024,HOLDOUT,toc_candidate,CANDIDATE,t0.1_audit_detector,1,True,1,audit_detector_toc_candidate,1.0.0,NOT_REVIEWED,,raw_prop=toc_candidate,NOT_REVIEWED,DERIVED_RECONCILIATION
INE002B01016_2024,MADALA HOLDINGS LIMITED,2024,HOLDOUT,deep_hierarchy_candidate,NOT_OBSERVED,t0.1_audit_detector,0,False,0,audit_detector_deep_hierarchy_candidate,1.0.0,NOT_REVIEWED,,raw_prop=deep_hierarchy_candidate,NOT_REVIEWED,DERIVED_RECONCILIATION
INE002B01016_2024,MADALA HOLDINGS LIMITED,2024,HOLDOUT,annexure_candidate,CANDIDATE,t0.1_audit_detector,1,True,1,audit_detector_annexure_candidate,1.0.0,NOT_REVIEWED,,raw_prop=annexure_candidate,NOT_REVIEWED,DERIVED_RECONCILIATION
INE002B01016_2024,MADALA HOLDINGS LIMITED,2024,HOLDOUT,combined_mdna_candidate,CANDIDATE,t0.1_audit_detector,1,True,1,audit_detector_combined_mdna_candidate,1.0.0,NOT_REVIEWED,,raw_prop=combined_mdna_candidate,NOT_REVIEWED,DERIVED_RECONCILIATION
INE002B01016_2025,MADALA HOLDINGS LIMITED,2025,HOLDOUT,native,CANDIDATE,t0.1_audit_detector,1,117,1,audit_detector_native,1.0.0,NOT_REVIEWED,,raw_prop=native_page_count,NOT_REVIEWED,DERIVED_RECONCILIATION
INE002B01016_2025,MADALA HOLDINGS LIMITED,2025,HOLDOUT,scanned,NOT_OBSERVED,t0.1_audit_detector,0,0,0,audit_detector_scanned,1.0.0,NOT_REVIEWED,,raw_prop=scanned_page_count,NOT_REVIEWED,DERIVED_RECONCILIATION
INE002B01016_2025,MADALA HOLDINGS LIMITED,2025,HOLDOUT,ocr_layer_candidate,CANDIDATE,t0.1_audit_detector,1,1,1,audit_detector_ocr_layer_candidate,1.0.0,NOT_REVIEWED,,raw_prop=ocr_page_count,NOT_REVIEWED,DERIVED_RECONCILIATION
INE002B01016_2025,MADALA HOLDINGS LIMITED,2025,HOLDOUT,legacy_font_candidate,NOT_OBSERVED,t0.1_audit_detector,0,0,0,audit_detector_legacy_font_candidate,1.0.0,NOT_REVIEWED,,raw_prop=legacy_candidate_page_count,NOT_REVIEWED,DERIVED_RECONCILIATION
INE002B01016_2025,MADALA HOLDINGS LIMITED,2025,HOLDOUT,hidden_text_candidate,NOT_OBSERVED,t0.1_audit_detector,0,0,0,audit_detector_hidden_text_candidate,1.0.0,NOT_REVIEWED,,raw_prop=hidden_text_candidate_page_count,NOT_REVIEWED,DERIVED_RECONCILIATION
INE002B01016_2025,MADALA HOLDINGS LIMITED,2025,HOLDOUT,duplicate_text_candidate,NOT_OBSERVED,t0.1_audit_detector,0,0,0,audit_detector_duplicate_text_candidate,1.0.0,NOT_REVIEWED,,raw_prop=duplicate_text_candidate_page_count,NOT_REVIEWED,DERIVED_RECONCILIATION
INE002B01016_2025,MADALA HOLDINGS LIMITED,2025,HOLDOUT,devanagari_candidate,NOT_OBSERVED,t0.1_audit_detector,0,0,0,audit_detector_devanagari_candidate,1.0.0,NOT_REVIEWED,,raw_prop=devanagari_page_count,NOT_REVIEWED,DERIVED_RECONCILIATION
INE002B01016_2025,MADALA HOLDINGS LIMITED,2025,HOLDOUT,bilingual_candidate,NOT_OBSERVED,t0.1_audit_detector,0,0,0,audit_detector_bilingual_candidate,1.0.0,NOT_REVIEWED,,raw_prop=bilingual_candidate_page_count,NOT_REVIEWED,DERIVED_RECONCILIATION
INE002B01016_2025,MADALA HOLDINGS LIMITED,2025,HOLDOUT,two_column,CANDIDATE,t0.1_audit_detector,1,3,1,audit_detector_two_column,1.0.0,NOT_REVIEWED,,raw_prop=two_column_page_count,NOT_REVIEWED,DERIVED_RECONCILIATION
INE002B01016_2025,MADALA HOLDINGS LIMITED,2025,HOLDOUT,multi_column,CANDIDATE,t0.1_audit_detector,1,50,1,audit_detector_multi_column,1.0.0,NOT_REVIEWED,,raw_prop=multi_column_page_count,NOT_REVIEWED,DERIVED_RECONCILIATION
INE002B01016_2025,MADALA HOLDINGS LIMITED,2025,HOLDOUT,table_candidate,CANDIDATE,t0.1_audit_detector,1,31,1,audit_detector_table_candidate,1.0.0,NOT_REVIEWED,,raw_prop=table_candidate_page_count,NOT_REVIEWED,DERIVED_RECONCILIATION
INE002B01016_2025,MADALA HOLDINGS LIMITED,2025,HOLDOUT,header_candidate,CANDIDATE,t0.1_audit_detector,1,116,1,audit_detector_header_candidate,1.0.0,NOT_REVIEWED,,raw_prop=header_candidate_page_count,NOT_REVIEWED,DERIVED_RECONCILIATION
INE002B01016_2025,MADALA HOLDINGS LIMITED,2025,HOLDOUT,footer_candidate,CANDIDATE,t0.1_audit_detector,1,3,1,audit_detector_footer_candidate,1.0.0,NOT_REVIEWED,,raw_prop=footer_candidate_page_count,NOT_REVIEWED,DERIVED_RECONCILIATION
INE002B01016_2025,MADALA HOLDINGS LIMITED,2025,HOLDOUT,toc_candidate,CANDIDATE,t0.1_audit_detector,1,True,1,audit_detector_toc_candidate,1.0.0,NOT_REVIEWED,,raw_prop=toc_candidate,NOT_REVIEWED,DERIVED_RECONCILIATION
INE002B01016_2025,MADALA HOLDINGS LIMITED,2025,HOLDOUT,deep_hierarchy_candidate,NOT_OBSERVED,t0.1_audit_detector,0,False,0,audit_detector_deep_hierarchy_candidate,1.0.0,NOT_REVIEWED,,raw_prop=deep_hierarchy_candidate,NOT_REVIEWED,DERIVED_RECONCILIATION
INE002B01016_2025,MADALA HOLDINGS LIMITED,2025,HOLDOUT,annexure_candidate,CANDIDATE,t0.1_audit_detector,1,True,1,audit_detector_annexure_candidate,1.0.0,NOT_REVIEWED,,raw_prop=annexure_candidate,NOT_REVIEWED,DERIVED_RECONCILIATION
INE002B01016_2025,MADALA HOLDINGS LIMITED,2025,HOLDOUT,combined_mdna_candidate,CANDIDATE,t0.1_audit_detector,1,True,1,audit_detector_combined_mdna_candidate,1.0.0,NOT_REVIEWED,,raw_prop=combined_mdna_candidate,NOT_REVIEWED,DERIVED_RECONCILIATION
INE002E01010_2012,Sar  Auto Products Limited,2012,HOLDOUT,native,CANDIDATE,t0.1_audit_detector,1,40,1,audit_detector_native,1.0.0,NOT_REVIEWED,,raw_prop=native_page_count,NOT_REVIEWED,DERIVED_RECONCILIATION
INE002E01010_2012,Sar  Auto Products Limited,2012,HOLDOUT,scanned,NOT_OBSERVED,t0.1_audit_detector,0,0,0,audit_detector_scanned,1.0.0,NOT_REVIEWED,,raw_prop=scanned_page_count,NOT_REVIEWED,DERIVED_RECONCILIATION
INE002E01010_2012,Sar  Auto Products Limited,2012,HOLDOUT,ocr_layer_candidate,NOT_OBSERVED,t0.1_audit_detector,0,0,0,audit_detector_ocr_layer_candidate,1.0.0,NOT_REVIEWED,,raw_prop=ocr_page_count,NOT_REVIEWED,DERIVED_RECONCILIATION
INE002E01010_2012,Sar  Auto Products Limited,2012,HOLDOUT,legacy_font_candidate,NOT_OBSERVED,t0.1_audit_detector,0,0,0,audit_detector_legacy_font_candidate,1.0.0,NOT_REVIEWED,,raw_prop=legacy_candidate_page_count,NOT_REVIEWED,DERIVED_RECONCILIATION
INE002E01010_2012,Sar  Auto Products Limited,2012,HOLDOUT,hidden_text_candidate,NOT_OBSERVED,t0.1_audit_detector,0,0,0,audit_detector_hidden_text_candidate,1.0.0,NOT_REVIEWED,,raw_prop=hidden_text_candidate_page_count,NOT_REVIEWED,DERIVED_RECONCILIATION
INE002E01010_2012,Sar  Auto Products Limited,2012,HOLDOUT,duplicate_text_candidate,NOT_OBSERVED,t0.1_audit_detector,0,0,0,audit_detector_duplicate_text_candidate,1.0.0,NOT_REVIEWED,,raw_prop=duplicate_text_candidate_page_count,NOT_REVIEWED,DERIVED_RECONCILIATION
INE002E01010_2012,Sar  Auto Products Limited,2012,HOLDOUT,devanagari_candidate,NOT_OBSERVED,t0.1_audit_detector,0,0,0,audit_detector_devanagari_candidate,1.0.0,NOT_REVIEWED,,raw_prop=devanagari_page_count,NOT_REVIEWED,DERIVED_RECONCILIATION
INE002E01010_2012,Sar  Auto Products Limited,2012,HOLDOUT,bilingual_candidate,NOT_OBSERVED,t0.1_audit_detector,0,0,0,audit_detector_bilingual_candidate,1.0.0,NOT_REVIEWED,,raw_prop=bilingual_candidate_page_count,NOT_REVIEWED,DERIVED_RECONCILIATION
INE002E01010_2012,Sar  Auto Products Limited,2012,HOLDOUT,two_column,CANDIDATE,t0.1_audit_detector,1,9,1,audit_detector_two_column,1.0.0,NOT_REVIEWED,,raw_prop=two_column_page_count,NOT_REVIEWED,DERIVED_RECONCILIATION
INE002E01010_2012,Sar  Auto Products Limited,2012,HOLDOUT,multi_column,CANDIDATE,t0.1_audit_detector,1,8,1,audit_detector_multi_column,1.0.0,NOT_REVIEWED,,raw_prop=multi_column_page_count,NOT_REVIEWED,DERIVED_RECONCILIATION
INE002E01010_2012,Sar  Auto Products Limited,2012,HOLDOUT,table_candidate,CANDIDATE,t0.1_audit_detector,1,26,1,audit_detector_table_candidate,1.0.0,NOT_REVIEWED,,raw_prop=table_candidate_page_count,NOT_REVIEWED,DERIVED_RECONCILIATION
INE002E01010_2012,Sar  Auto Products Limited,2012,HOLDOUT,header_candidate,CANDIDATE,t0.1_audit_detector,1,13,1,audit_detector_header_candidate,1.0.0,NOT_REVIEWED,,raw_prop=header_candidate_page_count,NOT_REVIEWED,DERIVED_RECONCILIATION
INE002E01010_2012,Sar  Auto Products Limited,2012,HOLDOUT,footer_candidate,NOT_OBSERVED,t0.1_audit_detector,0,0,0,audit_detector_footer_candidate,1.0.0,NOT_REVIEWED,,raw_prop=footer_candidate_page_count,NOT_REVIEWED,DERIVED_RECONCILIATION
INE002E01010_2012,Sar  Auto Products Limited,2012,HOLDOUT,toc_candidate,NOT_OBSERVED,t0.1_audit_detector,0,False,0,audit_detector_toc_candidate,1.0.0,NOT_REVIEWED,,raw_prop=toc_candidate,NOT_REVIEWED,DERIVED_RECONCILIATION
INE002E01010_2012,Sar  Auto Products Limited,2012,HOLDOUT,deep_hierarchy_candidate,NOT_OBSERVED,t0.1_audit_detector,0,False,0,audit_detector_deep_hierarchy_candidate,1.0.0,NOT_REVIEWED,,raw_prop=deep_hierarchy_candidate,NOT_REVIEWED,DERIVED_RECONCILIATION
INE002E01010_2012,Sar  Auto Products Limited,2012,HOLDOUT,annexure_candidate,CANDIDATE,t0.1_audit_detector,1,True,1,audit_detector_annexure_candidate,1.0.0,NOT_REVIEWED,,raw_prop=annexure_candidate,NOT_REVIEWED,DERIVED_RECONCILIATION
INE002E01010_2012,Sar  Auto Products Limited,2012,HOLDOUT,combined_mdna_candidate,NOT_OBSERVED,t0.1_audit_detector,0,False,0,audit_detector_combined_mdna_candidate,1.0.0,NOT_REVIEWED,,raw_prop=combined_mdna_candidate,NOT_REVIEWED,DERIVED_RECONCILIATION
INE002E01010_2013,Sar  Auto Products Limited,2013,HOLDOUT,native,CANDIDATE,t0.1_audit_detector,1,17,1,audit_detector_native,1.0.0,NOT_REVIEWED,,raw_prop=native_page_count,NOT_REVIEWED,DERIVED_RECONCILIATION
INE002E01010_2013,Sar  Auto Products Limited,2013,HOLDOUT,scanned,CANDIDATE,t0.1_audit_detector,1,18,1,audit_detector_scanned,1.0.0,NOT_REVIEWED,,raw_prop=scanned_page_count,NOT_REVIEWED,DERIVED_RECONCILIATION
INE002E01010_2013,Sar  Auto Products Limited,2013,HOLDOUT,ocr_layer_candidate,NOT_OBSERVED,t0.1_audit_detector,0,0,0,audit_detector_ocr_layer_candidate,1.0.0,NOT_REVIEWED,,raw_prop=ocr_page_count,NOT_REVIEWED,DERIVED_RECONCILIATION
INE002E01010_2013,Sar  Auto Products Limited,2013,HOLDOUT,legacy_font_candidate,NOT_OBSERVED,t0.1_audit_detector,0,0,0,audit_detector_legacy_font_candidate,1.0.0,NOT_REVIEWED,,raw_prop=legacy_candidate_page_count,NOT_REVIEWED,DERIVED_RECONCILIATION
INE002E01010_2013,Sar  Auto Products Limited,2013,HOLDOUT,hidden_text_candidate,NOT_OBSERVED,t0.1_audit_detector,0,0,0,audit_detector_hidden_text_candidate,1.0.0,NOT_REVIEWED,,raw_prop=hidden_text_candidate_page_count,NOT_REVIEWED,DERIVED_RECONCILIATION
INE002E01010_2013,Sar  Auto Products Limited,2013,HOLDOUT,duplicate_text_candidate,NOT_OBSERVED,t0.1_audit_detector,0,0,0,audit_detector_duplicate_text_candidate,1.0.0,NOT_REVIEWED,,raw_prop=duplicate_text_candidate_page_count,NOT_REVIEWED,DERIVED_RECONCILIATION
INE002E01010_2013,Sar  Auto Products Limited,2013,HOLDOUT,devanagari_candidate,NOT_OBSERVED,t0.1_audit_detector,0,0,0,audit_detector_devanagari_candidate,1.0.0,NOT_REVIEWED,,raw_prop=devanagari_page_count,NOT_REVIEWED,DERIVED_RECONCILIATION
INE002E01010_2013,Sar  Auto Products Limited,2013,HOLDOUT,bilingual_candidate,NOT_OBSERVED,t0.1_audit_detector,0,0,0,audit_detector_bilingual_candidate,1.0.0,NOT_REVIEWED,,raw_prop=bilingual_candidate_page_count,NOT_REVIEWED,DERIVED_RECONCILIATION
INE002E01010_2013,Sar  Auto Products Limited,2013,HOLDOUT,two_column,NOT_OBSERVED,t0.1_audit_detector,0,0,0,audit_detector_two_column,1.0.0,NOT_REVIEWED,,raw_prop=two_column_page_count,NOT_REVIEWED,DERIVED_RECONCILIATION
INE002E01010_2013,Sar  Auto Products Limited,2013,HOLDOUT,multi_column,CANDIDATE,t0.1_audit_detector,1,2,1,audit_detector_multi_column,1.0.0,NOT_REVIEWED,,raw_prop=multi_column_page_count,NOT_REVIEWED,DERIVED_RECONCILIATION
INE002E01010_2013,Sar  Auto Products Limited,2013,HOLDOUT,table_candidate,CANDIDATE,t0.1_audit_detector,1,12,1,audit_detector_table_candidate,1.0.0,NOT_REVIEWED,,raw_prop=table_candidate_page_count,NOT_REVIEWED,DERIVED_RECONCILIATION
INE002E01010_2013,Sar  Auto Products Limited,2013,HOLDOUT,header_candidate,CANDIDATE,t0.1_audit_detector,1,4,1,audit_detector_header_candidate,1.0.0,NOT_REVIEWED,,raw_prop=header_candidate_page_count,NOT_REVIEWED,DERIVED_RECONCILIATION
INE002E01010_2013,Sar  Auto Products Limited,2013,HOLDOUT,footer_candidate,CANDIDATE,t0.1_audit_detector,1,4,1,audit_detector_footer_candidate,1.0.0,NOT_REVIEWED,,raw_prop=footer_candidate_page_count,NOT_REVIEWED,DERIVED_RECONCILIATION
INE002E01010_2013,Sar  Auto Products Limited,2013,HOLDOUT,toc_candidate,NOT_OBSERVED,t0.1_audit_detector,0,False,0,audit_detector_toc_candidate,1.0.0,NOT_REVIEWED,,raw_prop=toc_candidate,NOT_REVIEWED,DERIVED_RECONCILIATION
INE002E01010_2013,Sar  Auto Products Limited,2013,HOLDOUT,deep_hierarchy_candidate,NOT_OBSERVED,t0.1_audit_detector,0,False,0,audit_detector_deep_hierarchy_candidate,1.0.0,NOT_REVIEWED,,raw_prop=deep_hierarchy_candidate,NOT_REVIEWED,DERIVED_RECONCILIATION
INE002E01010_2013,Sar  Auto Products Limited,2013,HOLDOUT,annexure_candidate,CANDIDATE,t0.1_audit_detector,1,True,1,audit_detector_annexure_candidate,1.0.0,NOT_REVIEWED,,raw_prop=annexure_candidate,NOT_REVIEWED,DERIVED_RECONCILIATION
INE002E01010_2013,Sar  Auto Products Limited,2013,HOLDOUT,combined_mdna_candidate,NOT_OBSERVED,t0.1_audit_detector,0,False,0,audit_detector_combined_mdna_candidate,1.0.0,NOT_REVIEWED,,raw_prop=combined_mdna_candidate,NOT_REVIEWED,DERIVED_RECONCILIATION
INE002E01010_2017,Sar  Auto Products Limited,2017,HOLDOUT,native,CANDIDATE,t0.1_audit_detector,1,80,1,audit_detector_native,1.0.0,NOT_REVIEWED,,raw_prop=native_page_count,NOT_REVIEWED,DERIVED_RECONCILIATION
INE002E01010_2017,Sar  Auto Products Limited,2017,HOLDOUT,scanned,NOT_OBSERVED,t0.1_audit_detector,0,0,0,audit_detector_scanned,1.0.0,NOT_REVIEWED,,raw_prop=scanned_page_count,NOT_REVIEWED,DERIVED_RECONCILIATION
INE002E01010_2017,Sar  Auto Products Limited,2017,HOLDOUT,ocr_layer_candidate,NOT_OBSERVED,t0.1_audit_detector,0,0,0,audit_detector_ocr_layer_candidate,1.0.0,NOT_REVIEWED,,raw_prop=ocr_page_count,NOT_REVIEWED,DERIVED_RECONCILIATION
INE002E01010_2017,Sar  Auto Products Limited,2017,HOLDOUT,legacy_font_candidate,NOT_OBSERVED,t0.1_audit_detector,0,0,0,audit_detector_legacy_font_candidate,1.0.0,NOT_REVIEWED,,raw_prop=legacy_candidate_page_count,NOT_REVIEWED,DERIVED_RECONCILIATION
INE002E01010_2017,Sar  Auto Products Limited,2017,HOLDOUT,hidden_text_candidate,NOT_OBSERVED,t0.1_audit_detector,0,0,0,audit_detector_hidden_text_candidate,1.0.0,NOT_REVIEWED,,raw_prop=hidden_text_candidate_page_count,NOT_REVIEWED,DERIVED_RECONCILIATION
INE002E01010_2017,Sar  Auto Products Limited,2017,HOLDOUT,duplicate_text_candidate,NOT_OBSERVED,t0.1_audit_detector,0,0,0,audit_detector_duplicate_text_candidate,1.0.0,NOT_REVIEWED,,raw_prop=duplicate_text_candidate_page_count,NOT_REVIEWED,DERIVED_RECONCILIATION
INE002E01010_2017,Sar  Auto Products Limited,2017,HOLDOUT,devanagari_candidate,NOT_OBSERVED,t0.1_audit_detector,0,0,0,audit_detector_devanagari_candidate,1.0.0,NOT_REVIEWED,,raw_prop=devanagari_page_count,NOT_REVIEWED,DERIVED_RECONCILIATION
INE002E01010_2017,Sar  Auto Products Limited,2017,HOLDOUT,bilingual_candidate,NOT_OBSERVED,t0.1_audit_detector,0,0,0,audit_detector_bilingual_candidate,1.0.0,NOT_REVIEWED,,raw_prop=bilingual_candidate_page_count,NOT_REVIEWED,DERIVED_RECONCILIATION
INE002E01010_2017,Sar  Auto Products Limited,2017,HOLDOUT,two_column,CANDIDATE,t0.1_audit_detector,1,12,1,audit_detector_two_column,1.0.0,NOT_REVIEWED,,raw_prop=two_column_page_count,NOT_REVIEWED,DERIVED_RECONCILIATION
INE002E01010_2017,Sar  Auto Products Limited,2017,HOLDOUT,multi_column,CANDIDATE,t0.1_audit_detector,1,25,1,audit_detector_multi_column,1.0.0,NOT_REVIEWED,,raw_prop=multi_column_page_count,NOT_REVIEWED,DERIVED_RECONCILIATION
INE002E01010_2017,Sar  Auto Products Limited,2017,HOLDOUT,table_candidate,CANDIDATE,t0.1_audit_detector,1,50,1,audit_detector_table_candidate,1.0.0,NOT_REVIEWED,,raw_prop=table_candidate_page_count,NOT_REVIEWED,DERIVED_RECONCILIATION
INE002E01010_2017,Sar  Auto Products Limited,2017,HOLDOUT,header_candidate,CANDIDATE,t0.1_audit_detector,1,10,1,audit_detector_header_candidate,1.0.0,NOT_REVIEWED,,raw_prop=header_candidate_page_count,NOT_REVIEWED,DERIVED_RECONCILIATION
INE002E01010_2017,Sar  Auto Products Limited,2017,HOLDOUT,footer_candidate,NOT_OBSERVED,t0.1_audit_detector,0,0,0,audit_detector_footer_candidate,1.0.0,NOT_REVIEWED,,raw_prop=footer_candidate_page_count,NOT_REVIEWED,DERIVED_RECONCILIATION
INE002E01010_2017,Sar  Auto Products Limited,2017,HOLDOUT,toc_candidate,CANDIDATE,t0.1_audit_detector,1,True,1,audit_detector_toc_candidate,1.0.0,NOT_REVIEWED,,raw_prop=toc_candidate,NOT_REVIEWED,DERIVED_RECONCILIATION
INE002E01010_2017,Sar  Auto Products Limited,2017,HOLDOUT,deep_hierarchy_candidate,NOT_OBSERVED,t0.1_audit_detector,0,False,0,audit_detector_deep_hierarchy_candidate,1.0.0,NOT_REVIEWED,,raw_prop=deep_hierarchy_candidate,NOT_REVIEWED,DERIVED_RECONCILIATION
INE002E01010_2017,Sar  Auto Products Limited,2017,HOLDOUT,annexure_candidate,CANDIDATE,t0.1_audit_detector,1,True,1,audit_detector_annexure_candidate,1.0.0,NOT_REVIEWED,,raw_prop=annexure_candidate,NOT_REVIEWED,DERIVED_RECONCILIATION
INE002E01010_2017,Sar  Auto Products Limited,2017,HOLDOUT,combined_mdna_candidate,NOT_OBSERVED,t0.1_audit_detector,0,False,0,audit_detector_combined_mdna_candidate,1.0.0,NOT_REVIEWED,,raw_prop=combined_mdna_candidate,NOT_REVIEWED,DERIVED_RECONCILIATION
INE002E01010_2018,Sar  Auto Products Limited,2018,HOLDOUT,native,CANDIDATE,t0.1_audit_detector,1,95,1,audit_detector_native,1.0.0,NOT_REVIEWED,,raw_prop=native_page_count,NOT_REVIEWED,DERIVED_RECONCILIATION
INE002E01010_2018,Sar  Auto Products Limited,2018,HOLDOUT,scanned,NOT_OBSERVED,t0.1_audit_detector,0,0,0,audit_detector_scanned,1.0.0,NOT_REVIEWED,,raw_prop=scanned_page_count,NOT_REVIEWED,DERIVED_RECONCILIATION
INE002E01010_2018,Sar  Auto Products Limited,2018,HOLDOUT,ocr_layer_candidate,CANDIDATE,t0.1_audit_detector,1,1,1,audit_detector_ocr_layer_candidate,1.0.0,NOT_REVIEWED,,raw_prop=ocr_page_count,NOT_REVIEWED,DERIVED_RECONCILIATION
INE002E01010_2018,Sar  Auto Products Limited,2018,HOLDOUT,legacy_font_candidate,NOT_OBSERVED,t0.1_audit_detector,0,0,0,audit_detector_legacy_font_candidate,1.0.0,NOT_REVIEWED,,raw_prop=legacy_candidate_page_count,NOT_REVIEWED,DERIVED_RECONCILIATION
INE002E01010_2018,Sar  Auto Products Limited,2018,HOLDOUT,hidden_text_candidate,NOT_OBSERVED,t0.1_audit_detector,0,0,0,audit_detector_hidden_text_candidate,1.0.0,NOT_REVIEWED,,raw_prop=hidden_text_candidate_page_count,NOT_REVIEWED,DERIVED_RECONCILIATION
INE002E01010_2018,Sar  Auto Products Limited,2018,HOLDOUT,duplicate_text_candidate,NOT_OBSERVED,t0.1_audit_detector,0,0,0,audit_detector_duplicate_text_candidate,1.0.0,NOT_REVIEWED,,raw_prop=duplicate_text_candidate_page_count,NOT_REVIEWED,DERIVED_RECONCILIATION
INE002E01010_2018,Sar  Auto Products Limited,2018,HOLDOUT,devanagari_candidate,NOT_OBSERVED,t0.1_audit_detector,0,0,0,audit_detector_devanagari_candidate,1.0.0,NOT_REVIEWED,,raw_prop=devanagari_page_count,NOT_REVIEWED,DERIVED_RECONCILIATION
INE002E01010_2018,Sar  Auto Products Limited,2018,HOLDOUT,bilingual_candidate,NOT_OBSERVED,t0.1_audit_detector,0,0,0,audit_detector_bilingual_candidate,1.0.0,NOT_REVIEWED,,raw_prop=bilingual_candidate_page_count,NOT_REVIEWED,DERIVED_RECONCILIATION
INE002E01010_2018,Sar  Auto Products Limited,2018,HOLDOUT,two_column,CANDIDATE,t0.1_audit_detector,1,2,1,audit_detector_two_column,1.0.0,NOT_REVIEWED,,raw_prop=two_column_page_count,NOT_REVIEWED,DERIVED_RECONCILIATION
INE002E01010_2018,Sar  Auto Products Limited,2018,HOLDOUT,multi_column,CANDIDATE,t0.1_audit_detector,1,44,1,audit_detector_multi_column,1.0.0,NOT_REVIEWED,,raw_prop=multi_column_page_count,NOT_REVIEWED,DERIVED_RECONCILIATION
INE002E01010_2018,Sar  Auto Products Limited,2018,HOLDOUT,table_candidate,CANDIDATE,t0.1_audit_detector,1,62,1,audit_detector_table_candidate,1.0.0,NOT_REVIEWED,,raw_prop=table_candidate_page_count,NOT_REVIEWED,DERIVED_RECONCILIATION
INE002E01010_2018,Sar  Auto Products Limited,2018,HOLDOUT,header_candidate,CANDIDATE,t0.1_audit_detector,1,11,1,audit_detector_header_candidate,1.0.0,NOT_REVIEWED,,raw_prop=header_candidate_page_count,NOT_REVIEWED,DERIVED_RECONCILIATION
INE002E01010_2018,Sar  Auto Products Limited,2018,HOLDOUT,footer_candidate,NOT_OBSERVED,t0.1_audit_detector,0,0,0,audit_detector_footer_candidate,1.0.0,NOT_REVIEWED,,raw_prop=footer_candidate_page_count,NOT_REVIEWED,DERIVED_RECONCILIATION
INE002E01010_2018,Sar  Auto Products Limited,2018,HOLDOUT,toc_candidate,CANDIDATE,t0.1_audit_detector,1,True,1,audit_detector_toc_candidate,1.0.0,NOT_REVIEWED,,raw_prop=toc_candidate,NOT_REVIEWED,DERIVED_RECONCILIATION
INE002E01010_2018,Sar  Auto Products Limited,2018,HOLDOUT,deep_hierarchy_candidate,NOT_OBSERVED,t0.1_audit_detector,0,False,0,audit_detector_deep_hierarchy_candidate,1.0.0,NOT_REVIEWED,,raw_prop=deep_hierarchy_candidate,NOT_REVIEWED,DERIVED_RECONCILIATION
INE002E01010_2018,Sar  Auto Products Limited,2018,HOLDOUT,annexure_candidate,CANDIDATE,t0.1_audit_detector,1,True,1,audit_detector_annexure_candidate,1.0.0,NOT_REVIEWED,,raw_prop=annexure_candidate,NOT_REVIEWED,DERIVED_RECONCILIATION
INE002E01010_2018,Sar  Auto Products Limited,2018,HOLDOUT,combined_mdna_candidate,NOT_OBSERVED,t0.1_audit_detector,0,False,0,audit_detector_combined_mdna_candidate,1.0.0,NOT_REVIEWED,,raw_prop=combined_mdna_candidate,NOT_REVIEWED,DERIVED_RECONCILIATION
INE002E01010_2024,Sar  Auto Products Limited,2024,HOLDOUT,native,CANDIDATE,t0.1_audit_detector,1,112,1,audit_detector_native,1.0.0,NOT_REVIEWED,,raw_prop=native_page_count,NOT_REVIEWED,DERIVED_RECONCILIATION
INE002E01010_2024,Sar  Auto Products Limited,2024,HOLDOUT,scanned,NOT_OBSERVED,t0.1_audit_detector,0,0,0,audit_detector_scanned,1.0.0,NOT_REVIEWED,,raw_prop=scanned_page_count,NOT_REVIEWED,DERIVED_RECONCILIATION
INE002E01010_2024,Sar  Auto Products Limited,2024,HOLDOUT,ocr_layer_candidate,NOT_OBSERVED,t0.1_audit_detector,0,0,0,audit_detector_ocr_layer_candidate,1.0.0,NOT_REVIEWED,,raw_prop=ocr_page_count,NOT_REVIEWED,DERIVED_RECONCILIATION
INE002E01010_2024,Sar  Auto Products Limited,2024,HOLDOUT,legacy_font_candidate,CANDIDATE,t0.1_audit_detector,1,3,1,audit_detector_legacy_font_candidate,1.0.0,NOT_REVIEWED,,raw_prop=legacy_candidate_page_count,NOT_REVIEWED,DERIVED_RECONCILIATION
INE002E01010_2024,Sar  Auto Products Limited,2024,HOLDOUT,hidden_text_candidate,NOT_OBSERVED,t0.1_audit_detector,0,0,0,audit_detector_hidden_text_candidate,1.0.0,NOT_REVIEWED,,raw_prop=hidden_text_candidate_page_count,NOT_REVIEWED,DERIVED_RECONCILIATION
INE002E01010_2024,Sar  Auto Products Limited,2024,HOLDOUT,duplicate_text_candidate,NOT_OBSERVED,t0.1_audit_detector,0,0,0,audit_detector_duplicate_text_candidate,1.0.0,NOT_REVIEWED,,raw_prop=duplicate_text_candidate_page_count,NOT_REVIEWED,DERIVED_RECONCILIATION
INE002E01010_2024,Sar  Auto Products Limited,2024,HOLDOUT,devanagari_candidate,NOT_OBSERVED,t0.1_audit_detector,0,0,0,audit_detector_devanagari_candidate,1.0.0,NOT_REVIEWED,,raw_prop=devanagari_page_count,NOT_REVIEWED,DERIVED_RECONCILIATION
INE002E01010_2024,Sar  Auto Products Limited,2024,HOLDOUT,bilingual_candidate,NOT_OBSERVED,t0.1_audit_detector,0,0,0,audit_detector_bilingual_candidate,1.0.0,NOT_REVIEWED,,raw_prop=bilingual_candidate_page_count,NOT_REVIEWED,DERIVED_RECONCILIATION
INE002E01010_2024,Sar  Auto Products Limited,2024,HOLDOUT,two_column,CANDIDATE,t0.1_audit_detector,1,14,1,audit_detector_two_column,1.0.0,NOT_REVIEWED,,raw_prop=two_column_page_count,NOT_REVIEWED,DERIVED_RECONCILIATION
INE002E01010_2024,Sar  Auto Products Limited,2024,HOLDOUT,multi_column,CANDIDATE,t0.1_audit_detector,1,36,1,audit_detector_multi_column,1.0.0,NOT_REVIEWED,,raw_prop=multi_column_page_count,NOT_REVIEWED,DERIVED_RECONCILIATION
INE002E01010_2024,Sar  Auto Products Limited,2024,HOLDOUT,table_candidate,CANDIDATE,t0.1_audit_detector,1,64,1,audit_detector_table_candidate,1.0.0,NOT_REVIEWED,,raw_prop=table_candidate_page_count,NOT_REVIEWED,DERIVED_RECONCILIATION
INE002E01010_2024,Sar  Auto Products Limited,2024,HOLDOUT,header_candidate,CANDIDATE,t0.1_audit_detector,1,29,1,audit_detector_header_candidate,1.0.0,NOT_REVIEWED,,raw_prop=header_candidate_page_count,NOT_REVIEWED,DERIVED_RECONCILIATION
INE002E01010_2024,Sar  Auto Products Limited,2024,HOLDOUT,footer_candidate,NOT_OBSERVED,t0.1_audit_detector,0,0,0,audit_detector_footer_candidate,1.0.0,NOT_REVIEWED,,raw_prop=footer_candidate_page_count,NOT_REVIEWED,DERIVED_RECONCILIATION
INE002E01010_2024,Sar  Auto Products Limited,2024,HOLDOUT,toc_candidate,CANDIDATE,t0.1_audit_detector,1,True,1,audit_detector_toc_candidate,1.0.0,NOT_REVIEWED,,raw_prop=toc_candidate,NOT_REVIEWED,DERIVED_RECONCILIATION
INE002E01010_2024,Sar  Auto Products Limited,2024,HOLDOUT,deep_hierarchy_candidate,NOT_OBSERVED,t0.1_audit_detector,0,False,0,audit_detector_deep_hierarchy_candidate,1.0.0,NOT_REVIEWED,,raw_prop=deep_hierarchy_candidate,NOT_REVIEWED,DERIVED_RECONCILIATION
INE002E01010_2024,Sar  Auto Products Limited,2024,HOLDOUT,annexure_candidate,CANDIDATE,t0.1_audit_detector,1,True,1,audit_detector_annexure_candidate,1.0.0,NOT_REVIEWED,,raw_prop=annexure_candidate,NOT_REVIEWED,DERIVED_RECONCILIATION
INE002E01010_2024,Sar  Auto Products Limited,2024,HOLDOUT,combined_mdna_candidate,NOT_OBSERVED,t0.1_audit_detector,0,False,0,audit_detector_combined_mdna_candidate,1.0.0,NOT_REVIEWED,,raw_prop=combined_mdna_candidate,NOT_REVIEWED,DERIVED_RECONCILIATION
INE002E01010_2025,Sar  Auto Products Limited,2025,HOLDOUT,native,CANDIDATE,t0.1_audit_detector,1,107,1,audit_detector_native,1.0.0,NOT_REVIEWED,,raw_prop=native_page_count,NOT_REVIEWED,DERIVED_RECONCILIATION
INE002E01010_2025,Sar  Auto Products Limited,2025,HOLDOUT,scanned,NOT_OBSERVED,t0.1_audit_detector,0,0,0,audit_detector_scanned,1.0.0,NOT_REVIEWED,,raw_prop=scanned_page_count,NOT_REVIEWED,DERIVED_RECONCILIATION
INE002E01010_2025,Sar  Auto Products Limited,2025,HOLDOUT,ocr_layer_candidate,NOT_OBSERVED,t0.1_audit_detector,0,0,0,audit_detector_ocr_layer_candidate,1.0.0,NOT_REVIEWED,,raw_prop=ocr_page_count,NOT_REVIEWED,DERIVED_RECONCILIATION
INE002E01010_2025,Sar  Auto Products Limited,2025,HOLDOUT,legacy_font_candidate,CANDIDATE,t0.1_audit_detector,1,3,1,audit_detector_legacy_font_candidate,1.0.0,NOT_REVIEWED,,raw_prop=legacy_candidate_page_count,NOT_REVIEWED,DERIVED_RECONCILIATION
INE002E01010_2025,Sar  Auto Products Limited,2025,HOLDOUT,hidden_text_candidate,NOT_OBSERVED,t0.1_audit_detector,0,0,0,audit_detector_hidden_text_candidate,1.0.0,NOT_REVIEWED,,raw_prop=hidden_text_candidate_page_count,NOT_REVIEWED,DERIVED_RECONCILIATION
INE002E01010_2025,Sar  Auto Products Limited,2025,HOLDOUT,duplicate_text_candidate,NOT_OBSERVED,t0.1_audit_detector,0,0,0,audit_detector_duplicate_text_candidate,1.0.0,NOT_REVIEWED,,raw_prop=duplicate_text_candidate_page_count,NOT_REVIEWED,DERIVED_RECONCILIATION
INE002E01010_2025,Sar  Auto Products Limited,2025,HOLDOUT,devanagari_candidate,NOT_OBSERVED,t0.1_audit_detector,0,0,0,audit_detector_devanagari_candidate,1.0.0,NOT_REVIEWED,,raw_prop=devanagari_page_count,NOT_REVIEWED,DERIVED_RECONCILIATION
INE002E01010_2025,Sar  Auto Products Limited,2025,HOLDOUT,bilingual_candidate,NOT_OBSERVED,t0.1_audit_detector,0,0,0,audit_detector_bilingual_candidate,1.0.0,NOT_REVIEWED,,raw_prop=bilingual_candidate_page_count,NOT_REVIEWED,DERIVED_RECONCILIATION
INE002E01010_2025,Sar  Auto Products Limited,2025,HOLDOUT,two_column,CANDIDATE,t0.1_audit_detector,1,16,1,audit_detector_two_column,1.0.0,NOT_REVIEWED,,raw_prop=two_column_page_count,NOT_REVIEWED,DERIVED_RECONCILIATION
INE002E01010_2025,Sar  Auto Products Limited,2025,HOLDOUT,multi_column,CANDIDATE,t0.1_audit_detector,1,31,1,audit_detector_multi_column,1.0.0,NOT_REVIEWED,,raw_prop=multi_column_page_count,NOT_REVIEWED,DERIVED_RECONCILIATION
INE002E01010_2025,Sar  Auto Products Limited,2025,HOLDOUT,table_candidate,CANDIDATE,t0.1_audit_detector,1,65,1,audit_detector_table_candidate,1.0.0,NOT_REVIEWED,,raw_prop=table_candidate_page_count,NOT_REVIEWED,DERIVED_RECONCILIATION
INE002E01010_2025,Sar  Auto Products Limited,2025,HOLDOUT,header_candidate,CANDIDATE,t0.1_audit_detector,1,27,1,audit_detector_header_candidate,1.0.0,NOT_REVIEWED,,raw_prop=header_candidate_page_count,NOT_REVIEWED,DERIVED_RECONCILIATION
INE002E01010_2025,Sar  Auto Products Limited,2025,HOLDOUT,footer_candidate,NOT_OBSERVED,t0.1_audit_detector,0,0,0,audit_detector_footer_candidate,1.0.0,NOT_REVIEWED,,raw_prop=footer_candidate_page_count,NOT_REVIEWED,DERIVED_RECONCILIATION
INE002E01010_2025,Sar  Auto Products Limited,2025,HOLDOUT,toc_candidate,CANDIDATE,t0.1_audit_detector,1,True,1,audit_detector_toc_candidate,1.0.0,NOT_REVIEWED,,raw_prop=toc_candidate,NOT_REVIEWED,DERIVED_RECONCILIATION
INE002E01010_2025,Sar  Auto Products Limited,2025,HOLDOUT,deep_hierarchy_candidate,NOT_OBSERVED,t0.1_audit_detector,0,False,0,audit_detector_deep_hierarchy_candidate,1.0.0,NOT_REVIEWED,,raw_prop=deep_hierarchy_candidate,NOT_REVIEWED,DERIVED_RECONCILIATION
INE002E01010_2025,Sar  Auto Products Limited,2025,HOLDOUT,annexure_candidate,CANDIDATE,t0.1_audit_detector,1,True,1,audit_detector_annexure_candidate,1.0.0,NOT_REVIEWED,,raw_prop=annexure_candidate,NOT_REVIEWED,DERIVED_RECONCILIATION
INE002E01010_2025,Sar  Auto Products Limited,2025,HOLDOUT,combined_mdna_candidate,NOT_OBSERVED,t0.1_audit_detector,0,False,0,audit_detector_combined_mdna_candidate,1.0.0,NOT_REVIEWED,,raw_prop=combined_mdna_candidate,NOT_REVIEWED,DERIVED_RECONCILIATION
INE002L01015_2012,SJVN Limited,2012,HOLDOUT,native,NOT_OBSERVED,t0.1_audit_detector,0,0,0,audit_detector_native,1.0.0,NOT_REVIEWED,,raw_prop=native_page_count,NOT_REVIEWED,DERIVED_RECONCILIATION
INE002L01015_2012,SJVN Limited,2012,HOLDOUT,scanned,CANDIDATE,t0.1_audit_detector,1,43,1,audit_detector_scanned,1.0.0,NOT_REVIEWED,,raw_prop=scanned_page_count,NOT_REVIEWED,DERIVED_RECONCILIATION
INE002L01015_2012,SJVN Limited,2012,HOLDOUT,ocr_layer_candidate,NOT_OBSERVED,t0.1_audit_detector,0,0,0,audit_detector_ocr_layer_candidate,1.0.0,NOT_REVIEWED,,raw_prop=ocr_page_count,NOT_REVIEWED,DERIVED_RECONCILIATION
INE002L01015_2012,SJVN Limited,2012,HOLDOUT,legacy_font_candidate,NOT_OBSERVED,t0.1_audit_detector,0,0,0,audit_detector_legacy_font_candidate,1.0.0,NOT_REVIEWED,,raw_prop=legacy_candidate_page_count,NOT_REVIEWED,DERIVED_RECONCILIATION
INE002L01015_2012,SJVN Limited,2012,HOLDOUT,hidden_text_candidate,NOT_OBSERVED,t0.1_audit_detector,0,0,0,audit_detector_hidden_text_candidate,1.0.0,NOT_REVIEWED,,raw_prop=hidden_text_candidate_page_count,NOT_REVIEWED,DERIVED_RECONCILIATION
INE002L01015_2012,SJVN Limited,2012,HOLDOUT,duplicate_text_candidate,NOT_OBSERVED,t0.1_audit_detector,0,0,0,audit_detector_duplicate_text_candidate,1.0.0,NOT_REVIEWED,,raw_prop=duplicate_text_candidate_page_count,NOT_REVIEWED,DERIVED_RECONCILIATION
INE002L01015_2012,SJVN Limited,2012,HOLDOUT,devanagari_candidate,NOT_OBSERVED,t0.1_audit_detector,0,0,0,audit_detector_devanagari_candidate,1.0.0,NOT_REVIEWED,,raw_prop=devanagari_page_count,NOT_REVIEWED,DERIVED_RECONCILIATION
INE002L01015_2012,SJVN Limited,2012,HOLDOUT,bilingual_candidate,NOT_OBSERVED,t0.1_audit_detector,0,0,0,audit_detector_bilingual_candidate,1.0.0,NOT_REVIEWED,,raw_prop=bilingual_candidate_page_count,NOT_REVIEWED,DERIVED_RECONCILIATION
INE002L01015_2012,SJVN Limited,2012,HOLDOUT,two_column,NOT_OBSERVED,t0.1_audit_detector,0,0,0,audit_detector_two_column,1.0.0,NOT_REVIEWED,,raw_prop=two_column_page_count,NOT_REVIEWED,DERIVED_RECONCILIATION
INE002L01015_2012,SJVN Limited,2012,HOLDOUT,multi_column,NOT_OBSERVED,t0.1_audit_detector,0,0,0,audit_detector_multi_column,1.0.0,NOT_REVIEWED,,raw_prop=multi_column_page_count,NOT_REVIEWED,DERIVED_RECONCILIATION
INE002L01015_2012,SJVN Limited,2012,HOLDOUT,table_candidate,NOT_OBSERVED,t0.1_audit_detector,0,0,0,audit_detector_table_candidate,1.0.0,NOT_REVIEWED,,raw_prop=table_candidate_page_count,NOT_REVIEWED,DERIVED_RECONCILIATION
INE002L01015_2012,SJVN Limited,2012,HOLDOUT,header_candidate,NOT_OBSERVED,t0.1_audit_detector,0,0,0,audit_detector_header_candidate,1.0.0,NOT_REVIEWED,,raw_prop=header_candidate_page_count,NOT_REVIEWED,DERIVED_RECONCILIATION
INE002L01015_2012,SJVN Limited,2012,HOLDOUT,footer_candidate,NOT_OBSERVED,t0.1_audit_detector,0,0,0,audit_detector_footer_candidate,1.0.0,NOT_REVIEWED,,raw_prop=footer_candidate_page_count,NOT_REVIEWED,DERIVED_RECONCILIATION
INE002L01015_2012,SJVN Limited,2012,HOLDOUT,toc_candidate,NOT_OBSERVED,t0.1_audit_detector,0,False,0,audit_detector_toc_candidate,1.0.0,NOT_REVIEWED,,raw_prop=toc_candidate,NOT_REVIEWED,DERIVED_RECONCILIATION
INE002L01015_2012,SJVN Limited,2012,HOLDOUT,deep_hierarchy_candidate,NOT_OBSERVED,t0.1_audit_detector,0,False,0,audit_detector_deep_hierarchy_candidate,1.0.0,NOT_REVIEWED,,raw_prop=deep_hierarchy_candidate,NOT_REVIEWED,DERIVED_RECONCILIATION
INE002L01015_2012,SJVN Limited,2012,HOLDOUT,annexure_candidate,NOT_OBSERVED,t0.1_audit_detector,0,False,0,audit_detector_annexure_candidate,1.0.0,NOT_REVIEWED,,raw_prop=annexure_candidate,NOT_REVIEWED,DERIVED_RECONCILIATION
INE002L01015_2012,SJVN Limited,2012,HOLDOUT,combined_mdna_candidate,NOT_OBSERVED,t0.1_audit_detector,0,False,0,audit_detector_combined_mdna_candidate,1.0.0,NOT_REVIEWED,,raw_prop=combined_mdna_candidate,NOT_REVIEWED,DERIVED_RECONCILIATION
INE002L01015_2013,SJVN Limited,2013,HOLDOUT,native,CANDIDATE,t0.1_audit_detector,1,51,1,audit_detector_native,1.0.0,NOT_REVIEWED,,raw_prop=native_page_count,NOT_REVIEWED,DERIVED_RECONCILIATION
INE002L01015_2013,SJVN Limited,2013,HOLDOUT,scanned,CANDIDATE,t0.1_audit_detector,1,1,1,audit_detector_scanned,1.0.0,NOT_REVIEWED,,raw_prop=scanned_page_count,NOT_REVIEWED,DERIVED_RECONCILIATION
INE002L01015_2013,SJVN Limited,2013,HOLDOUT,ocr_layer_candidate,NOT_OBSERVED,t0.1_audit_detector,0,0,0,audit_detector_ocr_layer_candidate,1.0.0,NOT_REVIEWED,,raw_prop=ocr_page_count,NOT_REVIEWED,DERIVED_RECONCILIATION
INE002L01015_2013,SJVN Limited,2013,HOLDOUT,legacy_font_candidate,NOT_OBSERVED,t0.1_audit_detector,0,0,0,audit_detector_legacy_font_candidate,1.0.0,NOT_REVIEWED,,raw_prop=legacy_candidate_page_count,NOT_REVIEWED,DERIVED_RECONCILIATION
INE002L01015_2013,SJVN Limited,2013,HOLDOUT,hidden_text_candidate,NOT_OBSERVED,t0.1_audit_detector,0,0,0,audit_detector_hidden_text_candidate,1.0.0,NOT_REVIEWED,,raw_prop=hidden_text_candidate_page_count,NOT_REVIEWED,DERIVED_RECONCILIATION
INE002L01015_2013,SJVN Limited,2013,HOLDOUT,duplicate_text_candidate,NOT_OBSERVED,t0.1_audit_detector,0,0,0,audit_detector_duplicate_text_candidate,1.0.0,NOT_REVIEWED,,raw_prop=duplicate_text_candidate_page_count,NOT_REVIEWED,DERIVED_RECONCILIATION
INE002L01015_2013,SJVN Limited,2013,HOLDOUT,devanagari_candidate,NOT_OBSERVED,t0.1_audit_detector,0,0,0,audit_detector_devanagari_candidate,1.0.0,NOT_REVIEWED,,raw_prop=devanagari_page_count,NOT_REVIEWED,DERIVED_RECONCILIATION
INE002L01015_2013,SJVN Limited,2013,HOLDOUT,bilingual_candidate,NOT_OBSERVED,t0.1_audit_detector,0,0,0,audit_detector_bilingual_candidate,1.0.0,NOT_REVIEWED,,raw_prop=bilingual_candidate_page_count,NOT_REVIEWED,DERIVED_RECONCILIATION
INE002L01015_2013,SJVN Limited,2013,HOLDOUT,two_column,CANDIDATE,t0.1_audit_detector,1,21,1,audit_detector_two_column,1.0.0,NOT_REVIEWED,,raw_prop=two_column_page_count,NOT_REVIEWED,DERIVED_RECONCILIATION
INE002L01015_2013,SJVN Limited,2013,HOLDOUT,multi_column,CANDIDATE,t0.1_audit_detector,1,24,1,audit_detector_multi_column,1.0.0,NOT_REVIEWED,,raw_prop=multi_column_page_count,NOT_REVIEWED,DERIVED_RECONCILIATION
INE002L01015_2013,SJVN Limited,2013,HOLDOUT,table_candidate,CANDIDATE,t0.1_audit_detector,1,51,1,audit_detector_table_candidate,1.0.0,NOT_REVIEWED,,raw_prop=table_candidate_page_count,NOT_REVIEWED,DERIVED_RECONCILIATION
INE002L01015_2013,SJVN Limited,2013,HOLDOUT,header_candidate,NOT_OBSERVED,t0.1_audit_detector,0,0,0,audit_detector_header_candidate,1.0.0,NOT_REVIEWED,,raw_prop=header_candidate_page_count,NOT_REVIEWED,DERIVED_RECONCILIATION
INE002L01015_2013,SJVN Limited,2013,HOLDOUT,footer_candidate,CANDIDATE,t0.1_audit_detector,1,4,1,audit_detector_footer_candidate,1.0.0,NOT_REVIEWED,,raw_prop=footer_candidate_page_count,NOT_REVIEWED,DERIVED_RECONCILIATION
INE002L01015_2013,SJVN Limited,2013,HOLDOUT,toc_candidate,CANDIDATE,t0.1_audit_detector,1,True,1,audit_detector_toc_candidate,1.0.0,NOT_REVIEWED,,raw_prop=toc_candidate,NOT_REVIEWED,DERIVED_RECONCILIATION
INE002L01015_2013,SJVN Limited,2013,HOLDOUT,deep_hierarchy_candidate,NOT_OBSERVED,t0.1_audit_detector,0,False,0,audit_detector_deep_hierarchy_candidate,1.0.0,NOT_REVIEWED,,raw_prop=deep_hierarchy_candidate,NOT_REVIEWED,DERIVED_RECONCILIATION
INE002L01015_2013,SJVN Limited,2013,HOLDOUT,annexure_candidate,CANDIDATE,t0.1_audit_detector,1,True,1,audit_detector_annexure_candidate,1.0.0,NOT_REVIEWED,,raw_prop=annexure_candidate,NOT_REVIEWED,DERIVED_RECONCILIATION
INE002L01015_2013,SJVN Limited,2013,HOLDOUT,combined_mdna_candidate,NOT_OBSERVED,t0.1_audit_detector,0,False,0,audit_detector_combined_mdna_candidate,1.0.0,NOT_REVIEWED,,raw_prop=combined_mdna_candidate,NOT_REVIEWED,DERIVED_RECONCILIATION
INE002L01015_2017,SJVN Limited,2017,HOLDOUT,native,CANDIDATE,t0.1_audit_detector,1,233,1,audit_detector_native,1.0.0,NOT_REVIEWED,,raw_prop=native_page_count,NOT_REVIEWED,DERIVED_RECONCILIATION
INE002L01015_2017,SJVN Limited,2017,HOLDOUT,scanned,CANDIDATE,t0.1_audit_detector,1,4,1,audit_detector_scanned,1.0.0,NOT_REVIEWED,,raw_prop=scanned_page_count,NOT_REVIEWED,DERIVED_RECONCILIATION
INE002L01015_2017,SJVN Limited,2017,HOLDOUT,ocr_layer_candidate,NOT_OBSERVED,t0.1_audit_detector,0,0,0,audit_detector_ocr_layer_candidate,1.0.0,NOT_REVIEWED,,raw_prop=ocr_page_count,NOT_REVIEWED,DERIVED_RECONCILIATION
INE002L01015_2017,SJVN Limited,2017,HOLDOUT,legacy_font_candidate,NOT_OBSERVED,t0.1_audit_detector,0,0,0,audit_detector_legacy_font_candidate,1.0.0,NOT_REVIEWED,,raw_prop=legacy_candidate_page_count,NOT_REVIEWED,DERIVED_RECONCILIATION
INE002L01015_2017,SJVN Limited,2017,HOLDOUT,hidden_text_candidate,NOT_OBSERVED,t0.1_audit_detector,0,0,0,audit_detector_hidden_text_candidate,1.0.0,NOT_REVIEWED,,raw_prop=hidden_text_candidate_page_count,NOT_REVIEWED,DERIVED_RECONCILIATION
INE002L01015_2017,SJVN Limited,2017,HOLDOUT,duplicate_text_candidate,NOT_OBSERVED,t0.1_audit_detector,0,0,0,audit_detector_duplicate_text_candidate,1.0.0,NOT_REVIEWED,,raw_prop=duplicate_text_candidate_page_count,NOT_REVIEWED,DERIVED_RECONCILIATION
INE002L01015_2017,SJVN Limited,2017,HOLDOUT,devanagari_candidate,NOT_OBSERVED,t0.1_audit_detector,0,0,0,audit_detector_devanagari_candidate,1.0.0,NOT_REVIEWED,,raw_prop=devanagari_page_count,NOT_REVIEWED,DERIVED_RECONCILIATION
INE002L01015_2017,SJVN Limited,2017,HOLDOUT,bilingual_candidate,NOT_OBSERVED,t0.1_audit_detector,0,0,0,audit_detector_bilingual_candidate,1.0.0,NOT_REVIEWED,,raw_prop=bilingual_candidate_page_count,NOT_REVIEWED,DERIVED_RECONCILIATION
INE002L01015_2017,SJVN Limited,2017,HOLDOUT,two_column,CANDIDATE,t0.1_audit_detector,1,100,1,audit_detector_two_column,1.0.0,NOT_REVIEWED,,raw_prop=two_column_page_count,NOT_REVIEWED,DERIVED_RECONCILIATION
INE002L01015_2017,SJVN Limited,2017,HOLDOUT,multi_column,CANDIDATE,t0.1_audit_detector,1,86,1,audit_detector_multi_column,1.0.0,NOT_REVIEWED,,raw_prop=multi_column_page_count,NOT_REVIEWED,DERIVED_RECONCILIATION
INE002L01015_2017,SJVN Limited,2017,HOLDOUT,table_candidate,CANDIDATE,t0.1_audit_detector,1,199,1,audit_detector_table_candidate,1.0.0,NOT_REVIEWED,,raw_prop=table_candidate_page_count,NOT_REVIEWED,DERIVED_RECONCILIATION
INE002L01015_2017,SJVN Limited,2017,HOLDOUT,header_candidate,NOT_OBSERVED,t0.1_audit_detector,0,0,0,audit_detector_header_candidate,1.0.0,NOT_REVIEWED,,raw_prop=header_candidate_page_count,NOT_REVIEWED,DERIVED_RECONCILIATION
INE002L01015_2017,SJVN Limited,2017,HOLDOUT,footer_candidate,NOT_OBSERVED,t0.1_audit_detector,0,0,0,audit_detector_footer_candidate,1.0.0,NOT_REVIEWED,,raw_prop=footer_candidate_page_count,NOT_REVIEWED,DERIVED_RECONCILIATION
INE002L01015_2017,SJVN Limited,2017,HOLDOUT,toc_candidate,CANDIDATE,t0.1_audit_detector,1,True,1,audit_detector_toc_candidate,1.0.0,NOT_REVIEWED,,raw_prop=toc_candidate,NOT_REVIEWED,DERIVED_RECONCILIATION
INE002L01015_2017,SJVN Limited,2017,HOLDOUT,deep_hierarchy_candidate,NOT_OBSERVED,t0.1_audit_detector,0,False,0,audit_detector_deep_hierarchy_candidate,1.0.0,NOT_REVIEWED,,raw_prop=deep_hierarchy_candidate,NOT_REVIEWED,DERIVED_RECONCILIATION
INE002L01015_2017,SJVN Limited,2017,HOLDOUT,annexure_candidate,CANDIDATE,t0.1_audit_detector,1,True,1,audit_detector_annexure_candidate,1.0.0,NOT_REVIEWED,,raw_prop=annexure_candidate,NOT_REVIEWED,DERIVED_RECONCILIATION
INE002L01015_2017,SJVN Limited,2017,HOLDOUT,combined_mdna_candidate,NOT_OBSERVED,t0.1_audit_detector,0,False,0,audit_detector_combined_mdna_candidate,1.0.0,NOT_REVIEWED,,raw_prop=combined_mdna_candidate,NOT_REVIEWED,DERIVED_RECONCILIATION
INE002L01015_2018,SJVN Limited,2018,HOLDOUT,native,CANDIDATE,t0.1_audit_detector,1,216,1,audit_detector_native,1.0.0,NOT_REVIEWED,,raw_prop=native_page_count,NOT_REVIEWED,DERIVED_RECONCILIATION
INE002L01015_2018,SJVN Limited,2018,HOLDOUT,scanned,CANDIDATE,t0.1_audit_detector,1,4,1,audit_detector_scanned,1.0.0,NOT_REVIEWED,,raw_prop=scanned_page_count,NOT_REVIEWED,DERIVED_RECONCILIATION
INE002L01015_2018,SJVN Limited,2018,HOLDOUT,ocr_layer_candidate,NOT_OBSERVED,t0.1_audit_detector,0,0,0,audit_detector_ocr_layer_candidate,1.0.0,NOT_REVIEWED,,raw_prop=ocr_page_count,NOT_REVIEWED,DERIVED_RECONCILIATION
INE002L01015_2018,SJVN Limited,2018,HOLDOUT,legacy_font_candidate,CANDIDATE,t0.1_audit_detector,1,1,1,audit_detector_legacy_font_candidate,1.0.0,NOT_REVIEWED,,raw_prop=legacy_candidate_page_count,NOT_REVIEWED,DERIVED_RECONCILIATION
INE002L01015_2018,SJVN Limited,2018,HOLDOUT,hidden_text_candidate,NOT_OBSERVED,t0.1_audit_detector,0,0,0,audit_detector_hidden_text_candidate,1.0.0,NOT_REVIEWED,,raw_prop=hidden_text_candidate_page_count,NOT_REVIEWED,DERIVED_RECONCILIATION
INE002L01015_2018,SJVN Limited,2018,HOLDOUT,duplicate_text_candidate,NOT_OBSERVED,t0.1_audit_detector,0,0,0,audit_detector_duplicate_text_candidate,1.0.0,NOT_REVIEWED,,raw_prop=duplicate_text_candidate_page_count,NOT_REVIEWED,DERIVED_RECONCILIATION
INE002L01015_2018,SJVN Limited,2018,HOLDOUT,devanagari_candidate,NOT_OBSERVED,t0.1_audit_detector,0,0,0,audit_detector_devanagari_candidate,1.0.0,NOT_REVIEWED,,raw_prop=devanagari_page_count,NOT_REVIEWED,DERIVED_RECONCILIATION
INE002L01015_2018,SJVN Limited,2018,HOLDOUT,bilingual_candidate,NOT_OBSERVED,t0.1_audit_detector,0,0,0,audit_detector_bilingual_candidate,1.0.0,NOT_REVIEWED,,raw_prop=bilingual_candidate_page_count,NOT_REVIEWED,DERIVED_RECONCILIATION
INE002L01015_2018,SJVN Limited,2018,HOLDOUT,two_column,CANDIDATE,t0.1_audit_detector,1,77,1,audit_detector_two_column,1.0.0,NOT_REVIEWED,,raw_prop=two_column_page_count,NOT_REVIEWED,DERIVED_RECONCILIATION
INE002L01015_2018,SJVN Limited,2018,HOLDOUT,multi_column,CANDIDATE,t0.1_audit_detector,1,97,1,audit_detector_multi_column,1.0.0,NOT_REVIEWED,,raw_prop=multi_column_page_count,NOT_REVIEWED,DERIVED_RECONCILIATION
INE002L01015_2018,SJVN Limited,2018,HOLDOUT,table_candidate,CANDIDATE,t0.1_audit_detector,1,217,1,audit_detector_table_candidate,1.0.0,NOT_REVIEWED,,raw_prop=table_candidate_page_count,NOT_REVIEWED,DERIVED_RECONCILIATION
INE002L01015_2018,SJVN Limited,2018,HOLDOUT,header_candidate,NOT_OBSERVED,t0.1_audit_detector,0,0,0,audit_detector_header_candidate,1.0.0,NOT_REVIEWED,,raw_prop=header_candidate_page_count,NOT_REVIEWED,DERIVED_RECONCILIATION
INE002L01015_2018,SJVN Limited,2018,HOLDOUT,footer_candidate,NOT_OBSERVED,t0.1_audit_detector,0,0,0,audit_detector_footer_candidate,1.0.0,NOT_REVIEWED,,raw_prop=footer_candidate_page_count,NOT_REVIEWED,DERIVED_RECONCILIATION
INE002L01015_2018,SJVN Limited,2018,HOLDOUT,toc_candidate,CANDIDATE,t0.1_audit_detector,1,True,1,audit_detector_toc_candidate,1.0.0,NOT_REVIEWED,,raw_prop=toc_candidate,NOT_REVIEWED,DERIVED_RECONCILIATION
INE002L01015_2018,SJVN Limited,2018,HOLDOUT,deep_hierarchy_candidate,NOT_OBSERVED,t0.1_audit_detector,0,False,0,audit_detector_deep_hierarchy_candidate,1.0.0,NOT_REVIEWED,,raw_prop=deep_hierarchy_candidate,NOT_REVIEWED,DERIVED_RECONCILIATION
INE002L01015_2018,SJVN Limited,2018,HOLDOUT,annexure_candidate,CANDIDATE,t0.1_audit_detector,1,True,1,audit_detector_annexure_candidate,1.0.0,NOT_REVIEWED,,raw_prop=annexure_candidate,NOT_REVIEWED,DERIVED_RECONCILIATION
INE002L01015_2018,SJVN Limited,2018,HOLDOUT,combined_mdna_candidate,CANDIDATE,t0.1_audit_detector,1,True,1,audit_detector_combined_mdna_candidate,1.0.0,NOT_REVIEWED,,raw_prop=combined_mdna_candidate,NOT_REVIEWED,DERIVED_RECONCILIATION
INE002L01015_2024,SJVN Limited,2024,HOLDOUT,native,CANDIDATE,t0.1_audit_detector,1,233,1,audit_detector_native,1.0.0,NOT_REVIEWED,,raw_prop=native_page_count,NOT_REVIEWED,DERIVED_RECONCILIATION
INE002L01015_2024,SJVN Limited,2024,HOLDOUT,scanned,NOT_OBSERVED,t0.1_audit_detector,0,0,0,audit_detector_scanned,1.0.0,NOT_REVIEWED,,raw_prop=scanned_page_count,NOT_REVIEWED,DERIVED_RECONCILIATION
INE002L01015_2024,SJVN Limited,2024,HOLDOUT,ocr_layer_candidate,NOT_OBSERVED,t0.1_audit_detector,0,0,0,audit_detector_ocr_layer_candidate,1.0.0,NOT_REVIEWED,,raw_prop=ocr_page_count,NOT_REVIEWED,DERIVED_RECONCILIATION
INE002L01015_2024,SJVN Limited,2024,HOLDOUT,legacy_font_candidate,CANDIDATE,t0.1_audit_detector,1,26,1,audit_detector_legacy_font_candidate,1.0.0,NOT_REVIEWED,,raw_prop=legacy_candidate_page_count,NOT_REVIEWED,DERIVED_RECONCILIATION
INE002L01015_2024,SJVN Limited,2024,HOLDOUT,hidden_text_candidate,NOT_OBSERVED,t0.1_audit_detector,0,0,0,audit_detector_hidden_text_candidate,1.0.0,NOT_REVIEWED,,raw_prop=hidden_text_candidate_page_count,NOT_REVIEWED,DERIVED_RECONCILIATION
INE002L01015_2024,SJVN Limited,2024,HOLDOUT,duplicate_text_candidate,NOT_OBSERVED,t0.1_audit_detector,0,0,0,audit_detector_duplicate_text_candidate,1.0.0,NOT_REVIEWED,,raw_prop=duplicate_text_candidate_page_count,NOT_REVIEWED,DERIVED_RECONCILIATION
INE002L01015_2024,SJVN Limited,2024,HOLDOUT,devanagari_candidate,CANDIDATE,t0.1_audit_detector,1,1,1,audit_detector_devanagari_candidate,1.0.0,NOT_REVIEWED,,raw_prop=devanagari_page_count,NOT_REVIEWED,DERIVED_RECONCILIATION
INE002L01015_2024,SJVN Limited,2024,HOLDOUT,bilingual_candidate,CANDIDATE,t0.1_audit_detector,1,1,1,audit_detector_bilingual_candidate,1.0.0,NOT_REVIEWED,,raw_prop=bilingual_candidate_page_count,NOT_REVIEWED,DERIVED_RECONCILIATION
INE002L01015_2024,SJVN Limited,2024,HOLDOUT,two_column,CANDIDATE,t0.1_audit_detector,1,61,1,audit_detector_two_column,1.0.0,NOT_REVIEWED,,raw_prop=two_column_page_count,NOT_REVIEWED,DERIVED_RECONCILIATION
INE002L01015_2024,SJVN Limited,2024,HOLDOUT,multi_column,CANDIDATE,t0.1_audit_detector,1,105,1,audit_detector_multi_column,1.0.0,NOT_REVIEWED,,raw_prop=multi_column_page_count,NOT_REVIEWED,DERIVED_RECONCILIATION
INE002L01015_2024,SJVN Limited,2024,HOLDOUT,table_candidate,CANDIDATE,t0.1_audit_detector,1,238,1,audit_detector_table_candidate,1.0.0,NOT_REVIEWED,,raw_prop=table_candidate_page_count,NOT_REVIEWED,DERIVED_RECONCILIATION
INE002L01015_2024,SJVN Limited,2024,HOLDOUT,header_candidate,NOT_OBSERVED,t0.1_audit_detector,0,0,0,audit_detector_header_candidate,1.0.0,NOT_REVIEWED,,raw_prop=header_candidate_page_count,NOT_REVIEWED,DERIVED_RECONCILIATION
INE002L01015_2024,SJVN Limited,2024,HOLDOUT,footer_candidate,NOT_OBSERVED,t0.1_audit_detector,0,0,0,audit_detector_footer_candidate,1.0.0,NOT_REVIEWED,,raw_prop=footer_candidate_page_count,NOT_REVIEWED,DERIVED_RECONCILIATION
INE002L01015_2024,SJVN Limited,2024,HOLDOUT,toc_candidate,CANDIDATE,t0.1_audit_detector,1,True,1,audit_detector_toc_candidate,1.0.0,NOT_REVIEWED,,raw_prop=toc_candidate,NOT_REVIEWED,DERIVED_RECONCILIATION
INE002L01015_2024,SJVN Limited,2024,HOLDOUT,deep_hierarchy_candidate,NOT_OBSERVED,t0.1_audit_detector,0,False,0,audit_detector_deep_hierarchy_candidate,1.0.0,NOT_REVIEWED,,raw_prop=deep_hierarchy_candidate,NOT_REVIEWED,DERIVED_RECONCILIATION
INE002L01015_2024,SJVN Limited,2024,HOLDOUT,annexure_candidate,CANDIDATE,t0.1_audit_detector,1,True,1,audit_detector_annexure_candidate,1.0.0,NOT_REVIEWED,,raw_prop=annexure_candidate,NOT_REVIEWED,DERIVED_RECONCILIATION
INE002L01015_2024,SJVN Limited,2024,HOLDOUT,combined_mdna_candidate,CANDIDATE,t0.1_audit_detector,1,True,1,audit_detector_combined_mdna_candidate,1.0.0,NOT_REVIEWED,,raw_prop=combined_mdna_candidate,NOT_REVIEWED,DERIVED_RECONCILIATION
INE002L01015_2025,SJVN Limited,2025,HOLDOUT,native,CANDIDATE,t0.1_audit_detector,1,242,1,audit_detector_native,1.0.0,NOT_REVIEWED,,raw_prop=native_page_count,NOT_REVIEWED,DERIVED_RECONCILIATION
INE002L01015_2025,SJVN Limited,2025,HOLDOUT,scanned,CANDIDATE,t0.1_audit_detector,1,3,1,audit_detector_scanned,1.0.0,NOT_REVIEWED,,raw_prop=scanned_page_count,NOT_REVIEWED,DERIVED_RECONCILIATION
INE002L01015_2025,SJVN Limited,2025,HOLDOUT,ocr_layer_candidate,CANDIDATE,t0.1_audit_detector,1,4,1,audit_detector_ocr_layer_candidate,1.0.0,NOT_REVIEWED,,raw_prop=ocr_page_count,NOT_REVIEWED,DERIVED_RECONCILIATION
INE002L01015_2025,SJVN Limited,2025,HOLDOUT,legacy_font_candidate,NOT_OBSERVED,t0.1_audit_detector,0,0,0,audit_detector_legacy_font_candidate,1.0.0,NOT_REVIEWED,,raw_prop=legacy_candidate_page_count,NOT_REVIEWED,DERIVED_RECONCILIATION
INE002L01015_2025,SJVN Limited,2025,HOLDOUT,hidden_text_candidate,NOT_OBSERVED,t0.1_audit_detector,0,0,0,audit_detector_hidden_text_candidate,1.0.0,NOT_REVIEWED,,raw_prop=hidden_text_candidate_page_count,NOT_REVIEWED,DERIVED_RECONCILIATION
INE002L01015_2025,SJVN Limited,2025,HOLDOUT,duplicate_text_candidate,CANDIDATE,t0.1_audit_detector,1,7,1,audit_detector_duplicate_text_candidate,1.0.0,NOT_REVIEWED,,raw_prop=duplicate_text_candidate_page_count,NOT_REVIEWED,DERIVED_RECONCILIATION
INE002L01015_2025,SJVN Limited,2025,HOLDOUT,devanagari_candidate,CANDIDATE,t0.1_audit_detector,1,1,1,audit_detector_devanagari_candidate,1.0.0,NOT_REVIEWED,,raw_prop=devanagari_page_count,NOT_REVIEWED,DERIVED_RECONCILIATION
INE002L01015_2025,SJVN Limited,2025,HOLDOUT,bilingual_candidate,CANDIDATE,t0.1_audit_detector,1,1,1,audit_detector_bilingual_candidate,1.0.0,NOT_REVIEWED,,raw_prop=bilingual_candidate_page_count,NOT_REVIEWED,DERIVED_RECONCILIATION
INE002L01015_2025,SJVN Limited,2025,HOLDOUT,two_column,CANDIDATE,t0.1_audit_detector,1,70,1,audit_detector_two_column,1.0.0,NOT_REVIEWED,,raw_prop=two_column_page_count,NOT_REVIEWED,DERIVED_RECONCILIATION
INE002L01015_2025,SJVN Limited,2025,HOLDOUT,multi_column,CANDIDATE,t0.1_audit_detector,1,165,1,audit_detector_multi_column,1.0.0,NOT_REVIEWED,,raw_prop=multi_column_page_count,NOT_REVIEWED,DERIVED_RECONCILIATION
INE002L01015_2025,SJVN Limited,2025,HOLDOUT,table_candidate,CANDIDATE,t0.1_audit_detector,1,241,1,audit_detector_table_candidate,1.0.0,NOT_REVIEWED,,raw_prop=table_candidate_page_count,NOT_REVIEWED,DERIVED_RECONCILIATION
INE002L01015_2025,SJVN Limited,2025,HOLDOUT,header_candidate,NOT_OBSERVED,t0.1_audit_detector,0,0,0,audit_detector_header_candidate,1.0.0,NOT_REVIEWED,,raw_prop=header_candidate_page_count,NOT_REVIEWED,DERIVED_RECONCILIATION
INE002L01015_2025,SJVN Limited,2025,HOLDOUT,footer_candidate,NOT_OBSERVED,t0.1_audit_detector,0,0,0,audit_detector_footer_candidate,1.0.0,NOT_REVIEWED,,raw_prop=footer_candidate_page_count,NOT_REVIEWED,DERIVED_RECONCILIATION
INE002L01015_2025,SJVN Limited,2025,HOLDOUT,toc_candidate,CANDIDATE,t0.1_audit_detector,1,True,1,audit_detector_toc_candidate,1.0.0,NOT_REVIEWED,,raw_prop=toc_candidate,NOT_REVIEWED,DERIVED_RECONCILIATION
INE002L01015_2025,SJVN Limited,2025,HOLDOUT,deep_hierarchy_candidate,NOT_OBSERVED,t0.1_audit_detector,0,False,0,audit_detector_deep_hierarchy_candidate,1.0.0,NOT_REVIEWED,,raw_prop=deep_hierarchy_candidate,NOT_REVIEWED,DERIVED_RECONCILIATION
INE002L01015_2025,SJVN Limited,2025,HOLDOUT,annexure_candidate,CANDIDATE,t0.1_audit_detector,1,True,1,audit_detector_annexure_candidate,1.0.0,NOT_REVIEWED,,raw_prop=annexure_candidate,NOT_REVIEWED,DERIVED_RECONCILIATION
INE002L01015_2025,SJVN Limited,2025,HOLDOUT,combined_mdna_candidate,CANDIDATE,t0.1_audit_detector,1,True,1,audit_detector_combined_mdna_candidate,1.0.0,NOT_REVIEWED,,raw_prop=combined_mdna_candidate,NOT_REVIEWED,DERIVED_RECONCILIATION
INE002S01010_2017,Mahanagar Gas Limited,2017,VALIDATION,native,CANDIDATE,t0.1_audit_detector,1,169,1,audit_detector_native,1.0.0,NOT_REVIEWED,,raw_prop=native_page_count,NOT_REVIEWED,DERIVED_RECONCILIATION
INE002S01010_2017,Mahanagar Gas Limited,2017,VALIDATION,scanned,CANDIDATE,t0.1_audit_detector,1,1,1,audit_detector_scanned,1.0.0,NOT_REVIEWED,,raw_prop=scanned_page_count,NOT_REVIEWED,DERIVED_RECONCILIATION
INE002S01010_2017,Mahanagar Gas Limited,2017,VALIDATION,ocr_layer_candidate,CANDIDATE,t0.1_audit_detector,1,1,1,audit_detector_ocr_layer_candidate,1.0.0,NOT_REVIEWED,,raw_prop=ocr_page_count,NOT_REVIEWED,DERIVED_RECONCILIATION
INE002S01010_2017,Mahanagar Gas Limited,2017,VALIDATION,legacy_font_candidate,CANDIDATE,t0.1_audit_detector,1,1,1,audit_detector_legacy_font_candidate,1.0.0,NOT_REVIEWED,,raw_prop=legacy_candidate_page_count,NOT_REVIEWED,DERIVED_RECONCILIATION
INE002S01010_2017,Mahanagar Gas Limited,2017,VALIDATION,hidden_text_candidate,NOT_OBSERVED,t0.1_audit_detector,0,0,0,audit_detector_hidden_text_candidate,1.0.0,NOT_REVIEWED,,raw_prop=hidden_text_candidate_page_count,NOT_REVIEWED,DERIVED_RECONCILIATION
INE002S01010_2017,Mahanagar Gas Limited,2017,VALIDATION,duplicate_text_candidate,CANDIDATE,t0.1_audit_detector,1,4,1,audit_detector_duplicate_text_candidate,1.0.0,NOT_REVIEWED,,raw_prop=duplicate_text_candidate_page_count,NOT_REVIEWED,DERIVED_RECONCILIATION
INE002S01010_2017,Mahanagar Gas Limited,2017,VALIDATION,devanagari_candidate,NOT_OBSERVED,t0.1_audit_detector,0,0,0,audit_detector_devanagari_candidate,1.0.0,NOT_REVIEWED,,raw_prop=devanagari_page_count,NOT_REVIEWED,DERIVED_RECONCILIATION
INE002S01010_2017,Mahanagar Gas Limited,2017,VALIDATION,bilingual_candidate,NOT_OBSERVED,t0.1_audit_detector,0,0,0,audit_detector_bilingual_candidate,1.0.0,NOT_REVIEWED,,raw_prop=bilingual_candidate_page_count,NOT_REVIEWED,DERIVED_RECONCILIATION
INE002S01010_2017,Mahanagar Gas Limited,2017,VALIDATION,two_column,CANDIDATE,t0.1_audit_detector,1,95,1,audit_detector_two_column,1.0.0,NOT_REVIEWED,,raw_prop=two_column_page_count,NOT_REVIEWED,DERIVED_RECONCILIATION
INE002S01010_2017,Mahanagar Gas Limited,2017,VALIDATION,multi_column,CANDIDATE,t0.1_audit_detector,1,59,1,audit_detector_multi_column,1.0.0,NOT_REVIEWED,,raw_prop=multi_column_page_count,NOT_REVIEWED,DERIVED_RECONCILIATION
INE002S01010_2017,Mahanagar Gas Limited,2017,VALIDATION,table_candidate,CANDIDATE,t0.1_audit_detector,1,128,1,audit_detector_table_candidate,1.0.0,NOT_REVIEWED,,raw_prop=table_candidate_page_count,NOT_REVIEWED,DERIVED_RECONCILIATION
INE002S01010_2017,Mahanagar Gas Limited,2017,VALIDATION,header_candidate,NOT_OBSERVED,t0.1_audit_detector,0,0,0,audit_detector_header_candidate,1.0.0,NOT_REVIEWED,,raw_prop=header_candidate_page_count,NOT_REVIEWED,DERIVED_RECONCILIATION
INE002S01010_2017,Mahanagar Gas Limited,2017,VALIDATION,footer_candidate,NOT_OBSERVED,t0.1_audit_detector,0,0,0,audit_detector_footer_candidate,1.0.0,NOT_REVIEWED,,raw_prop=footer_candidate_page_count,NOT_REVIEWED,DERIVED_RECONCILIATION
INE002S01010_2017,Mahanagar Gas Limited,2017,VALIDATION,toc_candidate,CANDIDATE,t0.1_audit_detector,1,True,1,audit_detector_toc_candidate,1.0.0,NOT_REVIEWED,,raw_prop=toc_candidate,NOT_REVIEWED,DERIVED_RECONCILIATION
INE002S01010_2017,Mahanagar Gas Limited,2017,VALIDATION,deep_hierarchy_candidate,NOT_OBSERVED,t0.1_audit_detector,0,False,0,audit_detector_deep_hierarchy_candidate,1.0.0,NOT_REVIEWED,,raw_prop=deep_hierarchy_candidate,NOT_REVIEWED,DERIVED_RECONCILIATION
INE002S01010_2017,Mahanagar Gas Limited,2017,VALIDATION,annexure_candidate,CANDIDATE,t0.1_audit_detector,1,True,1,audit_detector_annexure_candidate,1.0.0,NOT_REVIEWED,,raw_prop=annexure_candidate,NOT_REVIEWED,DERIVED_RECONCILIATION
INE002S01010_2017,Mahanagar Gas Limited,2017,VALIDATION,combined_mdna_candidate,NOT_OBSERVED,t0.1_audit_detector,0,False,0,audit_detector_combined_mdna_candidate,1.0.0,NOT_REVIEWED,,raw_prop=combined_mdna_candidate,NOT_REVIEWED,DERIVED_RECONCILIATION
INE002S01010_2018,Mahanagar Gas Limited,2018,VALIDATION,native,CANDIDATE,t0.1_audit_detector,1,164,1,audit_detector_native,1.0.0,NOT_REVIEWED,,raw_prop=native_page_count,NOT_REVIEWED,DERIVED_RECONCILIATION
INE002S01010_2018,Mahanagar Gas Limited,2018,VALIDATION,scanned,NOT_OBSERVED,t0.1_audit_detector,0,0,0,audit_detector_scanned,1.0.0,NOT_REVIEWED,,raw_prop=scanned_page_count,NOT_REVIEWED,DERIVED_RECONCILIATION
INE002S01010_2018,Mahanagar Gas Limited,2018,VALIDATION,ocr_layer_candidate,CANDIDATE,t0.1_audit_detector,1,4,1,audit_detector_ocr_layer_candidate,1.0.0,NOT_REVIEWED,,raw_prop=ocr_page_count,NOT_REVIEWED,DERIVED_RECONCILIATION
INE002S01010_2018,Mahanagar Gas Limited,2018,VALIDATION,legacy_font_candidate,NOT_OBSERVED,t0.1_audit_detector,0,0,0,audit_detector_legacy_font_candidate,1.0.0,NOT_REVIEWED,,raw_prop=legacy_candidate_page_count,NOT_REVIEWED,DERIVED_RECONCILIATION
INE002S01010_2018,Mahanagar Gas Limited,2018,VALIDATION,hidden_text_candidate,NOT_OBSERVED,t0.1_audit_detector,0,0,0,audit_detector_hidden_text_candidate,1.0.0,NOT_REVIEWED,,raw_prop=hidden_text_candidate_page_count,NOT_REVIEWED,DERIVED_RECONCILIATION
INE002S01010_2018,Mahanagar Gas Limited,2018,VALIDATION,duplicate_text_candidate,NOT_OBSERVED,t0.1_audit_detector,0,0,0,audit_detector_duplicate_text_candidate,1.0.0,NOT_REVIEWED,,raw_prop=duplicate_text_candidate_page_count,NOT_REVIEWED,DERIVED_RECONCILIATION
INE002S01010_2018,Mahanagar Gas Limited,2018,VALIDATION,devanagari_candidate,NOT_OBSERVED,t0.1_audit_detector,0,0,0,audit_detector_devanagari_candidate,1.0.0,NOT_REVIEWED,,raw_prop=devanagari_page_count,NOT_REVIEWED,DERIVED_RECONCILIATION
INE002S01010_2018,Mahanagar Gas Limited,2018,VALIDATION,bilingual_candidate,NOT_OBSERVED,t0.1_audit_detector,0,0,0,audit_detector_bilingual_candidate,1.0.0,NOT_REVIEWED,,raw_prop=bilingual_candidate_page_count,NOT_REVIEWED,DERIVED_RECONCILIATION
INE002S01010_2018,Mahanagar Gas Limited,2018,VALIDATION,two_column,CANDIDATE,t0.1_audit_detector,1,87,1,audit_detector_two_column,1.0.0,NOT_REVIEWED,,raw_prop=two_column_page_count,NOT_REVIEWED,DERIVED_RECONCILIATION
INE002S01010_2018,Mahanagar Gas Limited,2018,VALIDATION,multi_column,CANDIDATE,t0.1_audit_detector,1,66,1,audit_detector_multi_column,1.0.0,NOT_REVIEWED,,raw_prop=multi_column_page_count,NOT_REVIEWED,DERIVED_RECONCILIATION
INE002S01010_2018,Mahanagar Gas Limited,2018,VALIDATION,table_candidate,CANDIDATE,t0.1_audit_detector,1,130,1,audit_detector_table_candidate,1.0.0,NOT_REVIEWED,,raw_prop=table_candidate_page_count,NOT_REVIEWED,DERIVED_RECONCILIATION
INE002S01010_2018,Mahanagar Gas Limited,2018,VALIDATION,header_candidate,NOT_OBSERVED,t0.1_audit_detector,0,0,0,audit_detector_header_candidate,1.0.0,NOT_REVIEWED,,raw_prop=header_candidate_page_count,NOT_REVIEWED,DERIVED_RECONCILIATION
INE002S01010_2018,Mahanagar Gas Limited,2018,VALIDATION,footer_candidate,CANDIDATE,t0.1_audit_detector,1,2,1,audit_detector_footer_candidate,1.0.0,NOT_REVIEWED,,raw_prop=footer_candidate_page_count,NOT_REVIEWED,DERIVED_RECONCILIATION
INE002S01010_2018,Mahanagar Gas Limited,2018,VALIDATION,toc_candidate,CANDIDATE,t0.1_audit_detector,1,True,1,audit_detector_toc_candidate,1.0.0,NOT_REVIEWED,,raw_prop=toc_candidate,NOT_REVIEWED,DERIVED_RECONCILIATION
INE002S01010_2018,Mahanagar Gas Limited,2018,VALIDATION,deep_hierarchy_candidate,NOT_OBSERVED,t0.1_audit_detector,0,False,0,audit_detector_deep_hierarchy_candidate,1.0.0,NOT_REVIEWED,,raw_prop=deep_hierarchy_candidate,NOT_REVIEWED,DERIVED_RECONCILIATION
INE002S01010_2018,Mahanagar Gas Limited,2018,VALIDATION,annexure_candidate,CANDIDATE,t0.1_audit_detector,1,True,1,audit_detector_annexure_candidate,1.0.0,NOT_REVIEWED,,raw_prop=annexure_candidate,NOT_REVIEWED,DERIVED_RECONCILIATION
INE002S01010_2018,Mahanagar Gas Limited,2018,VALIDATION,combined_mdna_candidate,NOT_OBSERVED,t0.1_audit_detector,0,False,0,audit_detector_combined_mdna_candidate,1.0.0,NOT_REVIEWED,,raw_prop=combined_mdna_candidate,NOT_REVIEWED,DERIVED_RECONCILIATION
INE002S01010_2024,Mahanagar Gas Limited,2024,VALIDATION,native,CANDIDATE,t0.1_audit_detector,1,171,1,audit_detector_native,1.0.0,NOT_REVIEWED,,raw_prop=native_page_count,NOT_REVIEWED,DERIVED_RECONCILIATION
INE002S01010_2024,Mahanagar Gas Limited,2024,VALIDATION,scanned,CANDIDATE,t0.1_audit_detector,1,1,1,audit_detector_scanned,1.0.0,NOT_REVIEWED,,raw_prop=scanned_page_count,NOT_REVIEWED,DERIVED_RECONCILIATION
INE002S01010_2024,Mahanagar Gas Limited,2024,VALIDATION,ocr_layer_candidate,NOT_OBSERVED,t0.1_audit_detector,0,0,0,audit_detector_ocr_layer_candidate,1.0.0,NOT_REVIEWED,,raw_prop=ocr_page_count,NOT_REVIEWED,DERIVED_RECONCILIATION
INE002S01010_2024,Mahanagar Gas Limited,2024,VALIDATION,legacy_font_candidate,NOT_OBSERVED,t0.1_audit_detector,0,0,0,audit_detector_legacy_font_candidate,1.0.0,NOT_REVIEWED,,raw_prop=legacy_candidate_page_count,NOT_REVIEWED,DERIVED_RECONCILIATION
INE002S01010_2024,Mahanagar Gas Limited,2024,VALIDATION,hidden_text_candidate,NOT_OBSERVED,t0.1_audit_detector,0,0,0,audit_detector_hidden_text_candidate,1.0.0,NOT_REVIEWED,,raw_prop=hidden_text_candidate_page_count,NOT_REVIEWED,DERIVED_RECONCILIATION
INE002S01010_2024,Mahanagar Gas Limited,2024,VALIDATION,duplicate_text_candidate,NOT_OBSERVED,t0.1_audit_detector,0,0,0,audit_detector_duplicate_text_candidate,1.0.0,NOT_REVIEWED,,raw_prop=duplicate_text_candidate_page_count,NOT_REVIEWED,DERIVED_RECONCILIATION
INE002S01010_2024,Mahanagar Gas Limited,2024,VALIDATION,devanagari_candidate,NOT_OBSERVED,t0.1_audit_detector,0,0,0,audit_detector_devanagari_candidate,1.0.0,NOT_REVIEWED,,raw_prop=devanagari_page_count,NOT_REVIEWED,DERIVED_RECONCILIATION
INE002S01010_2024,Mahanagar Gas Limited,2024,VALIDATION,bilingual_candidate,NOT_OBSERVED,t0.1_audit_detector,0,0,0,audit_detector_bilingual_candidate,1.0.0,NOT_REVIEWED,,raw_prop=bilingual_candidate_page_count,NOT_REVIEWED,DERIVED_RECONCILIATION
INE002S01010_2024,Mahanagar Gas Limited,2024,VALIDATION,two_column,CANDIDATE,t0.1_audit_detector,1,166,1,audit_detector_two_column,1.0.0,NOT_REVIEWED,,raw_prop=two_column_page_count,NOT_REVIEWED,DERIVED_RECONCILIATION
INE002S01010_2024,Mahanagar Gas Limited,2024,VALIDATION,multi_column,CANDIDATE,t0.1_audit_detector,1,4,1,audit_detector_multi_column,1.0.0,NOT_REVIEWED,,raw_prop=multi_column_page_count,NOT_REVIEWED,DERIVED_RECONCILIATION
INE002S01010_2024,Mahanagar Gas Limited,2024,VALIDATION,table_candidate,CANDIDATE,t0.1_audit_detector,1,171,1,audit_detector_table_candidate,1.0.0,NOT_REVIEWED,,raw_prop=table_candidate_page_count,NOT_REVIEWED,DERIVED_RECONCILIATION
INE002S01010_2024,Mahanagar Gas Limited,2024,VALIDATION,header_candidate,CANDIDATE,t0.1_audit_detector,1,168,1,audit_detector_header_candidate,1.0.0,NOT_REVIEWED,,raw_prop=header_candidate_page_count,NOT_REVIEWED,DERIVED_RECONCILIATION
INE002S01010_2024,Mahanagar Gas Limited,2024,VALIDATION,footer_candidate,NOT_OBSERVED,t0.1_audit_detector,0,0,0,audit_detector_footer_candidate,1.0.0,NOT_REVIEWED,,raw_prop=footer_candidate_page_count,NOT_REVIEWED,DERIVED_RECONCILIATION
INE002S01010_2024,Mahanagar Gas Limited,2024,VALIDATION,toc_candidate,CANDIDATE,t0.1_audit_detector,1,True,1,audit_detector_toc_candidate,1.0.0,NOT_REVIEWED,,raw_prop=toc_candidate,NOT_REVIEWED,DERIVED_RECONCILIATION
INE002S01010_2024,Mahanagar Gas Limited,2024,VALIDATION,deep_hierarchy_candidate,CANDIDATE,t0.1_audit_detector,1,True,1,audit_detector_deep_hierarchy_candidate,1.0.0,NOT_REVIEWED,,raw_prop=deep_hierarchy_candidate,NOT_REVIEWED,DERIVED_RECONCILIATION
INE002S01010_2024,Mahanagar Gas Limited,2024,VALIDATION,annexure_candidate,CANDIDATE,t0.1_audit_detector,1,True,1,audit_detector_annexure_candidate,1.0.0,NOT_REVIEWED,,raw_prop=annexure_candidate,NOT_REVIEWED,DERIVED_RECONCILIATION
INE002S01010_2024,Mahanagar Gas Limited,2024,VALIDATION,combined_mdna_candidate,NOT_OBSERVED,t0.1_audit_detector,0,False,0,audit_detector_combined_mdna_candidate,1.0.0,NOT_REVIEWED,,raw_prop=combined_mdna_candidate,NOT_REVIEWED,DERIVED_RECONCILIATION
INE002S01010_2025,Mahanagar Gas Limited,2025,VALIDATION,native,CANDIDATE,t0.1_audit_detector,1,198,1,audit_detector_native,1.0.0,NOT_REVIEWED,,raw_prop=native_page_count,NOT_REVIEWED,DERIVED_RECONCILIATION
INE002S01010_2025,Mahanagar Gas Limited,2025,VALIDATION,scanned,NOT_OBSERVED,t0.1_audit_detector,0,0,0,audit_detector_scanned,1.0.0,NOT_REVIEWED,,raw_prop=scanned_page_count,NOT_REVIEWED,DERIVED_RECONCILIATION
INE002S01010_2025,Mahanagar Gas Limited,2025,VALIDATION,ocr_layer_candidate,CANDIDATE,t0.1_audit_detector,1,1,1,audit_detector_ocr_layer_candidate,1.0.0,NOT_REVIEWED,,raw_prop=ocr_page_count,NOT_REVIEWED,DERIVED_RECONCILIATION
INE002S01010_2025,Mahanagar Gas Limited,2025,VALIDATION,legacy_font_candidate,CANDIDATE,t0.1_audit_detector,1,2,1,audit_detector_legacy_font_candidate,1.0.0,NOT_REVIEWED,,raw_prop=legacy_candidate_page_count,NOT_REVIEWED,DERIVED_RECONCILIATION
INE002S01010_2025,Mahanagar Gas Limited,2025,VALIDATION,hidden_text_candidate,NOT_OBSERVED,t0.1_audit_detector,0,0,0,audit_detector_hidden_text_candidate,1.0.0,NOT_REVIEWED,,raw_prop=hidden_text_candidate_page_count,NOT_REVIEWED,DERIVED_RECONCILIATION
INE002S01010_2025,Mahanagar Gas Limited,2025,VALIDATION,duplicate_text_candidate,NOT_OBSERVED,t0.1_audit_detector,0,0,0,audit_detector_duplicate_text_candidate,1.0.0,NOT_REVIEWED,,raw_prop=duplicate_text_candidate_page_count,NOT_REVIEWED,DERIVED_RECONCILIATION
INE002S01010_2025,Mahanagar Gas Limited,2025,VALIDATION,devanagari_candidate,NOT_OBSERVED,t0.1_audit_detector,0,0,0,audit_detector_devanagari_candidate,1.0.0,NOT_REVIEWED,,raw_prop=devanagari_page_count,NOT_REVIEWED,DERIVED_RECONCILIATION
INE002S01010_2025,Mahanagar Gas Limited,2025,VALIDATION,bilingual_candidate,NOT_OBSERVED,t0.1_audit_detector,0,0,0,audit_detector_bilingual_candidate,1.0.0,NOT_REVIEWED,,raw_prop=bilingual_candidate_page_count,NOT_REVIEWED,DERIVED_RECONCILIATION
INE002S01010_2025,Mahanagar Gas Limited,2025,VALIDATION,two_column,CANDIDATE,t0.1_audit_detector,1,193,1,audit_detector_two_column,1.0.0,NOT_REVIEWED,,raw_prop=two_column_page_count,NOT_REVIEWED,DERIVED_RECONCILIATION
INE002S01010_2025,Mahanagar Gas Limited,2025,VALIDATION,multi_column,CANDIDATE,t0.1_audit_detector,1,4,1,audit_detector_multi_column,1.0.0,NOT_REVIEWED,,raw_prop=multi_column_page_count,NOT_REVIEWED,DERIVED_RECONCILIATION
INE002S01010_2025,Mahanagar Gas Limited,2025,VALIDATION,table_candidate,CANDIDATE,t0.1_audit_detector,1,195,1,audit_detector_table_candidate,1.0.0,NOT_REVIEWED,,raw_prop=table_candidate_page_count,NOT_REVIEWED,DERIVED_RECONCILIATION
INE002S01010_2025,Mahanagar Gas Limited,2025,VALIDATION,header_candidate,CANDIDATE,t0.1_audit_detector,1,188,1,audit_detector_header_candidate,1.0.0,NOT_REVIEWED,,raw_prop=header_candidate_page_count,NOT_REVIEWED,DERIVED_RECONCILIATION
INE002S01010_2025,Mahanagar Gas Limited,2025,VALIDATION,footer_candidate,NOT_OBSERVED,t0.1_audit_detector,0,0,0,audit_detector_footer_candidate,1.0.0,NOT_REVIEWED,,raw_prop=footer_candidate_page_count,NOT_REVIEWED,DERIVED_RECONCILIATION
INE002S01010_2025,Mahanagar Gas Limited,2025,VALIDATION,toc_candidate,CANDIDATE,t0.1_audit_detector,1,True,1,audit_detector_toc_candidate,1.0.0,NOT_REVIEWED,,raw_prop=toc_candidate,NOT_REVIEWED,DERIVED_RECONCILIATION
INE002S01010_2025,Mahanagar Gas Limited,2025,VALIDATION,deep_hierarchy_candidate,NOT_OBSERVED,t0.1_audit_detector,0,False,0,audit_detector_deep_hierarchy_candidate,1.0.0,NOT_REVIEWED,,raw_prop=deep_hierarchy_candidate,NOT_REVIEWED,DERIVED_RECONCILIATION
INE002S01010_2025,Mahanagar Gas Limited,2025,VALIDATION,annexure_candidate,CANDIDATE,t0.1_audit_detector,1,True,1,audit_detector_annexure_candidate,1.0.0,NOT_REVIEWED,,raw_prop=annexure_candidate,NOT_REVIEWED,DERIVED_RECONCILIATION
INE002S01010_2025,Mahanagar Gas Limited,2025,VALIDATION,combined_mdna_candidate,NOT_OBSERVED,t0.1_audit_detector,0,False,0,audit_detector_combined_mdna_candidate,1.0.0,NOT_REVIEWED,,raw_prop=combined_mdna_candidate,NOT_REVIEWED,DERIVED_RECONCILIATION
INE003B01014_2011,Inter State Oil Carrier Ltd,2011,FIT,native,NOT_OBSERVED,t0.1_audit_detector,0,0,0,audit_detector_native,1.0.0,NOT_REVIEWED,,raw_prop=native_page_count,NOT_REVIEWED,DERIVED_RECONCILIATION
INE003B01014_2011,Inter State Oil Carrier Ltd,2011,FIT,scanned,CANDIDATE,t0.1_audit_detector,1,48,1,audit_detector_scanned,1.0.0,NOT_REVIEWED,,raw_prop=scanned_page_count,NOT_REVIEWED,DERIVED_RECONCILIATION
INE003B01014_2011,Inter State Oil Carrier Ltd,2011,FIT,ocr_layer_candidate,NOT_OBSERVED,t0.1_audit_detector,0,0,0,audit_detector_ocr_layer_candidate,1.0.0,NOT_REVIEWED,,raw_prop=ocr_page_count,NOT_REVIEWED,DERIVED_RECONCILIATION
INE003B01014_2011,Inter State Oil Carrier Ltd,2011,FIT,legacy_font_candidate,NOT_OBSERVED,t0.1_audit_detector,0,0,0,audit_detector_legacy_font_candidate,1.0.0,NOT_REVIEWED,,raw_prop=legacy_candidate_page_count,NOT_REVIEWED,DERIVED_RECONCILIATION
INE003B01014_2011,Inter State Oil Carrier Ltd,2011,FIT,hidden_text_candidate,NOT_OBSERVED,t0.1_audit_detector,0,0,0,audit_detector_hidden_text_candidate,1.0.0,NOT_REVIEWED,,raw_prop=hidden_text_candidate_page_count,NOT_REVIEWED,DERIVED_RECONCILIATION
INE003B01014_2011,Inter State Oil Carrier Ltd,2011,FIT,duplicate_text_candidate,NOT_OBSERVED,t0.1_audit_detector,0,0,0,audit_detector_duplicate_text_candidate,1.0.0,NOT_REVIEWED,,raw_prop=duplicate_text_candidate_page_count,NOT_REVIEWED,DERIVED_RECONCILIATION
INE003B01014_2011,Inter State Oil Carrier Ltd,2011,FIT,devanagari_candidate,NOT_OBSERVED,t0.1_audit_detector,0,0,0,audit_detector_devanagari_candidate,1.0.0,NOT_REVIEWED,,raw_prop=devanagari_page_count,NOT_REVIEWED,DERIVED_RECONCILIATION
INE003B01014_2011,Inter State Oil Carrier Ltd,2011,FIT,bilingual_candidate,NOT_OBSERVED,t0.1_audit_detector,0,0,0,audit_detector_bilingual_candidate,1.0.0,NOT_REVIEWED,,raw_prop=bilingual_candidate_page_count,NOT_REVIEWED,DERIVED_RECONCILIATION
INE003B01014_2011,Inter State Oil Carrier Ltd,2011,FIT,two_column,NOT_OBSERVED,t0.1_audit_detector,0,0,0,audit_detector_two_column,1.0.0,NOT_REVIEWED,,raw_prop=two_column_page_count,NOT_REVIEWED,DERIVED_RECONCILIATION
INE003B01014_2011,Inter State Oil Carrier Ltd,2011,FIT,multi_column,NOT_OBSERVED,t0.1_audit_detector,0,0,0,audit_detector_multi_column,1.0.0,NOT_REVIEWED,,raw_prop=multi_column_page_count,NOT_REVIEWED,DERIVED_RECONCILIATION
INE003B01014_2011,Inter State Oil Carrier Ltd,2011,FIT,table_candidate,NOT_OBSERVED,t0.1_audit_detector,0,0,0,audit_detector_table_candidate,1.0.0,NOT_REVIEWED,,raw_prop=table_candidate_page_count,NOT_REVIEWED,DERIVED_RECONCILIATION
INE003B01014_2011,Inter State Oil Carrier Ltd,2011,FIT,header_candidate,NOT_OBSERVED,t0.1_audit_detector,0,0,0,audit_detector_header_candidate,1.0.0,NOT_REVIEWED,,raw_prop=header_candidate_page_count,NOT_REVIEWED,DERIVED_RECONCILIATION
INE003B01014_2011,Inter State Oil Carrier Ltd,2011,FIT,footer_candidate,NOT_OBSERVED,t0.1_audit_detector,0,0,0,audit_detector_footer_candidate,1.0.0,NOT_REVIEWED,,raw_prop=footer_candidate_page_count,NOT_REVIEWED,DERIVED_RECONCILIATION
INE003B01014_2011,Inter State Oil Carrier Ltd,2011,FIT,toc_candidate,NOT_OBSERVED,t0.1_audit_detector,0,False,0,audit_detector_toc_candidate,1.0.0,NOT_REVIEWED,,raw_prop=toc_candidate,NOT_REVIEWED,DERIVED_RECONCILIATION
INE003B01014_2011,Inter State Oil Carrier Ltd,2011,FIT,deep_hierarchy_candidate,NOT_OBSERVED,t0.1_audit_detector,0,False,0,audit_detector_deep_hierarchy_candidate,1.0.0,NOT_REVIEWED,,raw_prop=deep_hierarchy_candidate,NOT_REVIEWED,DERIVED_RECONCILIATION
INE003B01014_2011,Inter State Oil Carrier Ltd,2011,FIT,annexure_candidate,NOT_OBSERVED,t0.1_audit_detector,0,False,0,audit_detector_annexure_candidate,1.0.0,NOT_REVIEWED,,raw_prop=annexure_candidate,NOT_REVIEWED,DERIVED_RECONCILIATION
INE003B01014_2011,Inter State Oil Carrier Ltd,2011,FIT,combined_mdna_candidate,NOT_OBSERVED,t0.1_audit_detector,0,False,0,audit_detector_combined_mdna_candidate,1.0.0,NOT_REVIEWED,,raw_prop=combined_mdna_candidate,NOT_REVIEWED,DERIVED_RECONCILIATION
INE003B01014_2013,Inter State Oil Carrier Ltd,2013,FIT,native,CANDIDATE,t0.1_audit_detector,1,53,1,audit_detector_native,1.0.0,NOT_REVIEWED,,raw_prop=native_page_count,NOT_REVIEWED,DERIVED_RECONCILIATION
INE003B01014_2013,Inter State Oil Carrier Ltd,2013,FIT,scanned,NOT_OBSERVED,t0.1_audit_detector,0,0,0,audit_detector_scanned,1.0.0,NOT_REVIEWED,,raw_prop=scanned_page_count,NOT_REVIEWED,DERIVED_RECONCILIATION
INE003B01014_2013,Inter State Oil Carrier Ltd,2013,FIT,ocr_layer_candidate,NOT_OBSERVED,t0.1_audit_detector,0,0,0,audit_detector_ocr_layer_candidate,1.0.0,NOT_REVIEWED,,raw_prop=ocr_page_count,NOT_REVIEWED,DERIVED_RECONCILIATION
INE003B01014_2013,Inter State Oil Carrier Ltd,2013,FIT,legacy_font_candidate,NOT_OBSERVED,t0.1_audit_detector,0,0,0,audit_detector_legacy_font_candidate,1.0.0,NOT_REVIEWED,,raw_prop=legacy_candidate_page_count,NOT_REVIEWED,DERIVED_RECONCILIATION
INE003B01014_2013,Inter State Oil Carrier Ltd,2013,FIT,hidden_text_candidate,NOT_OBSERVED,t0.1_audit_detector,0,0,0,audit_detector_hidden_text_candidate,1.0.0,NOT_REVIEWED,,raw_prop=hidden_text_candidate_page_count,NOT_REVIEWED,DERIVED_RECONCILIATION
INE003B01014_2013,Inter State Oil Carrier Ltd,2013,FIT,duplicate_text_candidate,NOT_OBSERVED,t0.1_audit_detector,0,0,0,audit_detector_duplicate_text_candidate,1.0.0,NOT_REVIEWED,,raw_prop=duplicate_text_candidate_page_count,NOT_REVIEWED,DERIVED_RECONCILIATION
INE003B01014_2013,Inter State Oil Carrier Ltd,2013,FIT,devanagari_candidate,NOT_OBSERVED,t0.1_audit_detector,0,0,0,audit_detector_devanagari_candidate,1.0.0,NOT_REVIEWED,,raw_prop=devanagari_page_count,NOT_REVIEWED,DERIVED_RECONCILIATION
INE003B01014_2013,Inter State Oil Carrier Ltd,2013,FIT,bilingual_candidate,NOT_OBSERVED,t0.1_audit_detector,0,0,0,audit_detector_bilingual_candidate,1.0.0,NOT_REVIEWED,,raw_prop=bilingual_candidate_page_count,NOT_REVIEWED,DERIVED_RECONCILIATION
INE003B01014_2013,Inter State Oil Carrier Ltd,2013,FIT,two_column,CANDIDATE,t0.1_audit_detector,1,2,1,audit_detector_two_column,1.0.0,NOT_REVIEWED,,raw_prop=two_column_page_count,NOT_REVIEWED,DERIVED_RECONCILIATION
INE003B01014_2013,Inter State Oil Carrier Ltd,2013,FIT,multi_column,CANDIDATE,t0.1_audit_detector,1,24,1,audit_detector_multi_column,1.0.0,NOT_REVIEWED,,raw_prop=multi_column_page_count,NOT_REVIEWED,DERIVED_RECONCILIATION
INE003B01014_2013,Inter State Oil Carrier Ltd,2013,FIT,table_candidate,CANDIDATE,t0.1_audit_detector,1,22,1,audit_detector_table_candidate,1.0.0,NOT_REVIEWED,,raw_prop=table_candidate_page_count,NOT_REVIEWED,DERIVED_RECONCILIATION
INE003B01014_2013,Inter State Oil Carrier Ltd,2013,FIT,header_candidate,NOT_OBSERVED,t0.1_audit_detector,0,0,0,audit_detector_header_candidate,1.0.0,NOT_REVIEWED,,raw_prop=header_candidate_page_count,NOT_REVIEWED,DERIVED_RECONCILIATION
INE003B01014_2013,Inter State Oil Carrier Ltd,2013,FIT,footer_candidate,NOT_OBSERVED,t0.1_audit_detector,0,0,0,audit_detector_footer_candidate,1.0.0,NOT_REVIEWED,,raw_prop=footer_candidate_page_count,NOT_REVIEWED,DERIVED_RECONCILIATION
INE003B01014_2013,Inter State Oil Carrier Ltd,2013,FIT,toc_candidate,NOT_OBSERVED,t0.1_audit_detector,0,False,0,audit_detector_toc_candidate,1.0.0,NOT_REVIEWED,,raw_prop=toc_candidate,NOT_REVIEWED,DERIVED_RECONCILIATION
INE003B01014_2013,Inter State Oil Carrier Ltd,2013,FIT,deep_hierarchy_candidate,NOT_OBSERVED,t0.1_audit_detector,0,False,0,audit_detector_deep_hierarchy_candidate,1.0.0,NOT_REVIEWED,,raw_prop=deep_hierarchy_candidate,NOT_REVIEWED,DERIVED_RECONCILIATION
INE003B01014_2013,Inter State Oil Carrier Ltd,2013,FIT,annexure_candidate,CANDIDATE,t0.1_audit_detector,1,True,1,audit_detector_annexure_candidate,1.0.0,NOT_REVIEWED,,raw_prop=annexure_candidate,NOT_REVIEWED,DERIVED_RECONCILIATION
INE003B01014_2013,Inter State Oil Carrier Ltd,2013,FIT,combined_mdna_candidate,CANDIDATE,t0.1_audit_detector,1,True,1,audit_detector_combined_mdna_candidate,1.0.0,NOT_REVIEWED,,raw_prop=combined_mdna_candidate,NOT_REVIEWED,DERIVED_RECONCILIATION
INE003B01014_2017,Inter State Oil Carrier Ltd,2017,FIT,native,CANDIDATE,t0.1_audit_detector,1,63,1,audit_detector_native,1.0.0,NOT_REVIEWED,,raw_prop=native_page_count,NOT_REVIEWED,DERIVED_RECONCILIATION
INE003B01014_2017,Inter State Oil Carrier Ltd,2017,FIT,scanned,NOT_OBSERVED,t0.1_audit_detector,0,0,0,audit_detector_scanned,1.0.0,NOT_REVIEWED,,raw_prop=scanned_page_count,NOT_REVIEWED,DERIVED_RECONCILIATION
INE003B01014_2017,Inter State Oil Carrier Ltd,2017,FIT,ocr_layer_candidate,NOT_OBSERVED,t0.1_audit_detector,0,0,0,audit_detector_ocr_layer_candidate,1.0.0,NOT_REVIEWED,,raw_prop=ocr_page_count,NOT_REVIEWED,DERIVED_RECONCILIATION
INE003B01014_2017,Inter State Oil Carrier Ltd,2017,FIT,legacy_font_candidate,NOT_OBSERVED,t0.1_audit_detector,0,0,0,audit_detector_legacy_font_candidate,1.0.0,NOT_REVIEWED,,raw_prop=legacy_candidate_page_count,NOT_REVIEWED,DERIVED_RECONCILIATION
INE003B01014_2017,Inter State Oil Carrier Ltd,2017,FIT,hidden_text_candidate,NOT_OBSERVED,t0.1_audit_detector,0,0,0,audit_detector_hidden_text_candidate,1.0.0,NOT_REVIEWED,,raw_prop=hidden_text_candidate_page_count,NOT_REVIEWED,DERIVED_RECONCILIATION
INE003B01014_2017,Inter State Oil Carrier Ltd,2017,FIT,duplicate_text_candidate,NOT_OBSERVED,t0.1_audit_detector,0,0,0,audit_detector_duplicate_text_candidate,1.0.0,NOT_REVIEWED,,raw_prop=duplicate_text_candidate_page_count,NOT_REVIEWED,DERIVED_RECONCILIATION
INE003B01014_2017,Inter State Oil Carrier Ltd,2017,FIT,devanagari_candidate,NOT_OBSERVED,t0.1_audit_detector,0,0,0,audit_detector_devanagari_candidate,1.0.0,NOT_REVIEWED,,raw_prop=devanagari_page_count,NOT_REVIEWED,DERIVED_RECONCILIATION
INE003B01014_2017,Inter State Oil Carrier Ltd,2017,FIT,bilingual_candidate,NOT_OBSERVED,t0.1_audit_detector,0,0,0,audit_detector_bilingual_candidate,1.0.0,NOT_REVIEWED,,raw_prop=bilingual_candidate_page_count,NOT_REVIEWED,DERIVED_RECONCILIATION
INE003B01014_2017,Inter State Oil Carrier Ltd,2017,FIT,two_column,CANDIDATE,t0.1_audit_detector,1,1,1,audit_detector_two_column,1.0.0,NOT_REVIEWED,,raw_prop=two_column_page_count,NOT_REVIEWED,DERIVED_RECONCILIATION
INE003B01014_2017,Inter State Oil Carrier Ltd,2017,FIT,multi_column,CANDIDATE,t0.1_audit_detector,1,30,1,audit_detector_multi_column,1.0.0,NOT_REVIEWED,,raw_prop=multi_column_page_count,NOT_REVIEWED,DERIVED_RECONCILIATION
INE003B01014_2017,Inter State Oil Carrier Ltd,2017,FIT,table_candidate,CANDIDATE,t0.1_audit_detector,1,25,1,audit_detector_table_candidate,1.0.0,NOT_REVIEWED,,raw_prop=table_candidate_page_count,NOT_REVIEWED,DERIVED_RECONCILIATION
INE003B01014_2017,Inter State Oil Carrier Ltd,2017,FIT,header_candidate,NOT_OBSERVED,t0.1_audit_detector,0,0,0,audit_detector_header_candidate,1.0.0,NOT_REVIEWED,,raw_prop=header_candidate_page_count,NOT_REVIEWED,DERIVED_RECONCILIATION
INE003B01014_2017,Inter State Oil Carrier Ltd,2017,FIT,footer_candidate,NOT_OBSERVED,t0.1_audit_detector,0,0,0,audit_detector_footer_candidate,1.0.0,NOT_REVIEWED,,raw_prop=footer_candidate_page_count,NOT_REVIEWED,DERIVED_RECONCILIATION
INE003B01014_2017,Inter State Oil Carrier Ltd,2017,FIT,toc_candidate,CANDIDATE,t0.1_audit_detector,1,True,1,audit_detector_toc_candidate,1.0.0,NOT_REVIEWED,,raw_prop=toc_candidate,NOT_REVIEWED,DERIVED_RECONCILIATION
INE003B01014_2017,Inter State Oil Carrier Ltd,2017,FIT,deep_hierarchy_candidate,NOT_OBSERVED,t0.1_audit_detector,0,False,0,audit_detector_deep_hierarchy_candidate,1.0.0,NOT_REVIEWED,,raw_prop=deep_hierarchy_candidate,NOT_REVIEWED,DERIVED_RECONCILIATION
INE003B01014_2017,Inter State Oil Carrier Ltd,2017,FIT,annexure_candidate,CANDIDATE,t0.1_audit_detector,1,True,1,audit_detector_annexure_candidate,1.0.0,NOT_REVIEWED,,raw_prop=annexure_candidate,NOT_REVIEWED,DERIVED_RECONCILIATION
INE003B01014_2017,Inter State Oil Carrier Ltd,2017,FIT,combined_mdna_candidate,NOT_OBSERVED,t0.1_audit_detector,0,False,0,audit_detector_combined_mdna_candidate,1.0.0,NOT_REVIEWED,,raw_prop=combined_mdna_candidate,NOT_REVIEWED,DERIVED_RECONCILIATION
INE003B01014_2018,Inter State Oil Carrier Ltd,2018,FIT,native,CANDIDATE,t0.1_audit_detector,1,74,1,audit_detector_native,1.0.0,NOT_REVIEWED,,raw_prop=native_page_count,NOT_REVIEWED,DERIVED_RECONCILIATION
INE003B01014_2018,Inter State Oil Carrier Ltd,2018,FIT,scanned,NOT_OBSERVED,t0.1_audit_detector,0,0,0,audit_detector_scanned,1.0.0,NOT_REVIEWED,,raw_prop=scanned_page_count,NOT_REVIEWED,DERIVED_RECONCILIATION
INE003B01014_2018,Inter State Oil Carrier Ltd,2018,FIT,ocr_layer_candidate,CANDIDATE,t0.1_audit_detector,1,1,1,audit_detector_ocr_layer_candidate,1.0.0,NOT_REVIEWED,,raw_prop=ocr_page_count,NOT_REVIEWED,DERIVED_RECONCILIATION
INE003B01014_2018,Inter State Oil Carrier Ltd,2018,FIT,legacy_font_candidate,NOT_OBSERVED,t0.1_audit_detector,0,0,0,audit_detector_legacy_font_candidate,1.0.0,NOT_REVIEWED,,raw_prop=legacy_candidate_page_count,NOT_REVIEWED,DERIVED_RECONCILIATION
INE003B01014_2018,Inter State Oil Carrier Ltd,2018,FIT,hidden_text_candidate,CANDIDATE,t0.1_audit_detector,1,1,1,audit_detector_hidden_text_candidate,1.0.0,NOT_REVIEWED,,raw_prop=hidden_text_candidate_page_count,NOT_REVIEWED,DERIVED_RECONCILIATION
INE003B01014_2018,Inter State Oil Carrier Ltd,2018,FIT,duplicate_text_candidate,NOT_OBSERVED,t0.1_audit_detector,0,0,0,audit_detector_duplicate_text_candidate,1.0.0,NOT_REVIEWED,,raw_prop=duplicate_text_candidate_page_count,NOT_REVIEWED,DERIVED_RECONCILIATION
INE003B01014_2018,Inter State Oil Carrier Ltd,2018,FIT,devanagari_candidate,NOT_OBSERVED,t0.1_audit_detector,0,0,0,audit_detector_devanagari_candidate,1.0.0,NOT_REVIEWED,,raw_prop=devanagari_page_count,NOT_REVIEWED,DERIVED_RECONCILIATION
INE003B01014_2018,Inter State Oil Carrier Ltd,2018,FIT,bilingual_candidate,NOT_OBSERVED,t0.1_audit_detector,0,0,0,audit_detector_bilingual_candidate,1.0.0,NOT_REVIEWED,,raw_prop=bilingual_candidate_page_count,NOT_REVIEWED,DERIVED_RECONCILIATION
INE003B01014_2018,Inter State Oil Carrier Ltd,2018,FIT,two_column,CANDIDATE,t0.1_audit_detector,1,2,1,audit_detector_two_column,1.0.0,NOT_REVIEWED,,raw_prop=two_column_page_count,NOT_REVIEWED,DERIVED_RECONCILIATION
INE003B01014_2018,Inter State Oil Carrier Ltd,2018,FIT,multi_column,CANDIDATE,t0.1_audit_detector,1,37,1,audit_detector_multi_column,1.0.0,NOT_REVIEWED,,raw_prop=multi_column_page_count,NOT_REVIEWED,DERIVED_RECONCILIATION
INE003B01014_2018,Inter State Oil Carrier Ltd,2018,FIT,table_candidate,CANDIDATE,t0.1_audit_detector,1,30,1,audit_detector_table_candidate,1.0.0,NOT_REVIEWED,,raw_prop=table_candidate_page_count,NOT_REVIEWED,DERIVED_RECONCILIATION
INE003B01014_2018,Inter State Oil Carrier Ltd,2018,FIT,header_candidate,NOT_OBSERVED,t0.1_audit_detector,0,0,0,audit_detector_header_candidate,1.0.0,NOT_REVIEWED,,raw_prop=header_candidate_page_count,NOT_REVIEWED,DERIVED_RECONCILIATION
INE003B01014_2018,Inter State Oil Carrier Ltd,2018,FIT,footer_candidate,NOT_OBSERVED,t0.1_audit_detector,0,0,0,audit_detector_footer_candidate,1.0.0,NOT_REVIEWED,,raw_prop=footer_candidate_page_count,NOT_REVIEWED,DERIVED_RECONCILIATION
INE003B01014_2018,Inter State Oil Carrier Ltd,2018,FIT,toc_candidate,CANDIDATE,t0.1_audit_detector,1,True,1,audit_detector_toc_candidate,1.0.0,NOT_REVIEWED,,raw_prop=toc_candidate,NOT_REVIEWED,DERIVED_RECONCILIATION
INE003B01014_2018,Inter State Oil Carrier Ltd,2018,FIT,deep_hierarchy_candidate,NOT_OBSERVED,t0.1_audit_detector,0,False,0,audit_detector_deep_hierarchy_candidate,1.0.0,NOT_REVIEWED,,raw_prop=deep_hierarchy_candidate,NOT_REVIEWED,DERIVED_RECONCILIATION
INE003B01014_2018,Inter State Oil Carrier Ltd,2018,FIT,annexure_candidate,CANDIDATE,t0.1_audit_detector,1,True,1,audit_detector_annexure_candidate,1.0.0,NOT_REVIEWED,,raw_prop=annexure_candidate,NOT_REVIEWED,DERIVED_RECONCILIATION
INE003B01014_2018,Inter State Oil Carrier Ltd,2018,FIT,combined_mdna_candidate,NOT_OBSERVED,t0.1_audit_detector,0,False,0,audit_detector_combined_mdna_candidate,1.0.0,NOT_REVIEWED,,raw_prop=combined_mdna_candidate,NOT_REVIEWED,DERIVED_RECONCILIATION
INE003B01014_2024,Inter State Oil Carrier Ltd,2024,FIT,native,CANDIDATE,t0.1_audit_detector,1,125,1,audit_detector_native,1.0.0,NOT_REVIEWED,,raw_prop=native_page_count,NOT_REVIEWED,DERIVED_RECONCILIATION
INE003B01014_2024,Inter State Oil Carrier Ltd,2024,FIT,scanned,NOT_OBSERVED,t0.1_audit_detector,0,0,0,audit_detector_scanned,1.0.0,NOT_REVIEWED,,raw_prop=scanned_page_count,NOT_REVIEWED,DERIVED_RECONCILIATION
INE003B01014_2024,Inter State Oil Carrier Ltd,2024,FIT,ocr_layer_candidate,NOT_OBSERVED,t0.1_audit_detector,0,0,0,audit_detector_ocr_layer_candidate,1.0.0,NOT_REVIEWED,,raw_prop=ocr_page_count,NOT_REVIEWED,DERIVED_RECONCILIATION
INE003B01014_2024,Inter State Oil Carrier Ltd,2024,FIT,legacy_font_candidate,NOT_OBSERVED,t0.1_audit_detector,0,0,0,audit_detector_legacy_font_candidate,1.0.0,NOT_REVIEWED,,raw_prop=legacy_candidate_page_count,NOT_REVIEWED,DERIVED_RECONCILIATION
INE003B01014_2024,Inter State Oil Carrier Ltd,2024,FIT,hidden_text_candidate,NOT_OBSERVED,t0.1_audit_detector,0,0,0,audit_detector_hidden_text_candidate,1.0.0,NOT_REVIEWED,,raw_prop=hidden_text_candidate_page_count,NOT_REVIEWED,DERIVED_RECONCILIATION
INE003B01014_2024,Inter State Oil Carrier Ltd,2024,FIT,duplicate_text_candidate,CANDIDATE,t0.1_audit_detector,1,1,1,audit_detector_duplicate_text_candidate,1.0.0,NOT_REVIEWED,,raw_prop=duplicate_text_candidate_page_count,NOT_REVIEWED,DERIVED_RECONCILIATION
INE003B01014_2024,Inter State Oil Carrier Ltd,2024,FIT,devanagari_candidate,NOT_OBSERVED,t0.1_audit_detector,0,0,0,audit_detector_devanagari_candidate,1.0.0,NOT_REVIEWED,,raw_prop=devanagari_page_count,NOT_REVIEWED,DERIVED_RECONCILIATION
INE003B01014_2024,Inter State Oil Carrier Ltd,2024,FIT,bilingual_candidate,NOT_OBSERVED,t0.1_audit_detector,0,0,0,audit_detector_bilingual_candidate,1.0.0,NOT_REVIEWED,,raw_prop=bilingual_candidate_page_count,NOT_REVIEWED,DERIVED_RECONCILIATION
INE003B01014_2024,Inter State Oil Carrier Ltd,2024,FIT,two_column,CANDIDATE,t0.1_audit_detector,1,20,1,audit_detector_two_column,1.0.0,NOT_REVIEWED,,raw_prop=two_column_page_count,NOT_REVIEWED,DERIVED_RECONCILIATION
INE003B01014_2024,Inter State Oil Carrier Ltd,2024,FIT,multi_column,CANDIDATE,t0.1_audit_detector,1,90,1,audit_detector_multi_column,1.0.0,NOT_REVIEWED,,raw_prop=multi_column_page_count,NOT_REVIEWED,DERIVED_RECONCILIATION
INE003B01014_2024,Inter State Oil Carrier Ltd,2024,FIT,table_candidate,CANDIDATE,t0.1_audit_detector,1,108,1,audit_detector_table_candidate,1.0.0,NOT_REVIEWED,,raw_prop=table_candidate_page_count,NOT_REVIEWED,DERIVED_RECONCILIATION
INE003B01014_2024,Inter State Oil Carrier Ltd,2024,FIT,header_candidate,NOT_OBSERVED,t0.1_audit_detector,0,0,0,audit_detector_header_candidate,1.0.0,NOT_REVIEWED,,raw_prop=header_candidate_page_count,NOT_REVIEWED,DERIVED_RECONCILIATION
INE003B01014_2024,Inter State Oil Carrier Ltd,2024,FIT,footer_candidate,CANDIDATE,t0.1_audit_detector,1,2,1,audit_detector_footer_candidate,1.0.0,NOT_REVIEWED,,raw_prop=footer_candidate_page_count,NOT_REVIEWED,DERIVED_RECONCILIATION
INE003B01014_2024,Inter State Oil Carrier Ltd,2024,FIT,toc_candidate,CANDIDATE,t0.1_audit_detector,1,True,1,audit_detector_toc_candidate,1.0.0,NOT_REVIEWED,,raw_prop=toc_candidate,NOT_REVIEWED,DERIVED_RECONCILIATION
INE003B01014_2024,Inter State Oil Carrier Ltd,2024,FIT,deep_hierarchy_candidate,NOT_OBSERVED,t0.1_audit_detector,0,False,0,audit_detector_deep_hierarchy_candidate,1.0.0,NOT_REVIEWED,,raw_prop=deep_hierarchy_candidate,NOT_REVIEWED,DERIVED_RECONCILIATION
INE003B01014_2024,Inter State Oil Carrier Ltd,2024,FIT,annexure_candidate,CANDIDATE,t0.1_audit_detector,1,True,1,audit_detector_annexure_candidate,1.0.0,NOT_REVIEWED,,raw_prop=annexure_candidate,NOT_REVIEWED,DERIVED_RECONCILIATION
INE003B01014_2024,Inter State Oil Carrier Ltd,2024,FIT,combined_mdna_candidate,CANDIDATE,t0.1_audit_detector,1,True,1,audit_detector_combined_mdna_candidate,1.0.0,NOT_REVIEWED,,raw_prop=combined_mdna_candidate,NOT_REVIEWED,DERIVED_RECONCILIATION
INE003B01014_2025,Inter State Oil Carrier Ltd,2025,FIT,native,CANDIDATE,t0.1_audit_detector,1,124,1,audit_detector_native,1.0.0,NOT_REVIEWED,,raw_prop=native_page_count,NOT_REVIEWED,DERIVED_RECONCILIATION
INE003B01014_2025,Inter State Oil Carrier Ltd,2025,FIT,scanned,NOT_OBSERVED,t0.1_audit_detector,0,0,0,audit_detector_scanned,1.0.0,NOT_REVIEWED,,raw_prop=scanned_page_count,NOT_REVIEWED,DERIVED_RECONCILIATION
INE003B01014_2025,Inter State Oil Carrier Ltd,2025,FIT,ocr_layer_candidate,NOT_OBSERVED,t0.1_audit_detector,0,0,0,audit_detector_ocr_layer_candidate,1.0.0,NOT_REVIEWED,,raw_prop=ocr_page_count,NOT_REVIEWED,DERIVED_RECONCILIATION
INE003B01014_2025,Inter State Oil Carrier Ltd,2025,FIT,legacy_font_candidate,NOT_OBSERVED,t0.1_audit_detector,0,0,0,audit_detector_legacy_font_candidate,1.0.0,NOT_REVIEWED,,raw_prop=legacy_candidate_page_count,NOT_REVIEWED,DERIVED_RECONCILIATION
INE003B01014_2025,Inter State Oil Carrier Ltd,2025,FIT,hidden_text_candidate,NOT_OBSERVED,t0.1_audit_detector,0,0,0,audit_detector_hidden_text_candidate,1.0.0,NOT_REVIEWED,,raw_prop=hidden_text_candidate_page_count,NOT_REVIEWED,DERIVED_RECONCILIATION
INE003B01014_2025,Inter State Oil Carrier Ltd,2025,FIT,duplicate_text_candidate,NOT_OBSERVED,t0.1_audit_detector,0,0,0,audit_detector_duplicate_text_candidate,1.0.0,NOT_REVIEWED,,raw_prop=duplicate_text_candidate_page_count,NOT_REVIEWED,DERIVED_RECONCILIATION
INE003B01014_2025,Inter State Oil Carrier Ltd,2025,FIT,devanagari_candidate,NOT_OBSERVED,t0.1_audit_detector,0,0,0,audit_detector_devanagari_candidate,1.0.0,NOT_REVIEWED,,raw_prop=devanagari_page_count,NOT_REVIEWED,DERIVED_RECONCILIATION
INE003B01014_2025,Inter State Oil Carrier Ltd,2025,FIT,bilingual_candidate,NOT_OBSERVED,t0.1_audit_detector,0,0,0,audit_detector_bilingual_candidate,1.0.0,NOT_REVIEWED,,raw_prop=bilingual_candidate_page_count,NOT_REVIEWED,DERIVED_RECONCILIATION
INE003B01014_2025,Inter State Oil Carrier Ltd,2025,FIT,two_column,CANDIDATE,t0.1_audit_detector,1,21,1,audit_detector_two_column,1.0.0,NOT_REVIEWED,,raw_prop=two_column_page_count,NOT_REVIEWED,DERIVED_RECONCILIATION
INE003B01014_2025,Inter State Oil Carrier Ltd,2025,FIT,multi_column,CANDIDATE,t0.1_audit_detector,1,68,1,audit_detector_multi_column,1.0.0,NOT_REVIEWED,,raw_prop=multi_column_page_count,NOT_REVIEWED,DERIVED_RECONCILIATION
INE003B01014_2025,Inter State Oil Carrier Ltd,2025,FIT,table_candidate,CANDIDATE,t0.1_audit_detector,1,99,1,audit_detector_table_candidate,1.0.0,NOT_REVIEWED,,raw_prop=table_candidate_page_count,NOT_REVIEWED,DERIVED_RECONCILIATION
INE003B01014_2025,Inter State Oil Carrier Ltd,2025,FIT,header_candidate,CANDIDATE,t0.1_audit_detector,1,2,1,audit_detector_header_candidate,1.0.0,NOT_REVIEWED,,raw_prop=header_candidate_page_count,NOT_REVIEWED,DERIVED_RECONCILIATION
INE003B01014_2025,Inter State Oil Carrier Ltd,2025,FIT,footer_candidate,NOT_OBSERVED,t0.1_audit_detector,0,0,0,audit_detector_footer_candidate,1.0.0,NOT_REVIEWED,,raw_prop=footer_candidate_page_count,NOT_REVIEWED,DERIVED_RECONCILIATION
INE003B01014_2025,Inter State Oil Carrier Ltd,2025,FIT,toc_candidate,CANDIDATE,t0.1_audit_detector,1,True,1,audit_detector_toc_candidate,1.0.0,NOT_REVIEWED,,raw_prop=toc_candidate,NOT_REVIEWED,DERIVED_RECONCILIATION
INE003B01014_2025,Inter State Oil Carrier Ltd,2025,FIT,deep_hierarchy_candidate,NOT_OBSERVED,t0.1_audit_detector,0,False,0,audit_detector_deep_hierarchy_candidate,1.0.0,NOT_REVIEWED,,raw_prop=deep_hierarchy_candidate,NOT_REVIEWED,DERIVED_RECONCILIATION
INE003B01014_2025,Inter State Oil Carrier Ltd,2025,FIT,annexure_candidate,CANDIDATE,t0.1_audit_detector,1,True,1,audit_detector_annexure_candidate,1.0.0,NOT_REVIEWED,,raw_prop=annexure_candidate,NOT_REVIEWED,DERIVED_RECONCILIATION
INE003B01014_2025,Inter State Oil Carrier Ltd,2025,FIT,combined_mdna_candidate,CANDIDATE,t0.1_audit_detector,1,True,1,audit_detector_combined_mdna_candidate,1.0.0,NOT_REVIEWED,,raw_prop=combined_mdna_candidate,NOT_REVIEWED,DERIVED_RECONCILIATION
INE003F01015_2012,Muller & Phipps (India) Ltd.,2012,VALIDATION,native,CANDIDATE,t0.1_audit_detector,1,44,1,audit_detector_native,1.0.0,NOT_REVIEWED,,raw_prop=native_page_count,NOT_REVIEWED,DERIVED_RECONCILIATION
INE003F01015_2012,Muller & Phipps (India) Ltd.,2012,VALIDATION,scanned,NOT_OBSERVED,t0.1_audit_detector,0,0,0,audit_detector_scanned,1.0.0,NOT_REVIEWED,,raw_prop=scanned_page_count,NOT_REVIEWED,DERIVED_RECONCILIATION
INE003F01015_2012,Muller & Phipps (India) Ltd.,2012,VALIDATION,ocr_layer_candidate,NOT_OBSERVED,t0.1_audit_detector,0,0,0,audit_detector_ocr_layer_candidate,1.0.0,NOT_REVIEWED,,raw_prop=ocr_page_count,NOT_REVIEWED,DERIVED_RECONCILIATION
INE003F01015_2012,Muller & Phipps (India) Ltd.,2012,VALIDATION,legacy_font_candidate,NOT_OBSERVED,t0.1_audit_detector,0,0,0,audit_detector_legacy_font_candidate,1.0.0,NOT_REVIEWED,,raw_prop=legacy_candidate_page_count,NOT_REVIEWED,DERIVED_RECONCILIATION
INE003F01015_2012,Muller & Phipps (India) Ltd.,2012,VALIDATION,hidden_text_candidate,NOT_OBSERVED,t0.1_audit_detector,0,0,0,audit_detector_hidden_text_candidate,1.0.0,NOT_REVIEWED,,raw_prop=hidden_text_candidate_page_count,NOT_REVIEWED,DERIVED_RECONCILIATION
INE003F01015_2012,Muller & Phipps (India) Ltd.,2012,VALIDATION,duplicate_text_candidate,NOT_OBSERVED,t0.1_audit_detector,0,0,0,audit_detector_duplicate_text_candidate,1.0.0,NOT_REVIEWED,,raw_prop=duplicate_text_candidate_page_count,NOT_REVIEWED,DERIVED_RECONCILIATION
INE003F01015_2012,Muller & Phipps (India) Ltd.,2012,VALIDATION,devanagari_candidate,NOT_OBSERVED,t0.1_audit_detector,0,0,0,audit_detector_devanagari_candidate,1.0.0,NOT_REVIEWED,,raw_prop=devanagari_page_count,NOT_REVIEWED,DERIVED_RECONCILIATION
INE003F01015_2012,Muller & Phipps (India) Ltd.,2012,VALIDATION,bilingual_candidate,NOT_OBSERVED,t0.1_audit_detector,0,0,0,audit_detector_bilingual_candidate,1.0.0,NOT_REVIEWED,,raw_prop=bilingual_candidate_page_count,NOT_REVIEWED,DERIVED_RECONCILIATION
INE003F01015_2012,Muller & Phipps (India) Ltd.,2012,VALIDATION,two_column,CANDIDATE,t0.1_audit_detector,1,4,1,audit_detector_two_column,1.0.0,NOT_REVIEWED,,raw_prop=two_column_page_count,NOT_REVIEWED,DERIVED_RECONCILIATION
INE003F01015_2012,Muller & Phipps (India) Ltd.,2012,VALIDATION,multi_column,CANDIDATE,t0.1_audit_detector,1,26,1,audit_detector_multi_column,1.0.0,NOT_REVIEWED,,raw_prop=multi_column_page_count,NOT_REVIEWED,DERIVED_RECONCILIATION
INE003F01015_2012,Muller & Phipps (India) Ltd.,2012,VALIDATION,table_candidate,CANDIDATE,t0.1_audit_detector,1,33,1,audit_detector_table_candidate,1.0.0,NOT_REVIEWED,,raw_prop=table_candidate_page_count,NOT_REVIEWED,DERIVED_RECONCILIATION
INE003F01015_2012,Muller & Phipps (India) Ltd.,2012,VALIDATION,header_candidate,NOT_OBSERVED,t0.1_audit_detector,0,0,0,audit_detector_header_candidate,1.0.0,NOT_REVIEWED,,raw_prop=header_candidate_page_count,NOT_REVIEWED,DERIVED_RECONCILIATION
INE003F01015_2012,Muller & Phipps (India) Ltd.,2012,VALIDATION,footer_candidate,NOT_OBSERVED,t0.1_audit_detector,0,0,0,audit_detector_footer_candidate,1.0.0,NOT_REVIEWED,,raw_prop=footer_candidate_page_count,NOT_REVIEWED,DERIVED_RECONCILIATION
INE003F01015_2012,Muller & Phipps (India) Ltd.,2012,VALIDATION,toc_candidate,CANDIDATE,t0.1_audit_detector,1,True,1,audit_detector_toc_candidate,1.0.0,NOT_REVIEWED,,raw_prop=toc_candidate,NOT_REVIEWED,DERIVED_RECONCILIATION
INE003F01015_2012,Muller & Phipps (India) Ltd.,2012,VALIDATION,deep_hierarchy_candidate,NOT_OBSERVED,t0.1_audit_detector,0,False,0,audit_detector_deep_hierarchy_candidate,1.0.0,NOT_REVIEWED,,raw_prop=deep_hierarchy_candidate,NOT_REVIEWED,DERIVED_RECONCILIATION
INE003F01015_2012,Muller & Phipps (India) Ltd.,2012,VALIDATION,annexure_candidate,CANDIDATE,t0.1_audit_detector,1,True,1,audit_detector_annexure_candidate,1.0.0,NOT_REVIEWED,,raw_prop=annexure_candidate,NOT_REVIEWED,DERIVED_RECONCILIATION
INE003F01015_2012,Muller & Phipps (India) Ltd.,2012,VALIDATION,combined_mdna_candidate,NOT_OBSERVED,t0.1_audit_detector,0,False,0,audit_detector_combined_mdna_candidate,1.0.0,NOT_REVIEWED,,raw_prop=combined_mdna_candidate,NOT_REVIEWED,DERIVED_RECONCILIATION
INE003F01015_2013,Muller & Phipps (India) Ltd.,2013,VALIDATION,native,CANDIDATE,t0.1_audit_detector,1,45,1,audit_detector_native,1.0.0,NOT_REVIEWED,,raw_prop=native_page_count,NOT_REVIEWED,DERIVED_RECONCILIATION
INE003F01015_2013,Muller & Phipps (India) Ltd.,2013,VALIDATION,scanned,NOT_OBSERVED,t0.1_audit_detector,0,0,0,audit_detector_scanned,1.0.0,NOT_REVIEWED,,raw_prop=scanned_page_count,NOT_REVIEWED,DERIVED_RECONCILIATION
INE003F01015_2013,Muller & Phipps (India) Ltd.,2013,VALIDATION,ocr_layer_candidate,NOT_OBSERVED,t0.1_audit_detector,0,0,0,audit_detector_ocr_layer_candidate,1.0.0,NOT_REVIEWED,,raw_prop=ocr_page_count,NOT_REVIEWED,DERIVED_RECONCILIATION
INE003F01015_2013,Muller & Phipps (India) Ltd.,2013,VALIDATION,legacy_font_candidate,NOT_OBSERVED,t0.1_audit_detector,0,0,0,audit_detector_legacy_font_candidate,1.0.0,NOT_REVIEWED,,raw_prop=legacy_candidate_page_count,NOT_REVIEWED,DERIVED_RECONCILIATION
INE003F01015_2013,Muller & Phipps (India) Ltd.,2013,VALIDATION,hidden_text_candidate,NOT_OBSERVED,t0.1_audit_detector,0,0,0,audit_detector_hidden_text_candidate,1.0.0,NOT_REVIEWED,,raw_prop=hidden_text_candidate_page_count,NOT_REVIEWED,DERIVED_RECONCILIATION
INE003F01015_2013,Muller & Phipps (India) Ltd.,2013,VALIDATION,duplicate_text_candidate,NOT_OBSERVED,t0.1_audit_detector,0,0,0,audit_detector_duplicate_text_candidate,1.0.0,NOT_REVIEWED,,raw_prop=duplicate_text_candidate_page_count,NOT_REVIEWED,DERIVED_RECONCILIATION
INE003F01015_2013,Muller & Phipps (India) Ltd.,2013,VALIDATION,devanagari_candidate,NOT_OBSERVED,t0.1_audit_detector,0,0,0,audit_detector_devanagari_candidate,1.0.0,NOT_REVIEWED,,raw_prop=devanagari_page_count,NOT_REVIEWED,DERIVED_RECONCILIATION
INE003F01015_2013,Muller & Phipps (India) Ltd.,2013,VALIDATION,bilingual_candidate,NOT_OBSERVED,t0.1_audit_detector,0,0,0,audit_detector_bilingual_candidate,1.0.0,NOT_REVIEWED,,raw_prop=bilingual_candidate_page_count,NOT_REVIEWED,DERIVED_RECONCILIATION
INE003F01015_2013,Muller & Phipps (India) Ltd.,2013,VALIDATION,two_column,CANDIDATE,t0.1_audit_detector,1,5,1,audit_detector_two_column,1.0.0,NOT_REVIEWED,,raw_prop=two_column_page_count,NOT_REVIEWED,DERIVED_RECONCILIATION
INE003F01015_2013,Muller & Phipps (India) Ltd.,2013,VALIDATION,multi_column,CANDIDATE,t0.1_audit_detector,1,30,1,audit_detector_multi_column,1.0.0,NOT_REVIEWED,,raw_prop=multi_column_page_count,NOT_REVIEWED,DERIVED_RECONCILIATION
INE003F01015_2013,Muller & Phipps (India) Ltd.,2013,VALIDATION,table_candidate,CANDIDATE,t0.1_audit_detector,1,34,1,audit_detector_table_candidate,1.0.0,NOT_REVIEWED,,raw_prop=table_candidate_page_count,NOT_REVIEWED,DERIVED_RECONCILIATION
INE003F01015_2013,Muller & Phipps (India) Ltd.,2013,VALIDATION,header_candidate,NOT_OBSERVED,t0.1_audit_detector,0,0,0,audit_detector_header_candidate,1.0.0,NOT_REVIEWED,,raw_prop=header_candidate_page_count,NOT_REVIEWED,DERIVED_RECONCILIATION
INE003F01015_2013,Muller & Phipps (India) Ltd.,2013,VALIDATION,footer_candidate,NOT_OBSERVED,t0.1_audit_detector,0,0,0,audit_detector_footer_candidate,1.0.0,NOT_REVIEWED,,raw_prop=footer_candidate_page_count,NOT_REVIEWED,DERIVED_RECONCILIATION
INE003F01015_2013,Muller & Phipps (India) Ltd.,2013,VALIDATION,toc_candidate,CANDIDATE,t0.1_audit_detector,1,True,1,audit_detector_toc_candidate,1.0.0,NOT_REVIEWED,,raw_prop=toc_candidate,NOT_REVIEWED,DERIVED_RECONCILIATION
INE003F01015_2013,Muller & Phipps (India) Ltd.,2013,VALIDATION,deep_hierarchy_candidate,NOT_OBSERVED,t0.1_audit_detector,0,False,0,audit_detector_deep_hierarchy_candidate,1.0.0,NOT_REVIEWED,,raw_prop=deep_hierarchy_candidate,NOT_REVIEWED,DERIVED_RECONCILIATION
INE003F01015_2013,Muller & Phipps (India) Ltd.,2013,VALIDATION,annexure_candidate,CANDIDATE,t0.1_audit_detector,1,True,1,audit_detector_annexure_candidate,1.0.0,NOT_REVIEWED,,raw_prop=annexure_candidate,NOT_REVIEWED,DERIVED_RECONCILIATION
INE003F01015_2013,Muller & Phipps (India) Ltd.,2013,VALIDATION,combined_mdna_candidate,NOT_OBSERVED,t0.1_audit_detector,0,False,0,audit_detector_combined_mdna_candidate,1.0.0,NOT_REVIEWED,,raw_prop=combined_mdna_candidate,NOT_REVIEWED,DERIVED_RECONCILIATION
INE003F01015_2017,Muller & Phipps (India) Ltd.,2017,VALIDATION,native,CANDIDATE,t0.1_audit_detector,1,56,1,audit_detector_native,1.0.0,NOT_REVIEWED,,raw_prop=native_page_count,NOT_REVIEWED,DERIVED_RECONCILIATION
INE003F01015_2017,Muller & Phipps (India) Ltd.,2017,VALIDATION,scanned,NOT_OBSERVED,t0.1_audit_detector,0,0,0,audit_detector_scanned,1.0.0,NOT_REVIEWED,,raw_prop=scanned_page_count,NOT_REVIEWED,DERIVED_RECONCILIATION
INE003F01015_2017,Muller & Phipps (India) Ltd.,2017,VALIDATION,ocr_layer_candidate,NOT_OBSERVED,t0.1_audit_detector,0,0,0,audit_detector_ocr_layer_candidate,1.0.0,NOT_REVIEWED,,raw_prop=ocr_page_count,NOT_REVIEWED,DERIVED_RECONCILIATION
INE003F01015_2017,Muller & Phipps (India) Ltd.,2017,VALIDATION,legacy_font_candidate,NOT_OBSERVED,t0.1_audit_detector,0,0,0,audit_detector_legacy_font_candidate,1.0.0,NOT_REVIEWED,,raw_prop=legacy_candidate_page_count,NOT_REVIEWED,DERIVED_RECONCILIATION
INE003F01015_2017,Muller & Phipps (India) Ltd.,2017,VALIDATION,hidden_text_candidate,NOT_OBSERVED,t0.1_audit_detector,0,0,0,audit_detector_hidden_text_candidate,1.0.0,NOT_REVIEWED,,raw_prop=hidden_text_candidate_page_count,NOT_REVIEWED,DERIVED_RECONCILIATION
INE003F01015_2017,Muller & Phipps (India) Ltd.,2017,VALIDATION,duplicate_text_candidate,NOT_OBSERVED,t0.1_audit_detector,0,0,0,audit_detector_duplicate_text_candidate,1.0.0,NOT_REVIEWED,,raw_prop=duplicate_text_candidate_page_count,NOT_REVIEWED,DERIVED_RECONCILIATION
INE003F01015_2017,Muller & Phipps (India) Ltd.,2017,VALIDATION,devanagari_candidate,NOT_OBSERVED,t0.1_audit_detector,0,0,0,audit_detector_devanagari_candidate,1.0.0,NOT_REVIEWED,,raw_prop=devanagari_page_count,NOT_REVIEWED,DERIVED_RECONCILIATION
INE003F01015_2017,Muller & Phipps (India) Ltd.,2017,VALIDATION,bilingual_candidate,NOT_OBSERVED,t0.1_audit_detector,0,0,0,audit_detector_bilingual_candidate,1.0.0,NOT_REVIEWED,,raw_prop=bilingual_candidate_page_count,NOT_REVIEWED,DERIVED_RECONCILIATION
INE003F01015_2017,Muller & Phipps (India) Ltd.,2017,VALIDATION,two_column,CANDIDATE,t0.1_audit_detector,1,5,1,audit_detector_two_column,1.0.0,NOT_REVIEWED,,raw_prop=two_column_page_count,NOT_REVIEWED,DERIVED_RECONCILIATION
INE003F01015_2017,Muller & Phipps (India) Ltd.,2017,VALIDATION,multi_column,CANDIDATE,t0.1_audit_detector,1,30,1,audit_detector_multi_column,1.0.0,NOT_REVIEWED,,raw_prop=multi_column_page_count,NOT_REVIEWED,DERIVED_RECONCILIATION
INE003F01015_2017,Muller & Phipps (India) Ltd.,2017,VALIDATION,table_candidate,CANDIDATE,t0.1_audit_detector,1,42,1,audit_detector_table_candidate,1.0.0,NOT_REVIEWED,,raw_prop=table_candidate_page_count,NOT_REVIEWED,DERIVED_RECONCILIATION
INE003F01015_2017,Muller & Phipps (India) Ltd.,2017,VALIDATION,header_candidate,NOT_OBSERVED,t0.1_audit_detector,0,0,0,audit_detector_header_candidate,1.0.0,NOT_REVIEWED,,raw_prop=header_candidate_page_count,NOT_REVIEWED,DERIVED_RECONCILIATION
INE003F01015_2017,Muller & Phipps (India) Ltd.,2017,VALIDATION,footer_candidate,NOT_OBSERVED,t0.1_audit_detector,0,0,0,audit_detector_footer_candidate,1.0.0,NOT_REVIEWED,,raw_prop=footer_candidate_page_count,NOT_REVIEWED,DERIVED_RECONCILIATION
INE003F01015_2017,Muller & Phipps (India) Ltd.,2017,VALIDATION,toc_candidate,CANDIDATE,t0.1_audit_detector,1,True,1,audit_detector_toc_candidate,1.0.0,NOT_REVIEWED,,raw_prop=toc_candidate,NOT_REVIEWED,DERIVED_RECONCILIATION
INE003F01015_2017,Muller & Phipps (India) Ltd.,2017,VALIDATION,deep_hierarchy_candidate,NOT_OBSERVED,t0.1_audit_detector,0,False,0,audit_detector_deep_hierarchy_candidate,1.0.0,NOT_REVIEWED,,raw_prop=deep_hierarchy_candidate,NOT_REVIEWED,DERIVED_RECONCILIATION
INE003F01015_2017,Muller & Phipps (India) Ltd.,2017,VALIDATION,annexure_candidate,CANDIDATE,t0.1_audit_detector,1,True,1,audit_detector_annexure_candidate,1.0.0,NOT_REVIEWED,,raw_prop=annexure_candidate,NOT_REVIEWED,DERIVED_RECONCILIATION
INE003F01015_2017,Muller & Phipps (India) Ltd.,2017,VALIDATION,combined_mdna_candidate,NOT_OBSERVED,t0.1_audit_detector,0,False,0,audit_detector_combined_mdna_candidate,1.0.0,NOT_REVIEWED,,raw_prop=combined_mdna_candidate,NOT_REVIEWED,DERIVED_RECONCILIATION
INE003F01015_2018,Muller & Phipps (India) Ltd.,2018,VALIDATION,native,CANDIDATE,t0.1_audit_detector,1,81,1,audit_detector_native,1.0.0,NOT_REVIEWED,,raw_prop=native_page_count,NOT_REVIEWED,DERIVED_RECONCILIATION
INE003F01015_2018,Muller & Phipps (India) Ltd.,2018,VALIDATION,scanned,NOT_OBSERVED,t0.1_audit_detector,0,0,0,audit_detector_scanned,1.0.0,NOT_REVIEWED,,raw_prop=scanned_page_count,NOT_REVIEWED,DERIVED_RECONCILIATION
INE003F01015_2018,Muller & Phipps (India) Ltd.,2018,VALIDATION,ocr_layer_candidate,NOT_OBSERVED,t0.1_audit_detector,0,0,0,audit_detector_ocr_layer_candidate,1.0.0,NOT_REVIEWED,,raw_prop=ocr_page_count,NOT_REVIEWED,DERIVED_RECONCILIATION
INE003F01015_2018,Muller & Phipps (India) Ltd.,2018,VALIDATION,legacy_font_candidate,NOT_OBSERVED,t0.1_audit_detector,0,0,0,audit_detector_legacy_font_candidate,1.0.0,NOT_REVIEWED,,raw_prop=legacy_candidate_page_count,NOT_REVIEWED,DERIVED_RECONCILIATION
INE003F01015_2018,Muller & Phipps (India) Ltd.,2018,VALIDATION,hidden_text_candidate,NOT_OBSERVED,t0.1_audit_detector,0,0,0,audit_detector_hidden_text_candidate,1.0.0,NOT_REVIEWED,,raw_prop=hidden_text_candidate_page_count,NOT_REVIEWED,DERIVED_RECONCILIATION
INE003F01015_2018,Muller & Phipps (India) Ltd.,2018,VALIDATION,duplicate_text_candidate,NOT_OBSERVED,t0.1_audit_detector,0,0,0,audit_detector_duplicate_text_candidate,1.0.0,NOT_REVIEWED,,raw_prop=duplicate_text_candidate_page_count,NOT_REVIEWED,DERIVED_RECONCILIATION
INE003F01015_2018,Muller & Phipps (India) Ltd.,2018,VALIDATION,devanagari_candidate,NOT_OBSERVED,t0.1_audit_detector,0,0,0,audit_detector_devanagari_candidate,1.0.0,NOT_REVIEWED,,raw_prop=devanagari_page_count,NOT_REVIEWED,DERIVED_RECONCILIATION
INE003F01015_2018,Muller & Phipps (India) Ltd.,2018,VALIDATION,bilingual_candidate,NOT_OBSERVED,t0.1_audit_detector,0,0,0,audit_detector_bilingual_candidate,1.0.0,NOT_REVIEWED,,raw_prop=bilingual_candidate_page_count,NOT_REVIEWED,DERIVED_RECONCILIATION
INE003F01015_2018,Muller & Phipps (India) Ltd.,2018,VALIDATION,two_column,CANDIDATE,t0.1_audit_detector,1,6,1,audit_detector_two_column,1.0.0,NOT_REVIEWED,,raw_prop=two_column_page_count,NOT_REVIEWED,DERIVED_RECONCILIATION
INE003F01015_2018,Muller & Phipps (India) Ltd.,2018,VALIDATION,multi_column,CANDIDATE,t0.1_audit_detector,1,64,1,audit_detector_multi_column,1.0.0,NOT_REVIEWED,,raw_prop=multi_column_page_count,NOT_REVIEWED,DERIVED_RECONCILIATION
INE003F01015_2018,Muller & Phipps (India) Ltd.,2018,VALIDATION,table_candidate,CANDIDATE,t0.1_audit_detector,1,58,1,audit_detector_table_candidate,1.0.0,NOT_REVIEWED,,raw_prop=table_candidate_page_count,NOT_REVIEWED,DERIVED_RECONCILIATION
INE003F01015_2018,Muller & Phipps (India) Ltd.,2018,VALIDATION,header_candidate,NOT_OBSERVED,t0.1_audit_detector,0,0,0,audit_detector_header_candidate,1.0.0,NOT_REVIEWED,,raw_prop=header_candidate_page_count,NOT_REVIEWED,DERIVED_RECONCILIATION
INE003F01015_2018,Muller & Phipps (India) Ltd.,2018,VALIDATION,footer_candidate,NOT_OBSERVED,t0.1_audit_detector,0,0,0,audit_detector_footer_candidate,1.0.0,NOT_REVIEWED,,raw_prop=footer_candidate_page_count,NOT_REVIEWED,DERIVED_RECONCILIATION
INE003F01015_2018,Muller & Phipps (India) Ltd.,2018,VALIDATION,toc_candidate,CANDIDATE,t0.1_audit_detector,1,True,1,audit_detector_toc_candidate,1.0.0,NOT_REVIEWED,,raw_prop=toc_candidate,NOT_REVIEWED,DERIVED_RECONCILIATION
INE003F01015_2018,Muller & Phipps (India) Ltd.,2018,VALIDATION,deep_hierarchy_candidate,NOT_OBSERVED,t0.1_audit_detector,0,False,0,audit_detector_deep_hierarchy_candidate,1.0.0,NOT_REVIEWED,,raw_prop=deep_hierarchy_candidate,NOT_REVIEWED,DERIVED_RECONCILIATION
INE003F01015_2018,Muller & Phipps (India) Ltd.,2018,VALIDATION,annexure_candidate,CANDIDATE,t0.1_audit_detector,1,True,1,audit_detector_annexure_candidate,1.0.0,NOT_REVIEWED,,raw_prop=annexure_candidate,NOT_REVIEWED,DERIVED_RECONCILIATION
INE003F01015_2018,Muller & Phipps (India) Ltd.,2018,VALIDATION,combined_mdna_candidate,NOT_OBSERVED,t0.1_audit_detector,0,False,0,audit_detector_combined_mdna_candidate,1.0.0,NOT_REVIEWED,,raw_prop=combined_mdna_candidate,NOT_REVIEWED,DERIVED_RECONCILIATION
INE003F01015_2024,Muller & Phipps (India) Ltd.,2024,VALIDATION,native,CANDIDATE,t0.1_audit_detector,1,86,1,audit_detector_native,1.0.0,NOT_REVIEWED,,raw_prop=native_page_count,NOT_REVIEWED,DERIVED_RECONCILIATION
INE003F01015_2024,Muller & Phipps (India) Ltd.,2024,VALIDATION,scanned,CANDIDATE,t0.1_audit_detector,1,1,1,audit_detector_scanned,1.0.0,NOT_REVIEWED,,raw_prop=scanned_page_count,NOT_REVIEWED,DERIVED_RECONCILIATION
INE003F01015_2024,Muller & Phipps (India) Ltd.,2024,VALIDATION,ocr_layer_candidate,NOT_OBSERVED,t0.1_audit_detector,0,0,0,audit_detector_ocr_layer_candidate,1.0.0,NOT_REVIEWED,,raw_prop=ocr_page_count,NOT_REVIEWED,DERIVED_RECONCILIATION
INE003F01015_2024,Muller & Phipps (India) Ltd.,2024,VALIDATION,legacy_font_candidate,NOT_OBSERVED,t0.1_audit_detector,0,0,0,audit_detector_legacy_font_candidate,1.0.0,NOT_REVIEWED,,raw_prop=legacy_candidate_page_count,NOT_REVIEWED,DERIVED_RECONCILIATION
INE003F01015_2024,Muller & Phipps (India) Ltd.,2024,VALIDATION,hidden_text_candidate,NOT_OBSERVED,t0.1_audit_detector,0,0,0,audit_detector_hidden_text_candidate,1.0.0,NOT_REVIEWED,,raw_prop=hidden_text_candidate_page_count,NOT_REVIEWED,DERIVED_RECONCILIATION
INE003F01015_2024,Muller & Phipps (India) Ltd.,2024,VALIDATION,duplicate_text_candidate,NOT_OBSERVED,t0.1_audit_detector,0,0,0,audit_detector_duplicate_text_candidate,1.0.0,NOT_REVIEWED,,raw_prop=duplicate_text_candidate_page_count,NOT_REVIEWED,DERIVED_RECONCILIATION
INE003F01015_2024,Muller & Phipps (India) Ltd.,2024,VALIDATION,devanagari_candidate,NOT_OBSERVED,t0.1_audit_detector,0,0,0,audit_detector_devanagari_candidate,1.0.0,NOT_REVIEWED,,raw_prop=devanagari_page_count,NOT_REVIEWED,DERIVED_RECONCILIATION
INE003F01015_2024,Muller & Phipps (India) Ltd.,2024,VALIDATION,bilingual_candidate,NOT_OBSERVED,t0.1_audit_detector,0,0,0,audit_detector_bilingual_candidate,1.0.0,NOT_REVIEWED,,raw_prop=bilingual_candidate_page_count,NOT_REVIEWED,DERIVED_RECONCILIATION
INE003F01015_2024,Muller & Phipps (India) Ltd.,2024,VALIDATION,two_column,CANDIDATE,t0.1_audit_detector,1,2,1,audit_detector_two_column,1.0.0,NOT_REVIEWED,,raw_prop=two_column_page_count,NOT_REVIEWED,DERIVED_RECONCILIATION
INE003F01015_2024,Muller & Phipps (India) Ltd.,2024,VALIDATION,multi_column,CANDIDATE,t0.1_audit_detector,1,68,1,audit_detector_multi_column,1.0.0,NOT_REVIEWED,,raw_prop=multi_column_page_count,NOT_REVIEWED,DERIVED_RECONCILIATION
INE003F01015_2024,Muller & Phipps (India) Ltd.,2024,VALIDATION,table_candidate,CANDIDATE,t0.1_audit_detector,1,60,1,audit_detector_table_candidate,1.0.0,NOT_REVIEWED,,raw_prop=table_candidate_page_count,NOT_REVIEWED,DERIVED_RECONCILIATION
INE003F01015_2024,Muller & Phipps (India) Ltd.,2024,VALIDATION,header_candidate,NOT_OBSERVED,t0.1_audit_detector,0,0,0,audit_detector_header_candidate,1.0.0,NOT_REVIEWED,,raw_prop=header_candidate_page_count,NOT_REVIEWED,DERIVED_RECONCILIATION
INE003F01015_2024,Muller & Phipps (India) Ltd.,2024,VALIDATION,footer_candidate,NOT_OBSERVED,t0.1_audit_detector,0,0,0,audit_detector_footer_candidate,1.0.0,NOT_REVIEWED,,raw_prop=footer_candidate_page_count,NOT_REVIEWED,DERIVED_RECONCILIATION
INE003F01015_2024,Muller & Phipps (India) Ltd.,2024,VALIDATION,toc_candidate,CANDIDATE,t0.1_audit_detector,1,True,1,audit_detector_toc_candidate,1.0.0,NOT_REVIEWED,,raw_prop=toc_candidate,NOT_REVIEWED,DERIVED_RECONCILIATION
INE003F01015_2024,Muller & Phipps (India) Ltd.,2024,VALIDATION,deep_hierarchy_candidate,NOT_OBSERVED,t0.1_audit_detector,0,False,0,audit_detector_deep_hierarchy_candidate,1.0.0,NOT_REVIEWED,,raw_prop=deep_hierarchy_candidate,NOT_REVIEWED,DERIVED_RECONCILIATION
INE003F01015_2024,Muller & Phipps (India) Ltd.,2024,VALIDATION,annexure_candidate,CANDIDATE,t0.1_audit_detector,1,True,1,audit_detector_annexure_candidate,1.0.0,NOT_REVIEWED,,raw_prop=annexure_candidate,NOT_REVIEWED,DERIVED_RECONCILIATION
INE003F01015_2024,Muller & Phipps (India) Ltd.,2024,VALIDATION,combined_mdna_candidate,NOT_OBSERVED,t0.1_audit_detector,0,False,0,audit_detector_combined_mdna_candidate,1.0.0,NOT_REVIEWED,,raw_prop=combined_mdna_candidate,NOT_REVIEWED,DERIVED_RECONCILIATION
INE003F01015_2025,Muller & Phipps (India) Ltd.,2025,VALIDATION,native,CANDIDATE,t0.1_audit_detector,1,84,1,audit_detector_native,1.0.0,NOT_REVIEWED,,raw_prop=native_page_count,NOT_REVIEWED,DERIVED_RECONCILIATION
INE003F01015_2025,Muller & Phipps (India) Ltd.,2025,VALIDATION,scanned,CANDIDATE,t0.1_audit_detector,1,1,1,audit_detector_scanned,1.0.0,NOT_REVIEWED,,raw_prop=scanned_page_count,NOT_REVIEWED,DERIVED_RECONCILIATION
INE003F01015_2025,Muller & Phipps (India) Ltd.,2025,VALIDATION,ocr_layer_candidate,NOT_OBSERVED,t0.1_audit_detector,0,0,0,audit_detector_ocr_layer_candidate,1.0.0,NOT_REVIEWED,,raw_prop=ocr_page_count,NOT_REVIEWED,DERIVED_RECONCILIATION
INE003F01015_2025,Muller & Phipps (India) Ltd.,2025,VALIDATION,legacy_font_candidate,NOT_OBSERVED,t0.1_audit_detector,0,0,0,audit_detector_legacy_font_candidate,1.0.0,NOT_REVIEWED,,raw_prop=legacy_candidate_page_count,NOT_REVIEWED,DERIVED_RECONCILIATION
INE003F01015_2025,Muller & Phipps (India) Ltd.,2025,VALIDATION,hidden_text_candidate,NOT_OBSERVED,t0.1_audit_detector,0,0,0,audit_detector_hidden_text_candidate,1.0.0,NOT_REVIEWED,,raw_prop=hidden_text_candidate_page_count,NOT_REVIEWED,DERIVED_RECONCILIATION
INE003F01015_2025,Muller & Phipps (India) Ltd.,2025,VALIDATION,duplicate_text_candidate,NOT_OBSERVED,t0.1_audit_detector,0,0,0,audit_detector_duplicate_text_candidate,1.0.0,NOT_REVIEWED,,raw_prop=duplicate_text_candidate_page_count,NOT_REVIEWED,DERIVED_RECONCILIATION
INE003F01015_2025,Muller & Phipps (India) Ltd.,2025,VALIDATION,devanagari_candidate,NOT_OBSERVED,t0.1_audit_detector,0,0,0,audit_detector_devanagari_candidate,1.0.0,NOT_REVIEWED,,raw_prop=devanagari_page_count,NOT_REVIEWED,DERIVED_RECONCILIATION
INE003F01015_2025,Muller & Phipps (India) Ltd.,2025,VALIDATION,bilingual_candidate,NOT_OBSERVED,t0.1_audit_detector,0,0,0,audit_detector_bilingual_candidate,1.0.0,NOT_REVIEWED,,raw_prop=bilingual_candidate_page_count,NOT_REVIEWED,DERIVED_RECONCILIATION
INE003F01015_2025,Muller & Phipps (India) Ltd.,2025,VALIDATION,two_column,CANDIDATE,t0.1_audit_detector,1,2,1,audit_detector_two_column,1.0.0,NOT_REVIEWED,,raw_prop=two_column_page_count,NOT_REVIEWED,DERIVED_RECONCILIATION
INE003F01015_2025,Muller & Phipps (India) Ltd.,2025,VALIDATION,multi_column,CANDIDATE,t0.1_audit_detector,1,67,1,audit_detector_multi_column,1.0.0,NOT_REVIEWED,,raw_prop=multi_column_page_count,NOT_REVIEWED,DERIVED_RECONCILIATION
INE003F01015_2025,Muller & Phipps (India) Ltd.,2025,VALIDATION,table_candidate,CANDIDATE,t0.1_audit_detector,1,58,1,audit_detector_table_candidate,1.0.0,NOT_REVIEWED,,raw_prop=table_candidate_page_count,NOT_REVIEWED,DERIVED_RECONCILIATION
INE003F01015_2025,Muller & Phipps (India) Ltd.,2025,VALIDATION,header_candidate,NOT_OBSERVED,t0.1_audit_detector,0,0,0,audit_detector_header_candidate,1.0.0,NOT_REVIEWED,,raw_prop=header_candidate_page_count,NOT_REVIEWED,DERIVED_RECONCILIATION
INE003F01015_2025,Muller & Phipps (India) Ltd.,2025,VALIDATION,footer_candidate,NOT_OBSERVED,t0.1_audit_detector,0,0,0,audit_detector_footer_candidate,1.0.0,NOT_REVIEWED,,raw_prop=footer_candidate_page_count,NOT_REVIEWED,DERIVED_RECONCILIATION
INE003F01015_2025,Muller & Phipps (India) Ltd.,2025,VALIDATION,toc_candidate,CANDIDATE,t0.1_audit_detector,1,True,1,audit_detector_toc_candidate,1.0.0,NOT_REVIEWED,,raw_prop=toc_candidate,NOT_REVIEWED,DERIVED_RECONCILIATION
INE003F01015_2025,Muller & Phipps (India) Ltd.,2025,VALIDATION,deep_hierarchy_candidate,NOT_OBSERVED,t0.1_audit_detector,0,False,0,audit_detector_deep_hierarchy_candidate,1.0.0,NOT_REVIEWED,,raw_prop=deep_hierarchy_candidate,NOT_REVIEWED,DERIVED_RECONCILIATION
INE003F01015_2025,Muller & Phipps (India) Ltd.,2025,VALIDATION,annexure_candidate,CANDIDATE,t0.1_audit_detector,1,True,1,audit_detector_annexure_candidate,1.0.0,NOT_REVIEWED,,raw_prop=annexure_candidate,NOT_REVIEWED,DERIVED_RECONCILIATION
INE003F01015_2025,Muller & Phipps (India) Ltd.,2025,VALIDATION,combined_mdna_candidate,NOT_OBSERVED,t0.1_audit_detector,0,False,0,audit_detector_combined_mdna_candidate,1.0.0,NOT_REVIEWED,,raw_prop=combined_mdna_candidate,NOT_REVIEWED,DERIVED_RECONCILIATION
INE004C01028_2017,Gujarat Cotex Ltd,2017,FIT,native,CANDIDATE,t0.1_audit_detector,1,57,1,audit_detector_native,1.0.0,NOT_REVIEWED,,raw_prop=native_page_count,NOT_REVIEWED,DERIVED_RECONCILIATION
INE004C01028_2017,Gujarat Cotex Ltd,2017,FIT,scanned,NOT_OBSERVED,t0.1_audit_detector,0,0,0,audit_detector_scanned,1.0.0,NOT_REVIEWED,,raw_prop=scanned_page_count,NOT_REVIEWED,DERIVED_RECONCILIATION
INE004C01028_2017,Gujarat Cotex Ltd,2017,FIT,ocr_layer_candidate,NOT_OBSERVED,t0.1_audit_detector,0,0,0,audit_detector_ocr_layer_candidate,1.0.0,NOT_REVIEWED,,raw_prop=ocr_page_count,NOT_REVIEWED,DERIVED_RECONCILIATION
INE004C01028_2017,Gujarat Cotex Ltd,2017,FIT,legacy_font_candidate,NOT_OBSERVED,t0.1_audit_detector,0,0,0,audit_detector_legacy_font_candidate,1.0.0,NOT_REVIEWED,,raw_prop=legacy_candidate_page_count,NOT_REVIEWED,DERIVED_RECONCILIATION
INE004C01028_2017,Gujarat Cotex Ltd,2017,FIT,hidden_text_candidate,NOT_OBSERVED,t0.1_audit_detector,0,0,0,audit_detector_hidden_text_candidate,1.0.0,NOT_REVIEWED,,raw_prop=hidden_text_candidate_page_count,NOT_REVIEWED,DERIVED_RECONCILIATION
INE004C01028_2017,Gujarat Cotex Ltd,2017,FIT,duplicate_text_candidate,NOT_OBSERVED,t0.1_audit_detector,0,0,0,audit_detector_duplicate_text_candidate,1.0.0,NOT_REVIEWED,,raw_prop=duplicate_text_candidate_page_count,NOT_REVIEWED,DERIVED_RECONCILIATION
INE004C01028_2017,Gujarat Cotex Ltd,2017,FIT,devanagari_candidate,NOT_OBSERVED,t0.1_audit_detector,0,0,0,audit_detector_devanagari_candidate,1.0.0,NOT_REVIEWED,,raw_prop=devanagari_page_count,NOT_REVIEWED,DERIVED_RECONCILIATION
INE004C01028_2017,Gujarat Cotex Ltd,2017,FIT,bilingual_candidate,NOT_OBSERVED,t0.1_audit_detector,0,0,0,audit_detector_bilingual_candidate,1.0.0,NOT_REVIEWED,,raw_prop=bilingual_candidate_page_count,NOT_REVIEWED,DERIVED_RECONCILIATION
INE004C01028_2017,Gujarat Cotex Ltd,2017,FIT,two_column,CANDIDATE,t0.1_audit_detector,1,15,1,audit_detector_two_column,1.0.0,NOT_REVIEWED,,raw_prop=two_column_page_count,NOT_REVIEWED,DERIVED_RECONCILIATION
INE004C01028_2017,Gujarat Cotex Ltd,2017,FIT,multi_column,CANDIDATE,t0.1_audit_detector,1,37,1,audit_detector_multi_column,1.0.0,NOT_REVIEWED,,raw_prop=multi_column_page_count,NOT_REVIEWED,DERIVED_RECONCILIATION
INE004C01028_2017,Gujarat Cotex Ltd,2017,FIT,table_candidate,CANDIDATE,t0.1_audit_detector,1,38,1,audit_detector_table_candidate,1.0.0,NOT_REVIEWED,,raw_prop=table_candidate_page_count,NOT_REVIEWED,DERIVED_RECONCILIATION
INE004C01028_2017,Gujarat Cotex Ltd,2017,FIT,header_candidate,NOT_OBSERVED,t0.1_audit_detector,0,0,0,audit_detector_header_candidate,1.0.0,NOT_REVIEWED,,raw_prop=header_candidate_page_count,NOT_REVIEWED,DERIVED_RECONCILIATION
INE004C01028_2017,Gujarat Cotex Ltd,2017,FIT,footer_candidate,NOT_OBSERVED,t0.1_audit_detector,0,0,0,audit_detector_footer_candidate,1.0.0,NOT_REVIEWED,,raw_prop=footer_candidate_page_count,NOT_REVIEWED,DERIVED_RECONCILIATION
INE004C01028_2017,Gujarat Cotex Ltd,2017,FIT,toc_candidate,CANDIDATE,t0.1_audit_detector,1,True,1,audit_detector_toc_candidate,1.0.0,NOT_REVIEWED,,raw_prop=toc_candidate,NOT_REVIEWED,DERIVED_RECONCILIATION
INE004C01028_2017,Gujarat Cotex Ltd,2017,FIT,deep_hierarchy_candidate,NOT_OBSERVED,t0.1_audit_detector,0,False,0,audit_detector_deep_hierarchy_candidate,1.0.0,NOT_REVIEWED,,raw_prop=deep_hierarchy_candidate,NOT_REVIEWED,DERIVED_RECONCILIATION
INE004C01028_2017,Gujarat Cotex Ltd,2017,FIT,annexure_candidate,CANDIDATE,t0.1_audit_detector,1,True,1,audit_detector_annexure_candidate,1.0.0,NOT_REVIEWED,,raw_prop=annexure_candidate,NOT_REVIEWED,DERIVED_RECONCILIATION
INE004C01028_2017,Gujarat Cotex Ltd,2017,FIT,combined_mdna_candidate,NOT_OBSERVED,t0.1_audit_detector,0,False,0,audit_detector_combined_mdna_candidate,1.0.0,NOT_REVIEWED,,raw_prop=combined_mdna_candidate,NOT_REVIEWED,DERIVED_RECONCILIATION
INE004C01028_2018,Gujarat Cotex Ltd,2018,FIT,native,CANDIDATE,t0.1_audit_detector,1,67,1,audit_detector_native,1.0.0,NOT_REVIEWED,,raw_prop=native_page_count,NOT_REVIEWED,DERIVED_RECONCILIATION
INE004C01028_2018,Gujarat Cotex Ltd,2018,FIT,scanned,NOT_OBSERVED,t0.1_audit_detector,0,0,0,audit_detector_scanned,1.0.0,NOT_REVIEWED,,raw_prop=scanned_page_count,NOT_REVIEWED,DERIVED_RECONCILIATION
INE004C01028_2018,Gujarat Cotex Ltd,2018,FIT,ocr_layer_candidate,NOT_OBSERVED,t0.1_audit_detector,0,0,0,audit_detector_ocr_layer_candidate,1.0.0,NOT_REVIEWED,,raw_prop=ocr_page_count,NOT_REVIEWED,DERIVED_RECONCILIATION
INE004C01028_2018,Gujarat Cotex Ltd,2018,FIT,legacy_font_candidate,NOT_OBSERVED,t0.1_audit_detector,0,0,0,audit_detector_legacy_font_candidate,1.0.0,NOT_REVIEWED,,raw_prop=legacy_candidate_page_count,NOT_REVIEWED,DERIVED_RECONCILIATION
INE004C01028_2018,Gujarat Cotex Ltd,2018,FIT,hidden_text_candidate,NOT_OBSERVED,t0.1_audit_detector,0,0,0,audit_detector_hidden_text_candidate,1.0.0,NOT_REVIEWED,,raw_prop=hidden_text_candidate_page_count,NOT_REVIEWED,DERIVED_RECONCILIATION
INE004C01028_2018,Gujarat Cotex Ltd,2018,FIT,duplicate_text_candidate,NOT_OBSERVED,t0.1_audit_detector,0,0,0,audit_detector_duplicate_text_candidate,1.0.0,NOT_REVIEWED,,raw_prop=duplicate_text_candidate_page_count,NOT_REVIEWED,DERIVED_RECONCILIATION
INE004C01028_2018,Gujarat Cotex Ltd,2018,FIT,devanagari_candidate,NOT_OBSERVED,t0.1_audit_detector,0,0,0,audit_detector_devanagari_candidate,1.0.0,NOT_REVIEWED,,raw_prop=devanagari_page_count,NOT_REVIEWED,DERIVED_RECONCILIATION
INE004C01028_2018,Gujarat Cotex Ltd,2018,FIT,bilingual_candidate,NOT_OBSERVED,t0.1_audit_detector,0,0,0,audit_detector_bilingual_candidate,1.0.0,NOT_REVIEWED,,raw_prop=bilingual_candidate_page_count,NOT_REVIEWED,DERIVED_RECONCILIATION
INE004C01028_2018,Gujarat Cotex Ltd,2018,FIT,two_column,CANDIDATE,t0.1_audit_detector,1,26,1,audit_detector_two_column,1.0.0,NOT_REVIEWED,,raw_prop=two_column_page_count,NOT_REVIEWED,DERIVED_RECONCILIATION
INE004C01028_2018,Gujarat Cotex Ltd,2018,FIT,multi_column,CANDIDATE,t0.1_audit_detector,1,38,1,audit_detector_multi_column,1.0.0,NOT_REVIEWED,,raw_prop=multi_column_page_count,NOT_REVIEWED,DERIVED_RECONCILIATION
INE004C01028_2018,Gujarat Cotex Ltd,2018,FIT,table_candidate,CANDIDATE,t0.1_audit_detector,1,33,1,audit_detector_table_candidate,1.0.0,NOT_REVIEWED,,raw_prop=table_candidate_page_count,NOT_REVIEWED,DERIVED_RECONCILIATION
INE004C01028_2018,Gujarat Cotex Ltd,2018,FIT,header_candidate,NOT_OBSERVED,t0.1_audit_detector,0,0,0,audit_detector_header_candidate,1.0.0,NOT_REVIEWED,,raw_prop=header_candidate_page_count,NOT_REVIEWED,DERIVED_RECONCILIATION
INE004C01028_2018,Gujarat Cotex Ltd,2018,FIT,footer_candidate,NOT_OBSERVED,t0.1_audit_detector,0,0,0,audit_detector_footer_candidate,1.0.0,NOT_REVIEWED,,raw_prop=footer_candidate_page_count,NOT_REVIEWED,DERIVED_RECONCILIATION
INE004C01028_2018,Gujarat Cotex Ltd,2018,FIT,toc_candidate,CANDIDATE,t0.1_audit_detector,1,True,1,audit_detector_toc_candidate,1.0.0,NOT_REVIEWED,,raw_prop=toc_candidate,NOT_REVIEWED,DERIVED_RECONCILIATION
INE004C01028_2018,Gujarat Cotex Ltd,2018,FIT,deep_hierarchy_candidate,NOT_OBSERVED,t0.1_audit_detector,0,False,0,audit_detector_deep_hierarchy_candidate,1.0.0,NOT_REVIEWED,,raw_prop=deep_hierarchy_candidate,NOT_REVIEWED,DERIVED_RECONCILIATION
INE004C01028_2018,Gujarat Cotex Ltd,2018,FIT,annexure_candidate,CANDIDATE,t0.1_audit_detector,1,True,1,audit_detector_annexure_candidate,1.0.0,NOT_REVIEWED,,raw_prop=annexure_candidate,NOT_REVIEWED,DERIVED_RECONCILIATION
INE004C01028_2018,Gujarat Cotex Ltd,2018,FIT,combined_mdna_candidate,NOT_OBSERVED,t0.1_audit_detector,0,False,0,audit_detector_combined_mdna_candidate,1.0.0,NOT_REVIEWED,,raw_prop=combined_mdna_candidate,NOT_REVIEWED,DERIVED_RECONCILIATION
INE004C01028_2024,Gujarat Cotex Ltd,2024,FIT,native,CANDIDATE,t0.1_audit_detector,1,1,1,audit_detector_native,1.0.0,NOT_REVIEWED,,raw_prop=native_page_count,NOT_REVIEWED,DERIVED_RECONCILIATION
INE004C01028_2024,Gujarat Cotex Ltd,2024,FIT,scanned,CANDIDATE,t0.1_audit_detector,1,67,1,audit_detector_scanned,1.0.0,NOT_REVIEWED,,raw_prop=scanned_page_count,NOT_REVIEWED,DERIVED_RECONCILIATION
INE004C01028_2024,Gujarat Cotex Ltd,2024,FIT,ocr_layer_candidate,NOT_OBSERVED,t0.1_audit_detector,0,0,0,audit_detector_ocr_layer_candidate,1.0.0,NOT_REVIEWED,,raw_prop=ocr_page_count,NOT_REVIEWED,DERIVED_RECONCILIATION
INE004C01028_2024,Gujarat Cotex Ltd,2024,FIT,legacy_font_candidate,NOT_OBSERVED,t0.1_audit_detector,0,0,0,audit_detector_legacy_font_candidate,1.0.0,NOT_REVIEWED,,raw_prop=legacy_candidate_page_count,NOT_REVIEWED,DERIVED_RECONCILIATION
INE004C01028_2024,Gujarat Cotex Ltd,2024,FIT,hidden_text_candidate,NOT_OBSERVED,t0.1_audit_detector,0,0,0,audit_detector_hidden_text_candidate,1.0.0,NOT_REVIEWED,,raw_prop=hidden_text_candidate_page_count,NOT_REVIEWED,DERIVED_RECONCILIATION
INE004C01028_2024,Gujarat Cotex Ltd,2024,FIT,duplicate_text_candidate,NOT_OBSERVED,t0.1_audit_detector,0,0,0,audit_detector_duplicate_text_candidate,1.0.0,NOT_REVIEWED,,raw_prop=duplicate_text_candidate_page_count,NOT_REVIEWED,DERIVED_RECONCILIATION
INE004C01028_2024,Gujarat Cotex Ltd,2024,FIT,devanagari_candidate,NOT_OBSERVED,t0.1_audit_detector,0,0,0,audit_detector_devanagari_candidate,1.0.0,NOT_REVIEWED,,raw_prop=devanagari_page_count,NOT_REVIEWED,DERIVED_RECONCILIATION
INE004C01028_2024,Gujarat Cotex Ltd,2024,FIT,bilingual_candidate,NOT_OBSERVED,t0.1_audit_detector,0,0,0,audit_detector_bilingual_candidate,1.0.0,NOT_REVIEWED,,raw_prop=bilingual_candidate_page_count,NOT_REVIEWED,DERIVED_RECONCILIATION
INE004C01028_2024,Gujarat Cotex Ltd,2024,FIT,two_column,NOT_OBSERVED,t0.1_audit_detector,0,0,0,audit_detector_two_column,1.0.0,NOT_REVIEWED,,raw_prop=two_column_page_count,NOT_REVIEWED,DERIVED_RECONCILIATION
INE004C01028_2024,Gujarat Cotex Ltd,2024,FIT,multi_column,CANDIDATE,t0.1_audit_detector,1,1,1,audit_detector_multi_column,1.0.0,NOT_REVIEWED,,raw_prop=multi_column_page_count,NOT_REVIEWED,DERIVED_RECONCILIATION
INE004C01028_2024,Gujarat Cotex Ltd,2024,FIT,table_candidate,NOT_OBSERVED,t0.1_audit_detector,0,0,0,audit_detector_table_candidate,1.0.0,NOT_REVIEWED,,raw_prop=table_candidate_page_count,NOT_REVIEWED,DERIVED_RECONCILIATION
INE004C01028_2024,Gujarat Cotex Ltd,2024,FIT,header_candidate,NOT_OBSERVED,t0.1_audit_detector,0,0,0,audit_detector_header_candidate,1.0.0,NOT_REVIEWED,,raw_prop=header_candidate_page_count,NOT_REVIEWED,DERIVED_RECONCILIATION
INE004C01028_2024,Gujarat Cotex Ltd,2024,FIT,footer_candidate,NOT_OBSERVED,t0.1_audit_detector,0,0,0,audit_detector_footer_candidate,1.0.0,NOT_REVIEWED,,raw_prop=footer_candidate_page_count,NOT_REVIEWED,DERIVED_RECONCILIATION
INE004C01028_2024,Gujarat Cotex Ltd,2024,FIT,toc_candidate,NOT_OBSERVED,t0.1_audit_detector,0,False,0,audit_detector_toc_candidate,1.0.0,NOT_REVIEWED,,raw_prop=toc_candidate,NOT_REVIEWED,DERIVED_RECONCILIATION
INE004C01028_2024,Gujarat Cotex Ltd,2024,FIT,deep_hierarchy_candidate,NOT_OBSERVED,t0.1_audit_detector,0,False,0,audit_detector_deep_hierarchy_candidate,1.0.0,NOT_REVIEWED,,raw_prop=deep_hierarchy_candidate,NOT_REVIEWED,DERIVED_RECONCILIATION
INE004C01028_2024,Gujarat Cotex Ltd,2024,FIT,annexure_candidate,NOT_OBSERVED,t0.1_audit_detector,0,False,0,audit_detector_annexure_candidate,1.0.0,NOT_REVIEWED,,raw_prop=annexure_candidate,NOT_REVIEWED,DERIVED_RECONCILIATION
INE004C01028_2024,Gujarat Cotex Ltd,2024,FIT,combined_mdna_candidate,NOT_OBSERVED,t0.1_audit_detector,0,False,0,audit_detector_combined_mdna_candidate,1.0.0,NOT_REVIEWED,,raw_prop=combined_mdna_candidate,NOT_REVIEWED,DERIVED_RECONCILIATION
INE004C01028_2025,Gujarat Cotex Ltd,2025,FIT,native,CANDIDATE,t0.1_audit_detector,1,60,1,audit_detector_native,1.0.0,NOT_REVIEWED,,raw_prop=native_page_count,NOT_REVIEWED,DERIVED_RECONCILIATION
INE004C01028_2025,Gujarat Cotex Ltd,2025,FIT,scanned,NOT_OBSERVED,t0.1_audit_detector,0,0,0,audit_detector_scanned,1.0.0,NOT_REVIEWED,,raw_prop=scanned_page_count,NOT_REVIEWED,DERIVED_RECONCILIATION
INE004C01028_2025,Gujarat Cotex Ltd,2025,FIT,ocr_layer_candidate,CANDIDATE,t0.1_audit_detector,1,1,1,audit_detector_ocr_layer_candidate,1.0.0,NOT_REVIEWED,,raw_prop=ocr_page_count,NOT_REVIEWED,DERIVED_RECONCILIATION
INE004C01028_2025,Gujarat Cotex Ltd,2025,FIT,legacy_font_candidate,NOT_OBSERVED,t0.1_audit_detector,0,0,0,audit_detector_legacy_font_candidate,1.0.0,NOT_REVIEWED,,raw_prop=legacy_candidate_page_count,NOT_REVIEWED,DERIVED_RECONCILIATION
INE004C01028_2025,Gujarat Cotex Ltd,2025,FIT,hidden_text_candidate,NOT_OBSERVED,t0.1_audit_detector,0,0,0,audit_detector_hidden_text_candidate,1.0.0,NOT_REVIEWED,,raw_prop=hidden_text_candidate_page_count,NOT_REVIEWED,DERIVED_RECONCILIATION
INE004C01028_2025,Gujarat Cotex Ltd,2025,FIT,duplicate_text_candidate,NOT_OBSERVED,t0.1_audit_detector,0,0,0,audit_detector_duplicate_text_candidate,1.0.0,NOT_REVIEWED,,raw_prop=duplicate_text_candidate_page_count,NOT_REVIEWED,DERIVED_RECONCILIATION
INE004C01028_2025,Gujarat Cotex Ltd,2025,FIT,devanagari_candidate,NOT_OBSERVED,t0.1_audit_detector,0,0,0,audit_detector_devanagari_candidate,1.0.0,NOT_REVIEWED,,raw_prop=devanagari_page_count,NOT_REVIEWED,DERIVED_RECONCILIATION
INE004C01028_2025,Gujarat Cotex Ltd,2025,FIT,bilingual_candidate,NOT_OBSERVED,t0.1_audit_detector,0,0,0,audit_detector_bilingual_candidate,1.0.0,NOT_REVIEWED,,raw_prop=bilingual_candidate_page_count,NOT_REVIEWED,DERIVED_RECONCILIATION
INE004C01028_2025,Gujarat Cotex Ltd,2025,FIT,two_column,CANDIDATE,t0.1_audit_detector,1,4,1,audit_detector_two_column,1.0.0,NOT_REVIEWED,,raw_prop=two_column_page_count,NOT_REVIEWED,DERIVED_RECONCILIATION
INE004C01028_2025,Gujarat Cotex Ltd,2025,FIT,multi_column,CANDIDATE,t0.1_audit_detector,1,36,1,audit_detector_multi_column,1.0.0,NOT_REVIEWED,,raw_prop=multi_column_page_count,NOT_REVIEWED,DERIVED_RECONCILIATION
INE004C01028_2025,Gujarat Cotex Ltd,2025,FIT,table_candidate,CANDIDATE,t0.1_audit_detector,1,5,1,audit_detector_table_candidate,1.0.0,NOT_REVIEWED,,raw_prop=table_candidate_page_count,NOT_REVIEWED,DERIVED_RECONCILIATION
INE004C01028_2025,Gujarat Cotex Ltd,2025,FIT,header_candidate,CANDIDATE,t0.1_audit_detector,1,32,1,audit_detector_header_candidate,1.0.0,NOT_REVIEWED,,raw_prop=header_candidate_page_count,NOT_REVIEWED,DERIVED_RECONCILIATION
INE004C01028_2025,Gujarat Cotex Ltd,2025,FIT,footer_candidate,NOT_OBSERVED,t0.1_audit_detector,0,0,0,audit_detector_footer_candidate,1.0.0,NOT_REVIEWED,,raw_prop=footer_candidate_page_count,NOT_REVIEWED,DERIVED_RECONCILIATION
INE004C01028_2025,Gujarat Cotex Ltd,2025,FIT,toc_candidate,CANDIDATE,t0.1_audit_detector,1,True,1,audit_detector_toc_candidate,1.0.0,NOT_REVIEWED,,raw_prop=toc_candidate,NOT_REVIEWED,DERIVED_RECONCILIATION
INE004C01028_2025,Gujarat Cotex Ltd,2025,FIT,deep_hierarchy_candidate,NOT_OBSERVED,t0.1_audit_detector,0,False,0,audit_detector_deep_hierarchy_candidate,1.0.0,NOT_REVIEWED,,raw_prop=deep_hierarchy_candidate,NOT_REVIEWED,DERIVED_RECONCILIATION
INE004C01028_2025,Gujarat Cotex Ltd,2025,FIT,annexure_candidate,CANDIDATE,t0.1_audit_detector,1,True,1,audit_detector_annexure_candidate,1.0.0,NOT_REVIEWED,,raw_prop=annexure_candidate,NOT_REVIEWED,DERIVED_RECONCILIATION
INE004C01028_2025,Gujarat Cotex Ltd,2025,FIT,combined_mdna_candidate,NOT_OBSERVED,t0.1_audit_detector,0,False,0,audit_detector_combined_mdna_candidate,1.0.0,NOT_REVIEWED,,raw_prop=combined_mdna_candidate,NOT_REVIEWED,DERIVED_RECONCILIATION
INE004E01016_2012,Span Divergent Limited,2012,FIT,native,CANDIDATE,t0.1_audit_detector,1,70,1,audit_detector_native,1.0.0,NOT_REVIEWED,,raw_prop=native_page_count,NOT_REVIEWED,DERIVED_RECONCILIATION
INE004E01016_2012,Span Divergent Limited,2012,FIT,scanned,NOT_OBSERVED,t0.1_audit_detector,0,0,0,audit_detector_scanned,1.0.0,NOT_REVIEWED,,raw_prop=scanned_page_count,NOT_REVIEWED,DERIVED_RECONCILIATION
INE004E01016_2012,Span Divergent Limited,2012,FIT,ocr_layer_candidate,NOT_OBSERVED,t0.1_audit_detector,0,0,0,audit_detector_ocr_layer_candidate,1.0.0,NOT_REVIEWED,,raw_prop=ocr_page_count,NOT_REVIEWED,DERIVED_RECONCILIATION
INE004E01016_2012,Span Divergent Limited,2012,FIT,legacy_font_candidate,NOT_OBSERVED,t0.1_audit_detector,0,0,0,audit_detector_legacy_font_candidate,1.0.0,NOT_REVIEWED,,raw_prop=legacy_candidate_page_count,NOT_REVIEWED,DERIVED_RECONCILIATION
INE004E01016_2012,Span Divergent Limited,2012,FIT,hidden_text_candidate,NOT_OBSERVED,t0.1_audit_detector,0,0,0,audit_detector_hidden_text_candidate,1.0.0,NOT_REVIEWED,,raw_prop=hidden_text_candidate_page_count,NOT_REVIEWED,DERIVED_RECONCILIATION
INE004E01016_2012,Span Divergent Limited,2012,FIT,duplicate_text_candidate,NOT_OBSERVED,t0.1_audit_detector,0,0,0,audit_detector_duplicate_text_candidate,1.0.0,NOT_REVIEWED,,raw_prop=duplicate_text_candidate_page_count,NOT_REVIEWED,DERIVED_RECONCILIATION
INE004E01016_2012,Span Divergent Limited,2012,FIT,devanagari_candidate,NOT_OBSERVED,t0.1_audit_detector,0,0,0,audit_detector_devanagari_candidate,1.0.0,NOT_REVIEWED,,raw_prop=devanagari_page_count,NOT_REVIEWED,DERIVED_RECONCILIATION
INE004E01016_2012,Span Divergent Limited,2012,FIT,bilingual_candidate,NOT_OBSERVED,t0.1_audit_detector,0,0,0,audit_detector_bilingual_candidate,1.0.0,NOT_REVIEWED,,raw_prop=bilingual_candidate_page_count,NOT_REVIEWED,DERIVED_RECONCILIATION
INE004E01016_2012,Span Divergent Limited,2012,FIT,two_column,CANDIDATE,t0.1_audit_detector,1,19,1,audit_detector_two_column,1.0.0,NOT_REVIEWED,,raw_prop=two_column_page_count,NOT_REVIEWED,DERIVED_RECONCILIATION
INE004E01016_2012,Span Divergent Limited,2012,FIT,multi_column,CANDIDATE,t0.1_audit_detector,1,47,1,audit_detector_multi_column,1.0.0,NOT_REVIEWED,,raw_prop=multi_column_page_count,NOT_REVIEWED,DERIVED_RECONCILIATION
INE004E01016_2012,Span Divergent Limited,2012,FIT,table_candidate,CANDIDATE,t0.1_audit_detector,1,58,1,audit_detector_table_candidate,1.0.0,NOT_REVIEWED,,raw_prop=table_candidate_page_count,NOT_REVIEWED,DERIVED_RECONCILIATION
INE004E01016_2012,Span Divergent Limited,2012,FIT,header_candidate,NOT_OBSERVED,t0.1_audit_detector,0,0,0,audit_detector_header_candidate,1.0.0,NOT_REVIEWED,,raw_prop=header_candidate_page_count,NOT_REVIEWED,DERIVED_RECONCILIATION
INE004E01016_2012,Span Divergent Limited,2012,FIT,footer_candidate,NOT_OBSERVED,t0.1_audit_detector,0,0,0,audit_detector_footer_candidate,1.0.0,NOT_REVIEWED,,raw_prop=footer_candidate_page_count,NOT_REVIEWED,DERIVED_RECONCILIATION
INE004E01016_2012,Span Divergent Limited,2012,FIT,toc_candidate,CANDIDATE,t0.1_audit_detector,1,True,1,audit_detector_toc_candidate,1.0.0,NOT_REVIEWED,,raw_prop=toc_candidate,NOT_REVIEWED,DERIVED_RECONCILIATION
INE004E01016_2012,Span Divergent Limited,2012,FIT,deep_hierarchy_candidate,NOT_OBSERVED,t0.1_audit_detector,0,False,0,audit_detector_deep_hierarchy_candidate,1.0.0,NOT_REVIEWED,,raw_prop=deep_hierarchy_candidate,NOT_REVIEWED,DERIVED_RECONCILIATION
INE004E01016_2012,Span Divergent Limited,2012,FIT,annexure_candidate,CANDIDATE,t0.1_audit_detector,1,True,1,audit_detector_annexure_candidate,1.0.0,NOT_REVIEWED,,raw_prop=annexure_candidate,NOT_REVIEWED,DERIVED_RECONCILIATION
INE004E01016_2012,Span Divergent Limited,2012,FIT,combined_mdna_candidate,NOT_OBSERVED,t0.1_audit_detector,0,False,0,audit_detector_combined_mdna_candidate,1.0.0,NOT_REVIEWED,,raw_prop=combined_mdna_candidate,NOT_REVIEWED,DERIVED_RECONCILIATION
INE004E01016_2013,Span Divergent Limited,2013,FIT,native,CANDIDATE,t0.1_audit_detector,1,75,1,audit_detector_native,1.0.0,NOT_REVIEWED,,raw_prop=native_page_count,NOT_REVIEWED,DERIVED_RECONCILIATION
INE004E01016_2013,Span Divergent Limited,2013,FIT,scanned,CANDIDATE,t0.1_audit_detector,1,1,1,audit_detector_scanned,1.0.0,NOT_REVIEWED,,raw_prop=scanned_page_count,NOT_REVIEWED,DERIVED_RECONCILIATION
INE004E01016_2013,Span Divergent Limited,2013,FIT,ocr_layer_candidate,NOT_OBSERVED,t0.1_audit_detector,0,0,0,audit_detector_ocr_layer_candidate,1.0.0,NOT_REVIEWED,,raw_prop=ocr_page_count,NOT_REVIEWED,DERIVED_RECONCILIATION
INE004E01016_2013,Span Divergent Limited,2013,FIT,legacy_font_candidate,NOT_OBSERVED,t0.1_audit_detector,0,0,0,audit_detector_legacy_font_candidate,1.0.0,NOT_REVIEWED,,raw_prop=legacy_candidate_page_count,NOT_REVIEWED,DERIVED_RECONCILIATION
INE004E01016_2013,Span Divergent Limited,2013,FIT,hidden_text_candidate,NOT_OBSERVED,t0.1_audit_detector,0,0,0,audit_detector_hidden_text_candidate,1.0.0,NOT_REVIEWED,,raw_prop=hidden_text_candidate_page_count,NOT_REVIEWED,DERIVED_RECONCILIATION
INE004E01016_2013,Span Divergent Limited,2013,FIT,duplicate_text_candidate,NOT_OBSERVED,t0.1_audit_detector,0,0,0,audit_detector_duplicate_text_candidate,1.0.0,NOT_REVIEWED,,raw_prop=duplicate_text_candidate_page_count,NOT_REVIEWED,DERIVED_RECONCILIATION
INE004E01016_2013,Span Divergent Limited,2013,FIT,devanagari_candidate,NOT_OBSERVED,t0.1_audit_detector,0,0,0,audit_detector_devanagari_candidate,1.0.0,NOT_REVIEWED,,raw_prop=devanagari_page_count,NOT_REVIEWED,DERIVED_RECONCILIATION
INE004E01016_2013,Span Divergent Limited,2013,FIT,bilingual_candidate,NOT_OBSERVED,t0.1_audit_detector,0,0,0,audit_detector_bilingual_candidate,1.0.0,NOT_REVIEWED,,raw_prop=bilingual_candidate_page_count,NOT_REVIEWED,DERIVED_RECONCILIATION
INE004E01016_2013,Span Divergent Limited,2013,FIT,two_column,CANDIDATE,t0.1_audit_detector,1,24,1,audit_detector_two_column,1.0.0,NOT_REVIEWED,,raw_prop=two_column_page_count,NOT_REVIEWED,DERIVED_RECONCILIATION
INE004E01016_2013,Span Divergent Limited,2013,FIT,multi_column,CANDIDATE,t0.1_audit_detector,1,51,1,audit_detector_multi_column,1.0.0,NOT_REVIEWED,,raw_prop=multi_column_page_count,NOT_REVIEWED,DERIVED_RECONCILIATION
INE004E01016_2013,Span Divergent Limited,2013,FIT,table_candidate,CANDIDATE,t0.1_audit_detector,1,80,1,audit_detector_table_candidate,1.0.0,NOT_REVIEWED,,raw_prop=table_candidate_page_count,NOT_REVIEWED,DERIVED_RECONCILIATION
INE004E01016_2013,Span Divergent Limited,2013,FIT,header_candidate,NOT_OBSERVED,t0.1_audit_detector,0,0,0,audit_detector_header_candidate,1.0.0,NOT_REVIEWED,,raw_prop=header_candidate_page_count,NOT_REVIEWED,DERIVED_RECONCILIATION
INE004E01016_2013,Span Divergent Limited,2013,FIT,footer_candidate,NOT_OBSERVED,t0.1_audit_detector,0,0,0,audit_detector_footer_candidate,1.0.0,NOT_REVIEWED,,raw_prop=footer_candidate_page_count,NOT_REVIEWED,DERIVED_RECONCILIATION
INE004E01016_2013,Span Divergent Limited,2013,FIT,toc_candidate,CANDIDATE,t0.1_audit_detector,1,True,1,audit_detector_toc_candidate,1.0.0,NOT_REVIEWED,,raw_prop=toc_candidate,NOT_REVIEWED,DERIVED_RECONCILIATION
INE004E01016_2013,Span Divergent Limited,2013,FIT,deep_hierarchy_candidate,NOT_OBSERVED,t0.1_audit_detector,0,False,0,audit_detector_deep_hierarchy_candidate,1.0.0,NOT_REVIEWED,,raw_prop=deep_hierarchy_candidate,NOT_REVIEWED,DERIVED_RECONCILIATION
INE004E01016_2013,Span Divergent Limited,2013,FIT,annexure_candidate,CANDIDATE,t0.1_audit_detector,1,True,1,audit_detector_annexure_candidate,1.0.0,NOT_REVIEWED,,raw_prop=annexure_candidate,NOT_REVIEWED,DERIVED_RECONCILIATION
INE004E01016_2013,Span Divergent Limited,2013,FIT,combined_mdna_candidate,NOT_OBSERVED,t0.1_audit_detector,0,False,0,audit_detector_combined_mdna_candidate,1.0.0,NOT_REVIEWED,,raw_prop=combined_mdna_candidate,NOT_REVIEWED,DERIVED_RECONCILIATION
INE004E01016_2017,Span Divergent Limited,2017,FIT,native,CANDIDATE,t0.1_audit_detector,1,75,1,audit_detector_native,1.0.0,NOT_REVIEWED,,raw_prop=native_page_count,NOT_REVIEWED,DERIVED_RECONCILIATION
INE004E01016_2017,Span Divergent Limited,2017,FIT,scanned,CANDIDATE,t0.1_audit_detector,1,1,1,audit_detector_scanned,1.0.0,NOT_REVIEWED,,raw_prop=scanned_page_count,NOT_REVIEWED,DERIVED_RECONCILIATION
INE004E01016_2017,Span Divergent Limited,2017,FIT,ocr_layer_candidate,NOT_OBSERVED,t0.1_audit_detector,0,0,0,audit_detector_ocr_layer_candidate,1.0.0,NOT_REVIEWED,,raw_prop=ocr_page_count,NOT_REVIEWED,DERIVED_RECONCILIATION
INE004E01016_2017,Span Divergent Limited,2017,FIT,legacy_font_candidate,NOT_OBSERVED,t0.1_audit_detector,0,0,0,audit_detector_legacy_font_candidate,1.0.0,NOT_REVIEWED,,raw_prop=legacy_candidate_page_count,NOT_REVIEWED,DERIVED_RECONCILIATION
INE004E01016_2017,Span Divergent Limited,2017,FIT,hidden_text_candidate,NOT_OBSERVED,t0.1_audit_detector,0,0,0,audit_detector_hidden_text_candidate,1.0.0,NOT_REVIEWED,,raw_prop=hidden_text_candidate_page_count,NOT_REVIEWED,DERIVED_RECONCILIATION
INE004E01016_2017,Span Divergent Limited,2017,FIT,duplicate_text_candidate,NOT_OBSERVED,t0.1_audit_detector,0,0,0,audit_detector_duplicate_text_candidate,1.0.0,NOT_REVIEWED,,raw_prop=duplicate_text_candidate_page_count,NOT_REVIEWED,DERIVED_RECONCILIATION
INE004E01016_2017,Span Divergent Limited,2017,FIT,devanagari_candidate,NOT_OBSERVED,t0.1_audit_detector,0,0,0,audit_detector_devanagari_candidate,1.0.0,NOT_REVIEWED,,raw_prop=devanagari_page_count,NOT_REVIEWED,DERIVED_RECONCILIATION
INE004E01016_2017,Span Divergent Limited,2017,FIT,bilingual_candidate,NOT_OBSERVED,t0.1_audit_detector,0,0,0,audit_detector_bilingual_candidate,1.0.0,NOT_REVIEWED,,raw_prop=bilingual_candidate_page_count,NOT_REVIEWED,DERIVED_RECONCILIATION
INE004E01016_2017,Span Divergent Limited,2017,FIT,two_column,CANDIDATE,t0.1_audit_detector,1,23,1,audit_detector_two_column,1.0.0,NOT_REVIEWED,,raw_prop=two_column_page_count,NOT_REVIEWED,DERIVED_RECONCILIATION
INE004E01016_2017,Span Divergent Limited,2017,FIT,multi_column,CANDIDATE,t0.1_audit_detector,1,51,1,audit_detector_multi_column,1.0.0,NOT_REVIEWED,,raw_prop=multi_column_page_count,NOT_REVIEWED,DERIVED_RECONCILIATION
INE004E01016_2017,Span Divergent Limited,2017,FIT,table_candidate,CANDIDATE,t0.1_audit_detector,1,68,1,audit_detector_table_candidate,1.0.0,NOT_REVIEWED,,raw_prop=table_candidate_page_count,NOT_REVIEWED,DERIVED_RECONCILIATION
INE004E01016_2017,Span Divergent Limited,2017,FIT,header_candidate,NOT_OBSERVED,t0.1_audit_detector,0,0,0,audit_detector_header_candidate,1.0.0,NOT_REVIEWED,,raw_prop=header_candidate_page_count,NOT_REVIEWED,DERIVED_RECONCILIATION
INE004E01016_2017,Span Divergent Limited,2017,FIT,footer_candidate,NOT_OBSERVED,t0.1_audit_detector,0,0,0,audit_detector_footer_candidate,1.0.0,NOT_REVIEWED,,raw_prop=footer_candidate_page_count,NOT_REVIEWED,DERIVED_RECONCILIATION
INE004E01016_2017,Span Divergent Limited,2017,FIT,toc_candidate,CANDIDATE,t0.1_audit_detector,1,True,1,audit_detector_toc_candidate,1.0.0,NOT_REVIEWED,,raw_prop=toc_candidate,NOT_REVIEWED,DERIVED_RECONCILIATION
INE004E01016_2017,Span Divergent Limited,2017,FIT,deep_hierarchy_candidate,NOT_OBSERVED,t0.1_audit_detector,0,False,0,audit_detector_deep_hierarchy_candidate,1.0.0,NOT_REVIEWED,,raw_prop=deep_hierarchy_candidate,NOT_REVIEWED,DERIVED_RECONCILIATION
INE004E01016_2017,Span Divergent Limited,2017,FIT,annexure_candidate,CANDIDATE,t0.1_audit_detector,1,True,1,audit_detector_annexure_candidate,1.0.0,NOT_REVIEWED,,raw_prop=annexure_candidate,NOT_REVIEWED,DERIVED_RECONCILIATION
INE004E01016_2017,Span Divergent Limited,2017,FIT,combined_mdna_candidate,CANDIDATE,t0.1_audit_detector,1,True,1,audit_detector_combined_mdna_candidate,1.0.0,NOT_REVIEWED,,raw_prop=combined_mdna_candidate,NOT_REVIEWED,DERIVED_RECONCILIATION
INE004E01016_2018,Span Divergent Limited,2018,FIT,native,CANDIDATE,t0.1_audit_detector,1,110,1,audit_detector_native,1.0.0,NOT_REVIEWED,,raw_prop=native_page_count,NOT_REVIEWED,DERIVED_RECONCILIATION
INE004E01016_2018,Span Divergent Limited,2018,FIT,scanned,CANDIDATE,t0.1_audit_detector,1,1,1,audit_detector_scanned,1.0.0,NOT_REVIEWED,,raw_prop=scanned_page_count,NOT_REVIEWED,DERIVED_RECONCILIATION
INE004E01016_2018,Span Divergent Limited,2018,FIT,ocr_layer_candidate,NOT_OBSERVED,t0.1_audit_detector,0,0,0,audit_detector_ocr_layer_candidate,1.0.0,NOT_REVIEWED,,raw_prop=ocr_page_count,NOT_REVIEWED,DERIVED_RECONCILIATION
INE004E01016_2018,Span Divergent Limited,2018,FIT,legacy_font_candidate,CANDIDATE,t0.1_audit_detector,1,107,1,audit_detector_legacy_font_candidate,1.0.0,NOT_REVIEWED,,raw_prop=legacy_candidate_page_count,NOT_REVIEWED,DERIVED_RECONCILIATION
INE004E01016_2018,Span Divergent Limited,2018,FIT,hidden_text_candidate,NOT_OBSERVED,t0.1_audit_detector,0,0,0,audit_detector_hidden_text_candidate,1.0.0,NOT_REVIEWED,,raw_prop=hidden_text_candidate_page_count,NOT_REVIEWED,DERIVED_RECONCILIATION
INE004E01016_2018,Span Divergent Limited,2018,FIT,duplicate_text_candidate,NOT_OBSERVED,t0.1_audit_detector,0,0,0,audit_detector_duplicate_text_candidate,1.0.0,NOT_REVIEWED,,raw_prop=duplicate_text_candidate_page_count,NOT_REVIEWED,DERIVED_RECONCILIATION
INE004E01016_2018,Span Divergent Limited,2018,FIT,devanagari_candidate,NOT_OBSERVED,t0.1_audit_detector,0,0,0,audit_detector_devanagari_candidate,1.0.0,NOT_REVIEWED,,raw_prop=devanagari_page_count,NOT_REVIEWED,DERIVED_RECONCILIATION
INE004E01016_2018,Span Divergent Limited,2018,FIT,bilingual_candidate,NOT_OBSERVED,t0.1_audit_detector,0,0,0,audit_detector_bilingual_candidate,1.0.0,NOT_REVIEWED,,raw_prop=bilingual_candidate_page_count,NOT_REVIEWED,DERIVED_RECONCILIATION
INE004E01016_2018,Span Divergent Limited,2018,FIT,two_column,CANDIDATE,t0.1_audit_detector,1,41,1,audit_detector_two_column,1.0.0,NOT_REVIEWED,,raw_prop=two_column_page_count,NOT_REVIEWED,DERIVED_RECONCILIATION
INE004E01016_2018,Span Divergent Limited,2018,FIT,multi_column,CANDIDATE,t0.1_audit_detector,1,69,1,audit_detector_multi_column,1.0.0,NOT_REVIEWED,,raw_prop=multi_column_page_count,NOT_REVIEWED,DERIVED_RECONCILIATION
INE004E01016_2018,Span Divergent Limited,2018,FIT,table_candidate,CANDIDATE,t0.1_audit_detector,1,82,1,audit_detector_table_candidate,1.0.0,NOT_REVIEWED,,raw_prop=table_candidate_page_count,NOT_REVIEWED,DERIVED_RECONCILIATION
INE004E01016_2018,Span Divergent Limited,2018,FIT,header_candidate,NOT_OBSERVED,t0.1_audit_detector,0,0,0,audit_detector_header_candidate,1.0.0,NOT_REVIEWED,,raw_prop=header_candidate_page_count,NOT_REVIEWED,DERIVED_RECONCILIATION
INE004E01016_2018,Span Divergent Limited,2018,FIT,footer_candidate,NOT_OBSERVED,t0.1_audit_detector,0,0,0,audit_detector_footer_candidate,1.0.0,NOT_REVIEWED,,raw_prop=footer_candidate_page_count,NOT_REVIEWED,DERIVED_RECONCILIATION
INE004E01016_2018,Span Divergent Limited,2018,FIT,toc_candidate,NOT_OBSERVED,t0.1_audit_detector,0,False,0,audit_detector_toc_candidate,1.0.0,NOT_REVIEWED,,raw_prop=toc_candidate,NOT_REVIEWED,DERIVED_RECONCILIATION
INE004E01016_2018,Span Divergent Limited,2018,FIT,deep_hierarchy_candidate,NOT_OBSERVED,t0.1_audit_detector,0,False,0,audit_detector_deep_hierarchy_candidate,1.0.0,NOT_REVIEWED,,raw_prop=deep_hierarchy_candidate,NOT_REVIEWED,DERIVED_RECONCILIATION
INE004E01016_2018,Span Divergent Limited,2018,FIT,annexure_candidate,NOT_OBSERVED,t0.1_audit_detector,0,False,0,audit_detector_annexure_candidate,1.0.0,NOT_REVIEWED,,raw_prop=annexure_candidate,NOT_REVIEWED,DERIVED_RECONCILIATION
INE004E01016_2018,Span Divergent Limited,2018,FIT,combined_mdna_candidate,NOT_OBSERVED,t0.1_audit_detector,0,False,0,audit_detector_combined_mdna_candidate,1.0.0,NOT_REVIEWED,,raw_prop=combined_mdna_candidate,NOT_REVIEWED,DERIVED_RECONCILIATION
INE004E01016_2024,Span Divergent Limited,2024,FIT,native,CANDIDATE,t0.1_audit_detector,1,98,1,audit_detector_native,1.0.0,NOT_REVIEWED,,raw_prop=native_page_count,NOT_REVIEWED,DERIVED_RECONCILIATION
INE004E01016_2024,Span Divergent Limited,2024,FIT,scanned,NOT_OBSERVED,t0.1_audit_detector,0,0,0,audit_detector_scanned,1.0.0,NOT_REVIEWED,,raw_prop=scanned_page_count,NOT_REVIEWED,DERIVED_RECONCILIATION
INE004E01016_2024,Span Divergent Limited,2024,FIT,ocr_layer_candidate,CANDIDATE,t0.1_audit_detector,1,1,1,audit_detector_ocr_layer_candidate,1.0.0,NOT_REVIEWED,,raw_prop=ocr_page_count,NOT_REVIEWED,DERIVED_RECONCILIATION
INE004E01016_2024,Span Divergent Limited,2024,FIT,legacy_font_candidate,NOT_OBSERVED,t0.1_audit_detector,0,0,0,audit_detector_legacy_font_candidate,1.0.0,NOT_REVIEWED,,raw_prop=legacy_candidate_page_count,NOT_REVIEWED,DERIVED_RECONCILIATION
INE004E01016_2024,Span Divergent Limited,2024,FIT,hidden_text_candidate,NOT_OBSERVED,t0.1_audit_detector,0,0,0,audit_detector_hidden_text_candidate,1.0.0,NOT_REVIEWED,,raw_prop=hidden_text_candidate_page_count,NOT_REVIEWED,DERIVED_RECONCILIATION
INE004E01016_2024,Span Divergent Limited,2024,FIT,duplicate_text_candidate,NOT_OBSERVED,t0.1_audit_detector,0,0,0,audit_detector_duplicate_text_candidate,1.0.0,NOT_REVIEWED,,raw_prop=duplicate_text_candidate_page_count,NOT_REVIEWED,DERIVED_RECONCILIATION
INE004E01016_2024,Span Divergent Limited,2024,FIT,devanagari_candidate,NOT_OBSERVED,t0.1_audit_detector,0,0,0,audit_detector_devanagari_candidate,1.0.0,NOT_REVIEWED,,raw_prop=devanagari_page_count,NOT_REVIEWED,DERIVED_RECONCILIATION
INE004E01016_2024,Span Divergent Limited,2024,FIT,bilingual_candidate,NOT_OBSERVED,t0.1_audit_detector,0,0,0,audit_detector_bilingual_candidate,1.0.0,NOT_REVIEWED,,raw_prop=bilingual_candidate_page_count,NOT_REVIEWED,DERIVED_RECONCILIATION
INE004E01016_2024,Span Divergent Limited,2024,FIT,two_column,NOT_OBSERVED,t0.1_audit_detector,0,0,0,audit_detector_two_column,1.0.0,NOT_REVIEWED,,raw_prop=two_column_page_count,NOT_REVIEWED,DERIVED_RECONCILIATION
INE004E01016_2024,Span Divergent Limited,2024,FIT,multi_column,CANDIDATE,t0.1_audit_detector,1,34,1,audit_detector_multi_column,1.0.0,NOT_REVIEWED,,raw_prop=multi_column_page_count,NOT_REVIEWED,DERIVED_RECONCILIATION
INE004E01016_2024,Span Divergent Limited,2024,FIT,table_candidate,CANDIDATE,t0.1_audit_detector,1,98,1,audit_detector_table_candidate,1.0.0,NOT_REVIEWED,,raw_prop=table_candidate_page_count,NOT_REVIEWED,DERIVED_RECONCILIATION
INE004E01016_2024,Span Divergent Limited,2024,FIT,header_candidate,CANDIDATE,t0.1_audit_detector,1,6,1,audit_detector_header_candidate,1.0.0,NOT_REVIEWED,,raw_prop=header_candidate_page_count,NOT_REVIEWED,DERIVED_RECONCILIATION
INE004E01016_2024,Span Divergent Limited,2024,FIT,footer_candidate,CANDIDATE,t0.1_audit_detector,1,90,1,audit_detector_footer_candidate,1.0.0,NOT_REVIEWED,,raw_prop=footer_candidate_page_count,NOT_REVIEWED,DERIVED_RECONCILIATION
INE004E01016_2024,Span Divergent Limited,2024,FIT,toc_candidate,CANDIDATE,t0.1_audit_detector,1,True,1,audit_detector_toc_candidate,1.0.0,NOT_REVIEWED,,raw_prop=toc_candidate,NOT_REVIEWED,DERIVED_RECONCILIATION
INE004E01016_2024,Span Divergent Limited,2024,FIT,deep_hierarchy_candidate,NOT_OBSERVED,t0.1_audit_detector,0,False,0,audit_detector_deep_hierarchy_candidate,1.0.0,NOT_REVIEWED,,raw_prop=deep_hierarchy_candidate,NOT_REVIEWED,DERIVED_RECONCILIATION
INE004E01016_2024,Span Divergent Limited,2024,FIT,annexure_candidate,CANDIDATE,t0.1_audit_detector,1,True,1,audit_detector_annexure_candidate,1.0.0,NOT_REVIEWED,,raw_prop=annexure_candidate,NOT_REVIEWED,DERIVED_RECONCILIATION
INE004E01016_2024,Span Divergent Limited,2024,FIT,combined_mdna_candidate,CANDIDATE,t0.1_audit_detector,1,True,1,audit_detector_combined_mdna_candidate,1.0.0,NOT_REVIEWED,,raw_prop=combined_mdna_candidate,NOT_REVIEWED,DERIVED_RECONCILIATION
INE004E01016_2025,Span Divergent Limited,2025,FIT,native,CANDIDATE,t0.1_audit_detector,1,95,1,audit_detector_native,1.0.0,NOT_REVIEWED,,raw_prop=native_page_count,NOT_REVIEWED,DERIVED_RECONCILIATION
INE004E01016_2025,Span Divergent Limited,2025,FIT,scanned,NOT_OBSERVED,t0.1_audit_detector,0,0,0,audit_detector_scanned,1.0.0,NOT_REVIEWED,,raw_prop=scanned_page_count,NOT_REVIEWED,DERIVED_RECONCILIATION
INE004E01016_2025,Span Divergent Limited,2025,FIT,ocr_layer_candidate,CANDIDATE,t0.1_audit_detector,1,1,1,audit_detector_ocr_layer_candidate,1.0.0,NOT_REVIEWED,,raw_prop=ocr_page_count,NOT_REVIEWED,DERIVED_RECONCILIATION
INE004E01016_2025,Span Divergent Limited,2025,FIT,legacy_font_candidate,CANDIDATE,t0.1_audit_detector,1,1,1,audit_detector_legacy_font_candidate,1.0.0,NOT_REVIEWED,,raw_prop=legacy_candidate_page_count,NOT_REVIEWED,DERIVED_RECONCILIATION
INE004E01016_2025,Span Divergent Limited,2025,FIT,hidden_text_candidate,NOT_OBSERVED,t0.1_audit_detector,0,0,0,audit_detector_hidden_text_candidate,1.0.0,NOT_REVIEWED,,raw_prop=hidden_text_candidate_page_count,NOT_REVIEWED,DERIVED_RECONCILIATION
INE004E01016_2025,Span Divergent Limited,2025,FIT,duplicate_text_candidate,NOT_OBSERVED,t0.1_audit_detector,0,0,0,audit_detector_duplicate_text_candidate,1.0.0,NOT_REVIEWED,,raw_prop=duplicate_text_candidate_page_count,NOT_REVIEWED,DERIVED_RECONCILIATION
INE004E01016_2025,Span Divergent Limited,2025,FIT,devanagari_candidate,NOT_OBSERVED,t0.1_audit_detector,0,0,0,audit_detector_devanagari_candidate,1.0.0,NOT_REVIEWED,,raw_prop=devanagari_page_count,NOT_REVIEWED,DERIVED_RECONCILIATION
INE004E01016_2025,Span Divergent Limited,2025,FIT,bilingual_candidate,NOT_OBSERVED,t0.1_audit_detector,0,0,0,audit_detector_bilingual_candidate,1.0.0,NOT_REVIEWED,,raw_prop=bilingual_candidate_page_count,NOT_REVIEWED,DERIVED_RECONCILIATION
INE004E01016_2025,Span Divergent Limited,2025,FIT,two_column,CANDIDATE,t0.1_audit_detector,1,2,1,audit_detector_two_column,1.0.0,NOT_REVIEWED,,raw_prop=two_column_page_count,NOT_REVIEWED,DERIVED_RECONCILIATION
INE004E01016_2025,Span Divergent Limited,2025,FIT,multi_column,CANDIDATE,t0.1_audit_detector,1,32,1,audit_detector_multi_column,1.0.0,NOT_REVIEWED,,raw_prop=multi_column_page_count,NOT_REVIEWED,DERIVED_RECONCILIATION
INE004E01016_2025,Span Divergent Limited,2025,FIT,table_candidate,CANDIDATE,t0.1_audit_detector,1,95,1,audit_detector_table_candidate,1.0.0,NOT_REVIEWED,,raw_prop=table_candidate_page_count,NOT_REVIEWED,DERIVED_RECONCILIATION
INE004E01016_2025,Span Divergent Limited,2025,FIT,header_candidate,CANDIDATE,t0.1_audit_detector,1,7,1,audit_detector_header_candidate,1.0.0,NOT_REVIEWED,,raw_prop=header_candidate_page_count,NOT_REVIEWED,DERIVED_RECONCILIATION
INE004E01016_2025,Span Divergent Limited,2025,FIT,footer_candidate,CANDIDATE,t0.1_audit_detector,1,85,1,audit_detector_footer_candidate,1.0.0,NOT_REVIEWED,,raw_prop=footer_candidate_page_count,NOT_REVIEWED,DERIVED_RECONCILIATION
INE004E01016_2025,Span Divergent Limited,2025,FIT,toc_candidate,CANDIDATE,t0.1_audit_detector,1,True,1,audit_detector_toc_candidate,1.0.0,NOT_REVIEWED,,raw_prop=toc_candidate,NOT_REVIEWED,DERIVED_RECONCILIATION
INE004E01016_2025,Span Divergent Limited,2025,FIT,deep_hierarchy_candidate,NOT_OBSERVED,t0.1_audit_detector,0,False,0,audit_detector_deep_hierarchy_candidate,1.0.0,NOT_REVIEWED,,raw_prop=deep_hierarchy_candidate,NOT_REVIEWED,DERIVED_RECONCILIATION
INE004E01016_2025,Span Divergent Limited,2025,FIT,annexure_candidate,CANDIDATE,t0.1_audit_detector,1,True,1,audit_detector_annexure_candidate,1.0.0,NOT_REVIEWED,,raw_prop=annexure_candidate,NOT_REVIEWED,DERIVED_RECONCILIATION
INE004E01016_2025,Span Divergent Limited,2025,FIT,combined_mdna_candidate,CANDIDATE,t0.1_audit_detector,1,True,1,audit_detector_combined_mdna_candidate,1.0.0,NOT_REVIEWED,,raw_prop=combined_mdna_candidate,NOT_REVIEWED,DERIVED_RECONCILIATION
INE004Z01011_2024,Mac Hotels Limited,2024,FIT,native,CANDIDATE,t0.1_audit_detector,1,84,1,audit_detector_native,1.0.0,NOT_REVIEWED,,raw_prop=native_page_count,NOT_REVIEWED,DERIVED_RECONCILIATION
INE004Z01011_2024,Mac Hotels Limited,2024,FIT,scanned,NOT_OBSERVED,t0.1_audit_detector,0,0,0,audit_detector_scanned,1.0.0,NOT_REVIEWED,,raw_prop=scanned_page_count,NOT_REVIEWED,DERIVED_RECONCILIATION
INE004Z01011_2024,Mac Hotels Limited,2024,FIT,ocr_layer_candidate,NOT_OBSERVED,t0.1_audit_detector,0,0,0,audit_detector_ocr_layer_candidate,1.0.0,NOT_REVIEWED,,raw_prop=ocr_page_count,NOT_REVIEWED,DERIVED_RECONCILIATION
INE004Z01011_2024,Mac Hotels Limited,2024,FIT,legacy_font_candidate,CANDIDATE,t0.1_audit_detector,1,2,1,audit_detector_legacy_font_candidate,1.0.0,NOT_REVIEWED,,raw_prop=legacy_candidate_page_count,NOT_REVIEWED,DERIVED_RECONCILIATION
INE004Z01011_2024,Mac Hotels Limited,2024,FIT,hidden_text_candidate,NOT_OBSERVED,t0.1_audit_detector,0,0,0,audit_detector_hidden_text_candidate,1.0.0,NOT_REVIEWED,,raw_prop=hidden_text_candidate_page_count,NOT_REVIEWED,DERIVED_RECONCILIATION
INE004Z01011_2024,Mac Hotels Limited,2024,FIT,duplicate_text_candidate,NOT_OBSERVED,t0.1_audit_detector,0,0,0,audit_detector_duplicate_text_candidate,1.0.0,NOT_REVIEWED,,raw_prop=duplicate_text_candidate_page_count,NOT_REVIEWED,DERIVED_RECONCILIATION
INE004Z01011_2024,Mac Hotels Limited,2024,FIT,devanagari_candidate,NOT_OBSERVED,t0.1_audit_detector,0,0,0,audit_detector_devanagari_candidate,1.0.0,NOT_REVIEWED,,raw_prop=devanagari_page_count,NOT_REVIEWED,DERIVED_RECONCILIATION
INE004Z01011_2024,Mac Hotels Limited,2024,FIT,bilingual_candidate,NOT_OBSERVED,t0.1_audit_detector,0,0,0,audit_detector_bilingual_candidate,1.0.0,NOT_REVIEWED,,raw_prop=bilingual_candidate_page_count,NOT_REVIEWED,DERIVED_RECONCILIATION
INE004Z01011_2024,Mac Hotels Limited,2024,FIT,two_column,CANDIDATE,t0.1_audit_detector,1,1,1,audit_detector_two_column,1.0.0,NOT_REVIEWED,,raw_prop=two_column_page_count,NOT_REVIEWED,DERIVED_RECONCILIATION
INE004Z01011_2024,Mac Hotels Limited,2024,FIT,multi_column,CANDIDATE,t0.1_audit_detector,1,28,1,audit_detector_multi_column,1.0.0,NOT_REVIEWED,,raw_prop=multi_column_page_count,NOT_REVIEWED,DERIVED_RECONCILIATION
INE004Z01011_2024,Mac Hotels Limited,2024,FIT,table_candidate,CANDIDATE,t0.1_audit_detector,1,45,1,audit_detector_table_candidate,1.0.0,NOT_REVIEWED,,raw_prop=table_candidate_page_count,NOT_REVIEWED,DERIVED_RECONCILIATION
INE004Z01011_2024,Mac Hotels Limited,2024,FIT,header_candidate,CANDIDATE,t0.1_audit_detector,1,82,1,audit_detector_header_candidate,1.0.0,NOT_REVIEWED,,raw_prop=header_candidate_page_count,NOT_REVIEWED,DERIVED_RECONCILIATION
INE004Z01011_2024,Mac Hotels Limited,2024,FIT,footer_candidate,NOT_OBSERVED,t0.1_audit_detector,0,0,0,audit_detector_footer_candidate,1.0.0,NOT_REVIEWED,,raw_prop=footer_candidate_page_count,NOT_REVIEWED,DERIVED_RECONCILIATION
INE004Z01011_2024,Mac Hotels Limited,2024,FIT,toc_candidate,CANDIDATE,t0.1_audit_detector,1,True,1,audit_detector_toc_candidate,1.0.0,NOT_REVIEWED,,raw_prop=toc_candidate,NOT_REVIEWED,DERIVED_RECONCILIATION
INE004Z01011_2024,Mac Hotels Limited,2024,FIT,deep_hierarchy_candidate,NOT_OBSERVED,t0.1_audit_detector,0,False,0,audit_detector_deep_hierarchy_candidate,1.0.0,NOT_REVIEWED,,raw_prop=deep_hierarchy_candidate,NOT_REVIEWED,DERIVED_RECONCILIATION
INE004Z01011_2024,Mac Hotels Limited,2024,FIT,annexure_candidate,CANDIDATE,t0.1_audit_detector,1,True,1,audit_detector_annexure_candidate,1.0.0,NOT_REVIEWED,,raw_prop=annexure_candidate,NOT_REVIEWED,DERIVED_RECONCILIATION
INE004Z01011_2024,Mac Hotels Limited,2024,FIT,combined_mdna_candidate,NOT_OBSERVED,t0.1_audit_detector,0,False,0,audit_detector_combined_mdna_candidate,1.0.0,NOT_REVIEWED,,raw_prop=combined_mdna_candidate,NOT_REVIEWED,DERIVED_RECONCILIATION
INE004Z01011_2025,Mac Hotels Limited,2025,FIT,native,CANDIDATE,t0.1_audit_detector,1,92,1,audit_detector_native,1.0.0,NOT_REVIEWED,,raw_prop=native_page_count,NOT_REVIEWED,DERIVED_RECONCILIATION
INE004Z01011_2025,Mac Hotels Limited,2025,FIT,scanned,NOT_OBSERVED,t0.1_audit_detector,0,0,0,audit_detector_scanned,1.0.0,NOT_REVIEWED,,raw_prop=scanned_page_count,NOT_REVIEWED,DERIVED_RECONCILIATION
INE004Z01011_2025,Mac Hotels Limited,2025,FIT,ocr_layer_candidate,CANDIDATE,t0.1_audit_detector,1,1,1,audit_detector_ocr_layer_candidate,1.0.0,NOT_REVIEWED,,raw_prop=ocr_page_count,NOT_REVIEWED,DERIVED_RECONCILIATION
INE004Z01011_2025,Mac Hotels Limited,2025,FIT,legacy_font_candidate,CANDIDATE,t0.1_audit_detector,1,2,1,audit_detector_legacy_font_candidate,1.0.0,NOT_REVIEWED,,raw_prop=legacy_candidate_page_count,NOT_REVIEWED,DERIVED_RECONCILIATION
INE004Z01011_2025,Mac Hotels Limited,2025,FIT,hidden_text_candidate,NOT_OBSERVED,t0.1_audit_detector,0,0,0,audit_detector_hidden_text_candidate,1.0.0,NOT_REVIEWED,,raw_prop=hidden_text_candidate_page_count,NOT_REVIEWED,DERIVED_RECONCILIATION
INE004Z01011_2025,Mac Hotels Limited,2025,FIT,duplicate_text_candidate,NOT_OBSERVED,t0.1_audit_detector,0,0,0,audit_detector_duplicate_text_candidate,1.0.0,NOT_REVIEWED,,raw_prop=duplicate_text_candidate_page_count,NOT_REVIEWED,DERIVED_RECONCILIATION
INE004Z01011_2025,Mac Hotels Limited,2025,FIT,devanagari_candidate,NOT_OBSERVED,t0.1_audit_detector,0,0,0,audit_detector_devanagari_candidate,1.0.0,NOT_REVIEWED,,raw_prop=devanagari_page_count,NOT_REVIEWED,DERIVED_RECONCILIATION
INE004Z01011_2025,Mac Hotels Limited,2025,FIT,bilingual_candidate,NOT_OBSERVED,t0.1_audit_detector,0,0,0,audit_detector_bilingual_candidate,1.0.0,NOT_REVIEWED,,raw_prop=bilingual_candidate_page_count,NOT_REVIEWED,DERIVED_RECONCILIATION
INE004Z01011_2025,Mac Hotels Limited,2025,FIT,two_column,CANDIDATE,t0.1_audit_detector,1,1,1,audit_detector_two_column,1.0.0,NOT_REVIEWED,,raw_prop=two_column_page_count,NOT_REVIEWED,DERIVED_RECONCILIATION
INE004Z01011_2025,Mac Hotels Limited,2025,FIT,multi_column,CANDIDATE,t0.1_audit_detector,1,39,1,audit_detector_multi_column,1.0.0,NOT_REVIEWED,,raw_prop=multi_column_page_count,NOT_REVIEWED,DERIVED_RECONCILIATION
INE004Z01011_2025,Mac Hotels Limited,2025,FIT,table_candidate,CANDIDATE,t0.1_audit_detector,1,51,1,audit_detector_table_candidate,1.0.0,NOT_REVIEWED,,raw_prop=table_candidate_page_count,NOT_REVIEWED,DERIVED_RECONCILIATION
INE004Z01011_2025,Mac Hotels Limited,2025,FIT,header_candidate,CANDIDATE,t0.1_audit_detector,1,90,1,audit_detector_header_candidate,1.0.0,NOT_REVIEWED,,raw_prop=header_candidate_page_count,NOT_REVIEWED,DERIVED_RECONCILIATION
INE004Z01011_2025,Mac Hotels Limited,2025,FIT,footer_candidate,NOT_OBSERVED,t0.1_audit_detector,0,0,0,audit_detector_footer_candidate,1.0.0,NOT_REVIEWED,,raw_prop=footer_candidate_page_count,NOT_REVIEWED,DERIVED_RECONCILIATION
INE004Z01011_2025,Mac Hotels Limited,2025,FIT,toc_candidate,CANDIDATE,t0.1_audit_detector,1,True,1,audit_detector_toc_candidate,1.0.0,NOT_REVIEWED,,raw_prop=toc_candidate,NOT_REVIEWED,DERIVED_RECONCILIATION
INE004Z01011_2025,Mac Hotels Limited,2025,FIT,deep_hierarchy_candidate,NOT_OBSERVED,t0.1_audit_detector,0,False,0,audit_detector_deep_hierarchy_candidate,1.0.0,NOT_REVIEWED,,raw_prop=deep_hierarchy_candidate,NOT_REVIEWED,DERIVED_RECONCILIATION
INE004Z01011_2025,Mac Hotels Limited,2025,FIT,annexure_candidate,CANDIDATE,t0.1_audit_detector,1,True,1,audit_detector_annexure_candidate,1.0.0,NOT_REVIEWED,,raw_prop=annexure_candidate,NOT_REVIEWED,DERIVED_RECONCILIATION
INE004Z01011_2025,Mac Hotels Limited,2025,FIT,combined_mdna_candidate,CANDIDATE,t0.1_audit_detector,1,True,1,audit_detector_combined_mdna_candidate,1.0.0,NOT_REVIEWED,,raw_prop=combined_mdna_candidate,NOT_REVIEWED,DERIVED_RECONCILIATION
INE005E01013_2012,Ekansh Concepts Limited,2012,VALIDATION,native,CANDIDATE,t0.1_audit_detector,1,71,1,audit_detector_native,1.0.0,NOT_REVIEWED,,raw_prop=native_page_count,NOT_REVIEWED,DERIVED_RECONCILIATION
INE005E01013_2012,Ekansh Concepts Limited,2012,VALIDATION,scanned,NOT_OBSERVED,t0.1_audit_detector,0,0,0,audit_detector_scanned,1.0.0,NOT_REVIEWED,,raw_prop=scanned_page_count,NOT_REVIEWED,DERIVED_RECONCILIATION
INE005E01013_2012,Ekansh Concepts Limited,2012,VALIDATION,ocr_layer_candidate,CANDIDATE,t0.1_audit_detector,1,1,1,audit_detector_ocr_layer_candidate,1.0.0,NOT_REVIEWED,,raw_prop=ocr_page_count,NOT_REVIEWED,DERIVED_RECONCILIATION
INE005E01013_2012,Ekansh Concepts Limited,2012,VALIDATION,legacy_font_candidate,NOT_OBSERVED,t0.1_audit_detector,0,0,0,audit_detector_legacy_font_candidate,1.0.0,NOT_REVIEWED,,raw_prop=legacy_candidate_page_count,NOT_REVIEWED,DERIVED_RECONCILIATION
INE005E01013_2012,Ekansh Concepts Limited,2012,VALIDATION,hidden_text_candidate,NOT_OBSERVED,t0.1_audit_detector,0,0,0,audit_detector_hidden_text_candidate,1.0.0,NOT_REVIEWED,,raw_prop=hidden_text_candidate_page_count,NOT_REVIEWED,DERIVED_RECONCILIATION
INE005E01013_2012,Ekansh Concepts Limited,2012,VALIDATION,duplicate_text_candidate,NOT_OBSERVED,t0.1_audit_detector,0,0,0,audit_detector_duplicate_text_candidate,1.0.0,NOT_REVIEWED,,raw_prop=duplicate_text_candidate_page_count,NOT_REVIEWED,DERIVED_RECONCILIATION
INE005E01013_2012,Ekansh Concepts Limited,2012,VALIDATION,devanagari_candidate,NOT_OBSERVED,t0.1_audit_detector,0,0,0,audit_detector_devanagari_candidate,1.0.0,NOT_REVIEWED,,raw_prop=devanagari_page_count,NOT_REVIEWED,DERIVED_RECONCILIATION
INE005E01013_2012,Ekansh Concepts Limited,2012,VALIDATION,bilingual_candidate,NOT_OBSERVED,t0.1_audit_detector,0,0,0,audit_detector_bilingual_candidate,1.0.0,NOT_REVIEWED,,raw_prop=bilingual_candidate_page_count,NOT_REVIEWED,DERIVED_RECONCILIATION
INE005E01013_2012,Ekansh Concepts Limited,2012,VALIDATION,two_column,CANDIDATE,t0.1_audit_detector,1,5,1,audit_detector_two_column,1.0.0,NOT_REVIEWED,,raw_prop=two_column_page_count,NOT_REVIEWED,DERIVED_RECONCILIATION
INE005E01013_2012,Ekansh Concepts Limited,2012,VALIDATION,multi_column,CANDIDATE,t0.1_audit_detector,1,54,1,audit_detector_multi_column,1.0.0,NOT_REVIEWED,,raw_prop=multi_column_page_count,NOT_REVIEWED,DERIVED_RECONCILIATION
INE005E01013_2012,Ekansh Concepts Limited,2012,VALIDATION,table_candidate,CANDIDATE,t0.1_audit_detector,1,72,1,audit_detector_table_candidate,1.0.0,NOT_REVIEWED,,raw_prop=table_candidate_page_count,NOT_REVIEWED,DERIVED_RECONCILIATION
INE005E01013_2012,Ekansh Concepts Limited,2012,VALIDATION,header_candidate,NOT_OBSERVED,t0.1_audit_detector,0,0,0,audit_detector_header_candidate,1.0.0,NOT_REVIEWED,,raw_prop=header_candidate_page_count,NOT_REVIEWED,DERIVED_RECONCILIATION
INE005E01013_2012,Ekansh Concepts Limited,2012,VALIDATION,footer_candidate,CANDIDATE,t0.1_audit_detector,1,69,1,audit_detector_footer_candidate,1.0.0,NOT_REVIEWED,,raw_prop=footer_candidate_page_count,NOT_REVIEWED,DERIVED_RECONCILIATION
INE005E01013_2012,Ekansh Concepts Limited,2012,VALIDATION,toc_candidate,CANDIDATE,t0.1_audit_detector,1,True,1,audit_detector_toc_candidate,1.0.0,NOT_REVIEWED,,raw_prop=toc_candidate,NOT_REVIEWED,DERIVED_RECONCILIATION
INE005E01013_2012,Ekansh Concepts Limited,2012,VALIDATION,deep_hierarchy_candidate,NOT_OBSERVED,t0.1_audit_detector,0,False,0,audit_detector_deep_hierarchy_candidate,1.0.0,NOT_REVIEWED,,raw_prop=deep_hierarchy_candidate,NOT_REVIEWED,DERIVED_RECONCILIATION
INE005E01013_2012,Ekansh Concepts Limited,2012,VALIDATION,annexure_candidate,CANDIDATE,t0.1_audit_detector,1,True,1,audit_detector_annexure_candidate,1.0.0,NOT_REVIEWED,,raw_prop=annexure_candidate,NOT_REVIEWED,DERIVED_RECONCILIATION
INE005E01013_2012,Ekansh Concepts Limited,2012,VALIDATION,combined_mdna_candidate,CANDIDATE,t0.1_audit_detector,1,True,1,audit_detector_combined_mdna_candidate,1.0.0,NOT_REVIEWED,,raw_prop=combined_mdna_candidate,NOT_REVIEWED,DERIVED_RECONCILIATION
INE005E01013_2013,Ekansh Concepts Limited,2013,VALIDATION,native,CANDIDATE,t0.1_audit_detector,1,75,1,audit_detector_native,1.0.0,NOT_REVIEWED,,raw_prop=native_page_count,NOT_REVIEWED,DERIVED_RECONCILIATION
INE005E01013_2013,Ekansh Concepts Limited,2013,VALIDATION,scanned,NOT_OBSERVED,t0.1_audit_detector,0,0,0,audit_detector_scanned,1.0.0,NOT_REVIEWED,,raw_prop=scanned_page_count,NOT_REVIEWED,DERIVED_RECONCILIATION
INE005E01013_2013,Ekansh Concepts Limited,2013,VALIDATION,ocr_layer_candidate,CANDIDATE,t0.1_audit_detector,1,2,1,audit_detector_ocr_layer_candidate,1.0.0,NOT_REVIEWED,,raw_prop=ocr_page_count,NOT_REVIEWED,DERIVED_RECONCILIATION
INE005E01013_2013,Ekansh Concepts Limited,2013,VALIDATION,legacy_font_candidate,NOT_OBSERVED,t0.1_audit_detector,0,0,0,audit_detector_legacy_font_candidate,1.0.0,NOT_REVIEWED,,raw_prop=legacy_candidate_page_count,NOT_REVIEWED,DERIVED_RECONCILIATION
INE005E01013_2013,Ekansh Concepts Limited,2013,VALIDATION,hidden_text_candidate,NOT_OBSERVED,t0.1_audit_detector,0,0,0,audit_detector_hidden_text_candidate,1.0.0,NOT_REVIEWED,,raw_prop=hidden_text_candidate_page_count,NOT_REVIEWED,DERIVED_RECONCILIATION
INE005E01013_2013,Ekansh Concepts Limited,2013,VALIDATION,duplicate_text_candidate,CANDIDATE,t0.1_audit_detector,1,1,1,audit_detector_duplicate_text_candidate,1.0.0,NOT_REVIEWED,,raw_prop=duplicate_text_candidate_page_count,NOT_REVIEWED,DERIVED_RECONCILIATION
INE005E01013_2013,Ekansh Concepts Limited,2013,VALIDATION,devanagari_candidate,NOT_OBSERVED,t0.1_audit_detector,0,0,0,audit_detector_devanagari_candidate,1.0.0,NOT_REVIEWED,,raw_prop=devanagari_page_count,NOT_REVIEWED,DERIVED_RECONCILIATION
INE005E01013_2013,Ekansh Concepts Limited,2013,VALIDATION,bilingual_candidate,NOT_OBSERVED,t0.1_audit_detector,0,0,0,audit_detector_bilingual_candidate,1.0.0,NOT_REVIEWED,,raw_prop=bilingual_candidate_page_count,NOT_REVIEWED,DERIVED_RECONCILIATION
INE005E01013_2013,Ekansh Concepts Limited,2013,VALIDATION,two_column,CANDIDATE,t0.1_audit_detector,1,4,1,audit_detector_two_column,1.0.0,NOT_REVIEWED,,raw_prop=two_column_page_count,NOT_REVIEWED,DERIVED_RECONCILIATION
INE005E01013_2013,Ekansh Concepts Limited,2013,VALIDATION,multi_column,CANDIDATE,t0.1_audit_detector,1,44,1,audit_detector_multi_column,1.0.0,NOT_REVIEWED,,raw_prop=multi_column_page_count,NOT_REVIEWED,DERIVED_RECONCILIATION
INE005E01013_2013,Ekansh Concepts Limited,2013,VALIDATION,table_candidate,CANDIDATE,t0.1_audit_detector,1,70,1,audit_detector_table_candidate,1.0.0,NOT_REVIEWED,,raw_prop=table_candidate_page_count,NOT_REVIEWED,DERIVED_RECONCILIATION
INE005E01013_2013,Ekansh Concepts Limited,2013,VALIDATION,header_candidate,NOT_OBSERVED,t0.1_audit_detector,0,0,0,audit_detector_header_candidate,1.0.0,NOT_REVIEWED,,raw_prop=header_candidate_page_count,NOT_REVIEWED,DERIVED_RECONCILIATION
INE005E01013_2013,Ekansh Concepts Limited,2013,VALIDATION,footer_candidate,CANDIDATE,t0.1_audit_detector,1,70,1,audit_detector_footer_candidate,1.0.0,NOT_REVIEWED,,raw_prop=footer_candidate_page_count,NOT_REVIEWED,DERIVED_RECONCILIATION
INE005E01013_2013,Ekansh Concepts Limited,2013,VALIDATION,toc_candidate,CANDIDATE,t0.1_audit_detector,1,True,1,audit_detector_toc_candidate,1.0.0,NOT_REVIEWED,,raw_prop=toc_candidate,NOT_REVIEWED,DERIVED_RECONCILIATION
INE005E01013_2013,Ekansh Concepts Limited,2013,VALIDATION,deep_hierarchy_candidate,NOT_OBSERVED,t0.1_audit_detector,0,False,0,audit_detector_deep_hierarchy_candidate,1.0.0,NOT_REVIEWED,,raw_prop=deep_hierarchy_candidate,NOT_REVIEWED,DERIVED_RECONCILIATION
INE005E01013_2013,Ekansh Concepts Limited,2013,VALIDATION,annexure_candidate,CANDIDATE,t0.1_audit_detector,1,True,1,audit_detector_annexure_candidate,1.0.0,NOT_REVIEWED,,raw_prop=annexure_candidate,NOT_REVIEWED,DERIVED_RECONCILIATION
INE005E01013_2013,Ekansh Concepts Limited,2013,VALIDATION,combined_mdna_candidate,NOT_OBSERVED,t0.1_audit_detector,0,False,0,audit_detector_combined_mdna_candidate,1.0.0,NOT_REVIEWED,,raw_prop=combined_mdna_candidate,NOT_REVIEWED,DERIVED_RECONCILIATION
INE005E01013_2017,Ekansh Concepts Limited,2017,VALIDATION,native,CANDIDATE,t0.1_audit_detector,1,90,1,audit_detector_native,1.0.0,NOT_REVIEWED,,raw_prop=native_page_count,NOT_REVIEWED,DERIVED_RECONCILIATION
INE005E01013_2017,Ekansh Concepts Limited,2017,VALIDATION,scanned,NOT_OBSERVED,t0.1_audit_detector,0,0,0,audit_detector_scanned,1.0.0,NOT_REVIEWED,,raw_prop=scanned_page_count,NOT_REVIEWED,DERIVED_RECONCILIATION
INE005E01013_2017,Ekansh Concepts Limited,2017,VALIDATION,ocr_layer_candidate,CANDIDATE,t0.1_audit_detector,1,1,1,audit_detector_ocr_layer_candidate,1.0.0,NOT_REVIEWED,,raw_prop=ocr_page_count,NOT_REVIEWED,DERIVED_RECONCILIATION
INE005E01013_2017,Ekansh Concepts Limited,2017,VALIDATION,legacy_font_candidate,NOT_OBSERVED,t0.1_audit_detector,0,0,0,audit_detector_legacy_font_candidate,1.0.0,NOT_REVIEWED,,raw_prop=legacy_candidate_page_count,NOT_REVIEWED,DERIVED_RECONCILIATION
INE005E01013_2017,Ekansh Concepts Limited,2017,VALIDATION,hidden_text_candidate,NOT_OBSERVED,t0.1_audit_detector,0,0,0,audit_detector_hidden_text_candidate,1.0.0,NOT_REVIEWED,,raw_prop=hidden_text_candidate_page_count,NOT_REVIEWED,DERIVED_RECONCILIATION
INE005E01013_2017,Ekansh Concepts Limited,2017,VALIDATION,duplicate_text_candidate,NOT_OBSERVED,t0.1_audit_detector,0,0,0,audit_detector_duplicate_text_candidate,1.0.0,NOT_REVIEWED,,raw_prop=duplicate_text_candidate_page_count,NOT_REVIEWED,DERIVED_RECONCILIATION
INE005E01013_2017,Ekansh Concepts Limited,2017,VALIDATION,devanagari_candidate,NOT_OBSERVED,t0.1_audit_detector,0,0,0,audit_detector_devanagari_candidate,1.0.0,NOT_REVIEWED,,raw_prop=devanagari_page_count,NOT_REVIEWED,DERIVED_RECONCILIATION
INE005E01013_2017,Ekansh Concepts Limited,2017,VALIDATION,bilingual_candidate,NOT_OBSERVED,t0.1_audit_detector,0,0,0,audit_detector_bilingual_candidate,1.0.0,NOT_REVIEWED,,raw_prop=bilingual_candidate_page_count,NOT_REVIEWED,DERIVED_RECONCILIATION
INE005E01013_2017,Ekansh Concepts Limited,2017,VALIDATION,two_column,CANDIDATE,t0.1_audit_detector,1,8,1,audit_detector_two_column,1.0.0,NOT_REVIEWED,,raw_prop=two_column_page_count,NOT_REVIEWED,DERIVED_RECONCILIATION
INE005E01013_2017,Ekansh Concepts Limited,2017,VALIDATION,multi_column,CANDIDATE,t0.1_audit_detector,1,50,1,audit_detector_multi_column,1.0.0,NOT_REVIEWED,,raw_prop=multi_column_page_count,NOT_REVIEWED,DERIVED_RECONCILIATION
INE005E01013_2017,Ekansh Concepts Limited,2017,VALIDATION,table_candidate,CANDIDATE,t0.1_audit_detector,1,88,1,audit_detector_table_candidate,1.0.0,NOT_REVIEWED,,raw_prop=table_candidate_page_count,NOT_REVIEWED,DERIVED_RECONCILIATION
INE005E01013_2017,Ekansh Concepts Limited,2017,VALIDATION,header_candidate,CANDIDATE,t0.1_audit_detector,1,82,1,audit_detector_header_candidate,1.0.0,NOT_REVIEWED,,raw_prop=header_candidate_page_count,NOT_REVIEWED,DERIVED_RECONCILIATION
INE005E01013_2017,Ekansh Concepts Limited,2017,VALIDATION,footer_candidate,CANDIDATE,t0.1_audit_detector,1,88,1,audit_detector_footer_candidate,1.0.0,NOT_REVIEWED,,raw_prop=footer_candidate_page_count,NOT_REVIEWED,DERIVED_RECONCILIATION
INE005E01013_2017,Ekansh Concepts Limited,2017,VALIDATION,toc_candidate,CANDIDATE,t0.1_audit_detector,1,True,1,audit_detector_toc_candidate,1.0.0,NOT_REVIEWED,,raw_prop=toc_candidate,NOT_REVIEWED,DERIVED_RECONCILIATION
INE005E01013_2017,Ekansh Concepts Limited,2017,VALIDATION,deep_hierarchy_candidate,NOT_OBSERVED,t0.1_audit_detector,0,False,0,audit_detector_deep_hierarchy_candidate,1.0.0,NOT_REVIEWED,,raw_prop=deep_hierarchy_candidate,NOT_REVIEWED,DERIVED_RECONCILIATION
INE005E01013_2017,Ekansh Concepts Limited,2017,VALIDATION,annexure_candidate,CANDIDATE,t0.1_audit_detector,1,True,1,audit_detector_annexure_candidate,1.0.0,NOT_REVIEWED,,raw_prop=annexure_candidate,NOT_REVIEWED,DERIVED_RECONCILIATION
INE005E01013_2017,Ekansh Concepts Limited,2017,VALIDATION,combined_mdna_candidate,NOT_OBSERVED,t0.1_audit_detector,0,False,0,audit_detector_combined_mdna_candidate,1.0.0,NOT_REVIEWED,,raw_prop=combined_mdna_candidate,NOT_REVIEWED,DERIVED_RECONCILIATION
INE005E01013_2018,Ekansh Concepts Limited,2018,VALIDATION,native,CANDIDATE,t0.1_audit_detector,1,132,1,audit_detector_native,1.0.0,NOT_REVIEWED,,raw_prop=native_page_count,NOT_REVIEWED,DERIVED_RECONCILIATION
INE005E01013_2018,Ekansh Concepts Limited,2018,VALIDATION,scanned,NOT_OBSERVED,t0.1_audit_detector,0,0,0,audit_detector_scanned,1.0.0,NOT_REVIEWED,,raw_prop=scanned_page_count,NOT_REVIEWED,DERIVED_RECONCILIATION
INE005E01013_2018,Ekansh Concepts Limited,2018,VALIDATION,ocr_layer_candidate,CANDIDATE,t0.1_audit_detector,1,1,1,audit_detector_ocr_layer_candidate,1.0.0,NOT_REVIEWED,,raw_prop=ocr_page_count,NOT_REVIEWED,DERIVED_RECONCILIATION
INE005E01013_2018,Ekansh Concepts Limited,2018,VALIDATION,legacy_font_candidate,NOT_OBSERVED,t0.1_audit_detector,0,0,0,audit_detector_legacy_font_candidate,1.0.0,NOT_REVIEWED,,raw_prop=legacy_candidate_page_count,NOT_REVIEWED,DERIVED_RECONCILIATION
INE005E01013_2018,Ekansh Concepts Limited,2018,VALIDATION,hidden_text_candidate,NOT_OBSERVED,t0.1_audit_detector,0,0,0,audit_detector_hidden_text_candidate,1.0.0,NOT_REVIEWED,,raw_prop=hidden_text_candidate_page_count,NOT_REVIEWED,DERIVED_RECONCILIATION
INE005E01013_2018,Ekansh Concepts Limited,2018,VALIDATION,duplicate_text_candidate,NOT_OBSERVED,t0.1_audit_detector,0,0,0,audit_detector_duplicate_text_candidate,1.0.0,NOT_REVIEWED,,raw_prop=duplicate_text_candidate_page_count,NOT_REVIEWED,DERIVED_RECONCILIATION
INE005E01013_2018,Ekansh Concepts Limited,2018,VALIDATION,devanagari_candidate,NOT_OBSERVED,t0.1_audit_detector,0,0,0,audit_detector_devanagari_candidate,1.0.0,NOT_REVIEWED,,raw_prop=devanagari_page_count,NOT_REVIEWED,DERIVED_RECONCILIATION
INE005E01013_2018,Ekansh Concepts Limited,2018,VALIDATION,bilingual_candidate,NOT_OBSERVED,t0.1_audit_detector,0,0,0,audit_detector_bilingual_candidate,1.0.0,NOT_REVIEWED,,raw_prop=bilingual_candidate_page_count,NOT_REVIEWED,DERIVED_RECONCILIATION
INE005E01013_2018,Ekansh Concepts Limited,2018,VALIDATION,two_column,CANDIDATE,t0.1_audit_detector,1,5,1,audit_detector_two_column,1.0.0,NOT_REVIEWED,,raw_prop=two_column_page_count,NOT_REVIEWED,DERIVED_RECONCILIATION
INE005E01013_2018,Ekansh Concepts Limited,2018,VALIDATION,multi_column,CANDIDATE,t0.1_audit_detector,1,110,1,audit_detector_multi_column,1.0.0,NOT_REVIEWED,,raw_prop=multi_column_page_count,NOT_REVIEWED,DERIVED_RECONCILIATION
INE005E01013_2018,Ekansh Concepts Limited,2018,VALIDATION,table_candidate,CANDIDATE,t0.1_audit_detector,1,131,1,audit_detector_table_candidate,1.0.0,NOT_REVIEWED,,raw_prop=table_candidate_page_count,NOT_REVIEWED,DERIVED_RECONCILIATION
INE005E01013_2018,Ekansh Concepts Limited,2018,VALIDATION,header_candidate,CANDIDATE,t0.1_audit_detector,1,123,1,audit_detector_header_candidate,1.0.0,NOT_REVIEWED,,raw_prop=header_candidate_page_count,NOT_REVIEWED,DERIVED_RECONCILIATION
INE005E01013_2018,Ekansh Concepts Limited,2018,VALIDATION,footer_candidate,CANDIDATE,t0.1_audit_detector,1,122,1,audit_detector_footer_candidate,1.0.0,NOT_REVIEWED,,raw_prop=footer_candidate_page_count,NOT_REVIEWED,DERIVED_RECONCILIATION
INE005E01013_2018,Ekansh Concepts Limited,2018,VALIDATION,toc_candidate,CANDIDATE,t0.1_audit_detector,1,True,1,audit_detector_toc_candidate,1.0.0,NOT_REVIEWED,,raw_prop=toc_candidate,NOT_REVIEWED,DERIVED_RECONCILIATION
INE005E01013_2018,Ekansh Concepts Limited,2018,VALIDATION,deep_hierarchy_candidate,NOT_OBSERVED,t0.1_audit_detector,0,False,0,audit_detector_deep_hierarchy_candidate,1.0.0,NOT_REVIEWED,,raw_prop=deep_hierarchy_candidate,NOT_REVIEWED,DERIVED_RECONCILIATION
INE005E01013_2018,Ekansh Concepts Limited,2018,VALIDATION,annexure_candidate,CANDIDATE,t0.1_audit_detector,1,True,1,audit_detector_annexure_candidate,1.0.0,NOT_REVIEWED,,raw_prop=annexure_candidate,NOT_REVIEWED,DERIVED_RECONCILIATION
INE005E01013_2018,Ekansh Concepts Limited,2018,VALIDATION,combined_mdna_candidate,NOT_OBSERVED,t0.1_audit_detector,0,False,0,audit_detector_combined_mdna_candidate,1.0.0,NOT_REVIEWED,,raw_prop=combined_mdna_candidate,NOT_REVIEWED,DERIVED_RECONCILIATION
INE005E01013_2024,Ekansh Concepts Limited,2024,VALIDATION,native,CANDIDATE,t0.1_audit_detector,1,161,1,audit_detector_native,1.0.0,NOT_REVIEWED,,raw_prop=native_page_count,NOT_REVIEWED,DERIVED_RECONCILIATION
INE005E01013_2024,Ekansh Concepts Limited,2024,VALIDATION,scanned,NOT_OBSERVED,t0.1_audit_detector,0,0,0,audit_detector_scanned,1.0.0,NOT_REVIEWED,,raw_prop=scanned_page_count,NOT_REVIEWED,DERIVED_RECONCILIATION
INE005E01013_2024,Ekansh Concepts Limited,2024,VALIDATION,ocr_layer_candidate,CANDIDATE,t0.1_audit_detector,1,8,1,audit_detector_ocr_layer_candidate,1.0.0,NOT_REVIEWED,,raw_prop=ocr_page_count,NOT_REVIEWED,DERIVED_RECONCILIATION
INE005E01013_2024,Ekansh Concepts Limited,2024,VALIDATION,legacy_font_candidate,NOT_OBSERVED,t0.1_audit_detector,0,0,0,audit_detector_legacy_font_candidate,1.0.0,NOT_REVIEWED,,raw_prop=legacy_candidate_page_count,NOT_REVIEWED,DERIVED_RECONCILIATION
INE005E01013_2024,Ekansh Concepts Limited,2024,VALIDATION,hidden_text_candidate,NOT_OBSERVED,t0.1_audit_detector,0,0,0,audit_detector_hidden_text_candidate,1.0.0,NOT_REVIEWED,,raw_prop=hidden_text_candidate_page_count,NOT_REVIEWED,DERIVED_RECONCILIATION
INE005E01013_2024,Ekansh Concepts Limited,2024,VALIDATION,duplicate_text_candidate,NOT_OBSERVED,t0.1_audit_detector,0,0,0,audit_detector_duplicate_text_candidate,1.0.0,NOT_REVIEWED,,raw_prop=duplicate_text_candidate_page_count,NOT_REVIEWED,DERIVED_RECONCILIATION
INE005E01013_2024,Ekansh Concepts Limited,2024,VALIDATION,devanagari_candidate,NOT_OBSERVED,t0.1_audit_detector,0,0,0,audit_detector_devanagari_candidate,1.0.0,NOT_REVIEWED,,raw_prop=devanagari_page_count,NOT_REVIEWED,DERIVED_RECONCILIATION
INE005E01013_2024,Ekansh Concepts Limited,2024,VALIDATION,bilingual_candidate,NOT_OBSERVED,t0.1_audit_detector,0,0,0,audit_detector_bilingual_candidate,1.0.0,NOT_REVIEWED,,raw_prop=bilingual_candidate_page_count,NOT_REVIEWED,DERIVED_RECONCILIATION
INE005E01013_2024,Ekansh Concepts Limited,2024,VALIDATION,two_column,CANDIDATE,t0.1_audit_detector,1,2,1,audit_detector_two_column,1.0.0,NOT_REVIEWED,,raw_prop=two_column_page_count,NOT_REVIEWED,DERIVED_RECONCILIATION
INE005E01013_2024,Ekansh Concepts Limited,2024,VALIDATION,multi_column,CANDIDATE,t0.1_audit_detector,1,138,1,audit_detector_multi_column,1.0.0,NOT_REVIEWED,,raw_prop=multi_column_page_count,NOT_REVIEWED,DERIVED_RECONCILIATION
INE005E01013_2024,Ekansh Concepts Limited,2024,VALIDATION,table_candidate,CANDIDATE,t0.1_audit_detector,1,160,1,audit_detector_table_candidate,1.0.0,NOT_REVIEWED,,raw_prop=table_candidate_page_count,NOT_REVIEWED,DERIVED_RECONCILIATION
INE005E01013_2024,Ekansh Concepts Limited,2024,VALIDATION,header_candidate,CANDIDATE,t0.1_audit_detector,1,134,1,audit_detector_header_candidate,1.0.0,NOT_REVIEWED,,raw_prop=header_candidate_page_count,NOT_REVIEWED,DERIVED_RECONCILIATION
INE005E01013_2024,Ekansh Concepts Limited,2024,VALIDATION,footer_candidate,CANDIDATE,t0.1_audit_detector,1,151,1,audit_detector_footer_candidate,1.0.0,NOT_REVIEWED,,raw_prop=footer_candidate_page_count,NOT_REVIEWED,DERIVED_RECONCILIATION
INE005E01013_2024,Ekansh Concepts Limited,2024,VALIDATION,toc_candidate,CANDIDATE,t0.1_audit_detector,1,True,1,audit_detector_toc_candidate,1.0.0,NOT_REVIEWED,,raw_prop=toc_candidate,NOT_REVIEWED,DERIVED_RECONCILIATION
INE005E01013_2024,Ekansh Concepts Limited,2024,VALIDATION,deep_hierarchy_candidate,NOT_OBSERVED,t0.1_audit_detector,0,False,0,audit_detector_deep_hierarchy_candidate,1.0.0,NOT_REVIEWED,,raw_prop=deep_hierarchy_candidate,NOT_REVIEWED,DERIVED_RECONCILIATION
INE005E01013_2024,Ekansh Concepts Limited,2024,VALIDATION,annexure_candidate,CANDIDATE,t0.1_audit_detector,1,True,1,audit_detector_annexure_candidate,1.0.0,NOT_REVIEWED,,raw_prop=annexure_candidate,NOT_REVIEWED,DERIVED_RECONCILIATION
INE005E01013_2024,Ekansh Concepts Limited,2024,VALIDATION,combined_mdna_candidate,CANDIDATE,t0.1_audit_detector,1,True,1,audit_detector_combined_mdna_candidate,1.0.0,NOT_REVIEWED,,raw_prop=combined_mdna_candidate,NOT_REVIEWED,DERIVED_RECONCILIATION
INE005E01013_2025,Ekansh Concepts Limited,2025,VALIDATION,native,CANDIDATE,t0.1_audit_detector,1,147,1,audit_detector_native,1.0.0,NOT_REVIEWED,,raw_prop=native_page_count,NOT_REVIEWED,DERIVED_RECONCILIATION
INE005E01013_2025,Ekansh Concepts Limited,2025,VALIDATION,scanned,CANDIDATE,t0.1_audit_detector,1,1,1,audit_detector_scanned,1.0.0,NOT_REVIEWED,,raw_prop=scanned_page_count,NOT_REVIEWED,DERIVED_RECONCILIATION
INE005E01013_2025,Ekansh Concepts Limited,2025,VALIDATION,ocr_layer_candidate,CANDIDATE,t0.1_audit_detector,1,7,1,audit_detector_ocr_layer_candidate,1.0.0,NOT_REVIEWED,,raw_prop=ocr_page_count,NOT_REVIEWED,DERIVED_RECONCILIATION
INE005E01013_2025,Ekansh Concepts Limited,2025,VALIDATION,legacy_font_candidate,NOT_OBSERVED,t0.1_audit_detector,0,0,0,audit_detector_legacy_font_candidate,1.0.0,NOT_REVIEWED,,raw_prop=legacy_candidate_page_count,NOT_REVIEWED,DERIVED_RECONCILIATION
INE005E01013_2025,Ekansh Concepts Limited,2025,VALIDATION,hidden_text_candidate,NOT_OBSERVED,t0.1_audit_detector,0,0,0,audit_detector_hidden_text_candidate,1.0.0,NOT_REVIEWED,,raw_prop=hidden_text_candidate_page_count,NOT_REVIEWED,DERIVED_RECONCILIATION
INE005E01013_2025,Ekansh Concepts Limited,2025,VALIDATION,duplicate_text_candidate,NOT_OBSERVED,t0.1_audit_detector,0,0,0,audit_detector_duplicate_text_candidate,1.0.0,NOT_REVIEWED,,raw_prop=duplicate_text_candidate_page_count,NOT_REVIEWED,DERIVED_RECONCILIATION
INE005E01013_2025,Ekansh Concepts Limited,2025,VALIDATION,devanagari_candidate,NOT_OBSERVED,t0.1_audit_detector,0,0,0,audit_detector_devanagari_candidate,1.0.0,NOT_REVIEWED,,raw_prop=devanagari_page_count,NOT_REVIEWED,DERIVED_RECONCILIATION
INE005E01013_2025,Ekansh Concepts Limited,2025,VALIDATION,bilingual_candidate,NOT_OBSERVED,t0.1_audit_detector,0,0,0,audit_detector_bilingual_candidate,1.0.0,NOT_REVIEWED,,raw_prop=bilingual_candidate_page_count,NOT_REVIEWED,DERIVED_RECONCILIATION
INE005E01013_2025,Ekansh Concepts Limited,2025,VALIDATION,two_column,CANDIDATE,t0.1_audit_detector,1,2,1,audit_detector_two_column,1.0.0,NOT_REVIEWED,,raw_prop=two_column_page_count,NOT_REVIEWED,DERIVED_RECONCILIATION
INE005E01013_2025,Ekansh Concepts Limited,2025,VALIDATION,multi_column,CANDIDATE,t0.1_audit_detector,1,126,1,audit_detector_multi_column,1.0.0,NOT_REVIEWED,,raw_prop=multi_column_page_count,NOT_REVIEWED,DERIVED_RECONCILIATION
INE005E01013_2025,Ekansh Concepts Limited,2025,VALIDATION,table_candidate,CANDIDATE,t0.1_audit_detector,1,81,1,audit_detector_table_candidate,1.0.0,NOT_REVIEWED,,raw_prop=table_candidate_page_count,NOT_REVIEWED,DERIVED_RECONCILIATION
INE005E01013_2025,Ekansh Concepts Limited,2025,VALIDATION,header_candidate,CANDIDATE,t0.1_audit_detector,1,123,1,audit_detector_header_candidate,1.0.0,NOT_REVIEWED,,raw_prop=header_candidate_page_count,NOT_REVIEWED,DERIVED_RECONCILIATION
INE005E01013_2025,Ekansh Concepts Limited,2025,VALIDATION,footer_candidate,CANDIDATE,t0.1_audit_detector,1,135,1,audit_detector_footer_candidate,1.0.0,NOT_REVIEWED,,raw_prop=footer_candidate_page_count,NOT_REVIEWED,DERIVED_RECONCILIATION
INE005E01013_2025,Ekansh Concepts Limited,2025,VALIDATION,toc_candidate,CANDIDATE,t0.1_audit_detector,1,True,1,audit_detector_toc_candidate,1.0.0,NOT_REVIEWED,,raw_prop=toc_candidate,NOT_REVIEWED,DERIVED_RECONCILIATION
INE005E01013_2025,Ekansh Concepts Limited,2025,VALIDATION,deep_hierarchy_candidate,NOT_OBSERVED,t0.1_audit_detector,0,False,0,audit_detector_deep_hierarchy_candidate,1.0.0,NOT_REVIEWED,,raw_prop=deep_hierarchy_candidate,NOT_REVIEWED,DERIVED_RECONCILIATION
INE005E01013_2025,Ekansh Concepts Limited,2025,VALIDATION,annexure_candidate,CANDIDATE,t0.1_audit_detector,1,True,1,audit_detector_annexure_candidate,1.0.0,NOT_REVIEWED,,raw_prop=annexure_candidate,NOT_REVIEWED,DERIVED_RECONCILIATION
INE005E01013_2025,Ekansh Concepts Limited,2025,VALIDATION,combined_mdna_candidate,CANDIDATE,t0.1_audit_detector,1,True,1,audit_detector_combined_mdna_candidate,1.0.0,NOT_REVIEWED,,raw_prop=combined_mdna_candidate,NOT_REVIEWED,DERIVED_RECONCILIATION
INE006C01015_2012,K.Z.Leasing & Finance Ltd.,2012,VALIDATION,native,CANDIDATE,t0.1_audit_detector,1,31,1,audit_detector_native,1.0.0,NOT_REVIEWED,,raw_prop=native_page_count,NOT_REVIEWED,DERIVED_RECONCILIATION
INE006C01015_2012,K.Z.Leasing & Finance Ltd.,2012,VALIDATION,scanned,NOT_OBSERVED,t0.1_audit_detector,0,0,0,audit_detector_scanned,1.0.0,NOT_REVIEWED,,raw_prop=scanned_page_count,NOT_REVIEWED,DERIVED_RECONCILIATION
INE006C01015_2012,K.Z.Leasing & Finance Ltd.,2012,VALIDATION,ocr_layer_candidate,CANDIDATE,t0.1_audit_detector,1,1,1,audit_detector_ocr_layer_candidate,1.0.0,NOT_REVIEWED,,raw_prop=ocr_page_count,NOT_REVIEWED,DERIVED_RECONCILIATION
INE006C01015_2012,K.Z.Leasing & Finance Ltd.,2012,VALIDATION,legacy_font_candidate,NOT_OBSERVED,t0.1_audit_detector,0,0,0,audit_detector_legacy_font_candidate,1.0.0,NOT_REVIEWED,,raw_prop=legacy_candidate_page_count,NOT_REVIEWED,DERIVED_RECONCILIATION
INE006C01015_2012,K.Z.Leasing & Finance Ltd.,2012,VALIDATION,hidden_text_candidate,NOT_OBSERVED,t0.1_audit_detector,0,0,0,audit_detector_hidden_text_candidate,1.0.0,NOT_REVIEWED,,raw_prop=hidden_text_candidate_page_count,NOT_REVIEWED,DERIVED_RECONCILIATION
INE006C01015_2012,K.Z.Leasing & Finance Ltd.,2012,VALIDATION,duplicate_text_candidate,NOT_OBSERVED,t0.1_audit_detector,0,0,0,audit_detector_duplicate_text_candidate,1.0.0,NOT_REVIEWED,,raw_prop=duplicate_text_candidate_page_count,NOT_REVIEWED,DERIVED_RECONCILIATION
INE006C01015_2012,K.Z.Leasing & Finance Ltd.,2012,VALIDATION,devanagari_candidate,NOT_OBSERVED,t0.1_audit_detector,0,0,0,audit_detector_devanagari_candidate,1.0.0,NOT_REVIEWED,,raw_prop=devanagari_page_count,NOT_REVIEWED,DERIVED_RECONCILIATION
INE006C01015_2012,K.Z.Leasing & Finance Ltd.,2012,VALIDATION,bilingual_candidate,NOT_OBSERVED,t0.1_audit_detector,0,0,0,audit_detector_bilingual_candidate,1.0.0,NOT_REVIEWED,,raw_prop=bilingual_candidate_page_count,NOT_REVIEWED,DERIVED_RECONCILIATION
INE006C01015_2012,K.Z.Leasing & Finance Ltd.,2012,VALIDATION,two_column,CANDIDATE,t0.1_audit_detector,1,2,1,audit_detector_two_column,1.0.0,NOT_REVIEWED,,raw_prop=two_column_page_count,NOT_REVIEWED,DERIVED_RECONCILIATION
INE006C01015_2012,K.Z.Leasing & Finance Ltd.,2012,VALIDATION,multi_column,CANDIDATE,t0.1_audit_detector,1,24,1,audit_detector_multi_column,1.0.0,NOT_REVIEWED,,raw_prop=multi_column_page_count,NOT_REVIEWED,DERIVED_RECONCILIATION
INE006C01015_2012,K.Z.Leasing & Finance Ltd.,2012,VALIDATION,table_candidate,CANDIDATE,t0.1_audit_detector,1,2,1,audit_detector_table_candidate,1.0.0,NOT_REVIEWED,,raw_prop=table_candidate_page_count,NOT_REVIEWED,DERIVED_RECONCILIATION
INE006C01015_2012,K.Z.Leasing & Finance Ltd.,2012,VALIDATION,header_candidate,NOT_OBSERVED,t0.1_audit_detector,0,0,0,audit_detector_header_candidate,1.0.0,NOT_REVIEWED,,raw_prop=header_candidate_page_count,NOT_REVIEWED,DERIVED_RECONCILIATION
INE006C01015_2012,K.Z.Leasing & Finance Ltd.,2012,VALIDATION,footer_candidate,NOT_OBSERVED,t0.1_audit_detector,0,0,0,audit_detector_footer_candidate,1.0.0,NOT_REVIEWED,,raw_prop=footer_candidate_page_count,NOT_REVIEWED,DERIVED_RECONCILIATION
INE006C01015_2012,K.Z.Leasing & Finance Ltd.,2012,VALIDATION,toc_candidate,NOT_OBSERVED,t0.1_audit_detector,0,False,0,audit_detector_toc_candidate,1.0.0,NOT_REVIEWED,,raw_prop=toc_candidate,NOT_REVIEWED,DERIVED_RECONCILIATION
INE006C01015_2012,K.Z.Leasing & Finance Ltd.,2012,VALIDATION,deep_hierarchy_candidate,NOT_OBSERVED,t0.1_audit_detector,0,False,0,audit_detector_deep_hierarchy_candidate,1.0.0,NOT_REVIEWED,,raw_prop=deep_hierarchy_candidate,NOT_REVIEWED,DERIVED_RECONCILIATION
INE006C01015_2012,K.Z.Leasing & Finance Ltd.,2012,VALIDATION,annexure_candidate,CANDIDATE,t0.1_audit_detector,1,True,1,audit_detector_annexure_candidate,1.0.0,NOT_REVIEWED,,raw_prop=annexure_candidate,NOT_REVIEWED,DERIVED_RECONCILIATION
INE006C01015_2012,K.Z.Leasing & Finance Ltd.,2012,VALIDATION,combined_mdna_candidate,NOT_OBSERVED,t0.1_audit_detector,0,False,0,audit_detector_combined_mdna_candidate,1.0.0,NOT_REVIEWED,,raw_prop=combined_mdna_candidate,NOT_REVIEWED,DERIVED_RECONCILIATION
INE006C01015_2013,K.Z.Leasing & Finance Ltd.,2013,VALIDATION,native,CANDIDATE,t0.1_audit_detector,1,31,1,audit_detector_native,1.0.0,NOT_REVIEWED,,raw_prop=native_page_count,NOT_REVIEWED,DERIVED_RECONCILIATION
INE006C01015_2013,K.Z.Leasing & Finance Ltd.,2013,VALIDATION,scanned,NOT_OBSERVED,t0.1_audit_detector,0,0,0,audit_detector_scanned,1.0.0,NOT_REVIEWED,,raw_prop=scanned_page_count,NOT_REVIEWED,DERIVED_RECONCILIATION
INE006C01015_2013,K.Z.Leasing & Finance Ltd.,2013,VALIDATION,ocr_layer_candidate,NOT_OBSERVED,t0.1_audit_detector,0,0,0,audit_detector_ocr_layer_candidate,1.0.0,NOT_REVIEWED,,raw_prop=ocr_page_count,NOT_REVIEWED,DERIVED_RECONCILIATION
INE006C01015_2013,K.Z.Leasing & Finance Ltd.,2013,VALIDATION,legacy_font_candidate,NOT_OBSERVED,t0.1_audit_detector,0,0,0,audit_detector_legacy_font_candidate,1.0.0,NOT_REVIEWED,,raw_prop=legacy_candidate_page_count,NOT_REVIEWED,DERIVED_RECONCILIATION
INE006C01015_2013,K.Z.Leasing & Finance Ltd.,2013,VALIDATION,hidden_text_candidate,NOT_OBSERVED,t0.1_audit_detector,0,0,0,audit_detector_hidden_text_candidate,1.0.0,NOT_REVIEWED,,raw_prop=hidden_text_candidate_page_count,NOT_REVIEWED,DERIVED_RECONCILIATION
INE006C01015_2013,K.Z.Leasing & Finance Ltd.,2013,VALIDATION,duplicate_text_candidate,NOT_OBSERVED,t0.1_audit_detector,0,0,0,audit_detector_duplicate_text_candidate,1.0.0,NOT_REVIEWED,,raw_prop=duplicate_text_candidate_page_count,NOT_REVIEWED,DERIVED_RECONCILIATION
INE006C01015_2013,K.Z.Leasing & Finance Ltd.,2013,VALIDATION,devanagari_candidate,NOT_OBSERVED,t0.1_audit_detector,0,0,0,audit_detector_devanagari_candidate,1.0.0,NOT_REVIEWED,,raw_prop=devanagari_page_count,NOT_REVIEWED,DERIVED_RECONCILIATION
INE006C01015_2013,K.Z.Leasing & Finance Ltd.,2013,VALIDATION,bilingual_candidate,NOT_OBSERVED,t0.1_audit_detector,0,0,0,audit_detector_bilingual_candidate,1.0.0,NOT_REVIEWED,,raw_prop=bilingual_candidate_page_count,NOT_REVIEWED,DERIVED_RECONCILIATION
INE006C01015_2013,K.Z.Leasing & Finance Ltd.,2013,VALIDATION,two_column,CANDIDATE,t0.1_audit_detector,1,2,1,audit_detector_two_column,1.0.0,NOT_REVIEWED,,raw_prop=two_column_page_count,NOT_REVIEWED,DERIVED_RECONCILIATION
INE006C01015_2013,K.Z.Leasing & Finance Ltd.,2013,VALIDATION,multi_column,CANDIDATE,t0.1_audit_detector,1,25,1,audit_detector_multi_column,1.0.0,NOT_REVIEWED,,raw_prop=multi_column_page_count,NOT_REVIEWED,DERIVED_RECONCILIATION
INE006C01015_2013,K.Z.Leasing & Finance Ltd.,2013,VALIDATION,table_candidate,CANDIDATE,t0.1_audit_detector,1,1,1,audit_detector_table_candidate,1.0.0,NOT_REVIEWED,,raw_prop=table_candidate_page_count,NOT_REVIEWED,DERIVED_RECONCILIATION
INE006C01015_2013,K.Z.Leasing & Finance Ltd.,2013,VALIDATION,header_candidate,NOT_OBSERVED,t0.1_audit_detector,0,0,0,audit_detector_header_candidate,1.0.0,NOT_REVIEWED,,raw_prop=header_candidate_page_count,NOT_REVIEWED,DERIVED_RECONCILIATION
INE006C01015_2013,K.Z.Leasing & Finance Ltd.,2013,VALIDATION,footer_candidate,CANDIDATE,t0.1_audit_detector,1,2,1,audit_detector_footer_candidate,1.0.0,NOT_REVIEWED,,raw_prop=footer_candidate_page_count,NOT_REVIEWED,DERIVED_RECONCILIATION
INE006C01015_2013,K.Z.Leasing & Finance Ltd.,2013,VALIDATION,toc_candidate,NOT_OBSERVED,t0.1_audit_detector,0,False,0,audit_detector_toc_candidate,1.0.0,NOT_REVIEWED,,raw_prop=toc_candidate,NOT_REVIEWED,DERIVED_RECONCILIATION
INE006C01015_2013,K.Z.Leasing & Finance Ltd.,2013,VALIDATION,deep_hierarchy_candidate,NOT_OBSERVED,t0.1_audit_detector,0,False,0,audit_detector_deep_hierarchy_candidate,1.0.0,NOT_REVIEWED,,raw_prop=deep_hierarchy_candidate,NOT_REVIEWED,DERIVED_RECONCILIATION
INE006C01015_2013,K.Z.Leasing & Finance Ltd.,2013,VALIDATION,annexure_candidate,CANDIDATE,t0.1_audit_detector,1,True,1,audit_detector_annexure_candidate,1.0.0,NOT_REVIEWED,,raw_prop=annexure_candidate,NOT_REVIEWED,DERIVED_RECONCILIATION
INE006C01015_2013,K.Z.Leasing & Finance Ltd.,2013,VALIDATION,combined_mdna_candidate,NOT_OBSERVED,t0.1_audit_detector,0,False,0,audit_detector_combined_mdna_candidate,1.0.0,NOT_REVIEWED,,raw_prop=combined_mdna_candidate,NOT_REVIEWED,DERIVED_RECONCILIATION
INE006C01015_2017,K.Z.Leasing & Finance Ltd.,2017,VALIDATION,native,CANDIDATE,t0.1_audit_detector,1,53,1,audit_detector_native,1.0.0,NOT_REVIEWED,,raw_prop=native_page_count,NOT_REVIEWED,DERIVED_RECONCILIATION
INE006C01015_2017,K.Z.Leasing & Finance Ltd.,2017,VALIDATION,scanned,CANDIDATE,t0.1_audit_detector,1,1,1,audit_detector_scanned,1.0.0,NOT_REVIEWED,,raw_prop=scanned_page_count,NOT_REVIEWED,DERIVED_RECONCILIATION
INE006C01015_2017,K.Z.Leasing & Finance Ltd.,2017,VALIDATION,ocr_layer_candidate,NOT_OBSERVED,t0.1_audit_detector,0,0,0,audit_detector_ocr_layer_candidate,1.0.0,NOT_REVIEWED,,raw_prop=ocr_page_count,NOT_REVIEWED,DERIVED_RECONCILIATION
INE006C01015_2017,K.Z.Leasing & Finance Ltd.,2017,VALIDATION,legacy_font_candidate,NOT_OBSERVED,t0.1_audit_detector,0,0,0,audit_detector_legacy_font_candidate,1.0.0,NOT_REVIEWED,,raw_prop=legacy_candidate_page_count,NOT_REVIEWED,DERIVED_RECONCILIATION
INE006C01015_2017,K.Z.Leasing & Finance Ltd.,2017,VALIDATION,hidden_text_candidate,NOT_OBSERVED,t0.1_audit_detector,0,0,0,audit_detector_hidden_text_candidate,1.0.0,NOT_REVIEWED,,raw_prop=hidden_text_candidate_page_count,NOT_REVIEWED,DERIVED_RECONCILIATION
INE006C01015_2017,K.Z.Leasing & Finance Ltd.,2017,VALIDATION,duplicate_text_candidate,NOT_OBSERVED,t0.1_audit_detector,0,0,0,audit_detector_duplicate_text_candidate,1.0.0,NOT_REVIEWED,,raw_prop=duplicate_text_candidate_page_count,NOT_REVIEWED,DERIVED_RECONCILIATION
INE006C01015_2017,K.Z.Leasing & Finance Ltd.,2017,VALIDATION,devanagari_candidate,NOT_OBSERVED,t0.1_audit_detector,0,0,0,audit_detector_devanagari_candidate,1.0.0,NOT_REVIEWED,,raw_prop=devanagari_page_count,NOT_REVIEWED,DERIVED_RECONCILIATION
INE006C01015_2017,K.Z.Leasing & Finance Ltd.,2017,VALIDATION,bilingual_candidate,NOT_OBSERVED,t0.1_audit_detector,0,0,0,audit_detector_bilingual_candidate,1.0.0,NOT_REVIEWED,,raw_prop=bilingual_candidate_page_count,NOT_REVIEWED,DERIVED_RECONCILIATION
INE006C01015_2017,K.Z.Leasing & Finance Ltd.,2017,VALIDATION,two_column,CANDIDATE,t0.1_audit_detector,1,4,1,audit_detector_two_column,1.0.0,NOT_REVIEWED,,raw_prop=two_column_page_count,NOT_REVIEWED,DERIVED_RECONCILIATION
INE006C01015_2017,K.Z.Leasing & Finance Ltd.,2017,VALIDATION,multi_column,CANDIDATE,t0.1_audit_detector,1,12,1,audit_detector_multi_column,1.0.0,NOT_REVIEWED,,raw_prop=multi_column_page_count,NOT_REVIEWED,DERIVED_RECONCILIATION
INE006C01015_2017,K.Z.Leasing & Finance Ltd.,2017,VALIDATION,table_candidate,CANDIDATE,t0.1_audit_detector,1,42,1,audit_detector_table_candidate,1.0.0,NOT_REVIEWED,,raw_prop=table_candidate_page_count,NOT_REVIEWED,DERIVED_RECONCILIATION
INE006C01015_2017,K.Z.Leasing & Finance Ltd.,2017,VALIDATION,header_candidate,CANDIDATE,t0.1_audit_detector,1,25,1,audit_detector_header_candidate,1.0.0,NOT_REVIEWED,,raw_prop=header_candidate_page_count,NOT_REVIEWED,DERIVED_RECONCILIATION
INE006C01015_2017,K.Z.Leasing & Finance Ltd.,2017,VALIDATION,footer_candidate,CANDIDATE,t0.1_audit_detector,1,51,1,audit_detector_footer_candidate,1.0.0,NOT_REVIEWED,,raw_prop=footer_candidate_page_count,NOT_REVIEWED,DERIVED_RECONCILIATION
INE006C01015_2017,K.Z.Leasing & Finance Ltd.,2017,VALIDATION,toc_candidate,CANDIDATE,t0.1_audit_detector,1,True,1,audit_detector_toc_candidate,1.0.0,NOT_REVIEWED,,raw_prop=toc_candidate,NOT_REVIEWED,DERIVED_RECONCILIATION
INE006C01015_2017,K.Z.Leasing & Finance Ltd.,2017,VALIDATION,deep_hierarchy_candidate,NOT_OBSERVED,t0.1_audit_detector,0,False,0,audit_detector_deep_hierarchy_candidate,1.0.0,NOT_REVIEWED,,raw_prop=deep_hierarchy_candidate,NOT_REVIEWED,DERIVED_RECONCILIATION
INE006C01015_2017,K.Z.Leasing & Finance Ltd.,2017,VALIDATION,annexure_candidate,CANDIDATE,t0.1_audit_detector,1,True,1,audit_detector_annexure_candidate,1.0.0,NOT_REVIEWED,,raw_prop=annexure_candidate,NOT_REVIEWED,DERIVED_RECONCILIATION
INE006C01015_2017,K.Z.Leasing & Finance Ltd.,2017,VALIDATION,combined_mdna_candidate,NOT_OBSERVED,t0.1_audit_detector,0,False,0,audit_detector_combined_mdna_candidate,1.0.0,NOT_REVIEWED,,raw_prop=combined_mdna_candidate,NOT_REVIEWED,DERIVED_RECONCILIATION
INE006C01015_2018,K.Z.Leasing & Finance Ltd.,2018,VALIDATION,native,CANDIDATE,t0.1_audit_detector,1,51,1,audit_detector_native,1.0.0,NOT_REVIEWED,,raw_prop=native_page_count,NOT_REVIEWED,DERIVED_RECONCILIATION
INE006C01015_2018,K.Z.Leasing & Finance Ltd.,2018,VALIDATION,scanned,NOT_OBSERVED,t0.1_audit_detector,0,0,0,audit_detector_scanned,1.0.0,NOT_REVIEWED,,raw_prop=scanned_page_count,NOT_REVIEWED,DERIVED_RECONCILIATION
INE006C01015_2018,K.Z.Leasing & Finance Ltd.,2018,VALIDATION,ocr_layer_candidate,NOT_OBSERVED,t0.1_audit_detector,0,0,0,audit_detector_ocr_layer_candidate,1.0.0,NOT_REVIEWED,,raw_prop=ocr_page_count,NOT_REVIEWED,DERIVED_RECONCILIATION
INE006C01015_2018,K.Z.Leasing & Finance Ltd.,2018,VALIDATION,legacy_font_candidate,NOT_OBSERVED,t0.1_audit_detector,0,0,0,audit_detector_legacy_font_candidate,1.0.0,NOT_REVIEWED,,raw_prop=legacy_candidate_page_count,NOT_REVIEWED,DERIVED_RECONCILIATION
INE006C01015_2018,K.Z.Leasing & Finance Ltd.,2018,VALIDATION,hidden_text_candidate,NOT_OBSERVED,t0.1_audit_detector,0,0,0,audit_detector_hidden_text_candidate,1.0.0,NOT_REVIEWED,,raw_prop=hidden_text_candidate_page_count,NOT_REVIEWED,DERIVED_RECONCILIATION
INE006C01015_2018,K.Z.Leasing & Finance Ltd.,2018,VALIDATION,duplicate_text_candidate,NOT_OBSERVED,t0.1_audit_detector,0,0,0,audit_detector_duplicate_text_candidate,1.0.0,NOT_REVIEWED,,raw_prop=duplicate_text_candidate_page_count,NOT_REVIEWED,DERIVED_RECONCILIATION
INE006C01015_2018,K.Z.Leasing & Finance Ltd.,2018,VALIDATION,devanagari_candidate,NOT_OBSERVED,t0.1_audit_detector,0,0,0,audit_detector_devanagari_candidate,1.0.0,NOT_REVIEWED,,raw_prop=devanagari_page_count,NOT_REVIEWED,DERIVED_RECONCILIATION
INE006C01015_2018,K.Z.Leasing & Finance Ltd.,2018,VALIDATION,bilingual_candidate,NOT_OBSERVED,t0.1_audit_detector,0,0,0,audit_detector_bilingual_candidate,1.0.0,NOT_REVIEWED,,raw_prop=bilingual_candidate_page_count,NOT_REVIEWED,DERIVED_RECONCILIATION
INE006C01015_2018,K.Z.Leasing & Finance Ltd.,2018,VALIDATION,two_column,CANDIDATE,t0.1_audit_detector,1,2,1,audit_detector_two_column,1.0.0,NOT_REVIEWED,,raw_prop=two_column_page_count,NOT_REVIEWED,DERIVED_RECONCILIATION
INE006C01015_2018,K.Z.Leasing & Finance Ltd.,2018,VALIDATION,multi_column,CANDIDATE,t0.1_audit_detector,1,11,1,audit_detector_multi_column,1.0.0,NOT_REVIEWED,,raw_prop=multi_column_page_count,NOT_REVIEWED,DERIVED_RECONCILIATION
INE006C01015_2018,K.Z.Leasing & Finance Ltd.,2018,VALIDATION,table_candidate,CANDIDATE,t0.1_audit_detector,1,39,1,audit_detector_table_candidate,1.0.0,NOT_REVIEWED,,raw_prop=table_candidate_page_count,NOT_REVIEWED,DERIVED_RECONCILIATION
INE006C01015_2018,K.Z.Leasing & Finance Ltd.,2018,VALIDATION,header_candidate,NOT_OBSERVED,t0.1_audit_detector,0,0,0,audit_detector_header_candidate,1.0.0,NOT_REVIEWED,,raw_prop=header_candidate_page_count,NOT_REVIEWED,DERIVED_RECONCILIATION
INE006C01015_2018,K.Z.Leasing & Finance Ltd.,2018,VALIDATION,footer_candidate,CANDIDATE,t0.1_audit_detector,1,46,1,audit_detector_footer_candidate,1.0.0,NOT_REVIEWED,,raw_prop=footer_candidate_page_count,NOT_REVIEWED,DERIVED_RECONCILIATION
INE006C01015_2018,K.Z.Leasing & Finance Ltd.,2018,VALIDATION,toc_candidate,CANDIDATE,t0.1_audit_detector,1,True,1,audit_detector_toc_candidate,1.0.0,NOT_REVIEWED,,raw_prop=toc_candidate,NOT_REVIEWED,DERIVED_RECONCILIATION
INE006C01015_2018,K.Z.Leasing & Finance Ltd.,2018,VALIDATION,deep_hierarchy_candidate,NOT_OBSERVED,t0.1_audit_detector,0,False,0,audit_detector_deep_hierarchy_candidate,1.0.0,NOT_REVIEWED,,raw_prop=deep_hierarchy_candidate,NOT_REVIEWED,DERIVED_RECONCILIATION
INE006C01015_2018,K.Z.Leasing & Finance Ltd.,2018,VALIDATION,annexure_candidate,CANDIDATE,t0.1_audit_detector,1,True,1,audit_detector_annexure_candidate,1.0.0,NOT_REVIEWED,,raw_prop=annexure_candidate,NOT_REVIEWED,DERIVED_RECONCILIATION
INE006C01015_2018,K.Z.Leasing & Finance Ltd.,2018,VALIDATION,combined_mdna_candidate,NOT_OBSERVED,t0.1_audit_detector,0,False,0,audit_detector_combined_mdna_candidate,1.0.0,NOT_REVIEWED,,raw_prop=combined_mdna_candidate,NOT_REVIEWED,DERIVED_RECONCILIATION
INE006C01015_2024,K.Z.Leasing & Finance Ltd.,2024,VALIDATION,native,CANDIDATE,t0.1_audit_detector,1,62,1,audit_detector_native,1.0.0,NOT_REVIEWED,,raw_prop=native_page_count,NOT_REVIEWED,DERIVED_RECONCILIATION
INE006C01015_2024,K.Z.Leasing & Finance Ltd.,2024,VALIDATION,scanned,NOT_OBSERVED,t0.1_audit_detector,0,0,0,audit_detector_scanned,1.0.0,NOT_REVIEWED,,raw_prop=scanned_page_count,NOT_REVIEWED,DERIVED_RECONCILIATION
INE006C01015_2024,K.Z.Leasing & Finance Ltd.,2024,VALIDATION,ocr_layer_candidate,NOT_OBSERVED,t0.1_audit_detector,0,0,0,audit_detector_ocr_layer_candidate,1.0.0,NOT_REVIEWED,,raw_prop=ocr_page_count,NOT_REVIEWED,DERIVED_RECONCILIATION
INE006C01015_2024,K.Z.Leasing & Finance Ltd.,2024,VALIDATION,legacy_font_candidate,CANDIDATE,t0.1_audit_detector,1,3,1,audit_detector_legacy_font_candidate,1.0.0,NOT_REVIEWED,,raw_prop=legacy_candidate_page_count,NOT_REVIEWED,DERIVED_RECONCILIATION
INE006C01015_2024,K.Z.Leasing & Finance Ltd.,2024,VALIDATION,hidden_text_candidate,NOT_OBSERVED,t0.1_audit_detector,0,0,0,audit_detector_hidden_text_candidate,1.0.0,NOT_REVIEWED,,raw_prop=hidden_text_candidate_page_count,NOT_REVIEWED,DERIVED_RECONCILIATION
INE006C01015_2024,K.Z.Leasing & Finance Ltd.,2024,VALIDATION,duplicate_text_candidate,NOT_OBSERVED,t0.1_audit_detector,0,0,0,audit_detector_duplicate_text_candidate,1.0.0,NOT_REVIEWED,,raw_prop=duplicate_text_candidate_page_count,NOT_REVIEWED,DERIVED_RECONCILIATION
INE006C01015_2024,K.Z.Leasing & Finance Ltd.,2024,VALIDATION,devanagari_candidate,NOT_OBSERVED,t0.1_audit_detector,0,0,0,audit_detector_devanagari_candidate,1.0.0,NOT_REVIEWED,,raw_prop=devanagari_page_count,NOT_REVIEWED,DERIVED_RECONCILIATION
INE006C01015_2024,K.Z.Leasing & Finance Ltd.,2024,VALIDATION,bilingual_candidate,NOT_OBSERVED,t0.1_audit_detector,0,0,0,audit_detector_bilingual_candidate,1.0.0,NOT_REVIEWED,,raw_prop=bilingual_candidate_page_count,NOT_REVIEWED,DERIVED_RECONCILIATION
INE006C01015_2024,K.Z.Leasing & Finance Ltd.,2024,VALIDATION,two_column,CANDIDATE,t0.1_audit_detector,1,1,1,audit_detector_two_column,1.0.0,NOT_REVIEWED,,raw_prop=two_column_page_count,NOT_REVIEWED,DERIVED_RECONCILIATION
INE006C01015_2024,K.Z.Leasing & Finance Ltd.,2024,VALIDATION,multi_column,CANDIDATE,t0.1_audit_detector,1,34,1,audit_detector_multi_column,1.0.0,NOT_REVIEWED,,raw_prop=multi_column_page_count,NOT_REVIEWED,DERIVED_RECONCILIATION
INE006C01015_2024,K.Z.Leasing & Finance Ltd.,2024,VALIDATION,table_candidate,CANDIDATE,t0.1_audit_detector,1,47,1,audit_detector_table_candidate,1.0.0,NOT_REVIEWED,,raw_prop=table_candidate_page_count,NOT_REVIEWED,DERIVED_RECONCILIATION
INE006C01015_2024,K.Z.Leasing & Finance Ltd.,2024,VALIDATION,header_candidate,CANDIDATE,t0.1_audit_detector,1,22,1,audit_detector_header_candidate,1.0.0,NOT_REVIEWED,,raw_prop=header_candidate_page_count,NOT_REVIEWED,DERIVED_RECONCILIATION
INE006C01015_2024,K.Z.Leasing & Finance Ltd.,2024,VALIDATION,footer_candidate,CANDIDATE,t0.1_audit_detector,1,52,1,audit_detector_footer_candidate,1.0.0,NOT_REVIEWED,,raw_prop=footer_candidate_page_count,NOT_REVIEWED,DERIVED_RECONCILIATION
INE006C01015_2024,K.Z.Leasing & Finance Ltd.,2024,VALIDATION,toc_candidate,CANDIDATE,t0.1_audit_detector,1,True,1,audit_detector_toc_candidate,1.0.0,NOT_REVIEWED,,raw_prop=toc_candidate,NOT_REVIEWED,DERIVED_RECONCILIATION
INE006C01015_2024,K.Z.Leasing & Finance Ltd.,2024,VALIDATION,deep_hierarchy_candidate,NOT_OBSERVED,t0.1_audit_detector,0,False,0,audit_detector_deep_hierarchy_candidate,1.0.0,NOT_REVIEWED,,raw_prop=deep_hierarchy_candidate,NOT_REVIEWED,DERIVED_RECONCILIATION
INE006C01015_2024,K.Z.Leasing & Finance Ltd.,2024,VALIDATION,annexure_candidate,CANDIDATE,t0.1_audit_detector,1,True,1,audit_detector_annexure_candidate,1.0.0,NOT_REVIEWED,,raw_prop=annexure_candidate,NOT_REVIEWED,DERIVED_RECONCILIATION
INE006C01015_2024,K.Z.Leasing & Finance Ltd.,2024,VALIDATION,combined_mdna_candidate,CANDIDATE,t0.1_audit_detector,1,True,1,audit_detector_combined_mdna_candidate,1.0.0,NOT_REVIEWED,,raw_prop=combined_mdna_candidate,NOT_REVIEWED,DERIVED_RECONCILIATION
INE006C01015_2025,K.Z.Leasing & Finance Ltd.,2025,VALIDATION,native,CANDIDATE,t0.1_audit_detector,1,63,1,audit_detector_native,1.0.0,NOT_REVIEWED,,raw_prop=native_page_count,NOT_REVIEWED,DERIVED_RECONCILIATION
INE006C01015_2025,K.Z.Leasing & Finance Ltd.,2025,VALIDATION,scanned,NOT_OBSERVED,t0.1_audit_detector,0,0,0,audit_detector_scanned,1.0.0,NOT_REVIEWED,,raw_prop=scanned_page_count,NOT_REVIEWED,DERIVED_RECONCILIATION
INE006C01015_2025,K.Z.Leasing & Finance Ltd.,2025,VALIDATION,ocr_layer_candidate,NOT_OBSERVED,t0.1_audit_detector,0,0,0,audit_detector_ocr_layer_candidate,1.0.0,NOT_REVIEWED,,raw_prop=ocr_page_count,NOT_REVIEWED,DERIVED_RECONCILIATION
INE006C01015_2025,K.Z.Leasing & Finance Ltd.,2025,VALIDATION,legacy_font_candidate,CANDIDATE,t0.1_audit_detector,1,3,1,audit_detector_legacy_font_candidate,1.0.0,NOT_REVIEWED,,raw_prop=legacy_candidate_page_count,NOT_REVIEWED,DERIVED_RECONCILIATION
INE006C01015_2025,K.Z.Leasing & Finance Ltd.,2025,VALIDATION,hidden_text_candidate,NOT_OBSERVED,t0.1_audit_detector,0,0,0,audit_detector_hidden_text_candidate,1.0.0,NOT_REVIEWED,,raw_prop=hidden_text_candidate_page_count,NOT_REVIEWED,DERIVED_RECONCILIATION
INE006C01015_2025,K.Z.Leasing & Finance Ltd.,2025,VALIDATION,duplicate_text_candidate,NOT_OBSERVED,t0.1_audit_detector,0,0,0,audit_detector_duplicate_text_candidate,1.0.0,NOT_REVIEWED,,raw_prop=duplicate_text_candidate_page_count,NOT_REVIEWED,DERIVED_RECONCILIATION
INE006C01015_2025,K.Z.Leasing & Finance Ltd.,2025,VALIDATION,devanagari_candidate,NOT_OBSERVED,t0.1_audit_detector,0,0,0,audit_detector_devanagari_candidate,1.0.0,NOT_REVIEWED,,raw_prop=devanagari_page_count,NOT_REVIEWED,DERIVED_RECONCILIATION
INE006C01015_2025,K.Z.Leasing & Finance Ltd.,2025,VALIDATION,bilingual_candidate,NOT_OBSERVED,t0.1_audit_detector,0,0,0,audit_detector_bilingual_candidate,1.0.0,NOT_REVIEWED,,raw_prop=bilingual_candidate_page_count,NOT_REVIEWED,DERIVED_RECONCILIATION
INE006C01015_2025,K.Z.Leasing & Finance Ltd.,2025,VALIDATION,two_column,CANDIDATE,t0.1_audit_detector,1,3,1,audit_detector_two_column,1.0.0,NOT_REVIEWED,,raw_prop=two_column_page_count,NOT_REVIEWED,DERIVED_RECONCILIATION
INE006C01015_2025,K.Z.Leasing & Finance Ltd.,2025,VALIDATION,multi_column,CANDIDATE,t0.1_audit_detector,1,34,1,audit_detector_multi_column,1.0.0,NOT_REVIEWED,,raw_prop=multi_column_page_count,NOT_REVIEWED,DERIVED_RECONCILIATION
INE006C01015_2025,K.Z.Leasing & Finance Ltd.,2025,VALIDATION,table_candidate,CANDIDATE,t0.1_audit_detector,1,49,1,audit_detector_table_candidate,1.0.0,NOT_REVIEWED,,raw_prop=table_candidate_page_count,NOT_REVIEWED,DERIVED_RECONCILIATION
INE006C01015_2025,K.Z.Leasing & Finance Ltd.,2025,VALIDATION,header_candidate,CANDIDATE,t0.1_audit_detector,1,24,1,audit_detector_header_candidate,1.0.0,NOT_REVIEWED,,raw_prop=header_candidate_page_count,NOT_REVIEWED,DERIVED_RECONCILIATION
INE006C01015_2025,K.Z.Leasing & Finance Ltd.,2025,VALIDATION,footer_candidate,CANDIDATE,t0.1_audit_detector,1,46,1,audit_detector_footer_candidate,1.0.0,NOT_REVIEWED,,raw_prop=footer_candidate_page_count,NOT_REVIEWED,DERIVED_RECONCILIATION
INE006C01015_2025,K.Z.Leasing & Finance Ltd.,2025,VALIDATION,toc_candidate,CANDIDATE,t0.1_audit_detector,1,True,1,audit_detector_toc_candidate,1.0.0,NOT_REVIEWED,,raw_prop=toc_candidate,NOT_REVIEWED,DERIVED_RECONCILIATION
INE006C01015_2025,K.Z.Leasing & Finance Ltd.,2025,VALIDATION,deep_hierarchy_candidate,NOT_OBSERVED,t0.1_audit_detector,0,False,0,audit_detector_deep_hierarchy_candidate,1.0.0,NOT_REVIEWED,,raw_prop=deep_hierarchy_candidate,NOT_REVIEWED,DERIVED_RECONCILIATION
INE006C01015_2025,K.Z.Leasing & Finance Ltd.,2025,VALIDATION,annexure_candidate,CANDIDATE,t0.1_audit_detector,1,True,1,audit_detector_annexure_candidate,1.0.0,NOT_REVIEWED,,raw_prop=annexure_candidate,NOT_REVIEWED,DERIVED_RECONCILIATION
INE006C01015_2025,K.Z.Leasing & Finance Ltd.,2025,VALIDATION,combined_mdna_candidate,CANDIDATE,t0.1_audit_detector,1,True,1,audit_detector_combined_mdna_candidate,1.0.0,NOT_REVIEWED,,raw_prop=combined_mdna_candidate,NOT_REVIEWED,DERIVED_RECONCILIATION
INE006I01046_2012,Astral Limited,2012,HOLDOUT,native,CANDIDATE,t0.1_audit_detector,1,103,1,audit_detector_native,1.0.0,NOT_REVIEWED,,raw_prop=native_page_count,NOT_REVIEWED,DERIVED_RECONCILIATION
INE006I01046_2012,Astral Limited,2012,HOLDOUT,scanned,NOT_OBSERVED,t0.1_audit_detector,0,0,0,audit_detector_scanned,1.0.0,NOT_REVIEWED,,raw_prop=scanned_page_count,NOT_REVIEWED,DERIVED_RECONCILIATION
INE006I01046_2012,Astral Limited,2012,HOLDOUT,ocr_layer_candidate,CANDIDATE,t0.1_audit_detector,1,2,1,audit_detector_ocr_layer_candidate,1.0.0,NOT_REVIEWED,,raw_prop=ocr_page_count,NOT_REVIEWED,DERIVED_RECONCILIATION
INE006I01046_2012,Astral Limited,2012,HOLDOUT,legacy_font_candidate,NOT_OBSERVED,t0.1_audit_detector,0,0,0,audit_detector_legacy_font_candidate,1.0.0,NOT_REVIEWED,,raw_prop=legacy_candidate_page_count,NOT_REVIEWED,DERIVED_RECONCILIATION
INE006I01046_2012,Astral Limited,2012,HOLDOUT,hidden_text_candidate,NOT_OBSERVED,t0.1_audit_detector,0,0,0,audit_detector_hidden_text_candidate,1.0.0,NOT_REVIEWED,,raw_prop=hidden_text_candidate_page_count,NOT_REVIEWED,DERIVED_RECONCILIATION
INE006I01046_2012,Astral Limited,2012,HOLDOUT,duplicate_text_candidate,NOT_OBSERVED,t0.1_audit_detector,0,0,0,audit_detector_duplicate_text_candidate,1.0.0,NOT_REVIEWED,,raw_prop=duplicate_text_candidate_page_count,NOT_REVIEWED,DERIVED_RECONCILIATION
INE006I01046_2012,Astral Limited,2012,HOLDOUT,devanagari_candidate,NOT_OBSERVED,t0.1_audit_detector,0,0,0,audit_detector_devanagari_candidate,1.0.0,NOT_REVIEWED,,raw_prop=devanagari_page_count,NOT_REVIEWED,DERIVED_RECONCILIATION
INE006I01046_2012,Astral Limited,2012,HOLDOUT,bilingual_candidate,NOT_OBSERVED,t0.1_audit_detector,0,0,0,audit_detector_bilingual_candidate,1.0.0,NOT_REVIEWED,,raw_prop=bilingual_candidate_page_count,NOT_REVIEWED,DERIVED_RECONCILIATION
INE006I01046_2012,Astral Limited,2012,HOLDOUT,two_column,CANDIDATE,t0.1_audit_detector,1,3,1,audit_detector_two_column,1.0.0,NOT_REVIEWED,,raw_prop=two_column_page_count,NOT_REVIEWED,DERIVED_RECONCILIATION
INE006I01046_2012,Astral Limited,2012,HOLDOUT,multi_column,CANDIDATE,t0.1_audit_detector,1,79,1,audit_detector_multi_column,1.0.0,NOT_REVIEWED,,raw_prop=multi_column_page_count,NOT_REVIEWED,DERIVED_RECONCILIATION
INE006I01046_2012,Astral Limited,2012,HOLDOUT,table_candidate,CANDIDATE,t0.1_audit_detector,1,103,1,audit_detector_table_candidate,1.0.0,NOT_REVIEWED,,raw_prop=table_candidate_page_count,NOT_REVIEWED,DERIVED_RECONCILIATION
INE006I01046_2012,Astral Limited,2012,HOLDOUT,header_candidate,NOT_OBSERVED,t0.1_audit_detector,0,0,0,audit_detector_header_candidate,1.0.0,NOT_REVIEWED,,raw_prop=header_candidate_page_count,NOT_REVIEWED,DERIVED_RECONCILIATION
INE006I01046_2012,Astral Limited,2012,HOLDOUT,footer_candidate,CANDIDATE,t0.1_audit_detector,1,2,1,audit_detector_footer_candidate,1.0.0,NOT_REVIEWED,,raw_prop=footer_candidate_page_count,NOT_REVIEWED,DERIVED_RECONCILIATION
INE006I01046_2012,Astral Limited,2012,HOLDOUT,toc_candidate,CANDIDATE,t0.1_audit_detector,1,True,1,audit_detector_toc_candidate,1.0.0,NOT_REVIEWED,,raw_prop=toc_candidate,NOT_REVIEWED,DERIVED_RECONCILIATION
INE006I01046_2012,Astral Limited,2012,HOLDOUT,deep_hierarchy_candidate,NOT_OBSERVED,t0.1_audit_detector,0,False,0,audit_detector_deep_hierarchy_candidate,1.0.0,NOT_REVIEWED,,raw_prop=deep_hierarchy_candidate,NOT_REVIEWED,DERIVED_RECONCILIATION
INE006I01046_2012,Astral Limited,2012,HOLDOUT,annexure_candidate,CANDIDATE,t0.1_audit_detector,1,True,1,audit_detector_annexure_candidate,1.0.0,NOT_REVIEWED,,raw_prop=annexure_candidate,NOT_REVIEWED,DERIVED_RECONCILIATION
INE006I01046_2012,Astral Limited,2012,HOLDOUT,combined_mdna_candidate,CANDIDATE,t0.1_audit_detector,1,True,1,audit_detector_combined_mdna_candidate,1.0.0,NOT_REVIEWED,,raw_prop=combined_mdna_candidate,NOT_REVIEWED,DERIVED_RECONCILIATION
INE006I01046_2013,Astral Limited,2013,HOLDOUT,native,CANDIDATE,t0.1_audit_detector,1,107,1,audit_detector_native,1.0.0,NOT_REVIEWED,,raw_prop=native_page_count,NOT_REVIEWED,DERIVED_RECONCILIATION
INE006I01046_2013,Astral Limited,2013,HOLDOUT,scanned,NOT_OBSERVED,t0.1_audit_detector,0,0,0,audit_detector_scanned,1.0.0,NOT_REVIEWED,,raw_prop=scanned_page_count,NOT_REVIEWED,DERIVED_RECONCILIATION
INE006I01046_2013,Astral Limited,2013,HOLDOUT,ocr_layer_candidate,CANDIDATE,t0.1_audit_detector,1,1,1,audit_detector_ocr_layer_candidate,1.0.0,NOT_REVIEWED,,raw_prop=ocr_page_count,NOT_REVIEWED,DERIVED_RECONCILIATION
INE006I01046_2013,Astral Limited,2013,HOLDOUT,legacy_font_candidate,NOT_OBSERVED,t0.1_audit_detector,0,0,0,audit_detector_legacy_font_candidate,1.0.0,NOT_REVIEWED,,raw_prop=legacy_candidate_page_count,NOT_REVIEWED,DERIVED_RECONCILIATION
INE006I01046_2013,Astral Limited,2013,HOLDOUT,hidden_text_candidate,NOT_OBSERVED,t0.1_audit_detector,0,0,0,audit_detector_hidden_text_candidate,1.0.0,NOT_REVIEWED,,raw_prop=hidden_text_candidate_page_count,NOT_REVIEWED,DERIVED_RECONCILIATION
INE006I01046_2013,Astral Limited,2013,HOLDOUT,duplicate_text_candidate,CANDIDATE,t0.1_audit_detector,1,1,1,audit_detector_duplicate_text_candidate,1.0.0,NOT_REVIEWED,,raw_prop=duplicate_text_candidate_page_count,NOT_REVIEWED,DERIVED_RECONCILIATION
INE006I01046_2013,Astral Limited,2013,HOLDOUT,devanagari_candidate,NOT_OBSERVED,t0.1_audit_detector,0,0,0,audit_detector_devanagari_candidate,1.0.0,NOT_REVIEWED,,raw_prop=devanagari_page_count,NOT_REVIEWED,DERIVED_RECONCILIATION
INE006I01046_2013,Astral Limited,2013,HOLDOUT,bilingual_candidate,NOT_OBSERVED,t0.1_audit_detector,0,0,0,audit_detector_bilingual_candidate,1.0.0,NOT_REVIEWED,,raw_prop=bilingual_candidate_page_count,NOT_REVIEWED,DERIVED_RECONCILIATION
INE006I01046_2013,Astral Limited,2013,HOLDOUT,two_column,CANDIDATE,t0.1_audit_detector,1,8,1,audit_detector_two_column,1.0.0,NOT_REVIEWED,,raw_prop=two_column_page_count,NOT_REVIEWED,DERIVED_RECONCILIATION
INE006I01046_2013,Astral Limited,2013,HOLDOUT,multi_column,CANDIDATE,t0.1_audit_detector,1,77,1,audit_detector_multi_column,1.0.0,NOT_REVIEWED,,raw_prop=multi_column_page_count,NOT_REVIEWED,DERIVED_RECONCILIATION
INE006I01046_2013,Astral Limited,2013,HOLDOUT,table_candidate,CANDIDATE,t0.1_audit_detector,1,112,1,audit_detector_table_candidate,1.0.0,NOT_REVIEWED,,raw_prop=table_candidate_page_count,NOT_REVIEWED,DERIVED_RECONCILIATION
INE006I01046_2013,Astral Limited,2013,HOLDOUT,header_candidate,NOT_OBSERVED,t0.1_audit_detector,0,0,0,audit_detector_header_candidate,1.0.0,NOT_REVIEWED,,raw_prop=header_candidate_page_count,NOT_REVIEWED,DERIVED_RECONCILIATION
INE006I01046_2013,Astral Limited,2013,HOLDOUT,footer_candidate,NOT_OBSERVED,t0.1_audit_detector,0,0,0,audit_detector_footer_candidate,1.0.0,NOT_REVIEWED,,raw_prop=footer_candidate_page_count,NOT_REVIEWED,DERIVED_RECONCILIATION
INE006I01046_2013,Astral Limited,2013,HOLDOUT,toc_candidate,CANDIDATE,t0.1_audit_detector,1,True,1,audit_detector_toc_candidate,1.0.0,NOT_REVIEWED,,raw_prop=toc_candidate,NOT_REVIEWED,DERIVED_RECONCILIATION
INE006I01046_2013,Astral Limited,2013,HOLDOUT,deep_hierarchy_candidate,NOT_OBSERVED,t0.1_audit_detector,0,False,0,audit_detector_deep_hierarchy_candidate,1.0.0,NOT_REVIEWED,,raw_prop=deep_hierarchy_candidate,NOT_REVIEWED,DERIVED_RECONCILIATION
INE006I01046_2013,Astral Limited,2013,HOLDOUT,annexure_candidate,CANDIDATE,t0.1_audit_detector,1,True,1,audit_detector_annexure_candidate,1.0.0,NOT_REVIEWED,,raw_prop=annexure_candidate,NOT_REVIEWED,DERIVED_RECONCILIATION
INE006I01046_2013,Astral Limited,2013,HOLDOUT,combined_mdna_candidate,CANDIDATE,t0.1_audit_detector,1,True,1,audit_detector_combined_mdna_candidate,1.0.0,NOT_REVIEWED,,raw_prop=combined_mdna_candidate,NOT_REVIEWED,DERIVED_RECONCILIATION
INE006I01046_2017,Astral Limited,2017,HOLDOUT,native,CANDIDATE,t0.1_audit_detector,1,161,1,audit_detector_native,1.0.0,NOT_REVIEWED,,raw_prop=native_page_count,NOT_REVIEWED,DERIVED_RECONCILIATION
INE006I01046_2017,Astral Limited,2017,HOLDOUT,scanned,CANDIDATE,t0.1_audit_detector,1,3,1,audit_detector_scanned,1.0.0,NOT_REVIEWED,,raw_prop=scanned_page_count,NOT_REVIEWED,DERIVED_RECONCILIATION
INE006I01046_2017,Astral Limited,2017,HOLDOUT,ocr_layer_candidate,NOT_OBSERVED,t0.1_audit_detector,0,0,0,audit_detector_ocr_layer_candidate,1.0.0,NOT_REVIEWED,,raw_prop=ocr_page_count,NOT_REVIEWED,DERIVED_RECONCILIATION
INE006I01046_2017,Astral Limited,2017,HOLDOUT,legacy_font_candidate,NOT_OBSERVED,t0.1_audit_detector,0,0,0,audit_detector_legacy_font_candidate,1.0.0,NOT_REVIEWED,,raw_prop=legacy_candidate_page_count,NOT_REVIEWED,DERIVED_RECONCILIATION
INE006I01046_2017,Astral Limited,2017,HOLDOUT,hidden_text_candidate,NOT_OBSERVED,t0.1_audit_detector,0,0,0,audit_detector_hidden_text_candidate,1.0.0,NOT_REVIEWED,,raw_prop=hidden_text_candidate_page_count,NOT_REVIEWED,DERIVED_RECONCILIATION
INE006I01046_2017,Astral Limited,2017,HOLDOUT,duplicate_text_candidate,NOT_OBSERVED,t0.1_audit_detector,0,0,0,audit_detector_duplicate_text_candidate,1.0.0,NOT_REVIEWED,,raw_prop=duplicate_text_candidate_page_count,NOT_REVIEWED,DERIVED_RECONCILIATION
INE006I01046_2017,Astral Limited,2017,HOLDOUT,devanagari_candidate,NOT_OBSERVED,t0.1_audit_detector,0,0,0,audit_detector_devanagari_candidate,1.0.0,NOT_REVIEWED,,raw_prop=devanagari_page_count,NOT_REVIEWED,DERIVED_RECONCILIATION
INE006I01046_2017,Astral Limited,2017,HOLDOUT,bilingual_candidate,NOT_OBSERVED,t0.1_audit_detector,0,0,0,audit_detector_bilingual_candidate,1.0.0,NOT_REVIEWED,,raw_prop=bilingual_candidate_page_count,NOT_REVIEWED,DERIVED_RECONCILIATION
INE006I01046_2017,Astral Limited,2017,HOLDOUT,two_column,CANDIDATE,t0.1_audit_detector,1,12,1,audit_detector_two_column,1.0.0,NOT_REVIEWED,,raw_prop=two_column_page_count,NOT_REVIEWED,DERIVED_RECONCILIATION
INE006I01046_2017,Astral Limited,2017,HOLDOUT,multi_column,CANDIDATE,t0.1_audit_detector,1,126,1,audit_detector_multi_column,1.0.0,NOT_REVIEWED,,raw_prop=multi_column_page_count,NOT_REVIEWED,DERIVED_RECONCILIATION
INE006I01046_2017,Astral Limited,2017,HOLDOUT,table_candidate,CANDIDATE,t0.1_audit_detector,1,132,1,audit_detector_table_candidate,1.0.0,NOT_REVIEWED,,raw_prop=table_candidate_page_count,NOT_REVIEWED,DERIVED_RECONCILIATION
INE006I01046_2017,Astral Limited,2017,HOLDOUT,header_candidate,NOT_OBSERVED,t0.1_audit_detector,0,0,0,audit_detector_header_candidate,1.0.0,NOT_REVIEWED,,raw_prop=header_candidate_page_count,NOT_REVIEWED,DERIVED_RECONCILIATION
INE006I01046_2017,Astral Limited,2017,HOLDOUT,footer_candidate,CANDIDATE,t0.1_audit_detector,1,10,1,audit_detector_footer_candidate,1.0.0,NOT_REVIEWED,,raw_prop=footer_candidate_page_count,NOT_REVIEWED,DERIVED_RECONCILIATION
INE006I01046_2017,Astral Limited,2017,HOLDOUT,toc_candidate,CANDIDATE,t0.1_audit_detector,1,True,1,audit_detector_toc_candidate,1.0.0,NOT_REVIEWED,,raw_prop=toc_candidate,NOT_REVIEWED,DERIVED_RECONCILIATION
INE006I01046_2017,Astral Limited,2017,HOLDOUT,deep_hierarchy_candidate,NOT_OBSERVED,t0.1_audit_detector,0,False,0,audit_detector_deep_hierarchy_candidate,1.0.0,NOT_REVIEWED,,raw_prop=deep_hierarchy_candidate,NOT_REVIEWED,DERIVED_RECONCILIATION
INE006I01046_2017,Astral Limited,2017,HOLDOUT,annexure_candidate,CANDIDATE,t0.1_audit_detector,1,True,1,audit_detector_annexure_candidate,1.0.0,NOT_REVIEWED,,raw_prop=annexure_candidate,NOT_REVIEWED,DERIVED_RECONCILIATION
INE006I01046_2017,Astral Limited,2017,HOLDOUT,combined_mdna_candidate,NOT_OBSERVED,t0.1_audit_detector,0,False,0,audit_detector_combined_mdna_candidate,1.0.0,NOT_REVIEWED,,raw_prop=combined_mdna_candidate,NOT_REVIEWED,DERIVED_RECONCILIATION
INE006I01046_2018,Astral Limited,2018,HOLDOUT,native,CANDIDATE,t0.1_audit_detector,1,141,1,audit_detector_native,1.0.0,NOT_REVIEWED,,raw_prop=native_page_count,NOT_REVIEWED,DERIVED_RECONCILIATION
INE006I01046_2018,Astral Limited,2018,HOLDOUT,scanned,NOT_OBSERVED,t0.1_audit_detector,0,0,0,audit_detector_scanned,1.0.0,NOT_REVIEWED,,raw_prop=scanned_page_count,NOT_REVIEWED,DERIVED_RECONCILIATION
INE006I01046_2018,Astral Limited,2018,HOLDOUT,ocr_layer_candidate,CANDIDATE,t0.1_audit_detector,1,1,1,audit_detector_ocr_layer_candidate,1.0.0,NOT_REVIEWED,,raw_prop=ocr_page_count,NOT_REVIEWED,DERIVED_RECONCILIATION
INE006I01046_2018,Astral Limited,2018,HOLDOUT,legacy_font_candidate,NOT_OBSERVED,t0.1_audit_detector,0,0,0,audit_detector_legacy_font_candidate,1.0.0,NOT_REVIEWED,,raw_prop=legacy_candidate_page_count,NOT_REVIEWED,DERIVED_RECONCILIATION
INE006I01046_2018,Astral Limited,2018,HOLDOUT,hidden_text_candidate,NOT_OBSERVED,t0.1_audit_detector,0,0,0,audit_detector_hidden_text_candidate,1.0.0,NOT_REVIEWED,,raw_prop=hidden_text_candidate_page_count,NOT_REVIEWED,DERIVED_RECONCILIATION
INE006I01046_2018,Astral Limited,2018,HOLDOUT,duplicate_text_candidate,NOT_OBSERVED,t0.1_audit_detector,0,0,0,audit_detector_duplicate_text_candidate,1.0.0,NOT_REVIEWED,,raw_prop=duplicate_text_candidate_page_count,NOT_REVIEWED,DERIVED_RECONCILIATION
INE006I01046_2018,Astral Limited,2018,HOLDOUT,devanagari_candidate,NOT_OBSERVED,t0.1_audit_detector,0,0,0,audit_detector_devanagari_candidate,1.0.0,NOT_REVIEWED,,raw_prop=devanagari_page_count,NOT_REVIEWED,DERIVED_RECONCILIATION
INE006I01046_2018,Astral Limited,2018,HOLDOUT,bilingual_candidate,NOT_OBSERVED,t0.1_audit_detector,0,0,0,audit_detector_bilingual_candidate,1.0.0,NOT_REVIEWED,,raw_prop=bilingual_candidate_page_count,NOT_REVIEWED,DERIVED_RECONCILIATION
INE006I01046_2018,Astral Limited,2018,HOLDOUT,two_column,CANDIDATE,t0.1_audit_detector,1,7,1,audit_detector_two_column,1.0.0,NOT_REVIEWED,,raw_prop=two_column_page_count,NOT_REVIEWED,DERIVED_RECONCILIATION
INE006I01046_2018,Astral Limited,2018,HOLDOUT,multi_column,CANDIDATE,t0.1_audit_detector,1,113,1,audit_detector_multi_column,1.0.0,NOT_REVIEWED,,raw_prop=multi_column_page_count,NOT_REVIEWED,DERIVED_RECONCILIATION
INE006I01046_2018,Astral Limited,2018,HOLDOUT,table_candidate,CANDIDATE,t0.1_audit_detector,1,119,1,audit_detector_table_candidate,1.0.0,NOT_REVIEWED,,raw_prop=table_candidate_page_count,NOT_REVIEWED,DERIVED_RECONCILIATION
INE006I01046_2018,Astral Limited,2018,HOLDOUT,header_candidate,NOT_OBSERVED,t0.1_audit_detector,0,0,0,audit_detector_header_candidate,1.0.0,NOT_REVIEWED,,raw_prop=header_candidate_page_count,NOT_REVIEWED,DERIVED_RECONCILIATION
INE006I01046_2018,Astral Limited,2018,HOLDOUT,footer_candidate,CANDIDATE,t0.1_audit_detector,1,8,1,audit_detector_footer_candidate,1.0.0,NOT_REVIEWED,,raw_prop=footer_candidate_page_count,NOT_REVIEWED,DERIVED_RECONCILIATION
INE006I01046_2018,Astral Limited,2018,HOLDOUT,toc_candidate,CANDIDATE,t0.1_audit_detector,1,True,1,audit_detector_toc_candidate,1.0.0,NOT_REVIEWED,,raw_prop=toc_candidate,NOT_REVIEWED,DERIVED_RECONCILIATION
INE006I01046_2018,Astral Limited,2018,HOLDOUT,deep_hierarchy_candidate,NOT_OBSERVED,t0.1_audit_detector,0,False,0,audit_detector_deep_hierarchy_candidate,1.0.0,NOT_REVIEWED,,raw_prop=deep_hierarchy_candidate,NOT_REVIEWED,DERIVED_RECONCILIATION
INE006I01046_2018,Astral Limited,2018,HOLDOUT,annexure_candidate,CANDIDATE,t0.1_audit_detector,1,True,1,audit_detector_annexure_candidate,1.0.0,NOT_REVIEWED,,raw_prop=annexure_candidate,NOT_REVIEWED,DERIVED_RECONCILIATION
INE006I01046_2018,Astral Limited,2018,HOLDOUT,combined_mdna_candidate,NOT_OBSERVED,t0.1_audit_detector,0,False,0,audit_detector_combined_mdna_candidate,1.0.0,NOT_REVIEWED,,raw_prop=combined_mdna_candidate,NOT_REVIEWED,DERIVED_RECONCILIATION
INE006I01046_2024,Astral Limited,2024,HOLDOUT,native,CANDIDATE,t0.1_audit_detector,1,252,1,audit_detector_native,1.0.0,NOT_REVIEWED,,raw_prop=native_page_count,NOT_REVIEWED,DERIVED_RECONCILIATION
INE006I01046_2024,Astral Limited,2024,HOLDOUT,scanned,NOT_OBSERVED,t0.1_audit_detector,0,0,0,audit_detector_scanned,1.0.0,NOT_REVIEWED,,raw_prop=scanned_page_count,NOT_REVIEWED,DERIVED_RECONCILIATION
INE006I01046_2024,Astral Limited,2024,HOLDOUT,ocr_layer_candidate,CANDIDATE,t0.1_audit_detector,1,1,1,audit_detector_ocr_layer_candidate,1.0.0,NOT_REVIEWED,,raw_prop=ocr_page_count,NOT_REVIEWED,DERIVED_RECONCILIATION
INE006I01046_2024,Astral Limited,2024,HOLDOUT,legacy_font_candidate,NOT_OBSERVED,t0.1_audit_detector,0,0,0,audit_detector_legacy_font_candidate,1.0.0,NOT_REVIEWED,,raw_prop=legacy_candidate_page_count,NOT_REVIEWED,DERIVED_RECONCILIATION
INE006I01046_2024,Astral Limited,2024,HOLDOUT,hidden_text_candidate,NOT_OBSERVED,t0.1_audit_detector,0,0,0,audit_detector_hidden_text_candidate,1.0.0,NOT_REVIEWED,,raw_prop=hidden_text_candidate_page_count,NOT_REVIEWED,DERIVED_RECONCILIATION
INE006I01046_2024,Astral Limited,2024,HOLDOUT,duplicate_text_candidate,CANDIDATE,t0.1_audit_detector,1,1,1,audit_detector_duplicate_text_candidate,1.0.0,NOT_REVIEWED,,raw_prop=duplicate_text_candidate_page_count,NOT_REVIEWED,DERIVED_RECONCILIATION
INE006I01046_2024,Astral Limited,2024,HOLDOUT,devanagari_candidate,NOT_OBSERVED,t0.1_audit_detector,0,0,0,audit_detector_devanagari_candidate,1.0.0,NOT_REVIEWED,,raw_prop=devanagari_page_count,NOT_REVIEWED,DERIVED_RECONCILIATION
INE006I01046_2024,Astral Limited,2024,HOLDOUT,bilingual_candidate,NOT_OBSERVED,t0.1_audit_detector,0,0,0,audit_detector_bilingual_candidate,1.0.0,NOT_REVIEWED,,raw_prop=bilingual_candidate_page_count,NOT_REVIEWED,DERIVED_RECONCILIATION
INE006I01046_2024,Astral Limited,2024,HOLDOUT,two_column,CANDIDATE,t0.1_audit_detector,1,115,1,audit_detector_two_column,1.0.0,NOT_REVIEWED,,raw_prop=two_column_page_count,NOT_REVIEWED,DERIVED_RECONCILIATION
INE006I01046_2024,Astral Limited,2024,HOLDOUT,multi_column,CANDIDATE,t0.1_audit_detector,1,130,1,audit_detector_multi_column,1.0.0,NOT_REVIEWED,,raw_prop=multi_column_page_count,NOT_REVIEWED,DERIVED_RECONCILIATION
INE006I01046_2024,Astral Limited,2024,HOLDOUT,table_candidate,CANDIDATE,t0.1_audit_detector,1,124,1,audit_detector_table_candidate,1.0.0,NOT_REVIEWED,,raw_prop=table_candidate_page_count,NOT_REVIEWED,DERIVED_RECONCILIATION
INE006I01046_2024,Astral Limited,2024,HOLDOUT,header_candidate,CANDIDATE,t0.1_audit_detector,1,23,1,audit_detector_header_candidate,1.0.0,NOT_REVIEWED,,raw_prop=header_candidate_page_count,NOT_REVIEWED,DERIVED_RECONCILIATION
INE006I01046_2024,Astral Limited,2024,HOLDOUT,footer_candidate,NOT_OBSERVED,t0.1_audit_detector,0,0,0,audit_detector_footer_candidate,1.0.0,NOT_REVIEWED,,raw_prop=footer_candidate_page_count,NOT_REVIEWED,DERIVED_RECONCILIATION
INE006I01046_2024,Astral Limited,2024,HOLDOUT,toc_candidate,CANDIDATE,t0.1_audit_detector,1,True,1,audit_detector_toc_candidate,1.0.0,NOT_REVIEWED,,raw_prop=toc_candidate,NOT_REVIEWED,DERIVED_RECONCILIATION
INE006I01046_2024,Astral Limited,2024,HOLDOUT,deep_hierarchy_candidate,NOT_OBSERVED,t0.1_audit_detector,0,False,0,audit_detector_deep_hierarchy_candidate,1.0.0,NOT_REVIEWED,,raw_prop=deep_hierarchy_candidate,NOT_REVIEWED,DERIVED_RECONCILIATION
INE006I01046_2024,Astral Limited,2024,HOLDOUT,annexure_candidate,CANDIDATE,t0.1_audit_detector,1,True,1,audit_detector_annexure_candidate,1.0.0,NOT_REVIEWED,,raw_prop=annexure_candidate,NOT_REVIEWED,DERIVED_RECONCILIATION
INE006I01046_2024,Astral Limited,2024,HOLDOUT,combined_mdna_candidate,NOT_OBSERVED,t0.1_audit_detector,0,False,0,audit_detector_combined_mdna_candidate,1.0.0,NOT_REVIEWED,,raw_prop=combined_mdna_candidate,NOT_REVIEWED,DERIVED_RECONCILIATION
INE006I01046_2025,Astral Limited,2025,HOLDOUT,native,CANDIDATE,t0.1_audit_detector,1,239,1,audit_detector_native,1.0.0,NOT_REVIEWED,,raw_prop=native_page_count,NOT_REVIEWED,DERIVED_RECONCILIATION
INE006I01046_2025,Astral Limited,2025,HOLDOUT,scanned,NOT_OBSERVED,t0.1_audit_detector,0,0,0,audit_detector_scanned,1.0.0,NOT_REVIEWED,,raw_prop=scanned_page_count,NOT_REVIEWED,DERIVED_RECONCILIATION
INE006I01046_2025,Astral Limited,2025,HOLDOUT,ocr_layer_candidate,NOT_OBSERVED,t0.1_audit_detector,0,0,0,audit_detector_ocr_layer_candidate,1.0.0,NOT_REVIEWED,,raw_prop=ocr_page_count,NOT_REVIEWED,DERIVED_RECONCILIATION
INE006I01046_2025,Astral Limited,2025,HOLDOUT,legacy_font_candidate,CANDIDATE,t0.1_audit_detector,1,1,1,audit_detector_legacy_font_candidate,1.0.0,NOT_REVIEWED,,raw_prop=legacy_candidate_page_count,NOT_REVIEWED,DERIVED_RECONCILIATION
INE006I01046_2025,Astral Limited,2025,HOLDOUT,hidden_text_candidate,NOT_OBSERVED,t0.1_audit_detector,0,0,0,audit_detector_hidden_text_candidate,1.0.0,NOT_REVIEWED,,raw_prop=hidden_text_candidate_page_count,NOT_REVIEWED,DERIVED_RECONCILIATION
INE006I01046_2025,Astral Limited,2025,HOLDOUT,duplicate_text_candidate,NOT_OBSERVED,t0.1_audit_detector,0,0,0,audit_detector_duplicate_text_candidate,1.0.0,NOT_REVIEWED,,raw_prop=duplicate_text_candidate_page_count,NOT_REVIEWED,DERIVED_RECONCILIATION
INE006I01046_2025,Astral Limited,2025,HOLDOUT,devanagari_candidate,NOT_OBSERVED,t0.1_audit_detector,0,0,0,audit_detector_devanagari_candidate,1.0.0,NOT_REVIEWED,,raw_prop=devanagari_page_count,NOT_REVIEWED,DERIVED_RECONCILIATION
INE006I01046_2025,Astral Limited,2025,HOLDOUT,bilingual_candidate,NOT_OBSERVED,t0.1_audit_detector,0,0,0,audit_detector_bilingual_candidate,1.0.0,NOT_REVIEWED,,raw_prop=bilingual_candidate_page_count,NOT_REVIEWED,DERIVED_RECONCILIATION
INE006I01046_2025,Astral Limited,2025,HOLDOUT,two_column,CANDIDATE,t0.1_audit_detector,1,113,1,audit_detector_two_column,1.0.0,NOT_REVIEWED,,raw_prop=two_column_page_count,NOT_REVIEWED,DERIVED_RECONCILIATION
INE006I01046_2025,Astral Limited,2025,HOLDOUT,multi_column,CANDIDATE,t0.1_audit_detector,1,120,1,audit_detector_multi_column,1.0.0,NOT_REVIEWED,,raw_prop=multi_column_page_count,NOT_REVIEWED,DERIVED_RECONCILIATION
INE006I01046_2025,Astral Limited,2025,HOLDOUT,table_candidate,CANDIDATE,t0.1_audit_detector,1,175,1,audit_detector_table_candidate,1.0.0,NOT_REVIEWED,,raw_prop=table_candidate_page_count,NOT_REVIEWED,DERIVED_RECONCILIATION
INE006I01046_2025,Astral Limited,2025,HOLDOUT,header_candidate,CANDIDATE,t0.1_audit_detector,1,107,1,audit_detector_header_candidate,1.0.0,NOT_REVIEWED,,raw_prop=header_candidate_page_count,NOT_REVIEWED,DERIVED_RECONCILIATION
INE006I01046_2025,Astral Limited,2025,HOLDOUT,footer_candidate,NOT_OBSERVED,t0.1_audit_detector,0,0,0,audit_detector_footer_candidate,1.0.0,NOT_REVIEWED,,raw_prop=footer_candidate_page_count,NOT_REVIEWED,DERIVED_RECONCILIATION
INE006I01046_2025,Astral Limited,2025,HOLDOUT,toc_candidate,NOT_OBSERVED,t0.1_audit_detector,0,False,0,audit_detector_toc_candidate,1.0.0,NOT_REVIEWED,,raw_prop=toc_candidate,NOT_REVIEWED,DERIVED_RECONCILIATION
INE006I01046_2025,Astral Limited,2025,HOLDOUT,deep_hierarchy_candidate,NOT_OBSERVED,t0.1_audit_detector,0,False,0,audit_detector_deep_hierarchy_candidate,1.0.0,NOT_REVIEWED,,raw_prop=deep_hierarchy_candidate,NOT_REVIEWED,DERIVED_RECONCILIATION
INE006I01046_2025,Astral Limited,2025,HOLDOUT,annexure_candidate,CANDIDATE,t0.1_audit_detector,1,True,1,audit_detector_annexure_candidate,1.0.0,NOT_REVIEWED,,raw_prop=annexure_candidate,NOT_REVIEWED,DERIVED_RECONCILIATION
INE006I01046_2025,Astral Limited,2025,HOLDOUT,combined_mdna_candidate,NOT_OBSERVED,t0.1_audit_detector,0,False,0,audit_detector_combined_mdna_candidate,1.0.0,NOT_REVIEWED,,raw_prop=combined_mdna_candidate,NOT_REVIEWED,DERIVED_RECONCILIATION
INE007A01025_2012,Crisil Limited,2012,FIT,native,CANDIDATE,t0.1_audit_detector,1,157,1,audit_detector_native,1.0.0,NOT_REVIEWED,,raw_prop=native_page_count,NOT_REVIEWED,DERIVED_RECONCILIATION
INE007A01025_2012,Crisil Limited,2012,FIT,scanned,NOT_OBSERVED,t0.1_audit_detector,0,0,0,audit_detector_scanned,1.0.0,NOT_REVIEWED,,raw_prop=scanned_page_count,NOT_REVIEWED,DERIVED_RECONCILIATION
INE007A01025_2012,Crisil Limited,2012,FIT,ocr_layer_candidate,CANDIDATE,t0.1_audit_detector,1,3,1,audit_detector_ocr_layer_candidate,1.0.0,NOT_REVIEWED,,raw_prop=ocr_page_count,NOT_REVIEWED,DERIVED_RECONCILIATION
INE007A01025_2012,Crisil Limited,2012,FIT,legacy_font_candidate,NOT_OBSERVED,t0.1_audit_detector,0,0,0,audit_detector_legacy_font_candidate,1.0.0,NOT_REVIEWED,,raw_prop=legacy_candidate_page_count,NOT_REVIEWED,DERIVED_RECONCILIATION
INE007A01025_2012,Crisil Limited,2012,FIT,hidden_text_candidate,NOT_OBSERVED,t0.1_audit_detector,0,0,0,audit_detector_hidden_text_candidate,1.0.0,NOT_REVIEWED,,raw_prop=hidden_text_candidate_page_count,NOT_REVIEWED,DERIVED_RECONCILIATION
INE007A01025_2012,Crisil Limited,2012,FIT,duplicate_text_candidate,NOT_OBSERVED,t0.1_audit_detector,0,0,0,audit_detector_duplicate_text_candidate,1.0.0,NOT_REVIEWED,,raw_prop=duplicate_text_candidate_page_count,NOT_REVIEWED,DERIVED_RECONCILIATION
INE007A01025_2012,Crisil Limited,2012,FIT,devanagari_candidate,NOT_OBSERVED,t0.1_audit_detector,0,0,0,audit_detector_devanagari_candidate,1.0.0,NOT_REVIEWED,,raw_prop=devanagari_page_count,NOT_REVIEWED,DERIVED_RECONCILIATION
INE007A01025_2012,Crisil Limited,2012,FIT,bilingual_candidate,NOT_OBSERVED,t0.1_audit_detector,0,0,0,audit_detector_bilingual_candidate,1.0.0,NOT_REVIEWED,,raw_prop=bilingual_candidate_page_count,NOT_REVIEWED,DERIVED_RECONCILIATION
INE007A01025_2012,Crisil Limited,2012,FIT,two_column,CANDIDATE,t0.1_audit_detector,1,74,1,audit_detector_two_column,1.0.0,NOT_REVIEWED,,raw_prop=two_column_page_count,NOT_REVIEWED,DERIVED_RECONCILIATION
INE007A01025_2012,Crisil Limited,2012,FIT,multi_column,CANDIDATE,t0.1_audit_detector,1,72,1,audit_detector_multi_column,1.0.0,NOT_REVIEWED,,raw_prop=multi_column_page_count,NOT_REVIEWED,DERIVED_RECONCILIATION
INE007A01025_2012,Crisil Limited,2012,FIT,table_candidate,CANDIDATE,t0.1_audit_detector,1,141,1,audit_detector_table_candidate,1.0.0,NOT_REVIEWED,,raw_prop=table_candidate_page_count,NOT_REVIEWED,DERIVED_RECONCILIATION
INE007A01025_2012,Crisil Limited,2012,FIT,header_candidate,NOT_OBSERVED,t0.1_audit_detector,0,0,0,audit_detector_header_candidate,1.0.0,NOT_REVIEWED,,raw_prop=header_candidate_page_count,NOT_REVIEWED,DERIVED_RECONCILIATION
INE007A01025_2012,Crisil Limited,2012,FIT,footer_candidate,NOT_OBSERVED,t0.1_audit_detector,0,0,0,audit_detector_footer_candidate,1.0.0,NOT_REVIEWED,,raw_prop=footer_candidate_page_count,NOT_REVIEWED,DERIVED_RECONCILIATION
INE007A01025_2012,Crisil Limited,2012,FIT,toc_candidate,CANDIDATE,t0.1_audit_detector,1,True,1,audit_detector_toc_candidate,1.0.0,NOT_REVIEWED,,raw_prop=toc_candidate,NOT_REVIEWED,DERIVED_RECONCILIATION
INE007A01025_2012,Crisil Limited,2012,FIT,deep_hierarchy_candidate,NOT_OBSERVED,t0.1_audit_detector,0,False,0,audit_detector_deep_hierarchy_candidate,1.0.0,NOT_REVIEWED,,raw_prop=deep_hierarchy_candidate,NOT_REVIEWED,DERIVED_RECONCILIATION
INE007A01025_2012,Crisil Limited,2012,FIT,annexure_candidate,CANDIDATE,t0.1_audit_detector,1,True,1,audit_detector_annexure_candidate,1.0.0,NOT_REVIEWED,,raw_prop=annexure_candidate,NOT_REVIEWED,DERIVED_RECONCILIATION
INE007A01025_2012,Crisil Limited,2012,FIT,combined_mdna_candidate,NOT_OBSERVED,t0.1_audit_detector,0,False,0,audit_detector_combined_mdna_candidate,1.0.0,NOT_REVIEWED,,raw_prop=combined_mdna_candidate,NOT_REVIEWED,DERIVED_RECONCILIATION
INE007A01025_2013,Crisil Limited,2013,FIT,native,CANDIDATE,t0.1_audit_detector,1,183,1,audit_detector_native,1.0.0,NOT_REVIEWED,,raw_prop=native_page_count,NOT_REVIEWED,DERIVED_RECONCILIATION
INE007A01025_2013,Crisil Limited,2013,FIT,scanned,NOT_OBSERVED,t0.1_audit_detector,0,0,0,audit_detector_scanned,1.0.0,NOT_REVIEWED,,raw_prop=scanned_page_count,NOT_REVIEWED,DERIVED_RECONCILIATION
INE007A01025_2013,Crisil Limited,2013,FIT,ocr_layer_candidate,CANDIDATE,t0.1_audit_detector,1,3,1,audit_detector_ocr_layer_candidate,1.0.0,NOT_REVIEWED,,raw_prop=ocr_page_count,NOT_REVIEWED,DERIVED_RECONCILIATION
INE007A01025_2013,Crisil Limited,2013,FIT,legacy_font_candidate,NOT_OBSERVED,t0.1_audit_detector,0,0,0,audit_detector_legacy_font_candidate,1.0.0,NOT_REVIEWED,,raw_prop=legacy_candidate_page_count,NOT_REVIEWED,DERIVED_RECONCILIATION
INE007A01025_2013,Crisil Limited,2013,FIT,hidden_text_candidate,NOT_OBSERVED,t0.1_audit_detector,0,0,0,audit_detector_hidden_text_candidate,1.0.0,NOT_REVIEWED,,raw_prop=hidden_text_candidate_page_count,NOT_REVIEWED,DERIVED_RECONCILIATION
INE007A01025_2013,Crisil Limited,2013,FIT,duplicate_text_candidate,NOT_OBSERVED,t0.1_audit_detector,0,0,0,audit_detector_duplicate_text_candidate,1.0.0,NOT_REVIEWED,,raw_prop=duplicate_text_candidate_page_count,NOT_REVIEWED,DERIVED_RECONCILIATION
INE007A01025_2013,Crisil Limited,2013,FIT,devanagari_candidate,NOT_OBSERVED,t0.1_audit_detector,0,0,0,audit_detector_devanagari_candidate,1.0.0,NOT_REVIEWED,,raw_prop=devanagari_page_count,NOT_REVIEWED,DERIVED_RECONCILIATION
INE007A01025_2013,Crisil Limited,2013,FIT,bilingual_candidate,NOT_OBSERVED,t0.1_audit_detector,0,0,0,audit_detector_bilingual_candidate,1.0.0,NOT_REVIEWED,,raw_prop=bilingual_candidate_page_count,NOT_REVIEWED,DERIVED_RECONCILIATION
INE007A01025_2013,Crisil Limited,2013,FIT,two_column,CANDIDATE,t0.1_audit_detector,1,54,1,audit_detector_two_column,1.0.0,NOT_REVIEWED,,raw_prop=two_column_page_count,NOT_REVIEWED,DERIVED_RECONCILIATION
INE007A01025_2013,Crisil Limited,2013,FIT,multi_column,CANDIDATE,t0.1_audit_detector,1,86,1,audit_detector_multi_column,1.0.0,NOT_REVIEWED,,raw_prop=multi_column_page_count,NOT_REVIEWED,DERIVED_RECONCILIATION
INE007A01025_2013,Crisil Limited,2013,FIT,table_candidate,CANDIDATE,t0.1_audit_detector,1,162,1,audit_detector_table_candidate,1.0.0,NOT_REVIEWED,,raw_prop=table_candidate_page_count,NOT_REVIEWED,DERIVED_RECONCILIATION
INE007A01025_2013,Crisil Limited,2013,FIT,header_candidate,NOT_OBSERVED,t0.1_audit_detector,0,0,0,audit_detector_header_candidate,1.0.0,NOT_REVIEWED,,raw_prop=header_candidate_page_count,NOT_REVIEWED,DERIVED_RECONCILIATION
INE007A01025_2013,Crisil Limited,2013,FIT,footer_candidate,NOT_OBSERVED,t0.1_audit_detector,0,0,0,audit_detector_footer_candidate,1.0.0,NOT_REVIEWED,,raw_prop=footer_candidate_page_count,NOT_REVIEWED,DERIVED_RECONCILIATION
INE007A01025_2013,Crisil Limited,2013,FIT,toc_candidate,CANDIDATE,t0.1_audit_detector,1,True,1,audit_detector_toc_candidate,1.0.0,NOT_REVIEWED,,raw_prop=toc_candidate,NOT_REVIEWED,DERIVED_RECONCILIATION
INE007A01025_2013,Crisil Limited,2013,FIT,deep_hierarchy_candidate,NOT_OBSERVED,t0.1_audit_detector,0,False,0,audit_detector_deep_hierarchy_candidate,1.0.0,NOT_REVIEWED,,raw_prop=deep_hierarchy_candidate,NOT_REVIEWED,DERIVED_RECONCILIATION
INE007A01025_2013,Crisil Limited,2013,FIT,annexure_candidate,CANDIDATE,t0.1_audit_detector,1,True,1,audit_detector_annexure_candidate,1.0.0,NOT_REVIEWED,,raw_prop=annexure_candidate,NOT_REVIEWED,DERIVED_RECONCILIATION
INE007A01025_2013,Crisil Limited,2013,FIT,combined_mdna_candidate,NOT_OBSERVED,t0.1_audit_detector,0,False,0,audit_detector_combined_mdna_candidate,1.0.0,NOT_REVIEWED,,raw_prop=combined_mdna_candidate,NOT_REVIEWED,DERIVED_RECONCILIATION
INE007A01025_2017,Crisil Limited,2017,FIT,native,CANDIDATE,t0.1_audit_detector,1,269,1,audit_detector_native,1.0.0,NOT_REVIEWED,,raw_prop=native_page_count,NOT_REVIEWED,DERIVED_RECONCILIATION
INE007A01025_2017,Crisil Limited,2017,FIT,scanned,NOT_OBSERVED,t0.1_audit_detector,0,0,0,audit_detector_scanned,1.0.0,NOT_REVIEWED,,raw_prop=scanned_page_count,NOT_REVIEWED,DERIVED_RECONCILIATION
INE007A01025_2017,Crisil Limited,2017,FIT,ocr_layer_candidate,CANDIDATE,t0.1_audit_detector,1,2,1,audit_detector_ocr_layer_candidate,1.0.0,NOT_REVIEWED,,raw_prop=ocr_page_count,NOT_REVIEWED,DERIVED_RECONCILIATION
INE007A01025_2017,Crisil Limited,2017,FIT,legacy_font_candidate,NOT_OBSERVED,t0.1_audit_detector,0,0,0,audit_detector_legacy_font_candidate,1.0.0,NOT_REVIEWED,,raw_prop=legacy_candidate_page_count,NOT_REVIEWED,DERIVED_RECONCILIATION
INE007A01025_2017,Crisil Limited,2017,FIT,hidden_text_candidate,NOT_OBSERVED,t0.1_audit_detector,0,0,0,audit_detector_hidden_text_candidate,1.0.0,NOT_REVIEWED,,raw_prop=hidden_text_candidate_page_count,NOT_REVIEWED,DERIVED_RECONCILIATION
INE007A01025_2017,Crisil Limited,2017,FIT,duplicate_text_candidate,NOT_OBSERVED,t0.1_audit_detector,0,0,0,audit_detector_duplicate_text_candidate,1.0.0,NOT_REVIEWED,,raw_prop=duplicate_text_candidate_page_count,NOT_REVIEWED,DERIVED_RECONCILIATION
INE007A01025_2017,Crisil Limited,2017,FIT,devanagari_candidate,NOT_OBSERVED,t0.1_audit_detector,0,0,0,audit_detector_devanagari_candidate,1.0.0,NOT_REVIEWED,,raw_prop=devanagari_page_count,NOT_REVIEWED,DERIVED_RECONCILIATION
INE007A01025_2017,Crisil Limited,2017,FIT,bilingual_candidate,NOT_OBSERVED,t0.1_audit_detector,0,0,0,audit_detector_bilingual_candidate,1.0.0,NOT_REVIEWED,,raw_prop=bilingual_candidate_page_count,NOT_REVIEWED,DERIVED_RECONCILIATION
INE007A01025_2017,Crisil Limited,2017,FIT,two_column,CANDIDATE,t0.1_audit_detector,1,126,1,audit_detector_two_column,1.0.0,NOT_REVIEWED,,raw_prop=two_column_page_count,NOT_REVIEWED,DERIVED_RECONCILIATION
INE007A01025_2017,Crisil Limited,2017,FIT,multi_column,CANDIDATE,t0.1_audit_detector,1,125,1,audit_detector_multi_column,1.0.0,NOT_REVIEWED,,raw_prop=multi_column_page_count,NOT_REVIEWED,DERIVED_RECONCILIATION
INE007A01025_2017,Crisil Limited,2017,FIT,table_candidate,CANDIDATE,t0.1_audit_detector,1,221,1,audit_detector_table_candidate,1.0.0,NOT_REVIEWED,,raw_prop=table_candidate_page_count,NOT_REVIEWED,DERIVED_RECONCILIATION
INE007A01025_2017,Crisil Limited,2017,FIT,header_candidate,NOT_OBSERVED,t0.1_audit_detector,0,0,0,audit_detector_header_candidate,1.0.0,NOT_REVIEWED,,raw_prop=header_candidate_page_count,NOT_REVIEWED,DERIVED_RECONCILIATION
INE007A01025_2017,Crisil Limited,2017,FIT,footer_candidate,NOT_OBSERVED,t0.1_audit_detector,0,0,0,audit_detector_footer_candidate,1.0.0,NOT_REVIEWED,,raw_prop=footer_candidate_page_count,NOT_REVIEWED,DERIVED_RECONCILIATION
INE007A01025_2017,Crisil Limited,2017,FIT,toc_candidate,CANDIDATE,t0.1_audit_detector,1,True,1,audit_detector_toc_candidate,1.0.0,NOT_REVIEWED,,raw_prop=toc_candidate,NOT_REVIEWED,DERIVED_RECONCILIATION
INE007A01025_2017,Crisil Limited,2017,FIT,deep_hierarchy_candidate,NOT_OBSERVED,t0.1_audit_detector,0,False,0,audit_detector_deep_hierarchy_candidate,1.0.0,NOT_REVIEWED,,raw_prop=deep_hierarchy_candidate,NOT_REVIEWED,DERIVED_RECONCILIATION
INE007A01025_2017,Crisil Limited,2017,FIT,annexure_candidate,CANDIDATE,t0.1_audit_detector,1,True,1,audit_detector_annexure_candidate,1.0.0,NOT_REVIEWED,,raw_prop=annexure_candidate,NOT_REVIEWED,DERIVED_RECONCILIATION
INE007A01025_2017,Crisil Limited,2017,FIT,combined_mdna_candidate,NOT_OBSERVED,t0.1_audit_detector,0,False,0,audit_detector_combined_mdna_candidate,1.0.0,NOT_REVIEWED,,raw_prop=combined_mdna_candidate,NOT_REVIEWED,DERIVED_RECONCILIATION
INE007A01025_2018,Crisil Limited,2018,FIT,native,CANDIDATE,t0.1_audit_detector,1,237,1,audit_detector_native,1.0.0,NOT_REVIEWED,,raw_prop=native_page_count,NOT_REVIEWED,DERIVED_RECONCILIATION
INE007A01025_2018,Crisil Limited,2018,FIT,scanned,NOT_OBSERVED,t0.1_audit_detector,0,0,0,audit_detector_scanned,1.0.0,NOT_REVIEWED,,raw_prop=scanned_page_count,NOT_REVIEWED,DERIVED_RECONCILIATION
INE007A01025_2018,Crisil Limited,2018,FIT,ocr_layer_candidate,NOT_OBSERVED,t0.1_audit_detector,0,0,0,audit_detector_ocr_layer_candidate,1.0.0,NOT_REVIEWED,,raw_prop=ocr_page_count,NOT_REVIEWED,DERIVED_RECONCILIATION
INE007A01025_2018,Crisil Limited,2018,FIT,legacy_font_candidate,NOT_OBSERVED,t0.1_audit_detector,0,0,0,audit_detector_legacy_font_candidate,1.0.0,NOT_REVIEWED,,raw_prop=legacy_candidate_page_count,NOT_REVIEWED,DERIVED_RECONCILIATION
INE007A01025_2018,Crisil Limited,2018,FIT,hidden_text_candidate,NOT_OBSERVED,t0.1_audit_detector,0,0,0,audit_detector_hidden_text_candidate,1.0.0,NOT_REVIEWED,,raw_prop=hidden_text_candidate_page_count,NOT_REVIEWED,DERIVED_RECONCILIATION
INE007A01025_2018,Crisil Limited,2018,FIT,duplicate_text_candidate,NOT_OBSERVED,t0.1_audit_detector,0,0,0,audit_detector_duplicate_text_candidate,1.0.0,NOT_REVIEWED,,raw_prop=duplicate_text_candidate_page_count,NOT_REVIEWED,DERIVED_RECONCILIATION
INE007A01025_2018,Crisil Limited,2018,FIT,devanagari_candidate,NOT_OBSERVED,t0.1_audit_detector,0,0,0,audit_detector_devanagari_candidate,1.0.0,NOT_REVIEWED,,raw_prop=devanagari_page_count,NOT_REVIEWED,DERIVED_RECONCILIATION
INE007A01025_2018,Crisil Limited,2018,FIT,bilingual_candidate,NOT_OBSERVED,t0.1_audit_detector,0,0,0,audit_detector_bilingual_candidate,1.0.0,NOT_REVIEWED,,raw_prop=bilingual_candidate_page_count,NOT_REVIEWED,DERIVED_RECONCILIATION
INE007A01025_2018,Crisil Limited,2018,FIT,two_column,CANDIDATE,t0.1_audit_detector,1,109,1,audit_detector_two_column,1.0.0,NOT_REVIEWED,,raw_prop=two_column_page_count,NOT_REVIEWED,DERIVED_RECONCILIATION
INE007A01025_2018,Crisil Limited,2018,FIT,multi_column,CANDIDATE,t0.1_audit_detector,1,115,1,audit_detector_multi_column,1.0.0,NOT_REVIEWED,,raw_prop=multi_column_page_count,NOT_REVIEWED,DERIVED_RECONCILIATION
INE007A01025_2018,Crisil Limited,2018,FIT,table_candidate,CANDIDATE,t0.1_audit_detector,1,197,1,audit_detector_table_candidate,1.0.0,NOT_REVIEWED,,raw_prop=table_candidate_page_count,NOT_REVIEWED,DERIVED_RECONCILIATION
INE007A01025_2018,Crisil Limited,2018,FIT,header_candidate,NOT_OBSERVED,t0.1_audit_detector,0,0,0,audit_detector_header_candidate,1.0.0,NOT_REVIEWED,,raw_prop=header_candidate_page_count,NOT_REVIEWED,DERIVED_RECONCILIATION
INE007A01025_2018,Crisil Limited,2018,FIT,footer_candidate,CANDIDATE,t0.1_audit_detector,1,2,1,audit_detector_footer_candidate,1.0.0,NOT_REVIEWED,,raw_prop=footer_candidate_page_count,NOT_REVIEWED,DERIVED_RECONCILIATION
INE007A01025_2018,Crisil Limited,2018,FIT,toc_candidate,CANDIDATE,t0.1_audit_detector,1,True,1,audit_detector_toc_candidate,1.0.0,NOT_REVIEWED,,raw_prop=toc_candidate,NOT_REVIEWED,DERIVED_RECONCILIATION
INE007A01025_2018,Crisil Limited,2018,FIT,deep_hierarchy_candidate,NOT_OBSERVED,t0.1_audit_detector,0,False,0,audit_detector_deep_hierarchy_candidate,1.0.0,NOT_REVIEWED,,raw_prop=deep_hierarchy_candidate,NOT_REVIEWED,DERIVED_RECONCILIATION
INE007A01025_2018,Crisil Limited,2018,FIT,annexure_candidate,CANDIDATE,t0.1_audit_detector,1,True,1,audit_detector_annexure_candidate,1.0.0,NOT_REVIEWED,,raw_prop=annexure_candidate,NOT_REVIEWED,DERIVED_RECONCILIATION
INE007A01025_2018,Crisil Limited,2018,FIT,combined_mdna_candidate,NOT_OBSERVED,t0.1_audit_detector,0,False,0,audit_detector_combined_mdna_candidate,1.0.0,NOT_REVIEWED,,raw_prop=combined_mdna_candidate,NOT_REVIEWED,DERIVED_RECONCILIATION
INE007A01025_2024,Crisil Limited,2024,FIT,native,CANDIDATE,t0.1_audit_detector,1,431,1,audit_detector_native,1.0.0,NOT_REVIEWED,,raw_prop=native_page_count,NOT_REVIEWED,DERIVED_RECONCILIATION
INE007A01025_2024,Crisil Limited,2024,FIT,scanned,NOT_OBSERVED,t0.1_audit_detector,0,0,0,audit_detector_scanned,1.0.0,NOT_REVIEWED,,raw_prop=scanned_page_count,NOT_REVIEWED,DERIVED_RECONCILIATION
INE007A01025_2024,Crisil Limited,2024,FIT,ocr_layer_candidate,CANDIDATE,t0.1_audit_detector,1,2,1,audit_detector_ocr_layer_candidate,1.0.0,NOT_REVIEWED,,raw_prop=ocr_page_count,NOT_REVIEWED,DERIVED_RECONCILIATION
INE007A01025_2024,Crisil Limited,2024,FIT,legacy_font_candidate,CANDIDATE,t0.1_audit_detector,1,3,1,audit_detector_legacy_font_candidate,1.0.0,NOT_REVIEWED,,raw_prop=legacy_candidate_page_count,NOT_REVIEWED,DERIVED_RECONCILIATION
INE007A01025_2024,Crisil Limited,2024,FIT,hidden_text_candidate,NOT_OBSERVED,t0.1_audit_detector,0,0,0,audit_detector_hidden_text_candidate,1.0.0,NOT_REVIEWED,,raw_prop=hidden_text_candidate_page_count,NOT_REVIEWED,DERIVED_RECONCILIATION
INE007A01025_2024,Crisil Limited,2024,FIT,duplicate_text_candidate,NOT_OBSERVED,t0.1_audit_detector,0,0,0,audit_detector_duplicate_text_candidate,1.0.0,NOT_REVIEWED,,raw_prop=duplicate_text_candidate_page_count,NOT_REVIEWED,DERIVED_RECONCILIATION
INE007A01025_2024,Crisil Limited,2024,FIT,devanagari_candidate,NOT_OBSERVED,t0.1_audit_detector,0,0,0,audit_detector_devanagari_candidate,1.0.0,NOT_REVIEWED,,raw_prop=devanagari_page_count,NOT_REVIEWED,DERIVED_RECONCILIATION
INE007A01025_2024,Crisil Limited,2024,FIT,bilingual_candidate,NOT_OBSERVED,t0.1_audit_detector,0,0,0,audit_detector_bilingual_candidate,1.0.0,NOT_REVIEWED,,raw_prop=bilingual_candidate_page_count,NOT_REVIEWED,DERIVED_RECONCILIATION
INE007A01025_2024,Crisil Limited,2024,FIT,two_column,CANDIDATE,t0.1_audit_detector,1,175,1,audit_detector_two_column,1.0.0,NOT_REVIEWED,,raw_prop=two_column_page_count,NOT_REVIEWED,DERIVED_RECONCILIATION
INE007A01025_2024,Crisil Limited,2024,FIT,multi_column,CANDIDATE,t0.1_audit_detector,1,232,1,audit_detector_multi_column,1.0.0,NOT_REVIEWED,,raw_prop=multi_column_page_count,NOT_REVIEWED,DERIVED_RECONCILIATION
INE007A01025_2024,Crisil Limited,2024,FIT,table_candidate,CANDIDATE,t0.1_audit_detector,1,430,1,audit_detector_table_candidate,1.0.0,NOT_REVIEWED,,raw_prop=table_candidate_page_count,NOT_REVIEWED,DERIVED_RECONCILIATION
INE007A01025_2024,Crisil Limited,2024,FIT,header_candidate,CANDIDATE,t0.1_audit_detector,1,41,1,audit_detector_header_candidate,1.0.0,NOT_REVIEWED,,raw_prop=header_candidate_page_count,NOT_REVIEWED,DERIVED_RECONCILIATION
INE007A01025_2024,Crisil Limited,2024,FIT,footer_candidate,CANDIDATE,t0.1_audit_detector,1,297,1,audit_detector_footer_candidate,1.0.0,NOT_REVIEWED,,raw_prop=footer_candidate_page_count,NOT_REVIEWED,DERIVED_RECONCILIATION
INE007A01025_2024,Crisil Limited,2024,FIT,toc_candidate,CANDIDATE,t0.1_audit_detector,1,True,1,audit_detector_toc_candidate,1.0.0,NOT_REVIEWED,,raw_prop=toc_candidate,NOT_REVIEWED,DERIVED_RECONCILIATION
INE007A01025_2024,Crisil Limited,2024,FIT,deep_hierarchy_candidate,NOT_OBSERVED,t0.1_audit_detector,0,False,0,audit_detector_deep_hierarchy_candidate,1.0.0,NOT_REVIEWED,,raw_prop=deep_hierarchy_candidate,NOT_REVIEWED,DERIVED_RECONCILIATION
INE007A01025_2024,Crisil Limited,2024,FIT,annexure_candidate,CANDIDATE,t0.1_audit_detector,1,True,1,audit_detector_annexure_candidate,1.0.0,NOT_REVIEWED,,raw_prop=annexure_candidate,NOT_REVIEWED,DERIVED_RECONCILIATION
INE007A01025_2024,Crisil Limited,2024,FIT,combined_mdna_candidate,CANDIDATE,t0.1_audit_detector,1,True,1,audit_detector_combined_mdna_candidate,1.0.0,NOT_REVIEWED,,raw_prop=combined_mdna_candidate,NOT_REVIEWED,DERIVED_RECONCILIATION
INE007A01025_2025,Crisil Limited,2025,FIT,native,CANDIDATE,t0.1_audit_detector,1,373,1,audit_detector_native,1.0.0,NOT_REVIEWED,,raw_prop=native_page_count,NOT_REVIEWED,DERIVED_RECONCILIATION
INE007A01025_2025,Crisil Limited,2025,FIT,scanned,NOT_OBSERVED,t0.1_audit_detector,0,0,0,audit_detector_scanned,1.0.0,NOT_REVIEWED,,raw_prop=scanned_page_count,NOT_REVIEWED,DERIVED_RECONCILIATION
INE007A01025_2025,Crisil Limited,2025,FIT,ocr_layer_candidate,CANDIDATE,t0.1_audit_detector,1,1,1,audit_detector_ocr_layer_candidate,1.0.0,NOT_REVIEWED,,raw_prop=ocr_page_count,NOT_REVIEWED,DERIVED_RECONCILIATION
INE007A01025_2025,Crisil Limited,2025,FIT,legacy_font_candidate,CANDIDATE,t0.1_audit_detector,1,6,1,audit_detector_legacy_font_candidate,1.0.0,NOT_REVIEWED,,raw_prop=legacy_candidate_page_count,NOT_REVIEWED,DERIVED_RECONCILIATION
INE007A01025_2025,Crisil Limited,2025,FIT,hidden_text_candidate,NOT_OBSERVED,t0.1_audit_detector,0,0,0,audit_detector_hidden_text_candidate,1.0.0,NOT_REVIEWED,,raw_prop=hidden_text_candidate_page_count,NOT_REVIEWED,DERIVED_RECONCILIATION
INE007A01025_2025,Crisil Limited,2025,FIT,duplicate_text_candidate,NOT_OBSERVED,t0.1_audit_detector,0,0,0,audit_detector_duplicate_text_candidate,1.0.0,NOT_REVIEWED,,raw_prop=duplicate_text_candidate_page_count,NOT_REVIEWED,DERIVED_RECONCILIATION
INE007A01025_2025,Crisil Limited,2025,FIT,devanagari_candidate,NOT_OBSERVED,t0.1_audit_detector,0,0,0,audit_detector_devanagari_candidate,1.0.0,NOT_REVIEWED,,raw_prop=devanagari_page_count,NOT_REVIEWED,DERIVED_RECONCILIATION
INE007A01025_2025,Crisil Limited,2025,FIT,bilingual_candidate,NOT_OBSERVED,t0.1_audit_detector,0,0,0,audit_detector_bilingual_candidate,1.0.0,NOT_REVIEWED,,raw_prop=bilingual_candidate_page_count,NOT_REVIEWED,DERIVED_RECONCILIATION
INE007A01025_2025,Crisil Limited,2025,FIT,two_column,CANDIDATE,t0.1_audit_detector,1,159,1,audit_detector_two_column,1.0.0,NOT_REVIEWED,,raw_prop=two_column_page_count,NOT_REVIEWED,DERIVED_RECONCILIATION
INE007A01025_2025,Crisil Limited,2025,FIT,multi_column,CANDIDATE,t0.1_audit_detector,1,192,1,audit_detector_multi_column,1.0.0,NOT_REVIEWED,,raw_prop=multi_column_page_count,NOT_REVIEWED,DERIVED_RECONCILIATION
INE007A01025_2025,Crisil Limited,2025,FIT,table_candidate,CANDIDATE,t0.1_audit_detector,1,371,1,audit_detector_table_candidate,1.0.0,NOT_REVIEWED,,raw_prop=table_candidate_page_count,NOT_REVIEWED,DERIVED_RECONCILIATION
INE007A01025_2025,Crisil Limited,2025,FIT,header_candidate,NOT_OBSERVED,t0.1_audit_detector,0,0,0,audit_detector_header_candidate,1.0.0,NOT_REVIEWED,,raw_prop=header_candidate_page_count,NOT_REVIEWED,DERIVED_RECONCILIATION
INE007A01025_2025,Crisil Limited,2025,FIT,footer_candidate,CANDIDATE,t0.1_audit_detector,1,8,1,audit_detector_footer_candidate,1.0.0,NOT_REVIEWED,,raw_prop=footer_candidate_page_count,NOT_REVIEWED,DERIVED_RECONCILIATION
INE007A01025_2025,Crisil Limited,2025,FIT,toc_candidate,CANDIDATE,t0.1_audit_detector,1,True,1,audit_detector_toc_candidate,1.0.0,NOT_REVIEWED,,raw_prop=toc_candidate,NOT_REVIEWED,DERIVED_RECONCILIATION
INE007A01025_2025,Crisil Limited,2025,FIT,deep_hierarchy_candidate,NOT_OBSERVED,t0.1_audit_detector,0,False,0,audit_detector_deep_hierarchy_candidate,1.0.0,NOT_REVIEWED,,raw_prop=deep_hierarchy_candidate,NOT_REVIEWED,DERIVED_RECONCILIATION
INE007A01025_2025,Crisil Limited,2025,FIT,annexure_candidate,CANDIDATE,t0.1_audit_detector,1,True,1,audit_detector_annexure_candidate,1.0.0,NOT_REVIEWED,,raw_prop=annexure_candidate,NOT_REVIEWED,DERIVED_RECONCILIATION
INE007A01025_2025,Crisil Limited,2025,FIT,combined_mdna_candidate,CANDIDATE,t0.1_audit_detector,1,True,1,audit_detector_combined_mdna_candidate,1.0.0,NOT_REVIEWED,,raw_prop=combined_mdna_candidate,NOT_REVIEWED,DERIVED_RECONCILIATION
INE008A01015_2012,IDBI Bank Limited,2012,FIT,native,CANDIDATE,t0.1_audit_detector,1,229,1,audit_detector_native,1.0.0,NOT_REVIEWED,,raw_prop=native_page_count,NOT_REVIEWED,DERIVED_RECONCILIATION
INE008A01015_2012,IDBI Bank Limited,2012,FIT,scanned,NOT_OBSERVED,t0.1_audit_detector,0,0,0,audit_detector_scanned,1.0.0,NOT_REVIEWED,,raw_prop=scanned_page_count,NOT_REVIEWED,DERIVED_RECONCILIATION
INE008A01015_2012,IDBI Bank Limited,2012,FIT,ocr_layer_candidate,NOT_OBSERVED,t0.1_audit_detector,0,0,0,audit_detector_ocr_layer_candidate,1.0.0,NOT_REVIEWED,,raw_prop=ocr_page_count,NOT_REVIEWED,DERIVED_RECONCILIATION
INE008A01015_2012,IDBI Bank Limited,2012,FIT,legacy_font_candidate,CANDIDATE,t0.1_audit_detector,1,188,1,audit_detector_legacy_font_candidate,1.0.0,NOT_REVIEWED,,raw_prop=legacy_candidate_page_count,NOT_REVIEWED,DERIVED_RECONCILIATION
INE008A01015_2012,IDBI Bank Limited,2012,FIT,hidden_text_candidate,NOT_OBSERVED,t0.1_audit_detector,0,0,0,audit_detector_hidden_text_candidate,1.0.0,NOT_REVIEWED,,raw_prop=hidden_text_candidate_page_count,NOT_REVIEWED,DERIVED_RECONCILIATION
INE008A01015_2012,IDBI Bank Limited,2012,FIT,duplicate_text_candidate,NOT_OBSERVED,t0.1_audit_detector,0,0,0,audit_detector_duplicate_text_candidate,1.0.0,NOT_REVIEWED,,raw_prop=duplicate_text_candidate_page_count,NOT_REVIEWED,DERIVED_RECONCILIATION
INE008A01015_2012,IDBI Bank Limited,2012,FIT,devanagari_candidate,NOT_OBSERVED,t0.1_audit_detector,0,0,0,audit_detector_devanagari_candidate,1.0.0,NOT_REVIEWED,,raw_prop=devanagari_page_count,NOT_REVIEWED,DERIVED_RECONCILIATION
INE008A01015_2012,IDBI Bank Limited,2012,FIT,bilingual_candidate,NOT_OBSERVED,t0.1_audit_detector,0,0,0,audit_detector_bilingual_candidate,1.0.0,NOT_REVIEWED,,raw_prop=bilingual_candidate_page_count,NOT_REVIEWED,DERIVED_RECONCILIATION
INE008A01015_2012,IDBI Bank Limited,2012,FIT,two_column,CANDIDATE,t0.1_audit_detector,1,60,1,audit_detector_two_column,1.0.0,NOT_REVIEWED,,raw_prop=two_column_page_count,NOT_REVIEWED,DERIVED_RECONCILIATION
INE008A01015_2012,IDBI Bank Limited,2012,FIT,multi_column,CANDIDATE,t0.1_audit_detector,1,133,1,audit_detector_multi_column,1.0.0,NOT_REVIEWED,,raw_prop=multi_column_page_count,NOT_REVIEWED,DERIVED_RECONCILIATION
INE008A01015_2012,IDBI Bank Limited,2012,FIT,table_candidate,CANDIDATE,t0.1_audit_detector,1,127,1,audit_detector_table_candidate,1.0.0,NOT_REVIEWED,,raw_prop=table_candidate_page_count,NOT_REVIEWED,DERIVED_RECONCILIATION
INE008A01015_2012,IDBI Bank Limited,2012,FIT,header_candidate,CANDIDATE,t0.1_audit_detector,1,95,1,audit_detector_header_candidate,1.0.0,NOT_REVIEWED,,raw_prop=header_candidate_page_count,NOT_REVIEWED,DERIVED_RECONCILIATION
INE008A01015_2012,IDBI Bank Limited,2012,FIT,footer_candidate,NOT_OBSERVED,t0.1_audit_detector,0,0,0,audit_detector_footer_candidate,1.0.0,NOT_REVIEWED,,raw_prop=footer_candidate_page_count,NOT_REVIEWED,DERIVED_RECONCILIATION
INE008A01015_2012,IDBI Bank Limited,2012,FIT,toc_candidate,CANDIDATE,t0.1_audit_detector,1,True,1,audit_detector_toc_candidate,1.0.0,NOT_REVIEWED,,raw_prop=toc_candidate,NOT_REVIEWED,DERIVED_RECONCILIATION
INE008A01015_2012,IDBI Bank Limited,2012,FIT,deep_hierarchy_candidate,NOT_OBSERVED,t0.1_audit_detector,0,False,0,audit_detector_deep_hierarchy_candidate,1.0.0,NOT_REVIEWED,,raw_prop=deep_hierarchy_candidate,NOT_REVIEWED,DERIVED_RECONCILIATION
INE008A01015_2012,IDBI Bank Limited,2012,FIT,annexure_candidate,CANDIDATE,t0.1_audit_detector,1,True,1,audit_detector_annexure_candidate,1.0.0,NOT_REVIEWED,,raw_prop=annexure_candidate,NOT_REVIEWED,DERIVED_RECONCILIATION
INE008A01015_2012,IDBI Bank Limited,2012,FIT,combined_mdna_candidate,NOT_OBSERVED,t0.1_audit_detector,0,False,0,audit_detector_combined_mdna_candidate,1.0.0,NOT_REVIEWED,,raw_prop=combined_mdna_candidate,NOT_REVIEWED,DERIVED_RECONCILIATION
INE008A01015_2013,IDBI Bank Limited,2013,FIT,native,CANDIDATE,t0.1_audit_detector,1,202,1,audit_detector_native,1.0.0,NOT_REVIEWED,,raw_prop=native_page_count,NOT_REVIEWED,DERIVED_RECONCILIATION
INE008A01015_2013,IDBI Bank Limited,2013,FIT,scanned,NOT_OBSERVED,t0.1_audit_detector,0,0,0,audit_detector_scanned,1.0.0,NOT_REVIEWED,,raw_prop=scanned_page_count,NOT_REVIEWED,DERIVED_RECONCILIATION
INE008A01015_2013,IDBI Bank Limited,2013,FIT,ocr_layer_candidate,CANDIDATE,t0.1_audit_detector,1,2,1,audit_detector_ocr_layer_candidate,1.0.0,NOT_REVIEWED,,raw_prop=ocr_page_count,NOT_REVIEWED,DERIVED_RECONCILIATION
INE008A01015_2013,IDBI Bank Limited,2013,FIT,legacy_font_candidate,NOT_OBSERVED,t0.1_audit_detector,0,0,0,audit_detector_legacy_font_candidate,1.0.0,NOT_REVIEWED,,raw_prop=legacy_candidate_page_count,NOT_REVIEWED,DERIVED_RECONCILIATION
INE008A01015_2013,IDBI Bank Limited,2013,FIT,hidden_text_candidate,NOT_OBSERVED,t0.1_audit_detector,0,0,0,audit_detector_hidden_text_candidate,1.0.0,NOT_REVIEWED,,raw_prop=hidden_text_candidate_page_count,NOT_REVIEWED,DERIVED_RECONCILIATION
INE008A01015_2013,IDBI Bank Limited,2013,FIT,duplicate_text_candidate,CANDIDATE,t0.1_audit_detector,1,1,1,audit_detector_duplicate_text_candidate,1.0.0,NOT_REVIEWED,,raw_prop=duplicate_text_candidate_page_count,NOT_REVIEWED,DERIVED_RECONCILIATION
INE008A01015_2013,IDBI Bank Limited,2013,FIT,devanagari_candidate,NOT_OBSERVED,t0.1_audit_detector,0,0,0,audit_detector_devanagari_candidate,1.0.0,NOT_REVIEWED,,raw_prop=devanagari_page_count,NOT_REVIEWED,DERIVED_RECONCILIATION
INE008A01015_2013,IDBI Bank Limited,2013,FIT,bilingual_candidate,NOT_OBSERVED,t0.1_audit_detector,0,0,0,audit_detector_bilingual_candidate,1.0.0,NOT_REVIEWED,,raw_prop=bilingual_candidate_page_count,NOT_REVIEWED,DERIVED_RECONCILIATION
INE008A01015_2013,IDBI Bank Limited,2013,FIT,two_column,CANDIDATE,t0.1_audit_detector,1,89,1,audit_detector_two_column,1.0.0,NOT_REVIEWED,,raw_prop=two_column_page_count,NOT_REVIEWED,DERIVED_RECONCILIATION
INE008A01015_2013,IDBI Bank Limited,2013,FIT,multi_column,CANDIDATE,t0.1_audit_detector,1,102,1,audit_detector_multi_column,1.0.0,NOT_REVIEWED,,raw_prop=multi_column_page_count,NOT_REVIEWED,DERIVED_RECONCILIATION
INE008A01015_2013,IDBI Bank Limited,2013,FIT,table_candidate,CANDIDATE,t0.1_audit_detector,1,171,1,audit_detector_table_candidate,1.0.0,NOT_REVIEWED,,raw_prop=table_candidate_page_count,NOT_REVIEWED,DERIVED_RECONCILIATION
INE008A01015_2013,IDBI Bank Limited,2013,FIT,header_candidate,NOT_OBSERVED,t0.1_audit_detector,0,0,0,audit_detector_header_candidate,1.0.0,NOT_REVIEWED,,raw_prop=header_candidate_page_count,NOT_REVIEWED,DERIVED_RECONCILIATION
INE008A01015_2013,IDBI Bank Limited,2013,FIT,footer_candidate,NOT_OBSERVED,t0.1_audit_detector,0,0,0,audit_detector_footer_candidate,1.0.0,NOT_REVIEWED,,raw_prop=footer_candidate_page_count,NOT_REVIEWED,DERIVED_RECONCILIATION
INE008A01015_2013,IDBI Bank Limited,2013,FIT,toc_candidate,CANDIDATE,t0.1_audit_detector,1,True,1,audit_detector_toc_candidate,1.0.0,NOT_REVIEWED,,raw_prop=toc_candidate,NOT_REVIEWED,DERIVED_RECONCILIATION
INE008A01015_2013,IDBI Bank Limited,2013,FIT,deep_hierarchy_candidate,NOT_OBSERVED,t0.1_audit_detector,0,False,0,audit_detector_deep_hierarchy_candidate,1.0.0,NOT_REVIEWED,,raw_prop=deep_hierarchy_candidate,NOT_REVIEWED,DERIVED_RECONCILIATION
INE008A01015_2013,IDBI Bank Limited,2013,FIT,annexure_candidate,CANDIDATE,t0.1_audit_detector,1,True,1,audit_detector_annexure_candidate,1.0.0,NOT_REVIEWED,,raw_prop=annexure_candidate,NOT_REVIEWED,DERIVED_RECONCILIATION
INE008A01015_2013,IDBI Bank Limited,2013,FIT,combined_mdna_candidate,NOT_OBSERVED,t0.1_audit_detector,0,False,0,audit_detector_combined_mdna_candidate,1.0.0,NOT_REVIEWED,,raw_prop=combined_mdna_candidate,NOT_REVIEWED,DERIVED_RECONCILIATION
INE008A01015_2017,IDBI Bank Limited,2017,FIT,native,CANDIDATE,t0.1_audit_detector,1,382,1,audit_detector_native,1.0.0,NOT_REVIEWED,,raw_prop=native_page_count,NOT_REVIEWED,DERIVED_RECONCILIATION
INE008A01015_2017,IDBI Bank Limited,2017,FIT,scanned,CANDIDATE,t0.1_audit_detector,1,4,1,audit_detector_scanned,1.0.0,NOT_REVIEWED,,raw_prop=scanned_page_count,NOT_REVIEWED,DERIVED_RECONCILIATION
INE008A01015_2017,IDBI Bank Limited,2017,FIT,ocr_layer_candidate,CANDIDATE,t0.1_audit_detector,1,1,1,audit_detector_ocr_layer_candidate,1.0.0,NOT_REVIEWED,,raw_prop=ocr_page_count,NOT_REVIEWED,DERIVED_RECONCILIATION
INE008A01015_2017,IDBI Bank Limited,2017,FIT,legacy_font_candidate,NOT_OBSERVED,t0.1_audit_detector,0,0,0,audit_detector_legacy_font_candidate,1.0.0,NOT_REVIEWED,,raw_prop=legacy_candidate_page_count,NOT_REVIEWED,DERIVED_RECONCILIATION
INE008A01015_2017,IDBI Bank Limited,2017,FIT,hidden_text_candidate,NOT_OBSERVED,t0.1_audit_detector,0,0,0,audit_detector_hidden_text_candidate,1.0.0,NOT_REVIEWED,,raw_prop=hidden_text_candidate_page_count,NOT_REVIEWED,DERIVED_RECONCILIATION
INE008A01015_2017,IDBI Bank Limited,2017,FIT,duplicate_text_candidate,CANDIDATE,t0.1_audit_detector,1,4,1,audit_detector_duplicate_text_candidate,1.0.0,NOT_REVIEWED,,raw_prop=duplicate_text_candidate_page_count,NOT_REVIEWED,DERIVED_RECONCILIATION
INE008A01015_2017,IDBI Bank Limited,2017,FIT,devanagari_candidate,NOT_OBSERVED,t0.1_audit_detector,0,0,0,audit_detector_devanagari_candidate,1.0.0,NOT_REVIEWED,,raw_prop=devanagari_page_count,NOT_REVIEWED,DERIVED_RECONCILIATION
INE008A01015_2017,IDBI Bank Limited,2017,FIT,bilingual_candidate,NOT_OBSERVED,t0.1_audit_detector,0,0,0,audit_detector_bilingual_candidate,1.0.0,NOT_REVIEWED,,raw_prop=bilingual_candidate_page_count,NOT_REVIEWED,DERIVED_RECONCILIATION
INE008A01015_2017,IDBI Bank Limited,2017,FIT,two_column,CANDIDATE,t0.1_audit_detector,1,138,1,audit_detector_two_column,1.0.0,NOT_REVIEWED,,raw_prop=two_column_page_count,NOT_REVIEWED,DERIVED_RECONCILIATION
INE008A01015_2017,IDBI Bank Limited,2017,FIT,multi_column,CANDIDATE,t0.1_audit_detector,1,190,1,audit_detector_multi_column,1.0.0,NOT_REVIEWED,,raw_prop=multi_column_page_count,NOT_REVIEWED,DERIVED_RECONCILIATION
INE008A01015_2017,IDBI Bank Limited,2017,FIT,table_candidate,CANDIDATE,t0.1_audit_detector,1,383,1,audit_detector_table_candidate,1.0.0,NOT_REVIEWED,,raw_prop=table_candidate_page_count,NOT_REVIEWED,DERIVED_RECONCILIATION
INE008A01015_2017,IDBI Bank Limited,2017,FIT,header_candidate,NOT_OBSERVED,t0.1_audit_detector,0,0,0,audit_detector_header_candidate,1.0.0,NOT_REVIEWED,,raw_prop=header_candidate_page_count,NOT_REVIEWED,DERIVED_RECONCILIATION
INE008A01015_2017,IDBI Bank Limited,2017,FIT,footer_candidate,CANDIDATE,t0.1_audit_detector,1,381,1,audit_detector_footer_candidate,1.0.0,NOT_REVIEWED,,raw_prop=footer_candidate_page_count,NOT_REVIEWED,DERIVED_RECONCILIATION
INE008A01015_2017,IDBI Bank Limited,2017,FIT,toc_candidate,CANDIDATE,t0.1_audit_detector,1,True,1,audit_detector_toc_candidate,1.0.0,NOT_REVIEWED,,raw_prop=toc_candidate,NOT_REVIEWED,DERIVED_RECONCILIATION
INE008A01015_2017,IDBI Bank Limited,2017,FIT,deep_hierarchy_candidate,CANDIDATE,t0.1_audit_detector,1,True,1,audit_detector_deep_hierarchy_candidate,1.0.0,NOT_REVIEWED,,raw_prop=deep_hierarchy_candidate,NOT_REVIEWED,DERIVED_RECONCILIATION
INE008A01015_2017,IDBI Bank Limited,2017,FIT,annexure_candidate,CANDIDATE,t0.1_audit_detector,1,True,1,audit_detector_annexure_candidate,1.0.0,NOT_REVIEWED,,raw_prop=annexure_candidate,NOT_REVIEWED,DERIVED_RECONCILIATION
INE008A01015_2017,IDBI Bank Limited,2017,FIT,combined_mdna_candidate,NOT_OBSERVED,t0.1_audit_detector,0,False,0,audit_detector_combined_mdna_candidate,1.0.0,NOT_REVIEWED,,raw_prop=combined_mdna_candidate,NOT_REVIEWED,DERIVED_RECONCILIATION
INE008A01015_2018,IDBI Bank Limited,2018,FIT,native,CANDIDATE,t0.1_audit_detector,1,342,1,audit_detector_native,1.0.0,NOT_REVIEWED,,raw_prop=native_page_count,NOT_REVIEWED,DERIVED_RECONCILIATION
INE008A01015_2018,IDBI Bank Limited,2018,FIT,scanned,CANDIDATE,t0.1_audit_detector,1,2,1,audit_detector_scanned,1.0.0,NOT_REVIEWED,,raw_prop=scanned_page_count,NOT_REVIEWED,DERIVED_RECONCILIATION
INE008A01015_2018,IDBI Bank Limited,2018,FIT,ocr_layer_candidate,CANDIDATE,t0.1_audit_detector,1,1,1,audit_detector_ocr_layer_candidate,1.0.0,NOT_REVIEWED,,raw_prop=ocr_page_count,NOT_REVIEWED,DERIVED_RECONCILIATION
INE008A01015_2018,IDBI Bank Limited,2018,FIT,legacy_font_candidate,NOT_OBSERVED,t0.1_audit_detector,0,0,0,audit_detector_legacy_font_candidate,1.0.0,NOT_REVIEWED,,raw_prop=legacy_candidate_page_count,NOT_REVIEWED,DERIVED_RECONCILIATION
INE008A01015_2018,IDBI Bank Limited,2018,FIT,hidden_text_candidate,NOT_OBSERVED,t0.1_audit_detector,0,0,0,audit_detector_hidden_text_candidate,1.0.0,NOT_REVIEWED,,raw_prop=hidden_text_candidate_page_count,NOT_REVIEWED,DERIVED_RECONCILIATION
INE008A01015_2018,IDBI Bank Limited,2018,FIT,duplicate_text_candidate,CANDIDATE,t0.1_audit_detector,1,1,1,audit_detector_duplicate_text_candidate,1.0.0,NOT_REVIEWED,,raw_prop=duplicate_text_candidate_page_count,NOT_REVIEWED,DERIVED_RECONCILIATION
INE008A01015_2018,IDBI Bank Limited,2018,FIT,devanagari_candidate,NOT_OBSERVED,t0.1_audit_detector,0,0,0,audit_detector_devanagari_candidate,1.0.0,NOT_REVIEWED,,raw_prop=devanagari_page_count,NOT_REVIEWED,DERIVED_RECONCILIATION
INE008A01015_2018,IDBI Bank Limited,2018,FIT,bilingual_candidate,NOT_OBSERVED,t0.1_audit_detector,0,0,0,audit_detector_bilingual_candidate,1.0.0,NOT_REVIEWED,,raw_prop=bilingual_candidate_page_count,NOT_REVIEWED,DERIVED_RECONCILIATION
INE008A01015_2018,IDBI Bank Limited,2018,FIT,two_column,CANDIDATE,t0.1_audit_detector,1,117,1,audit_detector_two_column,1.0.0,NOT_REVIEWED,,raw_prop=two_column_page_count,NOT_REVIEWED,DERIVED_RECONCILIATION
INE008A01015_2018,IDBI Bank Limited,2018,FIT,multi_column,CANDIDATE,t0.1_audit_detector,1,194,1,audit_detector_multi_column,1.0.0,NOT_REVIEWED,,raw_prop=multi_column_page_count,NOT_REVIEWED,DERIVED_RECONCILIATION
INE008A01015_2018,IDBI Bank Limited,2018,FIT,table_candidate,CANDIDATE,t0.1_audit_detector,1,342,1,audit_detector_table_candidate,1.0.0,NOT_REVIEWED,,raw_prop=table_candidate_page_count,NOT_REVIEWED,DERIVED_RECONCILIATION
INE008A01015_2018,IDBI Bank Limited,2018,FIT,header_candidate,NOT_OBSERVED,t0.1_audit_detector,0,0,0,audit_detector_header_candidate,1.0.0,NOT_REVIEWED,,raw_prop=header_candidate_page_count,NOT_REVIEWED,DERIVED_RECONCILIATION
INE008A01015_2018,IDBI Bank Limited,2018,FIT,footer_candidate,CANDIDATE,t0.1_audit_detector,1,338,1,audit_detector_footer_candidate,1.0.0,NOT_REVIEWED,,raw_prop=footer_candidate_page_count,NOT_REVIEWED,DERIVED_RECONCILIATION
INE008A01015_2018,IDBI Bank Limited,2018,FIT,toc_candidate,CANDIDATE,t0.1_audit_detector,1,True,1,audit_detector_toc_candidate,1.0.0,NOT_REVIEWED,,raw_prop=toc_candidate,NOT_REVIEWED,DERIVED_RECONCILIATION
INE008A01015_2018,IDBI Bank Limited,2018,FIT,deep_hierarchy_candidate,CANDIDATE,t0.1_audit_detector,1,True,1,audit_detector_deep_hierarchy_candidate,1.0.0,NOT_REVIEWED,,raw_prop=deep_hierarchy_candidate,NOT_REVIEWED,DERIVED_RECONCILIATION
INE008A01015_2018,IDBI Bank Limited,2018,FIT,annexure_candidate,CANDIDATE,t0.1_audit_detector,1,True,1,audit_detector_annexure_candidate,1.0.0,NOT_REVIEWED,,raw_prop=annexure_candidate,NOT_REVIEWED,DERIVED_RECONCILIATION
INE008A01015_2018,IDBI Bank Limited,2018,FIT,combined_mdna_candidate,NOT_OBSERVED,t0.1_audit_detector,0,False,0,audit_detector_combined_mdna_candidate,1.0.0,NOT_REVIEWED,,raw_prop=combined_mdna_candidate,NOT_REVIEWED,DERIVED_RECONCILIATION
INE008A01015_2024,IDBI Bank Limited,2024,FIT,native,CANDIDATE,t0.1_audit_detector,1,619,1,audit_detector_native,1.0.0,NOT_REVIEWED,,raw_prop=native_page_count,NOT_REVIEWED,DERIVED_RECONCILIATION
INE008A01015_2024,IDBI Bank Limited,2024,FIT,scanned,CANDIDATE,t0.1_audit_detector,1,4,1,audit_detector_scanned,1.0.0,NOT_REVIEWED,,raw_prop=scanned_page_count,NOT_REVIEWED,DERIVED_RECONCILIATION
INE008A01015_2024,IDBI Bank Limited,2024,FIT,ocr_layer_candidate,NOT_OBSERVED,t0.1_audit_detector,0,0,0,audit_detector_ocr_layer_candidate,1.0.0,NOT_REVIEWED,,raw_prop=ocr_page_count,NOT_REVIEWED,DERIVED_RECONCILIATION
INE008A01015_2024,IDBI Bank Limited,2024,FIT,legacy_font_candidate,NOT_OBSERVED,t0.1_audit_detector,0,0,0,audit_detector_legacy_font_candidate,1.0.0,NOT_REVIEWED,,raw_prop=legacy_candidate_page_count,NOT_REVIEWED,DERIVED_RECONCILIATION
INE008A01015_2024,IDBI Bank Limited,2024,FIT,hidden_text_candidate,CANDIDATE,t0.1_audit_detector,1,1,1,audit_detector_hidden_text_candidate,1.0.0,NOT_REVIEWED,,raw_prop=hidden_text_candidate_page_count,NOT_REVIEWED,DERIVED_RECONCILIATION
INE008A01015_2024,IDBI Bank Limited,2024,FIT,duplicate_text_candidate,NOT_OBSERVED,t0.1_audit_detector,0,0,0,audit_detector_duplicate_text_candidate,1.0.0,NOT_REVIEWED,,raw_prop=duplicate_text_candidate_page_count,NOT_REVIEWED,DERIVED_RECONCILIATION
INE008A01015_2024,IDBI Bank Limited,2024,FIT,devanagari_candidate,NOT_OBSERVED,t0.1_audit_detector,0,0,0,audit_detector_devanagari_candidate,1.0.0,NOT_REVIEWED,,raw_prop=devanagari_page_count,NOT_REVIEWED,DERIVED_RECONCILIATION
INE008A01015_2024,IDBI Bank Limited,2024,FIT,bilingual_candidate,NOT_OBSERVED,t0.1_audit_detector,0,0,0,audit_detector_bilingual_candidate,1.0.0,NOT_REVIEWED,,raw_prop=bilingual_candidate_page_count,NOT_REVIEWED,DERIVED_RECONCILIATION
INE008A01015_2024,IDBI Bank Limited,2024,FIT,two_column,CANDIDATE,t0.1_audit_detector,1,199,1,audit_detector_two_column,1.0.0,NOT_REVIEWED,,raw_prop=two_column_page_count,NOT_REVIEWED,DERIVED_RECONCILIATION
INE008A01015_2024,IDBI Bank Limited,2024,FIT,multi_column,CANDIDATE,t0.1_audit_detector,1,389,1,audit_detector_multi_column,1.0.0,NOT_REVIEWED,,raw_prop=multi_column_page_count,NOT_REVIEWED,DERIVED_RECONCILIATION
INE008A01015_2024,IDBI Bank Limited,2024,FIT,table_candidate,CANDIDATE,t0.1_audit_detector,1,598,1,audit_detector_table_candidate,1.0.0,NOT_REVIEWED,,raw_prop=table_candidate_page_count,NOT_REVIEWED,DERIVED_RECONCILIATION
INE008A01015_2024,IDBI Bank Limited,2024,FIT,header_candidate,NOT_OBSERVED,t0.1_audit_detector,0,0,0,audit_detector_header_candidate,1.0.0,NOT_REVIEWED,,raw_prop=header_candidate_page_count,NOT_REVIEWED,DERIVED_RECONCILIATION
INE008A01015_2024,IDBI Bank Limited,2024,FIT,footer_candidate,NOT_OBSERVED,t0.1_audit_detector,0,0,0,audit_detector_footer_candidate,1.0.0,NOT_REVIEWED,,raw_prop=footer_candidate_page_count,NOT_REVIEWED,DERIVED_RECONCILIATION
INE008A01015_2024,IDBI Bank Limited,2024,FIT,toc_candidate,CANDIDATE,t0.1_audit_detector,1,True,1,audit_detector_toc_candidate,1.0.0,NOT_REVIEWED,,raw_prop=toc_candidate,NOT_REVIEWED,DERIVED_RECONCILIATION
INE008A01015_2024,IDBI Bank Limited,2024,FIT,deep_hierarchy_candidate,NOT_OBSERVED,t0.1_audit_detector,0,False,0,audit_detector_deep_hierarchy_candidate,1.0.0,NOT_REVIEWED,,raw_prop=deep_hierarchy_candidate,NOT_REVIEWED,DERIVED_RECONCILIATION
INE008A01015_2024,IDBI Bank Limited,2024,FIT,annexure_candidate,CANDIDATE,t0.1_audit_detector,1,True,1,audit_detector_annexure_candidate,1.0.0,NOT_REVIEWED,,raw_prop=annexure_candidate,NOT_REVIEWED,DERIVED_RECONCILIATION
INE008A01015_2024,IDBI Bank Limited,2024,FIT,combined_mdna_candidate,CANDIDATE,t0.1_audit_detector,1,True,1,audit_detector_combined_mdna_candidate,1.0.0,NOT_REVIEWED,,raw_prop=combined_mdna_candidate,NOT_REVIEWED,DERIVED_RECONCILIATION
INE008A01015_2025,IDBI Bank Limited,2025,FIT,native,CANDIDATE,t0.1_audit_detector,1,650,1,audit_detector_native,1.0.0,NOT_REVIEWED,,raw_prop=native_page_count,NOT_REVIEWED,DERIVED_RECONCILIATION
INE008A01015_2025,IDBI Bank Limited,2025,FIT,scanned,CANDIDATE,t0.1_audit_detector,1,3,1,audit_detector_scanned,1.0.0,NOT_REVIEWED,,raw_prop=scanned_page_count,NOT_REVIEWED,DERIVED_RECONCILIATION
INE008A01015_2025,IDBI Bank Limited,2025,FIT,ocr_layer_candidate,NOT_OBSERVED,t0.1_audit_detector,0,0,0,audit_detector_ocr_layer_candidate,1.0.0,NOT_REVIEWED,,raw_prop=ocr_page_count,NOT_REVIEWED,DERIVED_RECONCILIATION
INE008A01015_2025,IDBI Bank Limited,2025,FIT,legacy_font_candidate,CANDIDATE,t0.1_audit_detector,1,27,1,audit_detector_legacy_font_candidate,1.0.0,NOT_REVIEWED,,raw_prop=legacy_candidate_page_count,NOT_REVIEWED,DERIVED_RECONCILIATION
INE008A01015_2025,IDBI Bank Limited,2025,FIT,hidden_text_candidate,NOT_OBSERVED,t0.1_audit_detector,0,0,0,audit_detector_hidden_text_candidate,1.0.0,NOT_REVIEWED,,raw_prop=hidden_text_candidate_page_count,NOT_REVIEWED,DERIVED_RECONCILIATION
INE008A01015_2025,IDBI Bank Limited,2025,FIT,duplicate_text_candidate,CANDIDATE,t0.1_audit_detector,1,1,1,audit_detector_duplicate_text_candidate,1.0.0,NOT_REVIEWED,,raw_prop=duplicate_text_candidate_page_count,NOT_REVIEWED,DERIVED_RECONCILIATION
INE008A01015_2025,IDBI Bank Limited,2025,FIT,devanagari_candidate,NOT_OBSERVED,t0.1_audit_detector,0,0,0,audit_detector_devanagari_candidate,1.0.0,NOT_REVIEWED,,raw_prop=devanagari_page_count,NOT_REVIEWED,DERIVED_RECONCILIATION
INE008A01015_2025,IDBI Bank Limited,2025,FIT,bilingual_candidate,NOT_OBSERVED,t0.1_audit_detector,0,0,0,audit_detector_bilingual_candidate,1.0.0,NOT_REVIEWED,,raw_prop=bilingual_candidate_page_count,NOT_REVIEWED,DERIVED_RECONCILIATION
INE008A01015_2025,IDBI Bank Limited,2025,FIT,two_column,CANDIDATE,t0.1_audit_detector,1,218,1,audit_detector_two_column,1.0.0,NOT_REVIEWED,,raw_prop=two_column_page_count,NOT_REVIEWED,DERIVED_RECONCILIATION
INE008A01015_2025,IDBI Bank Limited,2025,FIT,multi_column,CANDIDATE,t0.1_audit_detector,1,359,1,audit_detector_multi_column,1.0.0,NOT_REVIEWED,,raw_prop=multi_column_page_count,NOT_REVIEWED,DERIVED_RECONCILIATION
INE008A01015_2025,IDBI Bank Limited,2025,FIT,table_candidate,CANDIDATE,t0.1_audit_detector,1,630,1,audit_detector_table_candidate,1.0.0,NOT_REVIEWED,,raw_prop=table_candidate_page_count,NOT_REVIEWED,DERIVED_RECONCILIATION
INE008A01015_2025,IDBI Bank Limited,2025,FIT,header_candidate,NOT_OBSERVED,t0.1_audit_detector,0,0,0,audit_detector_header_candidate,1.0.0,NOT_REVIEWED,,raw_prop=header_candidate_page_count,NOT_REVIEWED,DERIVED_RECONCILIATION
INE008A01015_2025,IDBI Bank Limited,2025,FIT,footer_candidate,NOT_OBSERVED,t0.1_audit_detector,0,0,0,audit_detector_footer_candidate,1.0.0,NOT_REVIEWED,,raw_prop=footer_candidate_page_count,NOT_REVIEWED,DERIVED_RECONCILIATION
INE008A01015_2025,IDBI Bank Limited,2025,FIT,toc_candidate,CANDIDATE,t0.1_audit_detector,1,True,1,audit_detector_toc_candidate,1.0.0,NOT_REVIEWED,,raw_prop=toc_candidate,NOT_REVIEWED,DERIVED_RECONCILIATION
INE008A01015_2025,IDBI Bank Limited,2025,FIT,deep_hierarchy_candidate,NOT_OBSERVED,t0.1_audit_detector,0,False,0,audit_detector_deep_hierarchy_candidate,1.0.0,NOT_REVIEWED,,raw_prop=deep_hierarchy_candidate,NOT_REVIEWED,DERIVED_RECONCILIATION
INE008A01015_2025,IDBI Bank Limited,2025,FIT,annexure_candidate,CANDIDATE,t0.1_audit_detector,1,True,1,audit_detector_annexure_candidate,1.0.0,NOT_REVIEWED,,raw_prop=annexure_candidate,NOT_REVIEWED,DERIVED_RECONCILIATION
INE008A01015_2025,IDBI Bank Limited,2025,FIT,combined_mdna_candidate,NOT_OBSERVED,t0.1_audit_detector,0,False,0,audit_detector_combined_mdna_candidate,1.0.0,NOT_REVIEWED,,raw_prop=combined_mdna_candidate,NOT_REVIEWED,DERIVED_RECONCILIATION
INE009A01021_2012,Infosys Limited,2012,VALIDATION,native,CANDIDATE,t0.1_audit_detector,1,106,1,audit_detector_native,1.0.0,NOT_REVIEWED,,raw_prop=native_page_count,NOT_REVIEWED,DERIVED_RECONCILIATION
INE009A01021_2012,Infosys Limited,2012,VALIDATION,scanned,CANDIDATE,t0.1_audit_detector,1,1,1,audit_detector_scanned,1.0.0,NOT_REVIEWED,,raw_prop=scanned_page_count,NOT_REVIEWED,DERIVED_RECONCILIATION
INE009A01021_2012,Infosys Limited,2012,VALIDATION,ocr_layer_candidate,NOT_OBSERVED,t0.1_audit_detector,0,0,0,audit_detector_ocr_layer_candidate,1.0.0,NOT_REVIEWED,,raw_prop=ocr_page_count,NOT_REVIEWED,DERIVED_RECONCILIATION
INE009A01021_2012,Infosys Limited,2012,VALIDATION,legacy_font_candidate,NOT_OBSERVED,t0.1_audit_detector,0,0,0,audit_detector_legacy_font_candidate,1.0.0,NOT_REVIEWED,,raw_prop=legacy_candidate_page_count,NOT_REVIEWED,DERIVED_RECONCILIATION
INE009A01021_2012,Infosys Limited,2012,VALIDATION,hidden_text_candidate,NOT_OBSERVED,t0.1_audit_detector,0,0,0,audit_detector_hidden_text_candidate,1.0.0,NOT_REVIEWED,,raw_prop=hidden_text_candidate_page_count,NOT_REVIEWED,DERIVED_RECONCILIATION
INE009A01021_2012,Infosys Limited,2012,VALIDATION,duplicate_text_candidate,NOT_OBSERVED,t0.1_audit_detector,0,0,0,audit_detector_duplicate_text_candidate,1.0.0,NOT_REVIEWED,,raw_prop=duplicate_text_candidate_page_count,NOT_REVIEWED,DERIVED_RECONCILIATION
INE009A01021_2012,Infosys Limited,2012,VALIDATION,devanagari_candidate,NOT_OBSERVED,t0.1_audit_detector,0,0,0,audit_detector_devanagari_candidate,1.0.0,NOT_REVIEWED,,raw_prop=devanagari_page_count,NOT_REVIEWED,DERIVED_RECONCILIATION
INE009A01021_2012,Infosys Limited,2012,VALIDATION,bilingual_candidate,NOT_OBSERVED,t0.1_audit_detector,0,0,0,audit_detector_bilingual_candidate,1.0.0,NOT_REVIEWED,,raw_prop=bilingual_candidate_page_count,NOT_REVIEWED,DERIVED_RECONCILIATION
INE009A01021_2012,Infosys Limited,2012,VALIDATION,two_column,CANDIDATE,t0.1_audit_detector,1,68,1,audit_detector_two_column,1.0.0,NOT_REVIEWED,,raw_prop=two_column_page_count,NOT_REVIEWED,DERIVED_RECONCILIATION
INE009A01021_2012,Infosys Limited,2012,VALIDATION,multi_column,CANDIDATE,t0.1_audit_detector,1,36,1,audit_detector_multi_column,1.0.0,NOT_REVIEWED,,raw_prop=multi_column_page_count,NOT_REVIEWED,DERIVED_RECONCILIATION
INE009A01021_2012,Infosys Limited,2012,VALIDATION,table_candidate,CANDIDATE,t0.1_audit_detector,1,69,1,audit_detector_table_candidate,1.0.0,NOT_REVIEWED,,raw_prop=table_candidate_page_count,NOT_REVIEWED,DERIVED_RECONCILIATION
INE009A01021_2012,Infosys Limited,2012,VALIDATION,header_candidate,CANDIDATE,t0.1_audit_detector,1,77,1,audit_detector_header_candidate,1.0.0,NOT_REVIEWED,,raw_prop=header_candidate_page_count,NOT_REVIEWED,DERIVED_RECONCILIATION
INE009A01021_2012,Infosys Limited,2012,VALIDATION,footer_candidate,CANDIDATE,t0.1_audit_detector,1,12,1,audit_detector_footer_candidate,1.0.0,NOT_REVIEWED,,raw_prop=footer_candidate_page_count,NOT_REVIEWED,DERIVED_RECONCILIATION
INE009A01021_2012,Infosys Limited,2012,VALIDATION,toc_candidate,CANDIDATE,t0.1_audit_detector,1,True,1,audit_detector_toc_candidate,1.0.0,NOT_REVIEWED,,raw_prop=toc_candidate,NOT_REVIEWED,DERIVED_RECONCILIATION
INE009A01021_2012,Infosys Limited,2012,VALIDATION,deep_hierarchy_candidate,NOT_OBSERVED,t0.1_audit_detector,0,False,0,audit_detector_deep_hierarchy_candidate,1.0.0,NOT_REVIEWED,,raw_prop=deep_hierarchy_candidate,NOT_REVIEWED,DERIVED_RECONCILIATION
INE009A01021_2012,Infosys Limited,2012,VALIDATION,annexure_candidate,CANDIDATE,t0.1_audit_detector,1,True,1,audit_detector_annexure_candidate,1.0.0,NOT_REVIEWED,,raw_prop=annexure_candidate,NOT_REVIEWED,DERIVED_RECONCILIATION
INE009A01021_2012,Infosys Limited,2012,VALIDATION,combined_mdna_candidate,NOT_OBSERVED,t0.1_audit_detector,0,False,0,audit_detector_combined_mdna_candidate,1.0.0,NOT_REVIEWED,,raw_prop=combined_mdna_candidate,NOT_REVIEWED,DERIVED_RECONCILIATION
INE009A01021_2013,Infosys Limited,2013,VALIDATION,native,NOT_OBSERVED,t0.1_audit_detector,0,0,0,audit_detector_native,1.0.0,NOT_REVIEWED,,raw_prop=native_page_count,NOT_REVIEWED,DERIVED_RECONCILIATION
INE009A01021_2013,Infosys Limited,2013,VALIDATION,scanned,NOT_OBSERVED,t0.1_audit_detector,0,0,0,audit_detector_scanned,1.0.0,NOT_REVIEWED,,raw_prop=scanned_page_count,NOT_REVIEWED,DERIVED_RECONCILIATION
INE009A01021_2013,Infosys Limited,2013,VALIDATION,ocr_layer_candidate,NOT_OBSERVED,t0.1_audit_detector,0,0,0,audit_detector_ocr_layer_candidate,1.0.0,NOT_REVIEWED,,raw_prop=ocr_page_count,NOT_REVIEWED,DERIVED_RECONCILIATION
INE009A01021_2013,Infosys Limited,2013,VALIDATION,legacy_font_candidate,NOT_OBSERVED,t0.1_audit_detector,0,0,0,audit_detector_legacy_font_candidate,1.0.0,NOT_REVIEWED,,raw_prop=legacy_candidate_page_count,NOT_REVIEWED,DERIVED_RECONCILIATION
INE009A01021_2013,Infosys Limited,2013,VALIDATION,hidden_text_candidate,NOT_OBSERVED,t0.1_audit_detector,0,0,0,audit_detector_hidden_text_candidate,1.0.0,NOT_REVIEWED,,raw_prop=hidden_text_candidate_page_count,NOT_REVIEWED,DERIVED_RECONCILIATION
INE009A01021_2013,Infosys Limited,2013,VALIDATION,duplicate_text_candidate,NOT_OBSERVED,t0.1_audit_detector,0,0,0,audit_detector_duplicate_text_candidate,1.0.0,NOT_REVIEWED,,raw_prop=duplicate_text_candidate_page_count,NOT_REVIEWED,DERIVED_RECONCILIATION
INE009A01021_2013,Infosys Limited,2013,VALIDATION,devanagari_candidate,NOT_OBSERVED,t0.1_audit_detector,0,0,0,audit_detector_devanagari_candidate,1.0.0,NOT_REVIEWED,,raw_prop=devanagari_page_count,NOT_REVIEWED,DERIVED_RECONCILIATION
INE009A01021_2013,Infosys Limited,2013,VALIDATION,bilingual_candidate,NOT_OBSERVED,t0.1_audit_detector,0,0,0,audit_detector_bilingual_candidate,1.0.0,NOT_REVIEWED,,raw_prop=bilingual_candidate_page_count,NOT_REVIEWED,DERIVED_RECONCILIATION
INE009A01021_2013,Infosys Limited,2013,VALIDATION,two_column,NOT_OBSERVED,t0.1_audit_detector,0,0,0,audit_detector_two_column,1.0.0,NOT_REVIEWED,,raw_prop=two_column_page_count,NOT_REVIEWED,DERIVED_RECONCILIATION
INE009A01021_2013,Infosys Limited,2013,VALIDATION,multi_column,NOT_OBSERVED,t0.1_audit_detector,0,0,0,audit_detector_multi_column,1.0.0,NOT_REVIEWED,,raw_prop=multi_column_page_count,NOT_REVIEWED,DERIVED_RECONCILIATION
INE009A01021_2013,Infosys Limited,2013,VALIDATION,table_candidate,NOT_OBSERVED,t0.1_audit_detector,0,0,0,audit_detector_table_candidate,1.0.0,NOT_REVIEWED,,raw_prop=table_candidate_page_count,NOT_REVIEWED,DERIVED_RECONCILIATION
INE009A01021_2013,Infosys Limited,2013,VALIDATION,header_candidate,NOT_OBSERVED,t0.1_audit_detector,0,0,0,audit_detector_header_candidate,1.0.0,NOT_REVIEWED,,raw_prop=header_candidate_page_count,NOT_REVIEWED,DERIVED_RECONCILIATION
INE009A01021_2013,Infosys Limited,2013,VALIDATION,footer_candidate,NOT_OBSERVED,t0.1_audit_detector,0,0,0,audit_detector_footer_candidate,1.0.0,NOT_REVIEWED,,raw_prop=footer_candidate_page_count,NOT_REVIEWED,DERIVED_RECONCILIATION
INE009A01021_2013,Infosys Limited,2013,VALIDATION,toc_candidate,NOT_OBSERVED,t0.1_audit_detector,0,False,0,audit_detector_toc_candidate,1.0.0,NOT_REVIEWED,,raw_prop=toc_candidate,NOT_REVIEWED,DERIVED_RECONCILIATION
INE009A01021_2013,Infosys Limited,2013,VALIDATION,deep_hierarchy_candidate,NOT_OBSERVED,t0.1_audit_detector,0,False,0,audit_detector_deep_hierarchy_candidate,1.0.0,NOT_REVIEWED,,raw_prop=deep_hierarchy_candidate,NOT_REVIEWED,DERIVED_RECONCILIATION
INE009A01021_2013,Infosys Limited,2013,VALIDATION,annexure_candidate,NOT_OBSERVED,t0.1_audit_detector,0,False,0,audit_detector_annexure_candidate,1.0.0,NOT_REVIEWED,,raw_prop=annexure_candidate,NOT_REVIEWED,DERIVED_RECONCILIATION
INE009A01021_2013,Infosys Limited,2013,VALIDATION,combined_mdna_candidate,NOT_OBSERVED,t0.1_audit_detector,0,False,0,audit_detector_combined_mdna_candidate,1.0.0,NOT_REVIEWED,,raw_prop=combined_mdna_candidate,NOT_REVIEWED,DERIVED_RECONCILIATION
INE009A01021_2017,Infosys Limited,2017,VALIDATION,native,CANDIDATE,t0.1_audit_detector,1,260,1,audit_detector_native,1.0.0,NOT_REVIEWED,,raw_prop=native_page_count,NOT_REVIEWED,DERIVED_RECONCILIATION
INE009A01021_2017,Infosys Limited,2017,VALIDATION,scanned,NOT_OBSERVED,t0.1_audit_detector,0,0,0,audit_detector_scanned,1.0.0,NOT_REVIEWED,,raw_prop=scanned_page_count,NOT_REVIEWED,DERIVED_RECONCILIATION
INE009A01021_2017,Infosys Limited,2017,VALIDATION,ocr_layer_candidate,NOT_OBSERVED,t0.1_audit_detector,0,0,0,audit_detector_ocr_layer_candidate,1.0.0,NOT_REVIEWED,,raw_prop=ocr_page_count,NOT_REVIEWED,DERIVED_RECONCILIATION
INE009A01021_2017,Infosys Limited,2017,VALIDATION,legacy_font_candidate,NOT_OBSERVED,t0.1_audit_detector,0,0,0,audit_detector_legacy_font_candidate,1.0.0,NOT_REVIEWED,,raw_prop=legacy_candidate_page_count,NOT_REVIEWED,DERIVED_RECONCILIATION
INE009A01021_2017,Infosys Limited,2017,VALIDATION,hidden_text_candidate,NOT_OBSERVED,t0.1_audit_detector,0,0,0,audit_detector_hidden_text_candidate,1.0.0,NOT_REVIEWED,,raw_prop=hidden_text_candidate_page_count,NOT_REVIEWED,DERIVED_RECONCILIATION
INE009A01021_2017,Infosys Limited,2017,VALIDATION,duplicate_text_candidate,NOT_OBSERVED,t0.1_audit_detector,0,0,0,audit_detector_duplicate_text_candidate,1.0.0,NOT_REVIEWED,,raw_prop=duplicate_text_candidate_page_count,NOT_REVIEWED,DERIVED_RECONCILIATION
INE009A01021_2017,Infosys Limited,2017,VALIDATION,devanagari_candidate,NOT_OBSERVED,t0.1_audit_detector,0,0,0,audit_detector_devanagari_candidate,1.0.0,NOT_REVIEWED,,raw_prop=devanagari_page_count,NOT_REVIEWED,DERIVED_RECONCILIATION
INE009A01021_2017,Infosys Limited,2017,VALIDATION,bilingual_candidate,NOT_OBSERVED,t0.1_audit_detector,0,0,0,audit_detector_bilingual_candidate,1.0.0,NOT_REVIEWED,,raw_prop=bilingual_candidate_page_count,NOT_REVIEWED,DERIVED_RECONCILIATION
INE009A01021_2017,Infosys Limited,2017,VALIDATION,two_column,CANDIDATE,t0.1_audit_detector,1,132,1,audit_detector_two_column,1.0.0,NOT_REVIEWED,,raw_prop=two_column_page_count,NOT_REVIEWED,DERIVED_RECONCILIATION
INE009A01021_2017,Infosys Limited,2017,VALIDATION,multi_column,CANDIDATE,t0.1_audit_detector,1,103,1,audit_detector_multi_column,1.0.0,NOT_REVIEWED,,raw_prop=multi_column_page_count,NOT_REVIEWED,DERIVED_RECONCILIATION
INE009A01021_2017,Infosys Limited,2017,VALIDATION,table_candidate,CANDIDATE,t0.1_audit_detector,1,189,1,audit_detector_table_candidate,1.0.0,NOT_REVIEWED,,raw_prop=table_candidate_page_count,NOT_REVIEWED,DERIVED_RECONCILIATION
INE009A01021_2017,Infosys Limited,2017,VALIDATION,header_candidate,CANDIDATE,t0.1_audit_detector,1,4,1,audit_detector_header_candidate,1.0.0,NOT_REVIEWED,,raw_prop=header_candidate_page_count,NOT_REVIEWED,DERIVED_RECONCILIATION
INE009A01021_2017,Infosys Limited,2017,VALIDATION,footer_candidate,CANDIDATE,t0.1_audit_detector,1,34,1,audit_detector_footer_candidate,1.0.0,NOT_REVIEWED,,raw_prop=footer_candidate_page_count,NOT_REVIEWED,DERIVED_RECONCILIATION
INE009A01021_2017,Infosys Limited,2017,VALIDATION,toc_candidate,CANDIDATE,t0.1_audit_detector,1,True,1,audit_detector_toc_candidate,1.0.0,NOT_REVIEWED,,raw_prop=toc_candidate,NOT_REVIEWED,DERIVED_RECONCILIATION
INE009A01021_2017,Infosys Limited,2017,VALIDATION,deep_hierarchy_candidate,CANDIDATE,t0.1_audit_detector,1,True,1,audit_detector_deep_hierarchy_candidate,1.0.0,NOT_REVIEWED,,raw_prop=deep_hierarchy_candidate,NOT_REVIEWED,DERIVED_RECONCILIATION
INE009A01021_2017,Infosys Limited,2017,VALIDATION,annexure_candidate,CANDIDATE,t0.1_audit_detector,1,True,1,audit_detector_annexure_candidate,1.0.0,NOT_REVIEWED,,raw_prop=annexure_candidate,NOT_REVIEWED,DERIVED_RECONCILIATION
INE009A01021_2017,Infosys Limited,2017,VALIDATION,combined_mdna_candidate,NOT_OBSERVED,t0.1_audit_detector,0,False,0,audit_detector_combined_mdna_candidate,1.0.0,NOT_REVIEWED,,raw_prop=combined_mdna_candidate,NOT_REVIEWED,DERIVED_RECONCILIATION
INE009A01021_2018,Infosys Limited,2018,VALIDATION,native,CANDIDATE,t0.1_audit_detector,1,119,1,audit_detector_native,1.0.0,NOT_REVIEWED,,raw_prop=native_page_count,NOT_REVIEWED,DERIVED_RECONCILIATION
INE009A01021_2018,Infosys Limited,2018,VALIDATION,scanned,NOT_OBSERVED,t0.1_audit_detector,0,0,0,audit_detector_scanned,1.0.0,NOT_REVIEWED,,raw_prop=scanned_page_count,NOT_REVIEWED,DERIVED_RECONCILIATION
INE009A01021_2018,Infosys Limited,2018,VALIDATION,ocr_layer_candidate,CANDIDATE,t0.1_audit_detector,1,5,1,audit_detector_ocr_layer_candidate,1.0.0,NOT_REVIEWED,,raw_prop=ocr_page_count,NOT_REVIEWED,DERIVED_RECONCILIATION
INE009A01021_2018,Infosys Limited,2018,VALIDATION,legacy_font_candidate,NOT_OBSERVED,t0.1_audit_detector,0,0,0,audit_detector_legacy_font_candidate,1.0.0,NOT_REVIEWED,,raw_prop=legacy_candidate_page_count,NOT_REVIEWED,DERIVED_RECONCILIATION
INE009A01021_2018,Infosys Limited,2018,VALIDATION,hidden_text_candidate,NOT_OBSERVED,t0.1_audit_detector,0,0,0,audit_detector_hidden_text_candidate,1.0.0,NOT_REVIEWED,,raw_prop=hidden_text_candidate_page_count,NOT_REVIEWED,DERIVED_RECONCILIATION
INE009A01021_2018,Infosys Limited,2018,VALIDATION,duplicate_text_candidate,NOT_OBSERVED,t0.1_audit_detector,0,0,0,audit_detector_duplicate_text_candidate,1.0.0,NOT_REVIEWED,,raw_prop=duplicate_text_candidate_page_count,NOT_REVIEWED,DERIVED_RECONCILIATION
INE009A01021_2018,Infosys Limited,2018,VALIDATION,devanagari_candidate,NOT_OBSERVED,t0.1_audit_detector,0,0,0,audit_detector_devanagari_candidate,1.0.0,NOT_REVIEWED,,raw_prop=devanagari_page_count,NOT_REVIEWED,DERIVED_RECONCILIATION
INE009A01021_2018,Infosys Limited,2018,VALIDATION,bilingual_candidate,NOT_OBSERVED,t0.1_audit_detector,0,0,0,audit_detector_bilingual_candidate,1.0.0,NOT_REVIEWED,,raw_prop=bilingual_candidate_page_count,NOT_REVIEWED,DERIVED_RECONCILIATION
INE009A01021_2018,Infosys Limited,2018,VALIDATION,two_column,CANDIDATE,t0.1_audit_detector,1,79,1,audit_detector_two_column,1.0.0,NOT_REVIEWED,,raw_prop=two_column_page_count,NOT_REVIEWED,DERIVED_RECONCILIATION
INE009A01021_2018,Infosys Limited,2018,VALIDATION,multi_column,CANDIDATE,t0.1_audit_detector,1,25,1,audit_detector_multi_column,1.0.0,NOT_REVIEWED,,raw_prop=multi_column_page_count,NOT_REVIEWED,DERIVED_RECONCILIATION
INE009A01021_2018,Infosys Limited,2018,VALIDATION,table_candidate,CANDIDATE,t0.1_audit_detector,1,74,1,audit_detector_table_candidate,1.0.0,NOT_REVIEWED,,raw_prop=table_candidate_page_count,NOT_REVIEWED,DERIVED_RECONCILIATION
INE009A01021_2018,Infosys Limited,2018,VALIDATION,header_candidate,CANDIDATE,t0.1_audit_detector,1,6,1,audit_detector_header_candidate,1.0.0,NOT_REVIEWED,,raw_prop=header_candidate_page_count,NOT_REVIEWED,DERIVED_RECONCILIATION
INE009A01021_2018,Infosys Limited,2018,VALIDATION,footer_candidate,CANDIDATE,t0.1_audit_detector,1,82,1,audit_detector_footer_candidate,1.0.0,NOT_REVIEWED,,raw_prop=footer_candidate_page_count,NOT_REVIEWED,DERIVED_RECONCILIATION
INE009A01021_2018,Infosys Limited,2018,VALIDATION,toc_candidate,CANDIDATE,t0.1_audit_detector,1,True,1,audit_detector_toc_candidate,1.0.0,NOT_REVIEWED,,raw_prop=toc_candidate,NOT_REVIEWED,DERIVED_RECONCILIATION
INE009A01021_2018,Infosys Limited,2018,VALIDATION,deep_hierarchy_candidate,CANDIDATE,t0.1_audit_detector,1,True,1,audit_detector_deep_hierarchy_candidate,1.0.0,NOT_REVIEWED,,raw_prop=deep_hierarchy_candidate,NOT_REVIEWED,DERIVED_RECONCILIATION
INE009A01021_2018,Infosys Limited,2018,VALIDATION,annexure_candidate,CANDIDATE,t0.1_audit_detector,1,True,1,audit_detector_annexure_candidate,1.0.0,NOT_REVIEWED,,raw_prop=annexure_candidate,NOT_REVIEWED,DERIVED_RECONCILIATION
INE009A01021_2018,Infosys Limited,2018,VALIDATION,combined_mdna_candidate,NOT_OBSERVED,t0.1_audit_detector,0,False,0,audit_detector_combined_mdna_candidate,1.0.0,NOT_REVIEWED,,raw_prop=combined_mdna_candidate,NOT_REVIEWED,DERIVED_RECONCILIATION
INE009A01021_2024,Infosys Limited,2024,VALIDATION,native,CANDIDATE,t0.1_audit_detector,1,351,1,audit_detector_native,1.0.0,NOT_REVIEWED,,raw_prop=native_page_count,NOT_REVIEWED,DERIVED_RECONCILIATION
INE009A01021_2024,Infosys Limited,2024,VALIDATION,scanned,NOT_OBSERVED,t0.1_audit_detector,0,0,0,audit_detector_scanned,1.0.0,NOT_REVIEWED,,raw_prop=scanned_page_count,NOT_REVIEWED,DERIVED_RECONCILIATION
INE009A01021_2024,Infosys Limited,2024,VALIDATION,ocr_layer_candidate,CANDIDATE,t0.1_audit_detector,1,1,1,audit_detector_ocr_layer_candidate,1.0.0,NOT_REVIEWED,,raw_prop=ocr_page_count,NOT_REVIEWED,DERIVED_RECONCILIATION
INE009A01021_2024,Infosys Limited,2024,VALIDATION,legacy_font_candidate,NOT_OBSERVED,t0.1_audit_detector,0,0,0,audit_detector_legacy_font_candidate,1.0.0,NOT_REVIEWED,,raw_prop=legacy_candidate_page_count,NOT_REVIEWED,DERIVED_RECONCILIATION
INE009A01021_2024,Infosys Limited,2024,VALIDATION,hidden_text_candidate,NOT_OBSERVED,t0.1_audit_detector,0,0,0,audit_detector_hidden_text_candidate,1.0.0,NOT_REVIEWED,,raw_prop=hidden_text_candidate_page_count,NOT_REVIEWED,DERIVED_RECONCILIATION
INE009A01021_2024,Infosys Limited,2024,VALIDATION,duplicate_text_candidate,NOT_OBSERVED,t0.1_audit_detector,0,0,0,audit_detector_duplicate_text_candidate,1.0.0,NOT_REVIEWED,,raw_prop=duplicate_text_candidate_page_count,NOT_REVIEWED,DERIVED_RECONCILIATION
INE009A01021_2024,Infosys Limited,2024,VALIDATION,devanagari_candidate,NOT_OBSERVED,t0.1_audit_detector,0,0,0,audit_detector_devanagari_candidate,1.0.0,NOT_REVIEWED,,raw_prop=devanagari_page_count,NOT_REVIEWED,DERIVED_RECONCILIATION
INE009A01021_2024,Infosys Limited,2024,VALIDATION,bilingual_candidate,NOT_OBSERVED,t0.1_audit_detector,0,0,0,audit_detector_bilingual_candidate,1.0.0,NOT_REVIEWED,,raw_prop=bilingual_candidate_page_count,NOT_REVIEWED,DERIVED_RECONCILIATION
INE009A01021_2024,Infosys Limited,2024,VALIDATION,two_column,CANDIDATE,t0.1_audit_detector,1,167,1,audit_detector_two_column,1.0.0,NOT_REVIEWED,,raw_prop=two_column_page_count,NOT_REVIEWED,DERIVED_RECONCILIATION
INE009A01021_2024,Infosys Limited,2024,VALIDATION,multi_column,CANDIDATE,t0.1_audit_detector,1,156,1,audit_detector_multi_column,1.0.0,NOT_REVIEWED,,raw_prop=multi_column_page_count,NOT_REVIEWED,DERIVED_RECONCILIATION
INE009A01021_2024,Infosys Limited,2024,VALIDATION,table_candidate,CANDIDATE,t0.1_audit_detector,1,139,1,audit_detector_table_candidate,1.0.0,NOT_REVIEWED,,raw_prop=table_candidate_page_count,NOT_REVIEWED,DERIVED_RECONCILIATION
INE009A01021_2024,Infosys Limited,2024,VALIDATION,header_candidate,CANDIDATE,t0.1_audit_detector,1,15,1,audit_detector_header_candidate,1.0.0,NOT_REVIEWED,,raw_prop=header_candidate_page_count,NOT_REVIEWED,DERIVED_RECONCILIATION
INE009A01021_2024,Infosys Limited,2024,VALIDATION,footer_candidate,CANDIDATE,t0.1_audit_detector,1,249,1,audit_detector_footer_candidate,1.0.0,NOT_REVIEWED,,raw_prop=footer_candidate_page_count,NOT_REVIEWED,DERIVED_RECONCILIATION
INE009A01021_2024,Infosys Limited,2024,VALIDATION,toc_candidate,CANDIDATE,t0.1_audit_detector,1,True,1,audit_detector_toc_candidate,1.0.0,NOT_REVIEWED,,raw_prop=toc_candidate,NOT_REVIEWED,DERIVED_RECONCILIATION
INE009A01021_2024,Infosys Limited,2024,VALIDATION,deep_hierarchy_candidate,CANDIDATE,t0.1_audit_detector,1,True,1,audit_detector_deep_hierarchy_candidate,1.0.0,NOT_REVIEWED,,raw_prop=deep_hierarchy_candidate,NOT_REVIEWED,DERIVED_RECONCILIATION
INE009A01021_2024,Infosys Limited,2024,VALIDATION,annexure_candidate,CANDIDATE,t0.1_audit_detector,1,True,1,audit_detector_annexure_candidate,1.0.0,NOT_REVIEWED,,raw_prop=annexure_candidate,NOT_REVIEWED,DERIVED_RECONCILIATION
INE009A01021_2024,Infosys Limited,2024,VALIDATION,combined_mdna_candidate,CANDIDATE,t0.1_audit_detector,1,True,1,audit_detector_combined_mdna_candidate,1.0.0,NOT_REVIEWED,,raw_prop=combined_mdna_candidate,NOT_REVIEWED,DERIVED_RECONCILIATION
INE009A01021_2025,Infosys Limited,2025,VALIDATION,native,CANDIDATE,t0.1_audit_detector,1,369,1,audit_detector_native,1.0.0,NOT_REVIEWED,,raw_prop=native_page_count,NOT_REVIEWED,DERIVED_RECONCILIATION
INE009A01021_2025,Infosys Limited,2025,VALIDATION,scanned,NOT_OBSERVED,t0.1_audit_detector,0,0,0,audit_detector_scanned,1.0.0,NOT_REVIEWED,,raw_prop=scanned_page_count,NOT_REVIEWED,DERIVED_RECONCILIATION
INE009A01021_2025,Infosys Limited,2025,VALIDATION,ocr_layer_candidate,CANDIDATE,t0.1_audit_detector,1,2,1,audit_detector_ocr_layer_candidate,1.0.0,NOT_REVIEWED,,raw_prop=ocr_page_count,NOT_REVIEWED,DERIVED_RECONCILIATION
INE009A01021_2025,Infosys Limited,2025,VALIDATION,legacy_font_candidate,NOT_OBSERVED,t0.1_audit_detector,0,0,0,audit_detector_legacy_font_candidate,1.0.0,NOT_REVIEWED,,raw_prop=legacy_candidate_page_count,NOT_REVIEWED,DERIVED_RECONCILIATION
INE009A01021_2025,Infosys Limited,2025,VALIDATION,hidden_text_candidate,NOT_OBSERVED,t0.1_audit_detector,0,0,0,audit_detector_hidden_text_candidate,1.0.0,NOT_REVIEWED,,raw_prop=hidden_text_candidate_page_count,NOT_REVIEWED,DERIVED_RECONCILIATION
INE009A01021_2025,Infosys Limited,2025,VALIDATION,duplicate_text_candidate,CANDIDATE,t0.1_audit_detector,1,1,1,audit_detector_duplicate_text_candidate,1.0.0,NOT_REVIEWED,,raw_prop=duplicate_text_candidate_page_count,NOT_REVIEWED,DERIVED_RECONCILIATION
INE009A01021_2025,Infosys Limited,2025,VALIDATION,devanagari_candidate,NOT_OBSERVED,t0.1_audit_detector,0,0,0,audit_detector_devanagari_candidate,1.0.0,NOT_REVIEWED,,raw_prop=devanagari_page_count,NOT_REVIEWED,DERIVED_RECONCILIATION
INE009A01021_2025,Infosys Limited,2025,VALIDATION,bilingual_candidate,NOT_OBSERVED,t0.1_audit_detector,0,0,0,audit_detector_bilingual_candidate,1.0.0,NOT_REVIEWED,,raw_prop=bilingual_candidate_page_count,NOT_REVIEWED,DERIVED_RECONCILIATION
INE009A01021_2025,Infosys Limited,2025,VALIDATION,two_column,CANDIDATE,t0.1_audit_detector,1,182,1,audit_detector_two_column,1.0.0,NOT_REVIEWED,,raw_prop=two_column_page_count,NOT_REVIEWED,DERIVED_RECONCILIATION
INE009A01021_2025,Infosys Limited,2025,VALIDATION,multi_column,CANDIDATE,t0.1_audit_detector,1,156,1,audit_detector_multi_column,1.0.0,NOT_REVIEWED,,raw_prop=multi_column_page_count,NOT_REVIEWED,DERIVED_RECONCILIATION
INE009A01021_2025,Infosys Limited,2025,VALIDATION,table_candidate,CANDIDATE,t0.1_audit_detector,1,120,1,audit_detector_table_candidate,1.0.0,NOT_REVIEWED,,raw_prop=table_candidate_page_count,NOT_REVIEWED,DERIVED_RECONCILIATION
INE009A01021_2025,Infosys Limited,2025,VALIDATION,header_candidate,CANDIDATE,t0.1_audit_detector,1,13,1,audit_detector_header_candidate,1.0.0,NOT_REVIEWED,,raw_prop=header_candidate_page_count,NOT_REVIEWED,DERIVED_RECONCILIATION
INE009A01021_2025,Infosys Limited,2025,VALIDATION,footer_candidate,CANDIDATE,t0.1_audit_detector,1,259,1,audit_detector_footer_candidate,1.0.0,NOT_REVIEWED,,raw_prop=footer_candidate_page_count,NOT_REVIEWED,DERIVED_RECONCILIATION
INE009A01021_2025,Infosys Limited,2025,VALIDATION,toc_candidate,CANDIDATE,t0.1_audit_detector,1,True,1,audit_detector_toc_candidate,1.0.0,NOT_REVIEWED,,raw_prop=toc_candidate,NOT_REVIEWED,DERIVED_RECONCILIATION
INE009A01021_2025,Infosys Limited,2025,VALIDATION,deep_hierarchy_candidate,CANDIDATE,t0.1_audit_detector,1,True,1,audit_detector_deep_hierarchy_candidate,1.0.0,NOT_REVIEWED,,raw_prop=deep_hierarchy_candidate,NOT_REVIEWED,DERIVED_RECONCILIATION
INE009A01021_2025,Infosys Limited,2025,VALIDATION,annexure_candidate,CANDIDATE,t0.1_audit_detector,1,True,1,audit_detector_annexure_candidate,1.0.0,NOT_REVIEWED,,raw_prop=annexure_candidate,NOT_REVIEWED,DERIVED_RECONCILIATION
INE009A01021_2025,Infosys Limited,2025,VALIDATION,combined_mdna_candidate,CANDIDATE,t0.1_audit_detector,1,True,1,audit_detector_combined_mdna_candidate,1.0.0,NOT_REVIEWED,,raw_prop=combined_mdna_candidate,NOT_REVIEWED,DERIVED_RECONCILIATION
INE00E101023_2024,Bikaji Foods International Limited,2024,FIT,native,CANDIDATE,t0.1_audit_detector,1,168,1,audit_detector_native,1.0.0,NOT_REVIEWED,,raw_prop=native_page_count,NOT_REVIEWED,DERIVED_RECONCILIATION
INE00E101023_2024,Bikaji Foods International Limited,2024,FIT,scanned,NOT_OBSERVED,t0.1_audit_detector,0,0,0,audit_detector_scanned,1.0.0,NOT_REVIEWED,,raw_prop=scanned_page_count,NOT_REVIEWED,DERIVED_RECONCILIATION
INE00E101023_2024,Bikaji Foods International Limited,2024,FIT,ocr_layer_candidate,NOT_OBSERVED,t0.1_audit_detector,0,0,0,audit_detector_ocr_layer_candidate,1.0.0,NOT_REVIEWED,,raw_prop=ocr_page_count,NOT_REVIEWED,DERIVED_RECONCILIATION
INE00E101023_2024,Bikaji Foods International Limited,2024,FIT,legacy_font_candidate,NOT_OBSERVED,t0.1_audit_detector,0,0,0,audit_detector_legacy_font_candidate,1.0.0,NOT_REVIEWED,,raw_prop=legacy_candidate_page_count,NOT_REVIEWED,DERIVED_RECONCILIATION
INE00E101023_2024,Bikaji Foods International Limited,2024,FIT,hidden_text_candidate,NOT_OBSERVED,t0.1_audit_detector,0,0,0,audit_detector_hidden_text_candidate,1.0.0,NOT_REVIEWED,,raw_prop=hidden_text_candidate_page_count,NOT_REVIEWED,DERIVED_RECONCILIATION
INE00E101023_2024,Bikaji Foods International Limited,2024,FIT,duplicate_text_candidate,CANDIDATE,t0.1_audit_detector,1,1,1,audit_detector_duplicate_text_candidate,1.0.0,NOT_REVIEWED,,raw_prop=duplicate_text_candidate_page_count,NOT_REVIEWED,DERIVED_RECONCILIATION
INE00E101023_2024,Bikaji Foods International Limited,2024,FIT,devanagari_candidate,NOT_OBSERVED,t0.1_audit_detector,0,0,0,audit_detector_devanagari_candidate,1.0.0,NOT_REVIEWED,,raw_prop=devanagari_page_count,NOT_REVIEWED,DERIVED_RECONCILIATION
INE00E101023_2024,Bikaji Foods International Limited,2024,FIT,bilingual_candidate,NOT_OBSERVED,t0.1_audit_detector,0,0,0,audit_detector_bilingual_candidate,1.0.0,NOT_REVIEWED,,raw_prop=bilingual_candidate_page_count,NOT_REVIEWED,DERIVED_RECONCILIATION
INE00E101023_2024,Bikaji Foods International Limited,2024,FIT,two_column,CANDIDATE,t0.1_audit_detector,1,162,1,audit_detector_two_column,1.0.0,NOT_REVIEWED,,raw_prop=two_column_page_count,NOT_REVIEWED,DERIVED_RECONCILIATION
INE00E101023_2024,Bikaji Foods International Limited,2024,FIT,multi_column,CANDIDATE,t0.1_audit_detector,1,4,1,audit_detector_multi_column,1.0.0,NOT_REVIEWED,,raw_prop=multi_column_page_count,NOT_REVIEWED,DERIVED_RECONCILIATION
INE00E101023_2024,Bikaji Foods International Limited,2024,FIT,table_candidate,CANDIDATE,t0.1_audit_detector,1,141,1,audit_detector_table_candidate,1.0.0,NOT_REVIEWED,,raw_prop=table_candidate_page_count,NOT_REVIEWED,DERIVED_RECONCILIATION
INE00E101023_2024,Bikaji Foods International Limited,2024,FIT,header_candidate,CANDIDATE,t0.1_audit_detector,1,156,1,audit_detector_header_candidate,1.0.0,NOT_REVIEWED,,raw_prop=header_candidate_page_count,NOT_REVIEWED,DERIVED_RECONCILIATION
INE00E101023_2024,Bikaji Foods International Limited,2024,FIT,footer_candidate,CANDIDATE,t0.1_audit_detector,1,150,1,audit_detector_footer_candidate,1.0.0,NOT_REVIEWED,,raw_prop=footer_candidate_page_count,NOT_REVIEWED,DERIVED_RECONCILIATION
INE00E101023_2024,Bikaji Foods International Limited,2024,FIT,toc_candidate,CANDIDATE,t0.1_audit_detector,1,True,1,audit_detector_toc_candidate,1.0.0,NOT_REVIEWED,,raw_prop=toc_candidate,NOT_REVIEWED,DERIVED_RECONCILIATION
INE00E101023_2024,Bikaji Foods International Limited,2024,FIT,deep_hierarchy_candidate,NOT_OBSERVED,t0.1_audit_detector,0,False,0,audit_detector_deep_hierarchy_candidate,1.0.0,NOT_REVIEWED,,raw_prop=deep_hierarchy_candidate,NOT_REVIEWED,DERIVED_RECONCILIATION
INE00E101023_2024,Bikaji Foods International Limited,2024,FIT,annexure_candidate,CANDIDATE,t0.1_audit_detector,1,True,1,audit_detector_annexure_candidate,1.0.0,NOT_REVIEWED,,raw_prop=annexure_candidate,NOT_REVIEWED,DERIVED_RECONCILIATION
INE00E101023_2024,Bikaji Foods International Limited,2024,FIT,combined_mdna_candidate,NOT_OBSERVED,t0.1_audit_detector,0,False,0,audit_detector_combined_mdna_candidate,1.0.0,NOT_REVIEWED,,raw_prop=combined_mdna_candidate,NOT_REVIEWED,DERIVED_RECONCILIATION
INE00E101023_2025,Bikaji Foods International Limited,2025,FIT,native,CANDIDATE,t0.1_audit_detector,1,347,1,audit_detector_native,1.0.0,NOT_REVIEWED,,raw_prop=native_page_count,NOT_REVIEWED,DERIVED_RECONCILIATION
INE00E101023_2025,Bikaji Foods International Limited,2025,FIT,scanned,CANDIDATE,t0.1_audit_detector,1,1,1,audit_detector_scanned,1.0.0,NOT_REVIEWED,,raw_prop=scanned_page_count,NOT_REVIEWED,DERIVED_RECONCILIATION
INE00E101023_2025,Bikaji Foods International Limited,2025,FIT,ocr_layer_candidate,NOT_OBSERVED,t0.1_audit_detector,0,0,0,audit_detector_ocr_layer_candidate,1.0.0,NOT_REVIEWED,,raw_prop=ocr_page_count,NOT_REVIEWED,DERIVED_RECONCILIATION
INE00E101023_2025,Bikaji Foods International Limited,2025,FIT,legacy_font_candidate,NOT_OBSERVED,t0.1_audit_detector,0,0,0,audit_detector_legacy_font_candidate,1.0.0,NOT_REVIEWED,,raw_prop=legacy_candidate_page_count,NOT_REVIEWED,DERIVED_RECONCILIATION
INE00E101023_2025,Bikaji Foods International Limited,2025,FIT,hidden_text_candidate,NOT_OBSERVED,t0.1_audit_detector,0,0,0,audit_detector_hidden_text_candidate,1.0.0,NOT_REVIEWED,,raw_prop=hidden_text_candidate_page_count,NOT_REVIEWED,DERIVED_RECONCILIATION
INE00E101023_2025,Bikaji Foods International Limited,2025,FIT,duplicate_text_candidate,NOT_OBSERVED,t0.1_audit_detector,0,0,0,audit_detector_duplicate_text_candidate,1.0.0,NOT_REVIEWED,,raw_prop=duplicate_text_candidate_page_count,NOT_REVIEWED,DERIVED_RECONCILIATION
INE00E101023_2025,Bikaji Foods International Limited,2025,FIT,devanagari_candidate,NOT_OBSERVED,t0.1_audit_detector,0,0,0,audit_detector_devanagari_candidate,1.0.0,NOT_REVIEWED,,raw_prop=devanagari_page_count,NOT_REVIEWED,DERIVED_RECONCILIATION
INE00E101023_2025,Bikaji Foods International Limited,2025,FIT,bilingual_candidate,NOT_OBSERVED,t0.1_audit_detector,0,0,0,audit_detector_bilingual_candidate,1.0.0,NOT_REVIEWED,,raw_prop=bilingual_candidate_page_count,NOT_REVIEWED,DERIVED_RECONCILIATION
INE00E101023_2025,Bikaji Foods International Limited,2025,FIT,two_column,CANDIDATE,t0.1_audit_detector,1,154,1,audit_detector_two_column,1.0.0,NOT_REVIEWED,,raw_prop=two_column_page_count,NOT_REVIEWED,DERIVED_RECONCILIATION
INE00E101023_2025,Bikaji Foods International Limited,2025,FIT,multi_column,CANDIDATE,t0.1_audit_detector,1,163,1,audit_detector_multi_column,1.0.0,NOT_REVIEWED,,raw_prop=multi_column_page_count,NOT_REVIEWED,DERIVED_RECONCILIATION
INE00E101023_2025,Bikaji Foods International Limited,2025,FIT,table_candidate,CANDIDATE,t0.1_audit_detector,1,222,1,audit_detector_table_candidate,1.0.0,NOT_REVIEWED,,raw_prop=table_candidate_page_count,NOT_REVIEWED,DERIVED_RECONCILIATION
INE00E101023_2025,Bikaji Foods International Limited,2025,FIT,header_candidate,CANDIDATE,t0.1_audit_detector,1,25,1,audit_detector_header_candidate,1.0.0,NOT_REVIEWED,,raw_prop=header_candidate_page_count,NOT_REVIEWED,DERIVED_RECONCILIATION
INE00E101023_2025,Bikaji Foods International Limited,2025,FIT,footer_candidate,CANDIDATE,t0.1_audit_detector,1,2,1,audit_detector_footer_candidate,1.0.0,NOT_REVIEWED,,raw_prop=footer_candidate_page_count,NOT_REVIEWED,DERIVED_RECONCILIATION
INE00E101023_2025,Bikaji Foods International Limited,2025,FIT,toc_candidate,CANDIDATE,t0.1_audit_detector,1,True,1,audit_detector_toc_candidate,1.0.0,NOT_REVIEWED,,raw_prop=toc_candidate,NOT_REVIEWED,DERIVED_RECONCILIATION
INE00E101023_2025,Bikaji Foods International Limited,2025,FIT,deep_hierarchy_candidate,NOT_OBSERVED,t0.1_audit_detector,0,False,0,audit_detector_deep_hierarchy_candidate,1.0.0,NOT_REVIEWED,,raw_prop=deep_hierarchy_candidate,NOT_REVIEWED,DERIVED_RECONCILIATION
INE00E101023_2025,Bikaji Foods International Limited,2025,FIT,annexure_candidate,CANDIDATE,t0.1_audit_detector,1,True,1,audit_detector_annexure_candidate,1.0.0,NOT_REVIEWED,,raw_prop=annexure_candidate,NOT_REVIEWED,DERIVED_RECONCILIATION
INE00E101023_2025,Bikaji Foods International Limited,2025,FIT,combined_mdna_candidate,NOT_OBSERVED,t0.1_audit_detector,0,False,0,audit_detector_combined_mdna_candidate,1.0.0,NOT_REVIEWED,,raw_prop=combined_mdna_candidate,NOT_REVIEWED,DERIVED_RECONCILIATION
INE00FF01025_2015,Acutaas Chemicals Limited,2015,FIT,native,CANDIDATE,t0.1_audit_detector,1,1,1,audit_detector_native,1.0.0,NOT_REVIEWED,,raw_prop=native_page_count,NOT_REVIEWED,DERIVED_RECONCILIATION
INE00FF01025_2015,Acutaas Chemicals Limited,2015,FIT,scanned,NOT_OBSERVED,t0.1_audit_detector,0,0,0,audit_detector_scanned,1.0.0,NOT_REVIEWED,,raw_prop=scanned_page_count,NOT_REVIEWED,DERIVED_RECONCILIATION
INE00FF01025_2015,Acutaas Chemicals Limited,2015,FIT,ocr_layer_candidate,NOT_OBSERVED,t0.1_audit_detector,0,0,0,audit_detector_ocr_layer_candidate,1.0.0,NOT_REVIEWED,,raw_prop=ocr_page_count,NOT_REVIEWED,DERIVED_RECONCILIATION
INE00FF01025_2015,Acutaas Chemicals Limited,2015,FIT,legacy_font_candidate,NOT_OBSERVED,t0.1_audit_detector,0,0,0,audit_detector_legacy_font_candidate,1.0.0,NOT_REVIEWED,,raw_prop=legacy_candidate_page_count,NOT_REVIEWED,DERIVED_RECONCILIATION
INE00FF01025_2015,Acutaas Chemicals Limited,2015,FIT,hidden_text_candidate,NOT_OBSERVED,t0.1_audit_detector,0,0,0,audit_detector_hidden_text_candidate,1.0.0,NOT_REVIEWED,,raw_prop=hidden_text_candidate_page_count,NOT_REVIEWED,DERIVED_RECONCILIATION
INE00FF01025_2015,Acutaas Chemicals Limited,2015,FIT,duplicate_text_candidate,NOT_OBSERVED,t0.1_audit_detector,0,0,0,audit_detector_duplicate_text_candidate,1.0.0,NOT_REVIEWED,,raw_prop=duplicate_text_candidate_page_count,NOT_REVIEWED,DERIVED_RECONCILIATION
INE00FF01025_2015,Acutaas Chemicals Limited,2015,FIT,devanagari_candidate,NOT_OBSERVED,t0.1_audit_detector,0,0,0,audit_detector_devanagari_candidate,1.0.0,NOT_REVIEWED,,raw_prop=devanagari_page_count,NOT_REVIEWED,DERIVED_RECONCILIATION
INE00FF01025_2015,Acutaas Chemicals Limited,2015,FIT,bilingual_candidate,NOT_OBSERVED,t0.1_audit_detector,0,0,0,audit_detector_bilingual_candidate,1.0.0,NOT_REVIEWED,,raw_prop=bilingual_candidate_page_count,NOT_REVIEWED,DERIVED_RECONCILIATION
INE00FF01025_2015,Acutaas Chemicals Limited,2015,FIT,two_column,NOT_OBSERVED,t0.1_audit_detector,0,0,0,audit_detector_two_column,1.0.0,NOT_REVIEWED,,raw_prop=two_column_page_count,NOT_REVIEWED,DERIVED_RECONCILIATION
INE00FF01025_2015,Acutaas Chemicals Limited,2015,FIT,multi_column,CANDIDATE,t0.1_audit_detector,1,1,1,audit_detector_multi_column,1.0.0,NOT_REVIEWED,,raw_prop=multi_column_page_count,NOT_REVIEWED,DERIVED_RECONCILIATION
INE00FF01025_2015,Acutaas Chemicals Limited,2015,FIT,table_candidate,CANDIDATE,t0.1_audit_detector,1,1,1,audit_detector_table_candidate,1.0.0,NOT_REVIEWED,,raw_prop=table_candidate_page_count,NOT_REVIEWED,DERIVED_RECONCILIATION
INE00FF01025_2015,Acutaas Chemicals Limited,2015,FIT,header_candidate,NOT_OBSERVED,t0.1_audit_detector,0,0,0,audit_detector_header_candidate,1.0.0,NOT_REVIEWED,,raw_prop=header_candidate_page_count,NOT_REVIEWED,DERIVED_RECONCILIATION
INE00FF01025_2015,Acutaas Chemicals Limited,2015,FIT,footer_candidate,NOT_OBSERVED,t0.1_audit_detector,0,0,0,audit_detector_footer_candidate,1.0.0,NOT_REVIEWED,,raw_prop=footer_candidate_page_count,NOT_REVIEWED,DERIVED_RECONCILIATION
INE00FF01025_2015,Acutaas Chemicals Limited,2015,FIT,toc_candidate,NOT_OBSERVED,t0.1_audit_detector,0,False,0,audit_detector_toc_candidate,1.0.0,NOT_REVIEWED,,raw_prop=toc_candidate,NOT_REVIEWED,DERIVED_RECONCILIATION
INE00FF01025_2015,Acutaas Chemicals Limited,2015,FIT,deep_hierarchy_candidate,NOT_OBSERVED,t0.1_audit_detector,0,False,0,audit_detector_deep_hierarchy_candidate,1.0.0,NOT_REVIEWED,,raw_prop=deep_hierarchy_candidate,NOT_REVIEWED,DERIVED_RECONCILIATION
INE00FF01025_2015,Acutaas Chemicals Limited,2015,FIT,annexure_candidate,NOT_OBSERVED,t0.1_audit_detector,0,False,0,audit_detector_annexure_candidate,1.0.0,NOT_REVIEWED,,raw_prop=annexure_candidate,NOT_REVIEWED,DERIVED_RECONCILIATION
INE00FF01025_2015,Acutaas Chemicals Limited,2015,FIT,combined_mdna_candidate,NOT_OBSERVED,t0.1_audit_detector,0,False,0,audit_detector_combined_mdna_candidate,1.0.0,NOT_REVIEWED,,raw_prop=combined_mdna_candidate,NOT_REVIEWED,DERIVED_RECONCILIATION
INE00FF01025_2024,Acutaas Chemicals Limited,2024,FIT,native,CANDIDATE,t0.1_audit_detector,1,234,1,audit_detector_native,1.0.0,NOT_REVIEWED,,raw_prop=native_page_count,NOT_REVIEWED,DERIVED_RECONCILIATION
INE00FF01025_2024,Acutaas Chemicals Limited,2024,FIT,scanned,NOT_OBSERVED,t0.1_audit_detector,0,0,0,audit_detector_scanned,1.0.0,NOT_REVIEWED,,raw_prop=scanned_page_count,NOT_REVIEWED,DERIVED_RECONCILIATION
INE00FF01025_2024,Acutaas Chemicals Limited,2024,FIT,ocr_layer_candidate,CANDIDATE,t0.1_audit_detector,1,1,1,audit_detector_ocr_layer_candidate,1.0.0,NOT_REVIEWED,,raw_prop=ocr_page_count,NOT_REVIEWED,DERIVED_RECONCILIATION
INE00FF01025_2024,Acutaas Chemicals Limited,2024,FIT,legacy_font_candidate,NOT_OBSERVED,t0.1_audit_detector,0,0,0,audit_detector_legacy_font_candidate,1.0.0,NOT_REVIEWED,,raw_prop=legacy_candidate_page_count,NOT_REVIEWED,DERIVED_RECONCILIATION
INE00FF01025_2024,Acutaas Chemicals Limited,2024,FIT,hidden_text_candidate,NOT_OBSERVED,t0.1_audit_detector,0,0,0,audit_detector_hidden_text_candidate,1.0.0,NOT_REVIEWED,,raw_prop=hidden_text_candidate_page_count,NOT_REVIEWED,DERIVED_RECONCILIATION
INE00FF01025_2024,Acutaas Chemicals Limited,2024,FIT,duplicate_text_candidate,NOT_OBSERVED,t0.1_audit_detector,0,0,0,audit_detector_duplicate_text_candidate,1.0.0,NOT_REVIEWED,,raw_prop=duplicate_text_candidate_page_count,NOT_REVIEWED,DERIVED_RECONCILIATION
INE00FF01025_2024,Acutaas Chemicals Limited,2024,FIT,devanagari_candidate,NOT_OBSERVED,t0.1_audit_detector,0,0,0,audit_detector_devanagari_candidate,1.0.0,NOT_REVIEWED,,raw_prop=devanagari_page_count,NOT_REVIEWED,DERIVED_RECONCILIATION
INE00FF01025_2024,Acutaas Chemicals Limited,2024,FIT,bilingual_candidate,NOT_OBSERVED,t0.1_audit_detector,0,0,0,audit_detector_bilingual_candidate,1.0.0,NOT_REVIEWED,,raw_prop=bilingual_candidate_page_count,NOT_REVIEWED,DERIVED_RECONCILIATION
INE00FF01025_2024,Acutaas Chemicals Limited,2024,FIT,two_column,CANDIDATE,t0.1_audit_detector,1,100,1,audit_detector_two_column,1.0.0,NOT_REVIEWED,,raw_prop=two_column_page_count,NOT_REVIEWED,DERIVED_RECONCILIATION
INE00FF01025_2024,Acutaas Chemicals Limited,2024,FIT,multi_column,CANDIDATE,t0.1_audit_detector,1,125,1,audit_detector_multi_column,1.0.0,NOT_REVIEWED,,raw_prop=multi_column_page_count,NOT_REVIEWED,DERIVED_RECONCILIATION
INE00FF01025_2024,Acutaas Chemicals Limited,2024,FIT,table_candidate,CANDIDATE,t0.1_audit_detector,1,209,1,audit_detector_table_candidate,1.0.0,NOT_REVIEWED,,raw_prop=table_candidate_page_count,NOT_REVIEWED,DERIVED_RECONCILIATION
INE00FF01025_2024,Acutaas Chemicals Limited,2024,FIT,header_candidate,CANDIDATE,t0.1_audit_detector,1,11,1,audit_detector_header_candidate,1.0.0,NOT_REVIEWED,,raw_prop=header_candidate_page_count,NOT_REVIEWED,DERIVED_RECONCILIATION
INE00FF01025_2024,Acutaas Chemicals Limited,2024,FIT,footer_candidate,NOT_OBSERVED,t0.1_audit_detector,0,0,0,audit_detector_footer_candidate,1.0.0,NOT_REVIEWED,,raw_prop=footer_candidate_page_count,NOT_REVIEWED,DERIVED_RECONCILIATION
INE00FF01025_2024,Acutaas Chemicals Limited,2024,FIT,toc_candidate,NOT_OBSERVED,t0.1_audit_detector,0,False,0,audit_detector_toc_candidate,1.0.0,NOT_REVIEWED,,raw_prop=toc_candidate,NOT_REVIEWED,DERIVED_RECONCILIATION
INE00FF01025_2024,Acutaas Chemicals Limited,2024,FIT,deep_hierarchy_candidate,NOT_OBSERVED,t0.1_audit_detector,0,False,0,audit_detector_deep_hierarchy_candidate,1.0.0,NOT_REVIEWED,,raw_prop=deep_hierarchy_candidate,NOT_REVIEWED,DERIVED_RECONCILIATION
INE00FF01025_2024,Acutaas Chemicals Limited,2024,FIT,annexure_candidate,CANDIDATE,t0.1_audit_detector,1,True,1,audit_detector_annexure_candidate,1.0.0,NOT_REVIEWED,,raw_prop=annexure_candidate,NOT_REVIEWED,DERIVED_RECONCILIATION
INE00FF01025_2024,Acutaas Chemicals Limited,2024,FIT,combined_mdna_candidate,NOT_OBSERVED,t0.1_audit_detector,0,False,0,audit_detector_combined_mdna_candidate,1.0.0,NOT_REVIEWED,,raw_prop=combined_mdna_candidate,NOT_REVIEWED,DERIVED_RECONCILIATION
INE00FF01025_2025,Acutaas Chemicals Limited,2025,FIT,native,CANDIDATE,t0.1_audit_detector,1,241,1,audit_detector_native,1.0.0,NOT_REVIEWED,,raw_prop=native_page_count,NOT_REVIEWED,DERIVED_RECONCILIATION
INE00FF01025_2025,Acutaas Chemicals Limited,2025,FIT,scanned,NOT_OBSERVED,t0.1_audit_detector,0,0,0,audit_detector_scanned,1.0.0,NOT_REVIEWED,,raw_prop=scanned_page_count,NOT_REVIEWED,DERIVED_RECONCILIATION
INE00FF01025_2025,Acutaas Chemicals Limited,2025,FIT,ocr_layer_candidate,CANDIDATE,t0.1_audit_detector,1,1,1,audit_detector_ocr_layer_candidate,1.0.0,NOT_REVIEWED,,raw_prop=ocr_page_count,NOT_REVIEWED,DERIVED_RECONCILIATION
INE00FF01025_2025,Acutaas Chemicals Limited,2025,FIT,legacy_font_candidate,NOT_OBSERVED,t0.1_audit_detector,0,0,0,audit_detector_legacy_font_candidate,1.0.0,NOT_REVIEWED,,raw_prop=legacy_candidate_page_count,NOT_REVIEWED,DERIVED_RECONCILIATION
INE00FF01025_2025,Acutaas Chemicals Limited,2025,FIT,hidden_text_candidate,NOT_OBSERVED,t0.1_audit_detector,0,0,0,audit_detector_hidden_text_candidate,1.0.0,NOT_REVIEWED,,raw_prop=hidden_text_candidate_page_count,NOT_REVIEWED,DERIVED_RECONCILIATION
INE00FF01025_2025,Acutaas Chemicals Limited,2025,FIT,duplicate_text_candidate,NOT_OBSERVED,t0.1_audit_detector,0,0,0,audit_detector_duplicate_text_candidate,1.0.0,NOT_REVIEWED,,raw_prop=duplicate_text_candidate_page_count,NOT_REVIEWED,DERIVED_RECONCILIATION
INE00FF01025_2025,Acutaas Chemicals Limited,2025,FIT,devanagari_candidate,NOT_OBSERVED,t0.1_audit_detector,0,0,0,audit_detector_devanagari_candidate,1.0.0,NOT_REVIEWED,,raw_prop=devanagari_page_count,NOT_REVIEWED,DERIVED_RECONCILIATION
INE00FF01025_2025,Acutaas Chemicals Limited,2025,FIT,bilingual_candidate,NOT_OBSERVED,t0.1_audit_detector,0,0,0,audit_detector_bilingual_candidate,1.0.0,NOT_REVIEWED,,raw_prop=bilingual_candidate_page_count,NOT_REVIEWED,DERIVED_RECONCILIATION
INE00FF01025_2025,Acutaas Chemicals Limited,2025,FIT,two_column,CANDIDATE,t0.1_audit_detector,1,107,1,audit_detector_two_column,1.0.0,NOT_REVIEWED,,raw_prop=two_column_page_count,NOT_REVIEWED,DERIVED_RECONCILIATION
INE00FF01025_2025,Acutaas Chemicals Limited,2025,FIT,multi_column,CANDIDATE,t0.1_audit_detector,1,130,1,audit_detector_multi_column,1.0.0,NOT_REVIEWED,,raw_prop=multi_column_page_count,NOT_REVIEWED,DERIVED_RECONCILIATION
INE00FF01025_2025,Acutaas Chemicals Limited,2025,FIT,table_candidate,CANDIDATE,t0.1_audit_detector,1,203,1,audit_detector_table_candidate,1.0.0,NOT_REVIEWED,,raw_prop=table_candidate_page_count,NOT_REVIEWED,DERIVED_RECONCILIATION
INE00FF01025_2025,Acutaas Chemicals Limited,2025,FIT,header_candidate,CANDIDATE,t0.1_audit_detector,1,17,1,audit_detector_header_candidate,1.0.0,NOT_REVIEWED,,raw_prop=header_candidate_page_count,NOT_REVIEWED,DERIVED_RECONCILIATION
INE00FF01025_2025,Acutaas Chemicals Limited,2025,FIT,footer_candidate,NOT_OBSERVED,t0.1_audit_detector,0,0,0,audit_detector_footer_candidate,1.0.0,NOT_REVIEWED,,raw_prop=footer_candidate_page_count,NOT_REVIEWED,DERIVED_RECONCILIATION
INE00FF01025_2025,Acutaas Chemicals Limited,2025,FIT,toc_candidate,CANDIDATE,t0.1_audit_detector,1,True,1,audit_detector_toc_candidate,1.0.0,NOT_REVIEWED,,raw_prop=toc_candidate,NOT_REVIEWED,DERIVED_RECONCILIATION
INE00FF01025_2025,Acutaas Chemicals Limited,2025,FIT,deep_hierarchy_candidate,NOT_OBSERVED,t0.1_audit_detector,0,False,0,audit_detector_deep_hierarchy_candidate,1.0.0,NOT_REVIEWED,,raw_prop=deep_hierarchy_candidate,NOT_REVIEWED,DERIVED_RECONCILIATION
INE00FF01025_2025,Acutaas Chemicals Limited,2025,FIT,annexure_candidate,CANDIDATE,t0.1_audit_detector,1,True,1,audit_detector_annexure_candidate,1.0.0,NOT_REVIEWED,,raw_prop=annexure_candidate,NOT_REVIEWED,DERIVED_RECONCILIATION
INE00FF01025_2025,Acutaas Chemicals Limited,2025,FIT,combined_mdna_candidate,CANDIDATE,t0.1_audit_detector,1,True,1,audit_detector_combined_mdna_candidate,1.0.0,NOT_REVIEWED,,raw_prop=combined_mdna_candidate,NOT_REVIEWED,DERIVED_RECONCILIATION
INE00LO01017_2015,Craftsman Automation Limited,2015,FIT,native,CANDIDATE,t0.1_audit_detector,1,2,1,audit_detector_native,1.0.0,NOT_REVIEWED,,raw_prop=native_page_count,NOT_REVIEWED,DERIVED_RECONCILIATION
INE00LO01017_2015,Craftsman Automation Limited,2015,FIT,scanned,NOT_OBSERVED,t0.1_audit_detector,0,0,0,audit_detector_scanned,1.0.0,NOT_REVIEWED,,raw_prop=scanned_page_count,NOT_REVIEWED,DERIVED_RECONCILIATION
INE00LO01017_2015,Craftsman Automation Limited,2015,FIT,ocr_layer_candidate,NOT_OBSERVED,t0.1_audit_detector,0,0,0,audit_detector_ocr_layer_candidate,1.0.0,NOT_REVIEWED,,raw_prop=ocr_page_count,NOT_REVIEWED,DERIVED_RECONCILIATION
INE00LO01017_2015,Craftsman Automation Limited,2015,FIT,legacy_font_candidate,NOT_OBSERVED,t0.1_audit_detector,0,0,0,audit_detector_legacy_font_candidate,1.0.0,NOT_REVIEWED,,raw_prop=legacy_candidate_page_count,NOT_REVIEWED,DERIVED_RECONCILIATION
INE00LO01017_2015,Craftsman Automation Limited,2015,FIT,hidden_text_candidate,NOT_OBSERVED,t0.1_audit_detector,0,0,0,audit_detector_hidden_text_candidate,1.0.0,NOT_REVIEWED,,raw_prop=hidden_text_candidate_page_count,NOT_REVIEWED,DERIVED_RECONCILIATION
INE00LO01017_2015,Craftsman Automation Limited,2015,FIT,duplicate_text_candidate,NOT_OBSERVED,t0.1_audit_detector,0,0,0,audit_detector_duplicate_text_candidate,1.0.0,NOT_REVIEWED,,raw_prop=duplicate_text_candidate_page_count,NOT_REVIEWED,DERIVED_RECONCILIATION
INE00LO01017_2015,Craftsman Automation Limited,2015,FIT,devanagari_candidate,NOT_OBSERVED,t0.1_audit_detector,0,0,0,audit_detector_devanagari_candidate,1.0.0,NOT_REVIEWED,,raw_prop=devanagari_page_count,NOT_REVIEWED,DERIVED_RECONCILIATION
INE00LO01017_2015,Craftsman Automation Limited,2015,FIT,bilingual_candidate,NOT_OBSERVED,t0.1_audit_detector,0,0,0,audit_detector_bilingual_candidate,1.0.0,NOT_REVIEWED,,raw_prop=bilingual_candidate_page_count,NOT_REVIEWED,DERIVED_RECONCILIATION
INE00LO01017_2015,Craftsman Automation Limited,2015,FIT,two_column,NOT_OBSERVED,t0.1_audit_detector,0,0,0,audit_detector_two_column,1.0.0,NOT_REVIEWED,,raw_prop=two_column_page_count,NOT_REVIEWED,DERIVED_RECONCILIATION
INE00LO01017_2015,Craftsman Automation Limited,2015,FIT,multi_column,CANDIDATE,t0.1_audit_detector,1,1,1,audit_detector_multi_column,1.0.0,NOT_REVIEWED,,raw_prop=multi_column_page_count,NOT_REVIEWED,DERIVED_RECONCILIATION
INE00LO01017_2015,Craftsman Automation Limited,2015,FIT,table_candidate,CANDIDATE,t0.1_audit_detector,1,2,1,audit_detector_table_candidate,1.0.0,NOT_REVIEWED,,raw_prop=table_candidate_page_count,NOT_REVIEWED,DERIVED_RECONCILIATION
INE00LO01017_2015,Craftsman Automation Limited,2015,FIT,header_candidate,NOT_OBSERVED,t0.1_audit_detector,0,0,0,audit_detector_header_candidate,1.0.0,NOT_REVIEWED,,raw_prop=header_candidate_page_count,NOT_REVIEWED,DERIVED_RECONCILIATION
INE00LO01017_2015,Craftsman Automation Limited,2015,FIT,footer_candidate,CANDIDATE,t0.1_audit_detector,1,2,1,audit_detector_footer_candidate,1.0.0,NOT_REVIEWED,,raw_prop=footer_candidate_page_count,NOT_REVIEWED,DERIVED_RECONCILIATION
INE00LO01017_2015,Craftsman Automation Limited,2015,FIT,toc_candidate,NOT_OBSERVED,t0.1_audit_detector,0,False,0,audit_detector_toc_candidate,1.0.0,NOT_REVIEWED,,raw_prop=toc_candidate,NOT_REVIEWED,DERIVED_RECONCILIATION
INE00LO01017_2015,Craftsman Automation Limited,2015,FIT,deep_hierarchy_candidate,NOT_OBSERVED,t0.1_audit_detector,0,False,0,audit_detector_deep_hierarchy_candidate,1.0.0,NOT_REVIEWED,,raw_prop=deep_hierarchy_candidate,NOT_REVIEWED,DERIVED_RECONCILIATION
INE00LO01017_2015,Craftsman Automation Limited,2015,FIT,annexure_candidate,CANDIDATE,t0.1_audit_detector,1,True,1,audit_detector_annexure_candidate,1.0.0,NOT_REVIEWED,,raw_prop=annexure_candidate,NOT_REVIEWED,DERIVED_RECONCILIATION
INE00LO01017_2015,Craftsman Automation Limited,2015,FIT,combined_mdna_candidate,NOT_OBSERVED,t0.1_audit_detector,0,False,0,audit_detector_combined_mdna_candidate,1.0.0,NOT_REVIEWED,,raw_prop=combined_mdna_candidate,NOT_REVIEWED,DERIVED_RECONCILIATION
INE00LO01017_2024,Craftsman Automation Limited,2024,FIT,native,CANDIDATE,t0.1_audit_detector,1,127,1,audit_detector_native,1.0.0,NOT_REVIEWED,,raw_prop=native_page_count,NOT_REVIEWED,DERIVED_RECONCILIATION
INE00LO01017_2024,Craftsman Automation Limited,2024,FIT,scanned,NOT_OBSERVED,t0.1_audit_detector,0,0,0,audit_detector_scanned,1.0.0,NOT_REVIEWED,,raw_prop=scanned_page_count,NOT_REVIEWED,DERIVED_RECONCILIATION
INE00LO01017_2024,Craftsman Automation Limited,2024,FIT,ocr_layer_candidate,NOT_OBSERVED,t0.1_audit_detector,0,0,0,audit_detector_ocr_layer_candidate,1.0.0,NOT_REVIEWED,,raw_prop=ocr_page_count,NOT_REVIEWED,DERIVED_RECONCILIATION
INE00LO01017_2024,Craftsman Automation Limited,2024,FIT,legacy_font_candidate,CANDIDATE,t0.1_audit_detector,1,4,1,audit_detector_legacy_font_candidate,1.0.0,NOT_REVIEWED,,raw_prop=legacy_candidate_page_count,NOT_REVIEWED,DERIVED_RECONCILIATION
INE00LO01017_2024,Craftsman Automation Limited,2024,FIT,hidden_text_candidate,NOT_OBSERVED,t0.1_audit_detector,0,0,0,audit_detector_hidden_text_candidate,1.0.0,NOT_REVIEWED,,raw_prop=hidden_text_candidate_page_count,NOT_REVIEWED,DERIVED_RECONCILIATION
INE00LO01017_2024,Craftsman Automation Limited,2024,FIT,duplicate_text_candidate,NOT_OBSERVED,t0.1_audit_detector,0,0,0,audit_detector_duplicate_text_candidate,1.0.0,NOT_REVIEWED,,raw_prop=duplicate_text_candidate_page_count,NOT_REVIEWED,DERIVED_RECONCILIATION
INE00LO01017_2024,Craftsman Automation Limited,2024,FIT,devanagari_candidate,NOT_OBSERVED,t0.1_audit_detector,0,0,0,audit_detector_devanagari_candidate,1.0.0,NOT_REVIEWED,,raw_prop=devanagari_page_count,NOT_REVIEWED,DERIVED_RECONCILIATION
INE00LO01017_2024,Craftsman Automation Limited,2024,FIT,bilingual_candidate,NOT_OBSERVED,t0.1_audit_detector,0,0,0,audit_detector_bilingual_candidate,1.0.0,NOT_REVIEWED,,raw_prop=bilingual_candidate_page_count,NOT_REVIEWED,DERIVED_RECONCILIATION
INE00LO01017_2024,Craftsman Automation Limited,2024,FIT,two_column,CANDIDATE,t0.1_audit_detector,1,120,1,audit_detector_two_column,1.0.0,NOT_REVIEWED,,raw_prop=two_column_page_count,NOT_REVIEWED,DERIVED_RECONCILIATION
INE00LO01017_2024,Craftsman Automation Limited,2024,FIT,multi_column,CANDIDATE,t0.1_audit_detector,1,1,1,audit_detector_multi_column,1.0.0,NOT_REVIEWED,,raw_prop=multi_column_page_count,NOT_REVIEWED,DERIVED_RECONCILIATION
INE00LO01017_2024,Craftsman Automation Limited,2024,FIT,table_candidate,CANDIDATE,t0.1_audit_detector,1,95,1,audit_detector_table_candidate,1.0.0,NOT_REVIEWED,,raw_prop=table_candidate_page_count,NOT_REVIEWED,DERIVED_RECONCILIATION
INE00LO01017_2024,Craftsman Automation Limited,2024,FIT,header_candidate,CANDIDATE,t0.1_audit_detector,1,124,1,audit_detector_header_candidate,1.0.0,NOT_REVIEWED,,raw_prop=header_candidate_page_count,NOT_REVIEWED,DERIVED_RECONCILIATION
INE00LO01017_2024,Craftsman Automation Limited,2024,FIT,footer_candidate,CANDIDATE,t0.1_audit_detector,1,124,1,audit_detector_footer_candidate,1.0.0,NOT_REVIEWED,,raw_prop=footer_candidate_page_count,NOT_REVIEWED,DERIVED_RECONCILIATION
INE00LO01017_2024,Craftsman Automation Limited,2024,FIT,toc_candidate,CANDIDATE,t0.1_audit_detector,1,True,1,audit_detector_toc_candidate,1.0.0,NOT_REVIEWED,,raw_prop=toc_candidate,NOT_REVIEWED,DERIVED_RECONCILIATION
INE00LO01017_2024,Craftsman Automation Limited,2024,FIT,deep_hierarchy_candidate,CANDIDATE,t0.1_audit_detector,1,True,1,audit_detector_deep_hierarchy_candidate,1.0.0,NOT_REVIEWED,,raw_prop=deep_hierarchy_candidate,NOT_REVIEWED,DERIVED_RECONCILIATION
INE00LO01017_2024,Craftsman Automation Limited,2024,FIT,annexure_candidate,CANDIDATE,t0.1_audit_detector,1,True,1,audit_detector_annexure_candidate,1.0.0,NOT_REVIEWED,,raw_prop=annexure_candidate,NOT_REVIEWED,DERIVED_RECONCILIATION
INE00LO01017_2024,Craftsman Automation Limited,2024,FIT,combined_mdna_candidate,CANDIDATE,t0.1_audit_detector,1,True,1,audit_detector_combined_mdna_candidate,1.0.0,NOT_REVIEWED,,raw_prop=combined_mdna_candidate,NOT_REVIEWED,DERIVED_RECONCILIATION
INE00LO01017_2025,Craftsman Automation Limited,2025,FIT,native,CANDIDATE,t0.1_audit_detector,1,241,1,audit_detector_native,1.0.0,NOT_REVIEWED,,raw_prop=native_page_count,NOT_REVIEWED,DERIVED_RECONCILIATION
INE00LO01017_2025,Craftsman Automation Limited,2025,FIT,scanned,NOT_OBSERVED,t0.1_audit_detector,0,0,0,audit_detector_scanned,1.0.0,NOT_REVIEWED,,raw_prop=scanned_page_count,NOT_REVIEWED,DERIVED_RECONCILIATION
INE00LO01017_2025,Craftsman Automation Limited,2025,FIT,ocr_layer_candidate,NOT_OBSERVED,t0.1_audit_detector,0,0,0,audit_detector_ocr_layer_candidate,1.0.0,NOT_REVIEWED,,raw_prop=ocr_page_count,NOT_REVIEWED,DERIVED_RECONCILIATION
INE00LO01017_2025,Craftsman Automation Limited,2025,FIT,legacy_font_candidate,NOT_OBSERVED,t0.1_audit_detector,0,0,0,audit_detector_legacy_font_candidate,1.0.0,NOT_REVIEWED,,raw_prop=legacy_candidate_page_count,NOT_REVIEWED,DERIVED_RECONCILIATION
INE00LO01017_2025,Craftsman Automation Limited,2025,FIT,hidden_text_candidate,NOT_OBSERVED,t0.1_audit_detector,0,0,0,audit_detector_hidden_text_candidate,1.0.0,NOT_REVIEWED,,raw_prop=hidden_text_candidate_page_count,NOT_REVIEWED,DERIVED_RECONCILIATION
INE00LO01017_2025,Craftsman Automation Limited,2025,FIT,duplicate_text_candidate,NOT_OBSERVED,t0.1_audit_detector,0,0,0,audit_detector_duplicate_text_candidate,1.0.0,NOT_REVIEWED,,raw_prop=duplicate_text_candidate_page_count,NOT_REVIEWED,DERIVED_RECONCILIATION
INE00LO01017_2025,Craftsman Automation Limited,2025,FIT,devanagari_candidate,NOT_OBSERVED,t0.1_audit_detector,0,0,0,audit_detector_devanagari_candidate,1.0.0,NOT_REVIEWED,,raw_prop=devanagari_page_count,NOT_REVIEWED,DERIVED_RECONCILIATION
INE00LO01017_2025,Craftsman Automation Limited,2025,FIT,bilingual_candidate,NOT_OBSERVED,t0.1_audit_detector,0,0,0,audit_detector_bilingual_candidate,1.0.0,NOT_REVIEWED,,raw_prop=bilingual_candidate_page_count,NOT_REVIEWED,DERIVED_RECONCILIATION
INE00LO01017_2025,Craftsman Automation Limited,2025,FIT,two_column,CANDIDATE,t0.1_audit_detector,1,73,1,audit_detector_two_column,1.0.0,NOT_REVIEWED,,raw_prop=two_column_page_count,NOT_REVIEWED,DERIVED_RECONCILIATION
INE00LO01017_2025,Craftsman Automation Limited,2025,FIT,multi_column,CANDIDATE,t0.1_audit_detector,1,155,1,audit_detector_multi_column,1.0.0,NOT_REVIEWED,,raw_prop=multi_column_page_count,NOT_REVIEWED,DERIVED_RECONCILIATION
INE00LO01017_2025,Craftsman Automation Limited,2025,FIT,table_candidate,CANDIDATE,t0.1_audit_detector,1,179,1,audit_detector_table_candidate,1.0.0,NOT_REVIEWED,,raw_prop=table_candidate_page_count,NOT_REVIEWED,DERIVED_RECONCILIATION
INE00LO01017_2025,Craftsman Automation Limited,2025,FIT,header_candidate,NOT_OBSERVED,t0.1_audit_detector,0,0,0,audit_detector_header_candidate,1.0.0,NOT_REVIEWED,,raw_prop=header_candidate_page_count,NOT_REVIEWED,DERIVED_RECONCILIATION
INE00LO01017_2025,Craftsman Automation Limited,2025,FIT,footer_candidate,CANDIDATE,t0.1_audit_detector,1,239,1,audit_detector_footer_candidate,1.0.0,NOT_REVIEWED,,raw_prop=footer_candidate_page_count,NOT_REVIEWED,DERIVED_RECONCILIATION
INE00LO01017_2025,Craftsman Automation Limited,2025,FIT,toc_candidate,NOT_OBSERVED,t0.1_audit_detector,0,False,0,audit_detector_toc_candidate,1.0.0,NOT_REVIEWED,,raw_prop=toc_candidate,NOT_REVIEWED,DERIVED_RECONCILIATION
INE00LO01017_2025,Craftsman Automation Limited,2025,FIT,deep_hierarchy_candidate,NOT_OBSERVED,t0.1_audit_detector,0,False,0,audit_detector_deep_hierarchy_candidate,1.0.0,NOT_REVIEWED,,raw_prop=deep_hierarchy_candidate,NOT_REVIEWED,DERIVED_RECONCILIATION
INE00LO01017_2025,Craftsman Automation Limited,2025,FIT,annexure_candidate,CANDIDATE,t0.1_audit_detector,1,True,1,audit_detector_annexure_candidate,1.0.0,NOT_REVIEWED,,raw_prop=annexure_candidate,NOT_REVIEWED,DERIVED_RECONCILIATION
INE00LO01017_2025,Craftsman Automation Limited,2025,FIT,combined_mdna_candidate,CANDIDATE,t0.1_audit_detector,1,True,1,audit_detector_combined_mdna_candidate,1.0.0,NOT_REVIEWED,,raw_prop=combined_mdna_candidate,NOT_REVIEWED,DERIVED_RECONCILIATION
INE00WC01027_2024,Affle 3i Limited,2024,VALIDATION,native,CANDIDATE,t0.1_audit_detector,1,207,1,audit_detector_native,1.0.0,NOT_REVIEWED,,raw_prop=native_page_count,NOT_REVIEWED,DERIVED_RECONCILIATION
INE00WC01027_2024,Affle 3i Limited,2024,VALIDATION,scanned,NOT_OBSERVED,t0.1_audit_detector,0,0,0,audit_detector_scanned,1.0.0,NOT_REVIEWED,,raw_prop=scanned_page_count,NOT_REVIEWED,DERIVED_RECONCILIATION
INE00WC01027_2024,Affle 3i Limited,2024,VALIDATION,ocr_layer_candidate,NOT_OBSERVED,t0.1_audit_detector,0,0,0,audit_detector_ocr_layer_candidate,1.0.0,NOT_REVIEWED,,raw_prop=ocr_page_count,NOT_REVIEWED,DERIVED_RECONCILIATION
INE00WC01027_2024,Affle 3i Limited,2024,VALIDATION,legacy_font_candidate,NOT_OBSERVED,t0.1_audit_detector,0,0,0,audit_detector_legacy_font_candidate,1.0.0,NOT_REVIEWED,,raw_prop=legacy_candidate_page_count,NOT_REVIEWED,DERIVED_RECONCILIATION
INE00WC01027_2024,Affle 3i Limited,2024,VALIDATION,hidden_text_candidate,NOT_OBSERVED,t0.1_audit_detector,0,0,0,audit_detector_hidden_text_candidate,1.0.0,NOT_REVIEWED,,raw_prop=hidden_text_candidate_page_count,NOT_REVIEWED,DERIVED_RECONCILIATION
INE00WC01027_2024,Affle 3i Limited,2024,VALIDATION,duplicate_text_candidate,CANDIDATE,t0.1_audit_detector,1,1,1,audit_detector_duplicate_text_candidate,1.0.0,NOT_REVIEWED,,raw_prop=duplicate_text_candidate_page_count,NOT_REVIEWED,DERIVED_RECONCILIATION
INE00WC01027_2024,Affle 3i Limited,2024,VALIDATION,devanagari_candidate,NOT_OBSERVED,t0.1_audit_detector,0,0,0,audit_detector_devanagari_candidate,1.0.0,NOT_REVIEWED,,raw_prop=devanagari_page_count,NOT_REVIEWED,DERIVED_RECONCILIATION
INE00WC01027_2024,Affle 3i Limited,2024,VALIDATION,bilingual_candidate,NOT_OBSERVED,t0.1_audit_detector,0,0,0,audit_detector_bilingual_candidate,1.0.0,NOT_REVIEWED,,raw_prop=bilingual_candidate_page_count,NOT_REVIEWED,DERIVED_RECONCILIATION
INE00WC01027_2024,Affle 3i Limited,2024,VALIDATION,two_column,CANDIDATE,t0.1_audit_detector,1,200,1,audit_detector_two_column,1.0.0,NOT_REVIEWED,,raw_prop=two_column_page_count,NOT_REVIEWED,DERIVED_RECONCILIATION
INE00WC01027_2024,Affle 3i Limited,2024,VALIDATION,multi_column,CANDIDATE,t0.1_audit_detector,1,4,1,audit_detector_multi_column,1.0.0,NOT_REVIEWED,,raw_prop=multi_column_page_count,NOT_REVIEWED,DERIVED_RECONCILIATION
INE00WC01027_2024,Affle 3i Limited,2024,VALIDATION,table_candidate,CANDIDATE,t0.1_audit_detector,1,204,1,audit_detector_table_candidate,1.0.0,NOT_REVIEWED,,raw_prop=table_candidate_page_count,NOT_REVIEWED,DERIVED_RECONCILIATION
INE00WC01027_2024,Affle 3i Limited,2024,VALIDATION,header_candidate,CANDIDATE,t0.1_audit_detector,1,197,1,audit_detector_header_candidate,1.0.0,NOT_REVIEWED,,raw_prop=header_candidate_page_count,NOT_REVIEWED,DERIVED_RECONCILIATION
INE00WC01027_2024,Affle 3i Limited,2024,VALIDATION,footer_candidate,NOT_OBSERVED,t0.1_audit_detector,0,0,0,audit_detector_footer_candidate,1.0.0,NOT_REVIEWED,,raw_prop=footer_candidate_page_count,NOT_REVIEWED,DERIVED_RECONCILIATION
INE00WC01027_2024,Affle 3i Limited,2024,VALIDATION,toc_candidate,CANDIDATE,t0.1_audit_detector,1,True,1,audit_detector_toc_candidate,1.0.0,NOT_REVIEWED,,raw_prop=toc_candidate,NOT_REVIEWED,DERIVED_RECONCILIATION
INE00WC01027_2024,Affle 3i Limited,2024,VALIDATION,deep_hierarchy_candidate,NOT_OBSERVED,t0.1_audit_detector,0,False,0,audit_detector_deep_hierarchy_candidate,1.0.0,NOT_REVIEWED,,raw_prop=deep_hierarchy_candidate,NOT_REVIEWED,DERIVED_RECONCILIATION
INE00WC01027_2024,Affle 3i Limited,2024,VALIDATION,annexure_candidate,CANDIDATE,t0.1_audit_detector,1,True,1,audit_detector_annexure_candidate,1.0.0,NOT_REVIEWED,,raw_prop=annexure_candidate,NOT_REVIEWED,DERIVED_RECONCILIATION
INE00WC01027_2024,Affle 3i Limited,2024,VALIDATION,combined_mdna_candidate,NOT_OBSERVED,t0.1_audit_detector,0,False,0,audit_detector_combined_mdna_candidate,1.0.0,NOT_REVIEWED,,raw_prop=combined_mdna_candidate,NOT_REVIEWED,DERIVED_RECONCILIATION
INE00WC01027_2025,Affle 3i Limited,2025,VALIDATION,native,CANDIDATE,t0.1_audit_detector,1,207,1,audit_detector_native,1.0.0,NOT_REVIEWED,,raw_prop=native_page_count,NOT_REVIEWED,DERIVED_RECONCILIATION
INE00WC01027_2025,Affle 3i Limited,2025,VALIDATION,scanned,NOT_OBSERVED,t0.1_audit_detector,0,0,0,audit_detector_scanned,1.0.0,NOT_REVIEWED,,raw_prop=scanned_page_count,NOT_REVIEWED,DERIVED_RECONCILIATION
INE00WC01027_2025,Affle 3i Limited,2025,VALIDATION,ocr_layer_candidate,NOT_OBSERVED,t0.1_audit_detector,0,0,0,audit_detector_ocr_layer_candidate,1.0.0,NOT_REVIEWED,,raw_prop=ocr_page_count,NOT_REVIEWED,DERIVED_RECONCILIATION
INE00WC01027_2025,Affle 3i Limited,2025,VALIDATION,legacy_font_candidate,NOT_OBSERVED,t0.1_audit_detector,0,0,0,audit_detector_legacy_font_candidate,1.0.0,NOT_REVIEWED,,raw_prop=legacy_candidate_page_count,NOT_REVIEWED,DERIVED_RECONCILIATION
INE00WC01027_2025,Affle 3i Limited,2025,VALIDATION,hidden_text_candidate,NOT_OBSERVED,t0.1_audit_detector,0,0,0,audit_detector_hidden_text_candidate,1.0.0,NOT_REVIEWED,,raw_prop=hidden_text_candidate_page_count,NOT_REVIEWED,DERIVED_RECONCILIATION
INE00WC01027_2025,Affle 3i Limited,2025,VALIDATION,duplicate_text_candidate,NOT_OBSERVED,t0.1_audit_detector,0,0,0,audit_detector_duplicate_text_candidate,1.0.0,NOT_REVIEWED,,raw_prop=duplicate_text_candidate_page_count,NOT_REVIEWED,DERIVED_RECONCILIATION
INE00WC01027_2025,Affle 3i Limited,2025,VALIDATION,devanagari_candidate,NOT_OBSERVED,t0.1_audit_detector,0,0,0,audit_detector_devanagari_candidate,1.0.0,NOT_REVIEWED,,raw_prop=devanagari_page_count,NOT_REVIEWED,DERIVED_RECONCILIATION
INE00WC01027_2025,Affle 3i Limited,2025,VALIDATION,bilingual_candidate,NOT_OBSERVED,t0.1_audit_detector,0,0,0,audit_detector_bilingual_candidate,1.0.0,NOT_REVIEWED,,raw_prop=bilingual_candidate_page_count,NOT_REVIEWED,DERIVED_RECONCILIATION
INE00WC01027_2025,Affle 3i Limited,2025,VALIDATION,two_column,CANDIDATE,t0.1_audit_detector,1,203,1,audit_detector_two_column,1.0.0,NOT_REVIEWED,,raw_prop=two_column_page_count,NOT_REVIEWED,DERIVED_RECONCILIATION
INE00WC01027_2025,Affle 3i Limited,2025,VALIDATION,multi_column,CANDIDATE,t0.1_audit_detector,1,2,1,audit_detector_multi_column,1.0.0,NOT_REVIEWED,,raw_prop=multi_column_page_count,NOT_REVIEWED,DERIVED_RECONCILIATION
INE00WC01027_2025,Affle 3i Limited,2025,VALIDATION,table_candidate,CANDIDATE,t0.1_audit_detector,1,159,1,audit_detector_table_candidate,1.0.0,NOT_REVIEWED,,raw_prop=table_candidate_page_count,NOT_REVIEWED,DERIVED_RECONCILIATION
INE00WC01027_2025,Affle 3i Limited,2025,VALIDATION,header_candidate,CANDIDATE,t0.1_audit_detector,1,193,1,audit_detector_header_candidate,1.0.0,NOT_REVIEWED,,raw_prop=header_candidate_page_count,NOT_REVIEWED,DERIVED_RECONCILIATION
INE00WC01027_2025,Affle 3i Limited,2025,VALIDATION,footer_candidate,CANDIDATE,t0.1_audit_detector,1,2,1,audit_detector_footer_candidate,1.0.0,NOT_REVIEWED,,raw_prop=footer_candidate_page_count,NOT_REVIEWED,DERIVED_RECONCILIATION
INE00WC01027_2025,Affle 3i Limited,2025,VALIDATION,toc_candidate,CANDIDATE,t0.1_audit_detector,1,True,1,audit_detector_toc_candidate,1.0.0,NOT_REVIEWED,,raw_prop=toc_candidate,NOT_REVIEWED,DERIVED_RECONCILIATION
INE00WC01027_2025,Affle 3i Limited,2025,VALIDATION,deep_hierarchy_candidate,NOT_OBSERVED,t0.1_audit_detector,0,False,0,audit_detector_deep_hierarchy_candidate,1.0.0,NOT_REVIEWED,,raw_prop=deep_hierarchy_candidate,NOT_REVIEWED,DERIVED_RECONCILIATION
INE00WC01027_2025,Affle 3i Limited,2025,VALIDATION,annexure_candidate,CANDIDATE,t0.1_audit_detector,1,True,1,audit_detector_annexure_candidate,1.0.0,NOT_REVIEWED,,raw_prop=annexure_candidate,NOT_REVIEWED,DERIVED_RECONCILIATION
INE00WC01027_2025,Affle 3i Limited,2025,VALIDATION,combined_mdna_candidate,NOT_OBSERVED,t0.1_audit_detector,0,False,0,audit_detector_combined_mdna_candidate,1.0.0,NOT_REVIEWED,,raw_prop=combined_mdna_candidate,NOT_REVIEWED,DERIVED_RECONCILIATION
INE040A01034_2012,HDFC Bank Limited,2012,FIT,native,CANDIDATE,t0.1_audit_detector,1,155,1,audit_detector_native,1.0.0,NOT_REVIEWED,,raw_prop=native_page_count,NOT_REVIEWED,DERIVED_RECONCILIATION
INE040A01034_2012,HDFC Bank Limited,2012,FIT,scanned,CANDIDATE,t0.1_audit_detector,1,2,1,audit_detector_scanned,1.0.0,NOT_REVIEWED,,raw_prop=scanned_page_count,NOT_REVIEWED,DERIVED_RECONCILIATION
INE040A01034_2012,HDFC Bank Limited,2012,FIT,ocr_layer_candidate,NOT_OBSERVED,t0.1_audit_detector,0,0,0,audit_detector_ocr_layer_candidate,1.0.0,NOT_REVIEWED,,raw_prop=ocr_page_count,NOT_REVIEWED,DERIVED_RECONCILIATION
INE040A01034_2012,HDFC Bank Limited,2012,FIT,legacy_font_candidate,NOT_OBSERVED,t0.1_audit_detector,0,0,0,audit_detector_legacy_font_candidate,1.0.0,NOT_REVIEWED,,raw_prop=legacy_candidate_page_count,NOT_REVIEWED,DERIVED_RECONCILIATION
INE040A01034_2012,HDFC Bank Limited,2012,FIT,hidden_text_candidate,NOT_OBSERVED,t0.1_audit_detector,0,0,0,audit_detector_hidden_text_candidate,1.0.0,NOT_REVIEWED,,raw_prop=hidden_text_candidate_page_count,NOT_REVIEWED,DERIVED_RECONCILIATION
INE040A01034_2012,HDFC Bank Limited,2012,FIT,duplicate_text_candidate,NOT_OBSERVED,t0.1_audit_detector,0,0,0,audit_detector_duplicate_text_candidate,1.0.0,NOT_REVIEWED,,raw_prop=duplicate_text_candidate_page_count,NOT_REVIEWED,DERIVED_RECONCILIATION
INE040A01034_2012,HDFC Bank Limited,2012,FIT,devanagari_candidate,NOT_OBSERVED,t0.1_audit_detector,0,0,0,audit_detector_devanagari_candidate,1.0.0,NOT_REVIEWED,,raw_prop=devanagari_page_count,NOT_REVIEWED,DERIVED_RECONCILIATION
INE040A01034_2012,HDFC Bank Limited,2012,FIT,bilingual_candidate,NOT_OBSERVED,t0.1_audit_detector,0,0,0,audit_detector_bilingual_candidate,1.0.0,NOT_REVIEWED,,raw_prop=bilingual_candidate_page_count,NOT_REVIEWED,DERIVED_RECONCILIATION
INE040A01034_2012,HDFC Bank Limited,2012,FIT,two_column,CANDIDATE,t0.1_audit_detector,1,25,1,audit_detector_two_column,1.0.0,NOT_REVIEWED,,raw_prop=two_column_page_count,NOT_REVIEWED,DERIVED_RECONCILIATION
INE040A01034_2012,HDFC Bank Limited,2012,FIT,multi_column,CANDIDATE,t0.1_audit_detector,1,111,1,audit_detector_multi_column,1.0.0,NOT_REVIEWED,,raw_prop=multi_column_page_count,NOT_REVIEWED,DERIVED_RECONCILIATION
INE040A01034_2012,HDFC Bank Limited,2012,FIT,table_candidate,CANDIDATE,t0.1_audit_detector,1,164,1,audit_detector_table_candidate,1.0.0,NOT_REVIEWED,,raw_prop=table_candidate_page_count,NOT_REVIEWED,DERIVED_RECONCILIATION
INE040A01034_2012,HDFC Bank Limited,2012,FIT,header_candidate,CANDIDATE,t0.1_audit_detector,1,137,1,audit_detector_header_candidate,1.0.0,NOT_REVIEWED,,raw_prop=header_candidate_page_count,NOT_REVIEWED,DERIVED_RECONCILIATION
INE040A01034_2012,HDFC Bank Limited,2012,FIT,footer_candidate,CANDIDATE,t0.1_audit_detector,1,141,1,audit_detector_footer_candidate,1.0.0,NOT_REVIEWED,,raw_prop=footer_candidate_page_count,NOT_REVIEWED,DERIVED_RECONCILIATION
INE040A01034_2012,HDFC Bank Limited,2012,FIT,toc_candidate,CANDIDATE,t0.1_audit_detector,1,True,1,audit_detector_toc_candidate,1.0.0,NOT_REVIEWED,,raw_prop=toc_candidate,NOT_REVIEWED,DERIVED_RECONCILIATION
INE040A01034_2012,HDFC Bank Limited,2012,FIT,deep_hierarchy_candidate,NOT_OBSERVED,t0.1_audit_detector,0,False,0,audit_detector_deep_hierarchy_candidate,1.0.0,NOT_REVIEWED,,raw_prop=deep_hierarchy_candidate,NOT_REVIEWED,DERIVED_RECONCILIATION
INE040A01034_2012,HDFC Bank Limited,2012,FIT,annexure_candidate,CANDIDATE,t0.1_audit_detector,1,True,1,audit_detector_annexure_candidate,1.0.0,NOT_REVIEWED,,raw_prop=annexure_candidate,NOT_REVIEWED,DERIVED_RECONCILIATION
INE040A01034_2012,HDFC Bank Limited,2012,FIT,combined_mdna_candidate,NOT_OBSERVED,t0.1_audit_detector,0,False,0,audit_detector_combined_mdna_candidate,1.0.0,NOT_REVIEWED,,raw_prop=combined_mdna_candidate,NOT_REVIEWED,DERIVED_RECONCILIATION
INE040A01034_2013,HDFC Bank Limited,2013,FIT,native,CANDIDATE,t0.1_audit_detector,1,166,1,audit_detector_native,1.0.0,NOT_REVIEWED,,raw_prop=native_page_count,NOT_REVIEWED,DERIVED_RECONCILIATION
INE040A01034_2013,HDFC Bank Limited,2013,FIT,scanned,CANDIDATE,t0.1_audit_detector,1,1,1,audit_detector_scanned,1.0.0,NOT_REVIEWED,,raw_prop=scanned_page_count,NOT_REVIEWED,DERIVED_RECONCILIATION
INE040A01034_2013,HDFC Bank Limited,2013,FIT,ocr_layer_candidate,CANDIDATE,t0.1_audit_detector,1,1,1,audit_detector_ocr_layer_candidate,1.0.0,NOT_REVIEWED,,raw_prop=ocr_page_count,NOT_REVIEWED,DERIVED_RECONCILIATION
INE040A01034_2013,HDFC Bank Limited,2013,FIT,legacy_font_candidate,CANDIDATE,t0.1_audit_detector,1,5,1,audit_detector_legacy_font_candidate,1.0.0,NOT_REVIEWED,,raw_prop=legacy_candidate_page_count,NOT_REVIEWED,DERIVED_RECONCILIATION
INE040A01034_2013,HDFC Bank Limited,2013,FIT,hidden_text_candidate,NOT_OBSERVED,t0.1_audit_detector,0,0,0,audit_detector_hidden_text_candidate,1.0.0,NOT_REVIEWED,,raw_prop=hidden_text_candidate_page_count,NOT_REVIEWED,DERIVED_RECONCILIATION
INE040A01034_2013,HDFC Bank Limited,2013,FIT,duplicate_text_candidate,NOT_OBSERVED,t0.1_audit_detector,0,0,0,audit_detector_duplicate_text_candidate,1.0.0,NOT_REVIEWED,,raw_prop=duplicate_text_candidate_page_count,NOT_REVIEWED,DERIVED_RECONCILIATION
INE040A01034_2013,HDFC Bank Limited,2013,FIT,devanagari_candidate,NOT_OBSERVED,t0.1_audit_detector,0,0,0,audit_detector_devanagari_candidate,1.0.0,NOT_REVIEWED,,raw_prop=devanagari_page_count,NOT_REVIEWED,DERIVED_RECONCILIATION
INE040A01034_2013,HDFC Bank Limited,2013,FIT,bilingual_candidate,NOT_OBSERVED,t0.1_audit_detector,0,0,0,audit_detector_bilingual_candidate,1.0.0,NOT_REVIEWED,,raw_prop=bilingual_candidate_page_count,NOT_REVIEWED,DERIVED_RECONCILIATION
INE040A01034_2013,HDFC Bank Limited,2013,FIT,two_column,CANDIDATE,t0.1_audit_detector,1,30,1,audit_detector_two_column,1.0.0,NOT_REVIEWED,,raw_prop=two_column_page_count,NOT_REVIEWED,DERIVED_RECONCILIATION
INE040A01034_2013,HDFC Bank Limited,2013,FIT,multi_column,CANDIDATE,t0.1_audit_detector,1,107,1,audit_detector_multi_column,1.0.0,NOT_REVIEWED,,raw_prop=multi_column_page_count,NOT_REVIEWED,DERIVED_RECONCILIATION
INE040A01034_2013,HDFC Bank Limited,2013,FIT,table_candidate,CANDIDATE,t0.1_audit_detector,1,180,1,audit_detector_table_candidate,1.0.0,NOT_REVIEWED,,raw_prop=table_candidate_page_count,NOT_REVIEWED,DERIVED_RECONCILIATION
INE040A01034_2013,HDFC Bank Limited,2013,FIT,header_candidate,CANDIDATE,t0.1_audit_detector,1,151,1,audit_detector_header_candidate,1.0.0,NOT_REVIEWED,,raw_prop=header_candidate_page_count,NOT_REVIEWED,DERIVED_RECONCILIATION
INE040A01034_2013,HDFC Bank Limited,2013,FIT,footer_candidate,CANDIDATE,t0.1_audit_detector,1,161,1,audit_detector_footer_candidate,1.0.0,NOT_REVIEWED,,raw_prop=footer_candidate_page_count,NOT_REVIEWED,DERIVED_RECONCILIATION
INE040A01034_2013,HDFC Bank Limited,2013,FIT,toc_candidate,CANDIDATE,t0.1_audit_detector,1,True,1,audit_detector_toc_candidate,1.0.0,NOT_REVIEWED,,raw_prop=toc_candidate,NOT_REVIEWED,DERIVED_RECONCILIATION
INE040A01034_2013,HDFC Bank Limited,2013,FIT,deep_hierarchy_candidate,NOT_OBSERVED,t0.1_audit_detector,0,False,0,audit_detector_deep_hierarchy_candidate,1.0.0,NOT_REVIEWED,,raw_prop=deep_hierarchy_candidate,NOT_REVIEWED,DERIVED_RECONCILIATION
INE040A01034_2013,HDFC Bank Limited,2013,FIT,annexure_candidate,CANDIDATE,t0.1_audit_detector,1,True,1,audit_detector_annexure_candidate,1.0.0,NOT_REVIEWED,,raw_prop=annexure_candidate,NOT_REVIEWED,DERIVED_RECONCILIATION
INE040A01034_2013,HDFC Bank Limited,2013,FIT,combined_mdna_candidate,NOT_OBSERVED,t0.1_audit_detector,0,False,0,audit_detector_combined_mdna_candidate,1.0.0,NOT_REVIEWED,,raw_prop=combined_mdna_candidate,NOT_REVIEWED,DERIVED_RECONCILIATION
INE040A01034_2017,HDFC Bank Limited,2017,FIT,native,CANDIDATE,t0.1_audit_detector,1,208,1,audit_detector_native,1.0.0,NOT_REVIEWED,,raw_prop=native_page_count,NOT_REVIEWED,DERIVED_RECONCILIATION
INE040A01034_2017,HDFC Bank Limited,2017,FIT,scanned,CANDIDATE,t0.1_audit_detector,1,2,1,audit_detector_scanned,1.0.0,NOT_REVIEWED,,raw_prop=scanned_page_count,NOT_REVIEWED,DERIVED_RECONCILIATION
INE040A01034_2017,HDFC Bank Limited,2017,FIT,ocr_layer_candidate,NOT_OBSERVED,t0.1_audit_detector,0,0,0,audit_detector_ocr_layer_candidate,1.0.0,NOT_REVIEWED,,raw_prop=ocr_page_count,NOT_REVIEWED,DERIVED_RECONCILIATION
INE040A01034_2017,HDFC Bank Limited,2017,FIT,legacy_font_candidate,CANDIDATE,t0.1_audit_detector,1,22,1,audit_detector_legacy_font_candidate,1.0.0,NOT_REVIEWED,,raw_prop=legacy_candidate_page_count,NOT_REVIEWED,DERIVED_RECONCILIATION
INE040A01034_2017,HDFC Bank Limited,2017,FIT,hidden_text_candidate,NOT_OBSERVED,t0.1_audit_detector,0,0,0,audit_detector_hidden_text_candidate,1.0.0,NOT_REVIEWED,,raw_prop=hidden_text_candidate_page_count,NOT_REVIEWED,DERIVED_RECONCILIATION
INE040A01034_2017,HDFC Bank Limited,2017,FIT,duplicate_text_candidate,NOT_OBSERVED,t0.1_audit_detector,0,0,0,audit_detector_duplicate_text_candidate,1.0.0,NOT_REVIEWED,,raw_prop=duplicate_text_candidate_page_count,NOT_REVIEWED,DERIVED_RECONCILIATION
INE040A01034_2017,HDFC Bank Limited,2017,FIT,devanagari_candidate,NOT_OBSERVED,t0.1_audit_detector,0,0,0,audit_detector_devanagari_candidate,1.0.0,NOT_REVIEWED,,raw_prop=devanagari_page_count,NOT_REVIEWED,DERIVED_RECONCILIATION
INE040A01034_2017,HDFC Bank Limited,2017,FIT,bilingual_candidate,NOT_OBSERVED,t0.1_audit_detector,0,0,0,audit_detector_bilingual_candidate,1.0.0,NOT_REVIEWED,,raw_prop=bilingual_candidate_page_count,NOT_REVIEWED,DERIVED_RECONCILIATION
INE040A01034_2017,HDFC Bank Limited,2017,FIT,two_column,CANDIDATE,t0.1_audit_detector,1,47,1,audit_detector_two_column,1.0.0,NOT_REVIEWED,,raw_prop=two_column_page_count,NOT_REVIEWED,DERIVED_RECONCILIATION
INE040A01034_2017,HDFC Bank Limited,2017,FIT,multi_column,CANDIDATE,t0.1_audit_detector,1,152,1,audit_detector_multi_column,1.0.0,NOT_REVIEWED,,raw_prop=multi_column_page_count,NOT_REVIEWED,DERIVED_RECONCILIATION
INE040A01034_2017,HDFC Bank Limited,2017,FIT,table_candidate,CANDIDATE,t0.1_audit_detector,1,220,1,audit_detector_table_candidate,1.0.0,NOT_REVIEWED,,raw_prop=table_candidate_page_count,NOT_REVIEWED,DERIVED_RECONCILIATION
INE040A01034_2017,HDFC Bank Limited,2017,FIT,header_candidate,CANDIDATE,t0.1_audit_detector,1,190,1,audit_detector_header_candidate,1.0.0,NOT_REVIEWED,,raw_prop=header_candidate_page_count,NOT_REVIEWED,DERIVED_RECONCILIATION
INE040A01034_2017,HDFC Bank Limited,2017,FIT,footer_candidate,CANDIDATE,t0.1_audit_detector,1,185,1,audit_detector_footer_candidate,1.0.0,NOT_REVIEWED,,raw_prop=footer_candidate_page_count,NOT_REVIEWED,DERIVED_RECONCILIATION
INE040A01034_2017,HDFC Bank Limited,2017,FIT,toc_candidate,CANDIDATE,t0.1_audit_detector,1,True,1,audit_detector_toc_candidate,1.0.0,NOT_REVIEWED,,raw_prop=toc_candidate,NOT_REVIEWED,DERIVED_RECONCILIATION
INE040A01034_2017,HDFC Bank Limited,2017,FIT,deep_hierarchy_candidate,NOT_OBSERVED,t0.1_audit_detector,0,False,0,audit_detector_deep_hierarchy_candidate,1.0.0,NOT_REVIEWED,,raw_prop=deep_hierarchy_candidate,NOT_REVIEWED,DERIVED_RECONCILIATION
INE040A01034_2017,HDFC Bank Limited,2017,FIT,annexure_candidate,CANDIDATE,t0.1_audit_detector,1,True,1,audit_detector_annexure_candidate,1.0.0,NOT_REVIEWED,,raw_prop=annexure_candidate,NOT_REVIEWED,DERIVED_RECONCILIATION
INE040A01034_2017,HDFC Bank Limited,2017,FIT,combined_mdna_candidate,NOT_OBSERVED,t0.1_audit_detector,0,False,0,audit_detector_combined_mdna_candidate,1.0.0,NOT_REVIEWED,,raw_prop=combined_mdna_candidate,NOT_REVIEWED,DERIVED_RECONCILIATION
INE040A01034_2018,HDFC Bank Limited,2018,FIT,native,CANDIDATE,t0.1_audit_detector,1,243,1,audit_detector_native,1.0.0,NOT_REVIEWED,,raw_prop=native_page_count,NOT_REVIEWED,DERIVED_RECONCILIATION
INE040A01034_2018,HDFC Bank Limited,2018,FIT,scanned,NOT_OBSERVED,t0.1_audit_detector,0,0,0,audit_detector_scanned,1.0.0,NOT_REVIEWED,,raw_prop=scanned_page_count,NOT_REVIEWED,DERIVED_RECONCILIATION
INE040A01034_2018,HDFC Bank Limited,2018,FIT,ocr_layer_candidate,CANDIDATE,t0.1_audit_detector,1,2,1,audit_detector_ocr_layer_candidate,1.0.0,NOT_REVIEWED,,raw_prop=ocr_page_count,NOT_REVIEWED,DERIVED_RECONCILIATION
INE040A01034_2018,HDFC Bank Limited,2018,FIT,legacy_font_candidate,CANDIDATE,t0.1_audit_detector,1,23,1,audit_detector_legacy_font_candidate,1.0.0,NOT_REVIEWED,,raw_prop=legacy_candidate_page_count,NOT_REVIEWED,DERIVED_RECONCILIATION
INE040A01034_2018,HDFC Bank Limited,2018,FIT,hidden_text_candidate,NOT_OBSERVED,t0.1_audit_detector,0,0,0,audit_detector_hidden_text_candidate,1.0.0,NOT_REVIEWED,,raw_prop=hidden_text_candidate_page_count,NOT_REVIEWED,DERIVED_RECONCILIATION
INE040A01034_2018,HDFC Bank Limited,2018,FIT,duplicate_text_candidate,NOT_OBSERVED,t0.1_audit_detector,0,0,0,audit_detector_duplicate_text_candidate,1.0.0,NOT_REVIEWED,,raw_prop=duplicate_text_candidate_page_count,NOT_REVIEWED,DERIVED_RECONCILIATION
INE040A01034_2018,HDFC Bank Limited,2018,FIT,devanagari_candidate,NOT_OBSERVED,t0.1_audit_detector,0,0,0,audit_detector_devanagari_candidate,1.0.0,NOT_REVIEWED,,raw_prop=devanagari_page_count,NOT_REVIEWED,DERIVED_RECONCILIATION
INE040A01034_2018,HDFC Bank Limited,2018,FIT,bilingual_candidate,NOT_OBSERVED,t0.1_audit_detector,0,0,0,audit_detector_bilingual_candidate,1.0.0,NOT_REVIEWED,,raw_prop=bilingual_candidate_page_count,NOT_REVIEWED,DERIVED_RECONCILIATION
INE040A01034_2018,HDFC Bank Limited,2018,FIT,two_column,CANDIDATE,t0.1_audit_detector,1,56,1,audit_detector_two_column,1.0.0,NOT_REVIEWED,,raw_prop=two_column_page_count,NOT_REVIEWED,DERIVED_RECONCILIATION
INE040A01034_2018,HDFC Bank Limited,2018,FIT,multi_column,CANDIDATE,t0.1_audit_detector,1,174,1,audit_detector_multi_column,1.0.0,NOT_REVIEWED,,raw_prop=multi_column_page_count,NOT_REVIEWED,DERIVED_RECONCILIATION
INE040A01034_2018,HDFC Bank Limited,2018,FIT,table_candidate,CANDIDATE,t0.1_audit_detector,1,240,1,audit_detector_table_candidate,1.0.0,NOT_REVIEWED,,raw_prop=table_candidate_page_count,NOT_REVIEWED,DERIVED_RECONCILIATION
INE040A01034_2018,HDFC Bank Limited,2018,FIT,header_candidate,CANDIDATE,t0.1_audit_detector,1,218,1,audit_detector_header_candidate,1.0.0,NOT_REVIEWED,,raw_prop=header_candidate_page_count,NOT_REVIEWED,DERIVED_RECONCILIATION
INE040A01034_2018,HDFC Bank Limited,2018,FIT,footer_candidate,CANDIDATE,t0.1_audit_detector,1,197,1,audit_detector_footer_candidate,1.0.0,NOT_REVIEWED,,raw_prop=footer_candidate_page_count,NOT_REVIEWED,DERIVED_RECONCILIATION
INE040A01034_2018,HDFC Bank Limited,2018,FIT,toc_candidate,CANDIDATE,t0.1_audit_detector,1,True,1,audit_detector_toc_candidate,1.0.0,NOT_REVIEWED,,raw_prop=toc_candidate,NOT_REVIEWED,DERIVED_RECONCILIATION
INE040A01034_2018,HDFC Bank Limited,2018,FIT,deep_hierarchy_candidate,NOT_OBSERVED,t0.1_audit_detector,0,False,0,audit_detector_deep_hierarchy_candidate,1.0.0,NOT_REVIEWED,,raw_prop=deep_hierarchy_candidate,NOT_REVIEWED,DERIVED_RECONCILIATION
INE040A01034_2018,HDFC Bank Limited,2018,FIT,annexure_candidate,CANDIDATE,t0.1_audit_detector,1,True,1,audit_detector_annexure_candidate,1.0.0,NOT_REVIEWED,,raw_prop=annexure_candidate,NOT_REVIEWED,DERIVED_RECONCILIATION
INE040A01034_2018,HDFC Bank Limited,2018,FIT,combined_mdna_candidate,NOT_OBSERVED,t0.1_audit_detector,0,False,0,audit_detector_combined_mdna_candidate,1.0.0,NOT_REVIEWED,,raw_prop=combined_mdna_candidate,NOT_REVIEWED,DERIVED_RECONCILIATION
INE040A01034_2024,HDFC Bank Limited,2024,FIT,native,CANDIDATE,t0.1_audit_detector,1,607,1,audit_detector_native,1.0.0,NOT_REVIEWED,,raw_prop=native_page_count,NOT_REVIEWED,DERIVED_RECONCILIATION
INE040A01034_2024,HDFC Bank Limited,2024,FIT,scanned,NOT_OBSERVED,t0.1_audit_detector,0,0,0,audit_detector_scanned,1.0.0,NOT_REVIEWED,,raw_prop=scanned_page_count,NOT_REVIEWED,DERIVED_RECONCILIATION
INE040A01034_2024,HDFC Bank Limited,2024,FIT,ocr_layer_candidate,CANDIDATE,t0.1_audit_detector,1,7,1,audit_detector_ocr_layer_candidate,1.0.0,NOT_REVIEWED,,raw_prop=ocr_page_count,NOT_REVIEWED,DERIVED_RECONCILIATION
INE040A01034_2024,HDFC Bank Limited,2024,FIT,legacy_font_candidate,NOT_OBSERVED,t0.1_audit_detector,0,0,0,audit_detector_legacy_font_candidate,1.0.0,NOT_REVIEWED,,raw_prop=legacy_candidate_page_count,NOT_REVIEWED,DERIVED_RECONCILIATION
INE040A01034_2024,HDFC Bank Limited,2024,FIT,hidden_text_candidate,NOT_OBSERVED,t0.1_audit_detector,0,0,0,audit_detector_hidden_text_candidate,1.0.0,NOT_REVIEWED,,raw_prop=hidden_text_candidate_page_count,NOT_REVIEWED,DERIVED_RECONCILIATION
INE040A01034_2024,HDFC Bank Limited,2024,FIT,duplicate_text_candidate,NOT_OBSERVED,t0.1_audit_detector,0,0,0,audit_detector_duplicate_text_candidate,1.0.0,NOT_REVIEWED,,raw_prop=duplicate_text_candidate_page_count,NOT_REVIEWED,DERIVED_RECONCILIATION
INE040A01034_2024,HDFC Bank Limited,2024,FIT,devanagari_candidate,NOT_OBSERVED,t0.1_audit_detector,0,0,0,audit_detector_devanagari_candidate,1.0.0,NOT_REVIEWED,,raw_prop=devanagari_page_count,NOT_REVIEWED,DERIVED_RECONCILIATION
INE040A01034_2024,HDFC Bank Limited,2024,FIT,bilingual_candidate,NOT_OBSERVED,t0.1_audit_detector,0,0,0,audit_detector_bilingual_candidate,1.0.0,NOT_REVIEWED,,raw_prop=bilingual_candidate_page_count,NOT_REVIEWED,DERIVED_RECONCILIATION
INE040A01034_2024,HDFC Bank Limited,2024,FIT,two_column,CANDIDATE,t0.1_audit_detector,1,314,1,audit_detector_two_column,1.0.0,NOT_REVIEWED,,raw_prop=two_column_page_count,NOT_REVIEWED,DERIVED_RECONCILIATION
INE040A01034_2024,HDFC Bank Limited,2024,FIT,multi_column,CANDIDATE,t0.1_audit_detector,1,235,1,audit_detector_multi_column,1.0.0,NOT_REVIEWED,,raw_prop=multi_column_page_count,NOT_REVIEWED,DERIVED_RECONCILIATION
INE040A01034_2024,HDFC Bank Limited,2024,FIT,table_candidate,CANDIDATE,t0.1_audit_detector,1,510,1,audit_detector_table_candidate,1.0.0,NOT_REVIEWED,,raw_prop=table_candidate_page_count,NOT_REVIEWED,DERIVED_RECONCILIATION
INE040A01034_2024,HDFC Bank Limited,2024,FIT,header_candidate,CANDIDATE,t0.1_audit_detector,1,23,1,audit_detector_header_candidate,1.0.0,NOT_REVIEWED,,raw_prop=header_candidate_page_count,NOT_REVIEWED,DERIVED_RECONCILIATION
INE040A01034_2024,HDFC Bank Limited,2024,FIT,footer_candidate,CANDIDATE,t0.1_audit_detector,1,14,1,audit_detector_footer_candidate,1.0.0,NOT_REVIEWED,,raw_prop=footer_candidate_page_count,NOT_REVIEWED,DERIVED_RECONCILIATION
INE040A01034_2024,HDFC Bank Limited,2024,FIT,toc_candidate,CANDIDATE,t0.1_audit_detector,1,True,1,audit_detector_toc_candidate,1.0.0,NOT_REVIEWED,,raw_prop=toc_candidate,NOT_REVIEWED,DERIVED_RECONCILIATION
INE040A01034_2024,HDFC Bank Limited,2024,FIT,deep_hierarchy_candidate,CANDIDATE,t0.1_audit_detector,1,True,1,audit_detector_deep_hierarchy_candidate,1.0.0,NOT_REVIEWED,,raw_prop=deep_hierarchy_candidate,NOT_REVIEWED,DERIVED_RECONCILIATION
INE040A01034_2024,HDFC Bank Limited,2024,FIT,annexure_candidate,CANDIDATE,t0.1_audit_detector,1,True,1,audit_detector_annexure_candidate,1.0.0,NOT_REVIEWED,,raw_prop=annexure_candidate,NOT_REVIEWED,DERIVED_RECONCILIATION
INE040A01034_2024,HDFC Bank Limited,2024,FIT,combined_mdna_candidate,NOT_OBSERVED,t0.1_audit_detector,0,False,0,audit_detector_combined_mdna_candidate,1.0.0,NOT_REVIEWED,,raw_prop=combined_mdna_candidate,NOT_REVIEWED,DERIVED_RECONCILIATION
INE040A01034_2025,HDFC Bank Limited,2025,FIT,native,CANDIDATE,t0.1_audit_detector,1,587,1,audit_detector_native,1.0.0,NOT_REVIEWED,,raw_prop=native_page_count,NOT_REVIEWED,DERIVED_RECONCILIATION
INE040A01034_2025,HDFC Bank Limited,2025,FIT,scanned,CANDIDATE,t0.1_audit_detector,1,1,1,audit_detector_scanned,1.0.0,NOT_REVIEWED,,raw_prop=scanned_page_count,NOT_REVIEWED,DERIVED_RECONCILIATION
INE040A01034_2025,HDFC Bank Limited,2025,FIT,ocr_layer_candidate,CANDIDATE,t0.1_audit_detector,1,3,1,audit_detector_ocr_layer_candidate,1.0.0,NOT_REVIEWED,,raw_prop=ocr_page_count,NOT_REVIEWED,DERIVED_RECONCILIATION
INE040A01034_2025,HDFC Bank Limited,2025,FIT,legacy_font_candidate,CANDIDATE,t0.1_audit_detector,1,2,1,audit_detector_legacy_font_candidate,1.0.0,NOT_REVIEWED,,raw_prop=legacy_candidate_page_count,NOT_REVIEWED,DERIVED_RECONCILIATION
INE040A01034_2025,HDFC Bank Limited,2025,FIT,hidden_text_candidate,NOT_OBSERVED,t0.1_audit_detector,0,0,0,audit_detector_hidden_text_candidate,1.0.0,NOT_REVIEWED,,raw_prop=hidden_text_candidate_page_count,NOT_REVIEWED,DERIVED_RECONCILIATION
INE040A01034_2025,HDFC Bank Limited,2025,FIT,duplicate_text_candidate,NOT_OBSERVED,t0.1_audit_detector,0,0,0,audit_detector_duplicate_text_candidate,1.0.0,NOT_REVIEWED,,raw_prop=duplicate_text_candidate_page_count,NOT_REVIEWED,DERIVED_RECONCILIATION
INE040A01034_2025,HDFC Bank Limited,2025,FIT,devanagari_candidate,NOT_OBSERVED,t0.1_audit_detector,0,0,0,audit_detector_devanagari_candidate,1.0.0,NOT_REVIEWED,,raw_prop=devanagari_page_count,NOT_REVIEWED,DERIVED_RECONCILIATION
INE040A01034_2025,HDFC Bank Limited,2025,FIT,bilingual_candidate,NOT_OBSERVED,t0.1_audit_detector,0,0,0,audit_detector_bilingual_candidate,1.0.0,NOT_REVIEWED,,raw_prop=bilingual_candidate_page_count,NOT_REVIEWED,DERIVED_RECONCILIATION
INE040A01034_2025,HDFC Bank Limited,2025,FIT,two_column,CANDIDATE,t0.1_audit_detector,1,298,1,audit_detector_two_column,1.0.0,NOT_REVIEWED,,raw_prop=two_column_page_count,NOT_REVIEWED,DERIVED_RECONCILIATION
INE040A01034_2025,HDFC Bank Limited,2025,FIT,multi_column,CANDIDATE,t0.1_audit_detector,1,239,1,audit_detector_multi_column,1.0.0,NOT_REVIEWED,,raw_prop=multi_column_page_count,NOT_REVIEWED,DERIVED_RECONCILIATION
INE040A01034_2025,HDFC Bank Limited,2025,FIT,table_candidate,CANDIDATE,t0.1_audit_detector,1,456,1,audit_detector_table_candidate,1.0.0,NOT_REVIEWED,,raw_prop=table_candidate_page_count,NOT_REVIEWED,DERIVED_RECONCILIATION
INE040A01034_2025,HDFC Bank Limited,2025,FIT,header_candidate,CANDIDATE,t0.1_audit_detector,1,18,1,audit_detector_header_candidate,1.0.0,NOT_REVIEWED,,raw_prop=header_candidate_page_count,NOT_REVIEWED,DERIVED_RECONCILIATION
INE040A01034_2025,HDFC Bank Limited,2025,FIT,footer_candidate,CANDIDATE,t0.1_audit_detector,1,16,1,audit_detector_footer_candidate,1.0.0,NOT_REVIEWED,,raw_prop=footer_candidate_page_count,NOT_REVIEWED,DERIVED_RECONCILIATION
INE040A01034_2025,HDFC Bank Limited,2025,FIT,toc_candidate,CANDIDATE,t0.1_audit_detector,1,True,1,audit_detector_toc_candidate,1.0.0,NOT_REVIEWED,,raw_prop=toc_candidate,NOT_REVIEWED,DERIVED_RECONCILIATION
INE040A01034_2025,HDFC Bank Limited,2025,FIT,deep_hierarchy_candidate,NOT_OBSERVED,t0.1_audit_detector,0,False,0,audit_detector_deep_hierarchy_candidate,1.0.0,NOT_REVIEWED,,raw_prop=deep_hierarchy_candidate,NOT_REVIEWED,DERIVED_RECONCILIATION
INE040A01034_2025,HDFC Bank Limited,2025,FIT,annexure_candidate,CANDIDATE,t0.1_audit_detector,1,True,1,audit_detector_annexure_candidate,1.0.0,NOT_REVIEWED,,raw_prop=annexure_candidate,NOT_REVIEWED,DERIVED_RECONCILIATION
INE040A01034_2025,HDFC Bank Limited,2025,FIT,combined_mdna_candidate,NOT_OBSERVED,t0.1_audit_detector,0,False,0,audit_detector_combined_mdna_candidate,1.0.0,NOT_REVIEWED,,raw_prop=combined_mdna_candidate,NOT_REVIEWED,DERIVED_RECONCILIATION
INE044A01036_2012,Sun Pharmaceutical Industries Limited,2012,HOLDOUT,native,CANDIDATE,t0.1_audit_detector,1,127,1,audit_detector_native,1.0.0,NOT_REVIEWED,,raw_prop=native_page_count,NOT_REVIEWED,DERIVED_RECONCILIATION
INE044A01036_2012,Sun Pharmaceutical Industries Limited,2012,HOLDOUT,scanned,NOT_OBSERVED,t0.1_audit_detector,0,0,0,audit_detector_scanned,1.0.0,NOT_REVIEWED,,raw_prop=scanned_page_count,NOT_REVIEWED,DERIVED_RECONCILIATION
INE044A01036_2012,Sun Pharmaceutical Industries Limited,2012,HOLDOUT,ocr_layer_candidate,NOT_OBSERVED,t0.1_audit_detector,0,0,0,audit_detector_ocr_layer_candidate,1.0.0,NOT_REVIEWED,,raw_prop=ocr_page_count,NOT_REVIEWED,DERIVED_RECONCILIATION
INE044A01036_2012,Sun Pharmaceutical Industries Limited,2012,HOLDOUT,legacy_font_candidate,CANDIDATE,t0.1_audit_detector,1,20,1,audit_detector_legacy_font_candidate,1.0.0,NOT_REVIEWED,,raw_prop=legacy_candidate_page_count,NOT_REVIEWED,DERIVED_RECONCILIATION
INE044A01036_2012,Sun Pharmaceutical Industries Limited,2012,HOLDOUT,hidden_text_candidate,NOT_OBSERVED,t0.1_audit_detector,0,0,0,audit_detector_hidden_text_candidate,1.0.0,NOT_REVIEWED,,raw_prop=hidden_text_candidate_page_count,NOT_REVIEWED,DERIVED_RECONCILIATION
INE044A01036_2012,Sun Pharmaceutical Industries Limited,2012,HOLDOUT,duplicate_text_candidate,NOT_OBSERVED,t0.1_audit_detector,0,0,0,audit_detector_duplicate_text_candidate,1.0.0,NOT_REVIEWED,,raw_prop=duplicate_text_candidate_page_count,NOT_REVIEWED,DERIVED_RECONCILIATION
INE044A01036_2012,Sun Pharmaceutical Industries Limited,2012,HOLDOUT,devanagari_candidate,NOT_OBSERVED,t0.1_audit_detector,0,0,0,audit_detector_devanagari_candidate,1.0.0,NOT_REVIEWED,,raw_prop=devanagari_page_count,NOT_REVIEWED,DERIVED_RECONCILIATION
INE044A01036_2012,Sun Pharmaceutical Industries Limited,2012,HOLDOUT,bilingual_candidate,NOT_OBSERVED,t0.1_audit_detector,0,0,0,audit_detector_bilingual_candidate,1.0.0,NOT_REVIEWED,,raw_prop=bilingual_candidate_page_count,NOT_REVIEWED,DERIVED_RECONCILIATION
INE044A01036_2012,Sun Pharmaceutical Industries Limited,2012,HOLDOUT,two_column,CANDIDATE,t0.1_audit_detector,1,38,1,audit_detector_two_column,1.0.0,NOT_REVIEWED,,raw_prop=two_column_page_count,NOT_REVIEWED,DERIVED_RECONCILIATION
INE044A01036_2012,Sun Pharmaceutical Industries Limited,2012,HOLDOUT,multi_column,CANDIDATE,t0.1_audit_detector,1,67,1,audit_detector_multi_column,1.0.0,NOT_REVIEWED,,raw_prop=multi_column_page_count,NOT_REVIEWED,DERIVED_RECONCILIATION
INE044A01036_2012,Sun Pharmaceutical Industries Limited,2012,HOLDOUT,table_candidate,CANDIDATE,t0.1_audit_detector,1,114,1,audit_detector_table_candidate,1.0.0,NOT_REVIEWED,,raw_prop=table_candidate_page_count,NOT_REVIEWED,DERIVED_RECONCILIATION
INE044A01036_2012,Sun Pharmaceutical Industries Limited,2012,HOLDOUT,header_candidate,NOT_OBSERVED,t0.1_audit_detector,0,0,0,audit_detector_header_candidate,1.0.0,NOT_REVIEWED,,raw_prop=header_candidate_page_count,NOT_REVIEWED,DERIVED_RECONCILIATION
INE044A01036_2012,Sun Pharmaceutical Industries Limited,2012,HOLDOUT,footer_candidate,NOT_OBSERVED,t0.1_audit_detector,0,0,0,audit_detector_footer_candidate,1.0.0,NOT_REVIEWED,,raw_prop=footer_candidate_page_count,NOT_REVIEWED,DERIVED_RECONCILIATION
INE044A01036_2012,Sun Pharmaceutical Industries Limited,2012,HOLDOUT,toc_candidate,CANDIDATE,t0.1_audit_detector,1,True,1,audit_detector_toc_candidate,1.0.0,NOT_REVIEWED,,raw_prop=toc_candidate,NOT_REVIEWED,DERIVED_RECONCILIATION
INE044A01036_2012,Sun Pharmaceutical Industries Limited,2012,HOLDOUT,deep_hierarchy_candidate,NOT_OBSERVED,t0.1_audit_detector,0,False,0,audit_detector_deep_hierarchy_candidate,1.0.0,NOT_REVIEWED,,raw_prop=deep_hierarchy_candidate,NOT_REVIEWED,DERIVED_RECONCILIATION
INE044A01036_2012,Sun Pharmaceutical Industries Limited,2012,HOLDOUT,annexure_candidate,CANDIDATE,t0.1_audit_detector,1,True,1,audit_detector_annexure_candidate,1.0.0,NOT_REVIEWED,,raw_prop=annexure_candidate,NOT_REVIEWED,DERIVED_RECONCILIATION
INE044A01036_2012,Sun Pharmaceutical Industries Limited,2012,HOLDOUT,combined_mdna_candidate,NOT_OBSERVED,t0.1_audit_detector,0,False,0,audit_detector_combined_mdna_candidate,1.0.0,NOT_REVIEWED,,raw_prop=combined_mdna_candidate,NOT_REVIEWED,DERIVED_RECONCILIATION
INE044A01036_2013,Sun Pharmaceutical Industries Limited,2013,HOLDOUT,native,CANDIDATE,t0.1_audit_detector,1,131,1,audit_detector_native,1.0.0,NOT_REVIEWED,,raw_prop=native_page_count,NOT_REVIEWED,DERIVED_RECONCILIATION
INE044A01036_2013,Sun Pharmaceutical Industries Limited,2013,HOLDOUT,scanned,NOT_OBSERVED,t0.1_audit_detector,0,0,0,audit_detector_scanned,1.0.0,NOT_REVIEWED,,raw_prop=scanned_page_count,NOT_REVIEWED,DERIVED_RECONCILIATION
INE044A01036_2013,Sun Pharmaceutical Industries Limited,2013,HOLDOUT,ocr_layer_candidate,NOT_OBSERVED,t0.1_audit_detector,0,0,0,audit_detector_ocr_layer_candidate,1.0.0,NOT_REVIEWED,,raw_prop=ocr_page_count,NOT_REVIEWED,DERIVED_RECONCILIATION
INE044A01036_2013,Sun Pharmaceutical Industries Limited,2013,HOLDOUT,legacy_font_candidate,NOT_OBSERVED,t0.1_audit_detector,0,0,0,audit_detector_legacy_font_candidate,1.0.0,NOT_REVIEWED,,raw_prop=legacy_candidate_page_count,NOT_REVIEWED,DERIVED_RECONCILIATION
INE044A01036_2013,Sun Pharmaceutical Industries Limited,2013,HOLDOUT,hidden_text_candidate,NOT_OBSERVED,t0.1_audit_detector,0,0,0,audit_detector_hidden_text_candidate,1.0.0,NOT_REVIEWED,,raw_prop=hidden_text_candidate_page_count,NOT_REVIEWED,DERIVED_RECONCILIATION
INE044A01036_2013,Sun Pharmaceutical Industries Limited,2013,HOLDOUT,duplicate_text_candidate,NOT_OBSERVED,t0.1_audit_detector,0,0,0,audit_detector_duplicate_text_candidate,1.0.0,NOT_REVIEWED,,raw_prop=duplicate_text_candidate_page_count,NOT_REVIEWED,DERIVED_RECONCILIATION
INE044A01036_2013,Sun Pharmaceutical Industries Limited,2013,HOLDOUT,devanagari_candidate,NOT_OBSERVED,t0.1_audit_detector,0,0,0,audit_detector_devanagari_candidate,1.0.0,NOT_REVIEWED,,raw_prop=devanagari_page_count,NOT_REVIEWED,DERIVED_RECONCILIATION
INE044A01036_2013,Sun Pharmaceutical Industries Limited,2013,HOLDOUT,bilingual_candidate,NOT_OBSERVED,t0.1_audit_detector,0,0,0,audit_detector_bilingual_candidate,1.0.0,NOT_REVIEWED,,raw_prop=bilingual_candidate_page_count,NOT_REVIEWED,DERIVED_RECONCILIATION
INE044A01036_2013,Sun Pharmaceutical Industries Limited,2013,HOLDOUT,two_column,CANDIDATE,t0.1_audit_detector,1,50,1,audit_detector_two_column,1.0.0,NOT_REVIEWED,,raw_prop=two_column_page_count,NOT_REVIEWED,DERIVED_RECONCILIATION
INE044A01036_2013,Sun Pharmaceutical Industries Limited,2013,HOLDOUT,multi_column,CANDIDATE,t0.1_audit_detector,1,75,1,audit_detector_multi_column,1.0.0,NOT_REVIEWED,,raw_prop=multi_column_page_count,NOT_REVIEWED,DERIVED_RECONCILIATION
INE044A01036_2013,Sun Pharmaceutical Industries Limited,2013,HOLDOUT,table_candidate,CANDIDATE,t0.1_audit_detector,1,121,1,audit_detector_table_candidate,1.0.0,NOT_REVIEWED,,raw_prop=table_candidate_page_count,NOT_REVIEWED,DERIVED_RECONCILIATION
INE044A01036_2013,Sun Pharmaceutical Industries Limited,2013,HOLDOUT,header_candidate,CANDIDATE,t0.1_audit_detector,1,6,1,audit_detector_header_candidate,1.0.0,NOT_REVIEWED,,raw_prop=header_candidate_page_count,NOT_REVIEWED,DERIVED_RECONCILIATION
INE044A01036_2013,Sun Pharmaceutical Industries Limited,2013,HOLDOUT,footer_candidate,NOT_OBSERVED,t0.1_audit_detector,0,0,0,audit_detector_footer_candidate,1.0.0,NOT_REVIEWED,,raw_prop=footer_candidate_page_count,NOT_REVIEWED,DERIVED_RECONCILIATION
INE044A01036_2013,Sun Pharmaceutical Industries Limited,2013,HOLDOUT,toc_candidate,CANDIDATE,t0.1_audit_detector,1,True,1,audit_detector_toc_candidate,1.0.0,NOT_REVIEWED,,raw_prop=toc_candidate,NOT_REVIEWED,DERIVED_RECONCILIATION
INE044A01036_2013,Sun Pharmaceutical Industries Limited,2013,HOLDOUT,deep_hierarchy_candidate,NOT_OBSERVED,t0.1_audit_detector,0,False,0,audit_detector_deep_hierarchy_candidate,1.0.0,NOT_REVIEWED,,raw_prop=deep_hierarchy_candidate,NOT_REVIEWED,DERIVED_RECONCILIATION
INE044A01036_2013,Sun Pharmaceutical Industries Limited,2013,HOLDOUT,annexure_candidate,CANDIDATE,t0.1_audit_detector,1,True,1,audit_detector_annexure_candidate,1.0.0,NOT_REVIEWED,,raw_prop=annexure_candidate,NOT_REVIEWED,DERIVED_RECONCILIATION
INE044A01036_2013,Sun Pharmaceutical Industries Limited,2013,HOLDOUT,combined_mdna_candidate,NOT_OBSERVED,t0.1_audit_detector,0,False,0,audit_detector_combined_mdna_candidate,1.0.0,NOT_REVIEWED,,raw_prop=combined_mdna_candidate,NOT_REVIEWED,DERIVED_RECONCILIATION
INE044A01036_2017,Sun Pharmaceutical Industries Limited,2017,HOLDOUT,native,CANDIDATE,t0.1_audit_detector,1,310,1,audit_detector_native,1.0.0,NOT_REVIEWED,,raw_prop=native_page_count,NOT_REVIEWED,DERIVED_RECONCILIATION
INE044A01036_2017,Sun Pharmaceutical Industries Limited,2017,HOLDOUT,scanned,CANDIDATE,t0.1_audit_detector,1,1,1,audit_detector_scanned,1.0.0,NOT_REVIEWED,,raw_prop=scanned_page_count,NOT_REVIEWED,DERIVED_RECONCILIATION
INE044A01036_2017,Sun Pharmaceutical Industries Limited,2017,HOLDOUT,ocr_layer_candidate,CANDIDATE,t0.1_audit_detector,1,1,1,audit_detector_ocr_layer_candidate,1.0.0,NOT_REVIEWED,,raw_prop=ocr_page_count,NOT_REVIEWED,DERIVED_RECONCILIATION
INE044A01036_2017,Sun Pharmaceutical Industries Limited,2017,HOLDOUT,legacy_font_candidate,NOT_OBSERVED,t0.1_audit_detector,0,0,0,audit_detector_legacy_font_candidate,1.0.0,NOT_REVIEWED,,raw_prop=legacy_candidate_page_count,NOT_REVIEWED,DERIVED_RECONCILIATION
INE044A01036_2017,Sun Pharmaceutical Industries Limited,2017,HOLDOUT,hidden_text_candidate,NOT_OBSERVED,t0.1_audit_detector,0,0,0,audit_detector_hidden_text_candidate,1.0.0,NOT_REVIEWED,,raw_prop=hidden_text_candidate_page_count,NOT_REVIEWED,DERIVED_RECONCILIATION
INE044A01036_2017,Sun Pharmaceutical Industries Limited,2017,HOLDOUT,duplicate_text_candidate,CANDIDATE,t0.1_audit_detector,1,4,1,audit_detector_duplicate_text_candidate,1.0.0,NOT_REVIEWED,,raw_prop=duplicate_text_candidate_page_count,NOT_REVIEWED,DERIVED_RECONCILIATION
INE044A01036_2017,Sun Pharmaceutical Industries Limited,2017,HOLDOUT,devanagari_candidate,NOT_OBSERVED,t0.1_audit_detector,0,0,0,audit_detector_devanagari_candidate,1.0.0,NOT_REVIEWED,,raw_prop=devanagari_page_count,NOT_REVIEWED,DERIVED_RECONCILIATION
INE044A01036_2017,Sun Pharmaceutical Industries Limited,2017,HOLDOUT,bilingual_candidate,NOT_OBSERVED,t0.1_audit_detector,0,0,0,audit_detector_bilingual_candidate,1.0.0,NOT_REVIEWED,,raw_prop=bilingual_candidate_page_count,NOT_REVIEWED,DERIVED_RECONCILIATION
INE044A01036_2017,Sun Pharmaceutical Industries Limited,2017,HOLDOUT,two_column,CANDIDATE,t0.1_audit_detector,1,125,1,audit_detector_two_column,1.0.0,NOT_REVIEWED,,raw_prop=two_column_page_count,NOT_REVIEWED,DERIVED_RECONCILIATION
INE044A01036_2017,Sun Pharmaceutical Industries Limited,2017,HOLDOUT,multi_column,CANDIDATE,t0.1_audit_detector,1,139,1,audit_detector_multi_column,1.0.0,NOT_REVIEWED,,raw_prop=multi_column_page_count,NOT_REVIEWED,DERIVED_RECONCILIATION
INE044A01036_2017,Sun Pharmaceutical Industries Limited,2017,HOLDOUT,table_candidate,CANDIDATE,t0.1_audit_detector,1,234,1,audit_detector_table_candidate,1.0.0,NOT_REVIEWED,,raw_prop=table_candidate_page_count,NOT_REVIEWED,DERIVED_RECONCILIATION
INE044A01036_2017,Sun Pharmaceutical Industries Limited,2017,HOLDOUT,header_candidate,NOT_OBSERVED,t0.1_audit_detector,0,0,0,audit_detector_header_candidate,1.0.0,NOT_REVIEWED,,raw_prop=header_candidate_page_count,NOT_REVIEWED,DERIVED_RECONCILIATION
INE044A01036_2017,Sun Pharmaceutical Industries Limited,2017,HOLDOUT,footer_candidate,CANDIDATE,t0.1_audit_detector,1,6,1,audit_detector_footer_candidate,1.0.0,NOT_REVIEWED,,raw_prop=footer_candidate_page_count,NOT_REVIEWED,DERIVED_RECONCILIATION
INE044A01036_2017,Sun Pharmaceutical Industries Limited,2017,HOLDOUT,toc_candidate,CANDIDATE,t0.1_audit_detector,1,True,1,audit_detector_toc_candidate,1.0.0,NOT_REVIEWED,,raw_prop=toc_candidate,NOT_REVIEWED,DERIVED_RECONCILIATION
INE044A01036_2017,Sun Pharmaceutical Industries Limited,2017,HOLDOUT,deep_hierarchy_candidate,NOT_OBSERVED,t0.1_audit_detector,0,False,0,audit_detector_deep_hierarchy_candidate,1.0.0,NOT_REVIEWED,,raw_prop=deep_hierarchy_candidate,NOT_REVIEWED,DERIVED_RECONCILIATION
INE044A01036_2017,Sun Pharmaceutical Industries Limited,2017,HOLDOUT,annexure_candidate,CANDIDATE,t0.1_audit_detector,1,True,1,audit_detector_annexure_candidate,1.0.0,NOT_REVIEWED,,raw_prop=annexure_candidate,NOT_REVIEWED,DERIVED_RECONCILIATION
INE044A01036_2017,Sun Pharmaceutical Industries Limited,2017,HOLDOUT,combined_mdna_candidate,NOT_OBSERVED,t0.1_audit_detector,0,False,0,audit_detector_combined_mdna_candidate,1.0.0,NOT_REVIEWED,,raw_prop=combined_mdna_candidate,NOT_REVIEWED,DERIVED_RECONCILIATION
INE044A01036_2018,Sun Pharmaceutical Industries Limited,2018,HOLDOUT,native,CANDIDATE,t0.1_audit_detector,1,257,1,audit_detector_native,1.0.0,NOT_REVIEWED,,raw_prop=native_page_count,NOT_REVIEWED,DERIVED_RECONCILIATION
INE044A01036_2018,Sun Pharmaceutical Industries Limited,2018,HOLDOUT,scanned,CANDIDATE,t0.1_audit_detector,1,1,1,audit_detector_scanned,1.0.0,NOT_REVIEWED,,raw_prop=scanned_page_count,NOT_REVIEWED,DERIVED_RECONCILIATION
INE044A01036_2018,Sun Pharmaceutical Industries Limited,2018,HOLDOUT,ocr_layer_candidate,NOT_OBSERVED,t0.1_audit_detector,0,0,0,audit_detector_ocr_layer_candidate,1.0.0,NOT_REVIEWED,,raw_prop=ocr_page_count,NOT_REVIEWED,DERIVED_RECONCILIATION
INE044A01036_2018,Sun Pharmaceutical Industries Limited,2018,HOLDOUT,legacy_font_candidate,NOT_OBSERVED,t0.1_audit_detector,0,0,0,audit_detector_legacy_font_candidate,1.0.0,NOT_REVIEWED,,raw_prop=legacy_candidate_page_count,NOT_REVIEWED,DERIVED_RECONCILIATION
INE044A01036_2018,Sun Pharmaceutical Industries Limited,2018,HOLDOUT,hidden_text_candidate,NOT_OBSERVED,t0.1_audit_detector,0,0,0,audit_detector_hidden_text_candidate,1.0.0,NOT_REVIEWED,,raw_prop=hidden_text_candidate_page_count,NOT_REVIEWED,DERIVED_RECONCILIATION
INE044A01036_2018,Sun Pharmaceutical Industries Limited,2018,HOLDOUT,duplicate_text_candidate,NOT_OBSERVED,t0.1_audit_detector,0,0,0,audit_detector_duplicate_text_candidate,1.0.0,NOT_REVIEWED,,raw_prop=duplicate_text_candidate_page_count,NOT_REVIEWED,DERIVED_RECONCILIATION
INE044A01036_2018,Sun Pharmaceutical Industries Limited,2018,HOLDOUT,devanagari_candidate,NOT_OBSERVED,t0.1_audit_detector,0,0,0,audit_detector_devanagari_candidate,1.0.0,NOT_REVIEWED,,raw_prop=devanagari_page_count,NOT_REVIEWED,DERIVED_RECONCILIATION
INE044A01036_2018,Sun Pharmaceutical Industries Limited,2018,HOLDOUT,bilingual_candidate,NOT_OBSERVED,t0.1_audit_detector,0,0,0,audit_detector_bilingual_candidate,1.0.0,NOT_REVIEWED,,raw_prop=bilingual_candidate_page_count,NOT_REVIEWED,DERIVED_RECONCILIATION
INE044A01036_2018,Sun Pharmaceutical Industries Limited,2018,HOLDOUT,two_column,CANDIDATE,t0.1_audit_detector,1,100,1,audit_detector_two_column,1.0.0,NOT_REVIEWED,,raw_prop=two_column_page_count,NOT_REVIEWED,DERIVED_RECONCILIATION
INE044A01036_2018,Sun Pharmaceutical Industries Limited,2018,HOLDOUT,multi_column,CANDIDATE,t0.1_audit_detector,1,125,1,audit_detector_multi_column,1.0.0,NOT_REVIEWED,,raw_prop=multi_column_page_count,NOT_REVIEWED,DERIVED_RECONCILIATION
INE044A01036_2018,Sun Pharmaceutical Industries Limited,2018,HOLDOUT,table_candidate,CANDIDATE,t0.1_audit_detector,1,146,1,audit_detector_table_candidate,1.0.0,NOT_REVIEWED,,raw_prop=table_candidate_page_count,NOT_REVIEWED,DERIVED_RECONCILIATION
INE044A01036_2018,Sun Pharmaceutical Industries Limited,2018,HOLDOUT,header_candidate,NOT_OBSERVED,t0.1_audit_detector,0,0,0,audit_detector_header_candidate,1.0.0,NOT_REVIEWED,,raw_prop=header_candidate_page_count,NOT_REVIEWED,DERIVED_RECONCILIATION
INE044A01036_2018,Sun Pharmaceutical Industries Limited,2018,HOLDOUT,footer_candidate,CANDIDATE,t0.1_audit_detector,1,16,1,audit_detector_footer_candidate,1.0.0,NOT_REVIEWED,,raw_prop=footer_candidate_page_count,NOT_REVIEWED,DERIVED_RECONCILIATION
INE044A01036_2018,Sun Pharmaceutical Industries Limited,2018,HOLDOUT,toc_candidate,CANDIDATE,t0.1_audit_detector,1,True,1,audit_detector_toc_candidate,1.0.0,NOT_REVIEWED,,raw_prop=toc_candidate,NOT_REVIEWED,DERIVED_RECONCILIATION
INE044A01036_2018,Sun Pharmaceutical Industries Limited,2018,HOLDOUT,deep_hierarchy_candidate,NOT_OBSERVED,t0.1_audit_detector,0,False,0,audit_detector_deep_hierarchy_candidate,1.0.0,NOT_REVIEWED,,raw_prop=deep_hierarchy_candidate,NOT_REVIEWED,DERIVED_RECONCILIATION
INE044A01036_2018,Sun Pharmaceutical Industries Limited,2018,HOLDOUT,annexure_candidate,CANDIDATE,t0.1_audit_detector,1,True,1,audit_detector_annexure_candidate,1.0.0,NOT_REVIEWED,,raw_prop=annexure_candidate,NOT_REVIEWED,DERIVED_RECONCILIATION
INE044A01036_2018,Sun Pharmaceutical Industries Limited,2018,HOLDOUT,combined_mdna_candidate,NOT_OBSERVED,t0.1_audit_detector,0,False,0,audit_detector_combined_mdna_candidate,1.0.0,NOT_REVIEWED,,raw_prop=combined_mdna_candidate,NOT_REVIEWED,DERIVED_RECONCILIATION
INE044A01036_2024,Sun Pharmaceutical Industries Limited,2024,HOLDOUT,native,CANDIDATE,t0.1_audit_detector,1,310,1,audit_detector_native,1.0.0,NOT_REVIEWED,,raw_prop=native_page_count,NOT_REVIEWED,DERIVED_RECONCILIATION
INE044A01036_2024,Sun Pharmaceutical Industries Limited,2024,HOLDOUT,scanned,NOT_OBSERVED,t0.1_audit_detector,0,0,0,audit_detector_scanned,1.0.0,NOT_REVIEWED,,raw_prop=scanned_page_count,NOT_REVIEWED,DERIVED_RECONCILIATION
INE044A01036_2024,Sun Pharmaceutical Industries Limited,2024,HOLDOUT,ocr_layer_candidate,CANDIDATE,t0.1_audit_detector,1,1,1,audit_detector_ocr_layer_candidate,1.0.0,NOT_REVIEWED,,raw_prop=ocr_page_count,NOT_REVIEWED,DERIVED_RECONCILIATION
INE044A01036_2024,Sun Pharmaceutical Industries Limited,2024,HOLDOUT,legacy_font_candidate,CANDIDATE,t0.1_audit_detector,1,1,1,audit_detector_legacy_font_candidate,1.0.0,NOT_REVIEWED,,raw_prop=legacy_candidate_page_count,NOT_REVIEWED,DERIVED_RECONCILIATION
INE044A01036_2024,Sun Pharmaceutical Industries Limited,2024,HOLDOUT,hidden_text_candidate,NOT_OBSERVED,t0.1_audit_detector,0,0,0,audit_detector_hidden_text_candidate,1.0.0,NOT_REVIEWED,,raw_prop=hidden_text_candidate_page_count,NOT_REVIEWED,DERIVED_RECONCILIATION
INE044A01036_2024,Sun Pharmaceutical Industries Limited,2024,HOLDOUT,duplicate_text_candidate,NOT_OBSERVED,t0.1_audit_detector,0,0,0,audit_detector_duplicate_text_candidate,1.0.0,NOT_REVIEWED,,raw_prop=duplicate_text_candidate_page_count,NOT_REVIEWED,DERIVED_RECONCILIATION
INE044A01036_2024,Sun Pharmaceutical Industries Limited,2024,HOLDOUT,devanagari_candidate,NOT_OBSERVED,t0.1_audit_detector,0,0,0,audit_detector_devanagari_candidate,1.0.0,NOT_REVIEWED,,raw_prop=devanagari_page_count,NOT_REVIEWED,DERIVED_RECONCILIATION
INE044A01036_2024,Sun Pharmaceutical Industries Limited,2024,HOLDOUT,bilingual_candidate,NOT_OBSERVED,t0.1_audit_detector,0,0,0,audit_detector_bilingual_candidate,1.0.0,NOT_REVIEWED,,raw_prop=bilingual_candidate_page_count,NOT_REVIEWED,DERIVED_RECONCILIATION
INE044A01036_2024,Sun Pharmaceutical Industries Limited,2024,HOLDOUT,two_column,CANDIDATE,t0.1_audit_detector,1,100,1,audit_detector_two_column,1.0.0,NOT_REVIEWED,,raw_prop=two_column_page_count,NOT_REVIEWED,DERIVED_RECONCILIATION
INE044A01036_2024,Sun Pharmaceutical Industries Limited,2024,HOLDOUT,multi_column,CANDIDATE,t0.1_audit_detector,1,201,1,audit_detector_multi_column,1.0.0,NOT_REVIEWED,,raw_prop=multi_column_page_count,NOT_REVIEWED,DERIVED_RECONCILIATION
INE044A01036_2024,Sun Pharmaceutical Industries Limited,2024,HOLDOUT,table_candidate,CANDIDATE,t0.1_audit_detector,1,244,1,audit_detector_table_candidate,1.0.0,NOT_REVIEWED,,raw_prop=table_candidate_page_count,NOT_REVIEWED,DERIVED_RECONCILIATION
INE044A01036_2024,Sun Pharmaceutical Industries Limited,2024,HOLDOUT,header_candidate,CANDIDATE,t0.1_audit_detector,1,302,1,audit_detector_header_candidate,1.0.0,NOT_REVIEWED,,raw_prop=header_candidate_page_count,NOT_REVIEWED,DERIVED_RECONCILIATION
INE044A01036_2024,Sun Pharmaceutical Industries Limited,2024,HOLDOUT,footer_candidate,CANDIDATE,t0.1_audit_detector,1,2,1,audit_detector_footer_candidate,1.0.0,NOT_REVIEWED,,raw_prop=footer_candidate_page_count,NOT_REVIEWED,DERIVED_RECONCILIATION
INE044A01036_2024,Sun Pharmaceutical Industries Limited,2024,HOLDOUT,toc_candidate,CANDIDATE,t0.1_audit_detector,1,True,1,audit_detector_toc_candidate,1.0.0,NOT_REVIEWED,,raw_prop=toc_candidate,NOT_REVIEWED,DERIVED_RECONCILIATION
INE044A01036_2024,Sun Pharmaceutical Industries Limited,2024,HOLDOUT,deep_hierarchy_candidate,NOT_OBSERVED,t0.1_audit_detector,0,False,0,audit_detector_deep_hierarchy_candidate,1.0.0,NOT_REVIEWED,,raw_prop=deep_hierarchy_candidate,NOT_REVIEWED,DERIVED_RECONCILIATION
INE044A01036_2024,Sun Pharmaceutical Industries Limited,2024,HOLDOUT,annexure_candidate,CANDIDATE,t0.1_audit_detector,1,True,1,audit_detector_annexure_candidate,1.0.0,NOT_REVIEWED,,raw_prop=annexure_candidate,NOT_REVIEWED,DERIVED_RECONCILIATION
INE044A01036_2024,Sun Pharmaceutical Industries Limited,2024,HOLDOUT,combined_mdna_candidate,NOT_OBSERVED,t0.1_audit_detector,0,False,0,audit_detector_combined_mdna_candidate,1.0.0,NOT_REVIEWED,,raw_prop=combined_mdna_candidate,NOT_REVIEWED,DERIVED_RECONCILIATION
INE044A01036_2025,Sun Pharmaceutical Industries Limited,2025,HOLDOUT,native,CANDIDATE,t0.1_audit_detector,1,327,1,audit_detector_native,1.0.0,NOT_REVIEWED,,raw_prop=native_page_count,NOT_REVIEWED,DERIVED_RECONCILIATION
INE044A01036_2025,Sun Pharmaceutical Industries Limited,2025,HOLDOUT,scanned,NOT_OBSERVED,t0.1_audit_detector,0,0,0,audit_detector_scanned,1.0.0,NOT_REVIEWED,,raw_prop=scanned_page_count,NOT_REVIEWED,DERIVED_RECONCILIATION
INE044A01036_2025,Sun Pharmaceutical Industries Limited,2025,HOLDOUT,ocr_layer_candidate,CANDIDATE,t0.1_audit_detector,1,1,1,audit_detector_ocr_layer_candidate,1.0.0,NOT_REVIEWED,,raw_prop=ocr_page_count,NOT_REVIEWED,DERIVED_RECONCILIATION
INE044A01036_2025,Sun Pharmaceutical Industries Limited,2025,HOLDOUT,legacy_font_candidate,CANDIDATE,t0.1_audit_detector,1,3,1,audit_detector_legacy_font_candidate,1.0.0,NOT_REVIEWED,,raw_prop=legacy_candidate_page_count,NOT_REVIEWED,DERIVED_RECONCILIATION
INE044A01036_2025,Sun Pharmaceutical Industries Limited,2025,HOLDOUT,hidden_text_candidate,NOT_OBSERVED,t0.1_audit_detector,0,0,0,audit_detector_hidden_text_candidate,1.0.0,NOT_REVIEWED,,raw_prop=hidden_text_candidate_page_count,NOT_REVIEWED,DERIVED_RECONCILIATION
INE044A01036_2025,Sun Pharmaceutical Industries Limited,2025,HOLDOUT,duplicate_text_candidate,NOT_OBSERVED,t0.1_audit_detector,0,0,0,audit_detector_duplicate_text_candidate,1.0.0,NOT_REVIEWED,,raw_prop=duplicate_text_candidate_page_count,NOT_REVIEWED,DERIVED_RECONCILIATION
INE044A01036_2025,Sun Pharmaceutical Industries Limited,2025,HOLDOUT,devanagari_candidate,NOT_OBSERVED,t0.1_audit_detector,0,0,0,audit_detector_devanagari_candidate,1.0.0,NOT_REVIEWED,,raw_prop=devanagari_page_count,NOT_REVIEWED,DERIVED_RECONCILIATION
INE044A01036_2025,Sun Pharmaceutical Industries Limited,2025,HOLDOUT,bilingual_candidate,NOT_OBSERVED,t0.1_audit_detector,0,0,0,audit_detector_bilingual_candidate,1.0.0,NOT_REVIEWED,,raw_prop=bilingual_candidate_page_count,NOT_REVIEWED,DERIVED_RECONCILIATION
INE044A01036_2025,Sun Pharmaceutical Industries Limited,2025,HOLDOUT,two_column,CANDIDATE,t0.1_audit_detector,1,124,1,audit_detector_two_column,1.0.0,NOT_REVIEWED,,raw_prop=two_column_page_count,NOT_REVIEWED,DERIVED_RECONCILIATION
INE044A01036_2025,Sun Pharmaceutical Industries Limited,2025,HOLDOUT,multi_column,CANDIDATE,t0.1_audit_detector,1,192,1,audit_detector_multi_column,1.0.0,NOT_REVIEWED,,raw_prop=multi_column_page_count,NOT_REVIEWED,DERIVED_RECONCILIATION
INE044A01036_2025,Sun Pharmaceutical Industries Limited,2025,HOLDOUT,table_candidate,CANDIDATE,t0.1_audit_detector,1,259,1,audit_detector_table_candidate,1.0.0,NOT_REVIEWED,,raw_prop=table_candidate_page_count,NOT_REVIEWED,DERIVED_RECONCILIATION
INE044A01036_2025,Sun Pharmaceutical Industries Limited,2025,HOLDOUT,header_candidate,CANDIDATE,t0.1_audit_detector,1,319,1,audit_detector_header_candidate,1.0.0,NOT_REVIEWED,,raw_prop=header_candidate_page_count,NOT_REVIEWED,DERIVED_RECONCILIATION
INE044A01036_2025,Sun Pharmaceutical Industries Limited,2025,HOLDOUT,footer_candidate,NOT_OBSERVED,t0.1_audit_detector,0,0,0,audit_detector_footer_candidate,1.0.0,NOT_REVIEWED,,raw_prop=footer_candidate_page_count,NOT_REVIEWED,DERIVED_RECONCILIATION
INE044A01036_2025,Sun Pharmaceutical Industries Limited,2025,HOLDOUT,toc_candidate,NOT_OBSERVED,t0.1_audit_detector,0,False,0,audit_detector_toc_candidate,1.0.0,NOT_REVIEWED,,raw_prop=toc_candidate,NOT_REVIEWED,DERIVED_RECONCILIATION
INE044A01036_2025,Sun Pharmaceutical Industries Limited,2025,HOLDOUT,deep_hierarchy_candidate,NOT_OBSERVED,t0.1_audit_detector,0,False,0,audit_detector_deep_hierarchy_candidate,1.0.0,NOT_REVIEWED,,raw_prop=deep_hierarchy_candidate,NOT_REVIEWED,DERIVED_RECONCILIATION
INE044A01036_2025,Sun Pharmaceutical Industries Limited,2025,HOLDOUT,annexure_candidate,CANDIDATE,t0.1_audit_detector,1,True,1,audit_detector_annexure_candidate,1.0.0,NOT_REVIEWED,,raw_prop=annexure_candidate,NOT_REVIEWED,DERIVED_RECONCILIATION
INE044A01036_2025,Sun Pharmaceutical Industries Limited,2025,HOLDOUT,combined_mdna_candidate,CANDIDATE,t0.1_audit_detector,1,True,1,audit_detector_combined_mdna_candidate,1.0.0,NOT_REVIEWED,,raw_prop=combined_mdna_candidate,NOT_REVIEWED,DERIVED_RECONCILIATION
INE081A01020_2012,Tata Steel Limited,2012,FIT,native,CANDIDATE,t0.1_audit_detector,1,248,1,audit_detector_native,1.0.0,NOT_REVIEWED,,raw_prop=native_page_count,NOT_REVIEWED,DERIVED_RECONCILIATION
INE081A01020_2012,Tata Steel Limited,2012,FIT,scanned,NOT_OBSERVED,t0.1_audit_detector,0,0,0,audit_detector_scanned,1.0.0,NOT_REVIEWED,,raw_prop=scanned_page_count,NOT_REVIEWED,DERIVED_RECONCILIATION
INE081A01020_2012,Tata Steel Limited,2012,FIT,ocr_layer_candidate,CANDIDATE,t0.1_audit_detector,1,1,1,audit_detector_ocr_layer_candidate,1.0.0,NOT_REVIEWED,,raw_prop=ocr_page_count,NOT_REVIEWED,DERIVED_RECONCILIATION
INE081A01020_2012,Tata Steel Limited,2012,FIT,legacy_font_candidate,CANDIDATE,t0.1_audit_detector,1,2,1,audit_detector_legacy_font_candidate,1.0.0,NOT_REVIEWED,,raw_prop=legacy_candidate_page_count,NOT_REVIEWED,DERIVED_RECONCILIATION
INE081A01020_2012,Tata Steel Limited,2012,FIT,hidden_text_candidate,NOT_OBSERVED,t0.1_audit_detector,0,0,0,audit_detector_hidden_text_candidate,1.0.0,NOT_REVIEWED,,raw_prop=hidden_text_candidate_page_count,NOT_REVIEWED,DERIVED_RECONCILIATION
INE081A01020_2012,Tata Steel Limited,2012,FIT,duplicate_text_candidate,CANDIDATE,t0.1_audit_detector,1,1,1,audit_detector_duplicate_text_candidate,1.0.0,NOT_REVIEWED,,raw_prop=duplicate_text_candidate_page_count,NOT_REVIEWED,DERIVED_RECONCILIATION
INE081A01020_2012,Tata Steel Limited,2012,FIT,devanagari_candidate,NOT_OBSERVED,t0.1_audit_detector,0,0,0,audit_detector_devanagari_candidate,1.0.0,NOT_REVIEWED,,raw_prop=devanagari_page_count,NOT_REVIEWED,DERIVED_RECONCILIATION
INE081A01020_2012,Tata Steel Limited,2012,FIT,bilingual_candidate,NOT_OBSERVED,t0.1_audit_detector,0,0,0,audit_detector_bilingual_candidate,1.0.0,NOT_REVIEWED,,raw_prop=bilingual_candidate_page_count,NOT_REVIEWED,DERIVED_RECONCILIATION
INE081A01020_2012,Tata Steel Limited,2012,FIT,two_column,CANDIDATE,t0.1_audit_detector,1,109,1,audit_detector_two_column,1.0.0,NOT_REVIEWED,,raw_prop=two_column_page_count,NOT_REVIEWED,DERIVED_RECONCILIATION
INE081A01020_2012,Tata Steel Limited,2012,FIT,multi_column,CANDIDATE,t0.1_audit_detector,1,82,1,audit_detector_multi_column,1.0.0,NOT_REVIEWED,,raw_prop=multi_column_page_count,NOT_REVIEWED,DERIVED_RECONCILIATION
INE081A01020_2012,Tata Steel Limited,2012,FIT,table_candidate,CANDIDATE,t0.1_audit_detector,1,155,1,audit_detector_table_candidate,1.0.0,NOT_REVIEWED,,raw_prop=table_candidate_page_count,NOT_REVIEWED,DERIVED_RECONCILIATION
INE081A01020_2012,Tata Steel Limited,2012,FIT,header_candidate,NOT_OBSERVED,t0.1_audit_detector,0,0,0,audit_detector_header_candidate,1.0.0,NOT_REVIEWED,,raw_prop=header_candidate_page_count,NOT_REVIEWED,DERIVED_RECONCILIATION
INE081A01020_2012,Tata Steel Limited,2012,FIT,footer_candidate,CANDIDATE,t0.1_audit_detector,1,13,1,audit_detector_footer_candidate,1.0.0,NOT_REVIEWED,,raw_prop=footer_candidate_page_count,NOT_REVIEWED,DERIVED_RECONCILIATION
INE081A01020_2012,Tata Steel Limited,2012,FIT,toc_candidate,CANDIDATE,t0.1_audit_detector,1,True,1,audit_detector_toc_candidate,1.0.0,NOT_REVIEWED,,raw_prop=toc_candidate,NOT_REVIEWED,DERIVED_RECONCILIATION
INE081A01020_2012,Tata Steel Limited,2012,FIT,deep_hierarchy_candidate,NOT_OBSERVED,t0.1_audit_detector,0,False,0,audit_detector_deep_hierarchy_candidate,1.0.0,NOT_REVIEWED,,raw_prop=deep_hierarchy_candidate,NOT_REVIEWED,DERIVED_RECONCILIATION
INE081A01020_2012,Tata Steel Limited,2012,FIT,annexure_candidate,CANDIDATE,t0.1_audit_detector,1,True,1,audit_detector_annexure_candidate,1.0.0,NOT_REVIEWED,,raw_prop=annexure_candidate,NOT_REVIEWED,DERIVED_RECONCILIATION
INE081A01020_2012,Tata Steel Limited,2012,FIT,combined_mdna_candidate,NOT_OBSERVED,t0.1_audit_detector,0,False,0,audit_detector_combined_mdna_candidate,1.0.0,NOT_REVIEWED,,raw_prop=combined_mdna_candidate,NOT_REVIEWED,DERIVED_RECONCILIATION
INE081A01020_2013,Tata Steel Limited,2013,FIT,native,CANDIDATE,t0.1_audit_detector,1,227,1,audit_detector_native,1.0.0,NOT_REVIEWED,,raw_prop=native_page_count,NOT_REVIEWED,DERIVED_RECONCILIATION
INE081A01020_2013,Tata Steel Limited,2013,FIT,scanned,NOT_OBSERVED,t0.1_audit_detector,0,0,0,audit_detector_scanned,1.0.0,NOT_REVIEWED,,raw_prop=scanned_page_count,NOT_REVIEWED,DERIVED_RECONCILIATION
INE081A01020_2013,Tata Steel Limited,2013,FIT,ocr_layer_candidate,NOT_OBSERVED,t0.1_audit_detector,0,0,0,audit_detector_ocr_layer_candidate,1.0.0,NOT_REVIEWED,,raw_prop=ocr_page_count,NOT_REVIEWED,DERIVED_RECONCILIATION
INE081A01020_2013,Tata Steel Limited,2013,FIT,legacy_font_candidate,CANDIDATE,t0.1_audit_detector,1,7,1,audit_detector_legacy_font_candidate,1.0.0,NOT_REVIEWED,,raw_prop=legacy_candidate_page_count,NOT_REVIEWED,DERIVED_RECONCILIATION
INE081A01020_2013,Tata Steel Limited,2013,FIT,hidden_text_candidate,NOT_OBSERVED,t0.1_audit_detector,0,0,0,audit_detector_hidden_text_candidate,1.0.0,NOT_REVIEWED,,raw_prop=hidden_text_candidate_page_count,NOT_REVIEWED,DERIVED_RECONCILIATION
INE081A01020_2013,Tata Steel Limited,2013,FIT,duplicate_text_candidate,CANDIDATE,t0.1_audit_detector,1,1,1,audit_detector_duplicate_text_candidate,1.0.0,NOT_REVIEWED,,raw_prop=duplicate_text_candidate_page_count,NOT_REVIEWED,DERIVED_RECONCILIATION
INE081A01020_2013,Tata Steel Limited,2013,FIT,devanagari_candidate,NOT_OBSERVED,t0.1_audit_detector,0,0,0,audit_detector_devanagari_candidate,1.0.0,NOT_REVIEWED,,raw_prop=devanagari_page_count,NOT_REVIEWED,DERIVED_RECONCILIATION
INE081A01020_2013,Tata Steel Limited,2013,FIT,bilingual_candidate,NOT_OBSERVED,t0.1_audit_detector,0,0,0,audit_detector_bilingual_candidate,1.0.0,NOT_REVIEWED,,raw_prop=bilingual_candidate_page_count,NOT_REVIEWED,DERIVED_RECONCILIATION
INE081A01020_2013,Tata Steel Limited,2013,FIT,two_column,CANDIDATE,t0.1_audit_detector,1,81,1,audit_detector_two_column,1.0.0,NOT_REVIEWED,,raw_prop=two_column_page_count,NOT_REVIEWED,DERIVED_RECONCILIATION
INE081A01020_2013,Tata Steel Limited,2013,FIT,multi_column,CANDIDATE,t0.1_audit_detector,1,88,1,audit_detector_multi_column,1.0.0,NOT_REVIEWED,,raw_prop=multi_column_page_count,NOT_REVIEWED,DERIVED_RECONCILIATION
INE081A01020_2013,Tata Steel Limited,2013,FIT,table_candidate,CANDIDATE,t0.1_audit_detector,1,118,1,audit_detector_table_candidate,1.0.0,NOT_REVIEWED,,raw_prop=table_candidate_page_count,NOT_REVIEWED,DERIVED_RECONCILIATION
INE081A01020_2013,Tata Steel Limited,2013,FIT,header_candidate,CANDIDATE,t0.1_audit_detector,1,3,1,audit_detector_header_candidate,1.0.0,NOT_REVIEWED,,raw_prop=header_candidate_page_count,NOT_REVIEWED,DERIVED_RECONCILIATION
INE081A01020_2013,Tata Steel Limited,2013,FIT,footer_candidate,CANDIDATE,t0.1_audit_detector,1,14,1,audit_detector_footer_candidate,1.0.0,NOT_REVIEWED,,raw_prop=footer_candidate_page_count,NOT_REVIEWED,DERIVED_RECONCILIATION
INE081A01020_2013,Tata Steel Limited,2013,FIT,toc_candidate,CANDIDATE,t0.1_audit_detector,1,True,1,audit_detector_toc_candidate,1.0.0,NOT_REVIEWED,,raw_prop=toc_candidate,NOT_REVIEWED,DERIVED_RECONCILIATION
INE081A01020_2013,Tata Steel Limited,2013,FIT,deep_hierarchy_candidate,NOT_OBSERVED,t0.1_audit_detector,0,False,0,audit_detector_deep_hierarchy_candidate,1.0.0,NOT_REVIEWED,,raw_prop=deep_hierarchy_candidate,NOT_REVIEWED,DERIVED_RECONCILIATION
INE081A01020_2013,Tata Steel Limited,2013,FIT,annexure_candidate,CANDIDATE,t0.1_audit_detector,1,True,1,audit_detector_annexure_candidate,1.0.0,NOT_REVIEWED,,raw_prop=annexure_candidate,NOT_REVIEWED,DERIVED_RECONCILIATION
INE081A01020_2013,Tata Steel Limited,2013,FIT,combined_mdna_candidate,NOT_OBSERVED,t0.1_audit_detector,0,False,0,audit_detector_combined_mdna_candidate,1.0.0,NOT_REVIEWED,,raw_prop=combined_mdna_candidate,NOT_REVIEWED,DERIVED_RECONCILIATION
INE081A01020_2017,Tata Steel Limited,2017,FIT,native,CANDIDATE,t0.1_audit_detector,1,373,1,audit_detector_native,1.0.0,NOT_REVIEWED,,raw_prop=native_page_count,NOT_REVIEWED,DERIVED_RECONCILIATION
INE081A01020_2017,Tata Steel Limited,2017,FIT,scanned,CANDIDATE,t0.1_audit_detector,1,1,1,audit_detector_scanned,1.0.0,NOT_REVIEWED,,raw_prop=scanned_page_count,NOT_REVIEWED,DERIVED_RECONCILIATION
INE081A01020_2017,Tata Steel Limited,2017,FIT,ocr_layer_candidate,CANDIDATE,t0.1_audit_detector,1,1,1,audit_detector_ocr_layer_candidate,1.0.0,NOT_REVIEWED,,raw_prop=ocr_page_count,NOT_REVIEWED,DERIVED_RECONCILIATION
INE081A01020_2017,Tata Steel Limited,2017,FIT,legacy_font_candidate,NOT_OBSERVED,t0.1_audit_detector,0,0,0,audit_detector_legacy_font_candidate,1.0.0,NOT_REVIEWED,,raw_prop=legacy_candidate_page_count,NOT_REVIEWED,DERIVED_RECONCILIATION
INE081A01020_2017,Tata Steel Limited,2017,FIT,hidden_text_candidate,NOT_OBSERVED,t0.1_audit_detector,0,0,0,audit_detector_hidden_text_candidate,1.0.0,NOT_REVIEWED,,raw_prop=hidden_text_candidate_page_count,NOT_REVIEWED,DERIVED_RECONCILIATION
INE081A01020_2017,Tata Steel Limited,2017,FIT,duplicate_text_candidate,CANDIDATE,t0.1_audit_detector,1,1,1,audit_detector_duplicate_text_candidate,1.0.0,NOT_REVIEWED,,raw_prop=duplicate_text_candidate_page_count,NOT_REVIEWED,DERIVED_RECONCILIATION
INE081A01020_2017,Tata Steel Limited,2017,FIT,devanagari_candidate,NOT_OBSERVED,t0.1_audit_detector,0,0,0,audit_detector_devanagari_candidate,1.0.0,NOT_REVIEWED,,raw_prop=devanagari_page_count,NOT_REVIEWED,DERIVED_RECONCILIATION
INE081A01020_2017,Tata Steel Limited,2017,FIT,bilingual_candidate,NOT_OBSERVED,t0.1_audit_detector,0,0,0,audit_detector_bilingual_candidate,1.0.0,NOT_REVIEWED,,raw_prop=bilingual_candidate_page_count,NOT_REVIEWED,DERIVED_RECONCILIATION
INE081A01020_2017,Tata Steel Limited,2017,FIT,two_column,CANDIDATE,t0.1_audit_detector,1,193,1,audit_detector_two_column,1.0.0,NOT_REVIEWED,,raw_prop=two_column_page_count,NOT_REVIEWED,DERIVED_RECONCILIATION
INE081A01020_2017,Tata Steel Limited,2017,FIT,multi_column,CANDIDATE,t0.1_audit_detector,1,147,1,audit_detector_multi_column,1.0.0,NOT_REVIEWED,,raw_prop=multi_column_page_count,NOT_REVIEWED,DERIVED_RECONCILIATION
INE081A01020_2017,Tata Steel Limited,2017,FIT,table_candidate,CANDIDATE,t0.1_audit_detector,1,296,1,audit_detector_table_candidate,1.0.0,NOT_REVIEWED,,raw_prop=table_candidate_page_count,NOT_REVIEWED,DERIVED_RECONCILIATION
INE081A01020_2017,Tata Steel Limited,2017,FIT,header_candidate,NOT_OBSERVED,t0.1_audit_detector,0,0,0,audit_detector_header_candidate,1.0.0,NOT_REVIEWED,,raw_prop=header_candidate_page_count,NOT_REVIEWED,DERIVED_RECONCILIATION
INE081A01020_2017,Tata Steel Limited,2017,FIT,footer_candidate,CANDIDATE,t0.1_audit_detector,1,360,1,audit_detector_footer_candidate,1.0.0,NOT_REVIEWED,,raw_prop=footer_candidate_page_count,NOT_REVIEWED,DERIVED_RECONCILIATION
INE081A01020_2017,Tata Steel Limited,2017,FIT,toc_candidate,CANDIDATE,t0.1_audit_detector,1,True,1,audit_detector_toc_candidate,1.0.0,NOT_REVIEWED,,raw_prop=toc_candidate,NOT_REVIEWED,DERIVED_RECONCILIATION
INE081A01020_2017,Tata Steel Limited,2017,FIT,deep_hierarchy_candidate,CANDIDATE,t0.1_audit_detector,1,True,1,audit_detector_deep_hierarchy_candidate,1.0.0,NOT_REVIEWED,,raw_prop=deep_hierarchy_candidate,NOT_REVIEWED,DERIVED_RECONCILIATION
INE081A01020_2017,Tata Steel Limited,2017,FIT,annexure_candidate,CANDIDATE,t0.1_audit_detector,1,True,1,audit_detector_annexure_candidate,1.0.0,NOT_REVIEWED,,raw_prop=annexure_candidate,NOT_REVIEWED,DERIVED_RECONCILIATION
INE081A01020_2017,Tata Steel Limited,2017,FIT,combined_mdna_candidate,CANDIDATE,t0.1_audit_detector,1,True,1,audit_detector_combined_mdna_candidate,1.0.0,NOT_REVIEWED,,raw_prop=combined_mdna_candidate,NOT_REVIEWED,DERIVED_RECONCILIATION
INE081A01020_2018,Tata Steel Limited,2018,FIT,native,CANDIDATE,t0.1_audit_detector,1,406,1,audit_detector_native,1.0.0,NOT_REVIEWED,,raw_prop=native_page_count,NOT_REVIEWED,DERIVED_RECONCILIATION
INE081A01020_2018,Tata Steel Limited,2018,FIT,scanned,NOT_OBSERVED,t0.1_audit_detector,0,0,0,audit_detector_scanned,1.0.0,NOT_REVIEWED,,raw_prop=scanned_page_count,NOT_REVIEWED,DERIVED_RECONCILIATION
INE081A01020_2018,Tata Steel Limited,2018,FIT,ocr_layer_candidate,CANDIDATE,t0.1_audit_detector,1,1,1,audit_detector_ocr_layer_candidate,1.0.0,NOT_REVIEWED,,raw_prop=ocr_page_count,NOT_REVIEWED,DERIVED_RECONCILIATION
INE081A01020_2018,Tata Steel Limited,2018,FIT,legacy_font_candidate,NOT_OBSERVED,t0.1_audit_detector,0,0,0,audit_detector_legacy_font_candidate,1.0.0,NOT_REVIEWED,,raw_prop=legacy_candidate_page_count,NOT_REVIEWED,DERIVED_RECONCILIATION
INE081A01020_2018,Tata Steel Limited,2018,FIT,hidden_text_candidate,NOT_OBSERVED,t0.1_audit_detector,0,0,0,audit_detector_hidden_text_candidate,1.0.0,NOT_REVIEWED,,raw_prop=hidden_text_candidate_page_count,NOT_REVIEWED,DERIVED_RECONCILIATION
INE081A01020_2018,Tata Steel Limited,2018,FIT,duplicate_text_candidate,NOT_OBSERVED,t0.1_audit_detector,0,0,0,audit_detector_duplicate_text_candidate,1.0.0,NOT_REVIEWED,,raw_prop=duplicate_text_candidate_page_count,NOT_REVIEWED,DERIVED_RECONCILIATION
INE081A01020_2018,Tata Steel Limited,2018,FIT,devanagari_candidate,NOT_OBSERVED,t0.1_audit_detector,0,0,0,audit_detector_devanagari_candidate,1.0.0,NOT_REVIEWED,,raw_prop=devanagari_page_count,NOT_REVIEWED,DERIVED_RECONCILIATION
INE081A01020_2018,Tata Steel Limited,2018,FIT,bilingual_candidate,NOT_OBSERVED,t0.1_audit_detector,0,0,0,audit_detector_bilingual_candidate,1.0.0,NOT_REVIEWED,,raw_prop=bilingual_candidate_page_count,NOT_REVIEWED,DERIVED_RECONCILIATION
INE081A01020_2018,Tata Steel Limited,2018,FIT,two_column,CANDIDATE,t0.1_audit_detector,1,209,1,audit_detector_two_column,1.0.0,NOT_REVIEWED,,raw_prop=two_column_page_count,NOT_REVIEWED,DERIVED_RECONCILIATION
INE081A01020_2018,Tata Steel Limited,2018,FIT,multi_column,CANDIDATE,t0.1_audit_detector,1,175,1,audit_detector_multi_column,1.0.0,NOT_REVIEWED,,raw_prop=multi_column_page_count,NOT_REVIEWED,DERIVED_RECONCILIATION
INE081A01020_2018,Tata Steel Limited,2018,FIT,table_candidate,CANDIDATE,t0.1_audit_detector,1,321,1,audit_detector_table_candidate,1.0.0,NOT_REVIEWED,,raw_prop=table_candidate_page_count,NOT_REVIEWED,DERIVED_RECONCILIATION
INE081A01020_2018,Tata Steel Limited,2018,FIT,header_candidate,NOT_OBSERVED,t0.1_audit_detector,0,0,0,audit_detector_header_candidate,1.0.0,NOT_REVIEWED,,raw_prop=header_candidate_page_count,NOT_REVIEWED,DERIVED_RECONCILIATION
INE081A01020_2018,Tata Steel Limited,2018,FIT,footer_candidate,CANDIDATE,t0.1_audit_detector,1,4,1,audit_detector_footer_candidate,1.0.0,NOT_REVIEWED,,raw_prop=footer_candidate_page_count,NOT_REVIEWED,DERIVED_RECONCILIATION
INE081A01020_2018,Tata Steel Limited,2018,FIT,toc_candidate,CANDIDATE,t0.1_audit_detector,1,True,1,audit_detector_toc_candidate,1.0.0,NOT_REVIEWED,,raw_prop=toc_candidate,NOT_REVIEWED,DERIVED_RECONCILIATION
INE081A01020_2018,Tata Steel Limited,2018,FIT,deep_hierarchy_candidate,CANDIDATE,t0.1_audit_detector,1,True,1,audit_detector_deep_hierarchy_candidate,1.0.0,NOT_REVIEWED,,raw_prop=deep_hierarchy_candidate,NOT_REVIEWED,DERIVED_RECONCILIATION
INE081A01020_2018,Tata Steel Limited,2018,FIT,annexure_candidate,CANDIDATE,t0.1_audit_detector,1,True,1,audit_detector_annexure_candidate,1.0.0,NOT_REVIEWED,,raw_prop=annexure_candidate,NOT_REVIEWED,DERIVED_RECONCILIATION
INE081A01020_2018,Tata Steel Limited,2018,FIT,combined_mdna_candidate,CANDIDATE,t0.1_audit_detector,1,True,1,audit_detector_combined_mdna_candidate,1.0.0,NOT_REVIEWED,,raw_prop=combined_mdna_candidate,NOT_REVIEWED,DERIVED_RECONCILIATION
INE081A01020_2024,Tata Steel Limited,2024,FIT,native,CANDIDATE,t0.1_audit_detector,1,581,1,audit_detector_native,1.0.0,NOT_REVIEWED,,raw_prop=native_page_count,NOT_REVIEWED,DERIVED_RECONCILIATION
INE081A01020_2024,Tata Steel Limited,2024,FIT,scanned,NOT_OBSERVED,t0.1_audit_detector,0,0,0,audit_detector_scanned,1.0.0,NOT_REVIEWED,,raw_prop=scanned_page_count,NOT_REVIEWED,DERIVED_RECONCILIATION
INE081A01020_2024,Tata Steel Limited,2024,FIT,ocr_layer_candidate,CANDIDATE,t0.1_audit_detector,1,1,1,audit_detector_ocr_layer_candidate,1.0.0,NOT_REVIEWED,,raw_prop=ocr_page_count,NOT_REVIEWED,DERIVED_RECONCILIATION
INE081A01020_2024,Tata Steel Limited,2024,FIT,legacy_font_candidate,NOT_OBSERVED,t0.1_audit_detector,0,0,0,audit_detector_legacy_font_candidate,1.0.0,NOT_REVIEWED,,raw_prop=legacy_candidate_page_count,NOT_REVIEWED,DERIVED_RECONCILIATION
INE081A01020_2024,Tata Steel Limited,2024,FIT,hidden_text_candidate,NOT_OBSERVED,t0.1_audit_detector,0,0,0,audit_detector_hidden_text_candidate,1.0.0,NOT_REVIEWED,,raw_prop=hidden_text_candidate_page_count,NOT_REVIEWED,DERIVED_RECONCILIATION
INE081A01020_2024,Tata Steel Limited,2024,FIT,duplicate_text_candidate,CANDIDATE,t0.1_audit_detector,1,4,1,audit_detector_duplicate_text_candidate,1.0.0,NOT_REVIEWED,,raw_prop=duplicate_text_candidate_page_count,NOT_REVIEWED,DERIVED_RECONCILIATION
INE081A01020_2024,Tata Steel Limited,2024,FIT,devanagari_candidate,NOT_OBSERVED,t0.1_audit_detector,0,0,0,audit_detector_devanagari_candidate,1.0.0,NOT_REVIEWED,,raw_prop=devanagari_page_count,NOT_REVIEWED,DERIVED_RECONCILIATION
INE081A01020_2024,Tata Steel Limited,2024,FIT,bilingual_candidate,NOT_OBSERVED,t0.1_audit_detector,0,0,0,audit_detector_bilingual_candidate,1.0.0,NOT_REVIEWED,,raw_prop=bilingual_candidate_page_count,NOT_REVIEWED,DERIVED_RECONCILIATION
INE081A01020_2024,Tata Steel Limited,2024,FIT,two_column,CANDIDATE,t0.1_audit_detector,1,269,1,audit_detector_two_column,1.0.0,NOT_REVIEWED,,raw_prop=two_column_page_count,NOT_REVIEWED,DERIVED_RECONCILIATION
INE081A01020_2024,Tata Steel Limited,2024,FIT,multi_column,CANDIDATE,t0.1_audit_detector,1,283,1,audit_detector_multi_column,1.0.0,NOT_REVIEWED,,raw_prop=multi_column_page_count,NOT_REVIEWED,DERIVED_RECONCILIATION
INE081A01020_2024,Tata Steel Limited,2024,FIT,table_candidate,CANDIDATE,t0.1_audit_detector,1,549,1,audit_detector_table_candidate,1.0.0,NOT_REVIEWED,,raw_prop=table_candidate_page_count,NOT_REVIEWED,DERIVED_RECONCILIATION
INE081A01020_2024,Tata Steel Limited,2024,FIT,header_candidate,CANDIDATE,t0.1_audit_detector,1,62,1,audit_detector_header_candidate,1.0.0,NOT_REVIEWED,,raw_prop=header_candidate_page_count,NOT_REVIEWED,DERIVED_RECONCILIATION
INE081A01020_2024,Tata Steel Limited,2024,FIT,footer_candidate,CANDIDATE,t0.1_audit_detector,1,575,1,audit_detector_footer_candidate,1.0.0,NOT_REVIEWED,,raw_prop=footer_candidate_page_count,NOT_REVIEWED,DERIVED_RECONCILIATION
INE081A01020_2024,Tata Steel Limited,2024,FIT,toc_candidate,CANDIDATE,t0.1_audit_detector,1,True,1,audit_detector_toc_candidate,1.0.0,NOT_REVIEWED,,raw_prop=toc_candidate,NOT_REVIEWED,DERIVED_RECONCILIATION
INE081A01020_2024,Tata Steel Limited,2024,FIT,deep_hierarchy_candidate,NOT_OBSERVED,t0.1_audit_detector,0,False,0,audit_detector_deep_hierarchy_candidate,1.0.0,NOT_REVIEWED,,raw_prop=deep_hierarchy_candidate,NOT_REVIEWED,DERIVED_RECONCILIATION
INE081A01020_2024,Tata Steel Limited,2024,FIT,annexure_candidate,CANDIDATE,t0.1_audit_detector,1,True,1,audit_detector_annexure_candidate,1.0.0,NOT_REVIEWED,,raw_prop=annexure_candidate,NOT_REVIEWED,DERIVED_RECONCILIATION
INE081A01020_2024,Tata Steel Limited,2024,FIT,combined_mdna_candidate,CANDIDATE,t0.1_audit_detector,1,True,1,audit_detector_combined_mdna_candidate,1.0.0,NOT_REVIEWED,,raw_prop=combined_mdna_candidate,NOT_REVIEWED,DERIVED_RECONCILIATION
INE081A01020_2025,Tata Steel Limited,2025,FIT,native,CANDIDATE,t0.1_audit_detector,1,552,1,audit_detector_native,1.0.0,NOT_REVIEWED,,raw_prop=native_page_count,NOT_REVIEWED,DERIVED_RECONCILIATION
INE081A01020_2025,Tata Steel Limited,2025,FIT,scanned,NOT_OBSERVED,t0.1_audit_detector,0,0,0,audit_detector_scanned,1.0.0,NOT_REVIEWED,,raw_prop=scanned_page_count,NOT_REVIEWED,DERIVED_RECONCILIATION
INE081A01020_2025,Tata Steel Limited,2025,FIT,ocr_layer_candidate,CANDIDATE,t0.1_audit_detector,1,1,1,audit_detector_ocr_layer_candidate,1.0.0,NOT_REVIEWED,,raw_prop=ocr_page_count,NOT_REVIEWED,DERIVED_RECONCILIATION
INE081A01020_2025,Tata Steel Limited,2025,FIT,legacy_font_candidate,CANDIDATE,t0.1_audit_detector,1,3,1,audit_detector_legacy_font_candidate,1.0.0,NOT_REVIEWED,,raw_prop=legacy_candidate_page_count,NOT_REVIEWED,DERIVED_RECONCILIATION
INE081A01020_2025,Tata Steel Limited,2025,FIT,hidden_text_candidate,NOT_OBSERVED,t0.1_audit_detector,0,0,0,audit_detector_hidden_text_candidate,1.0.0,NOT_REVIEWED,,raw_prop=hidden_text_candidate_page_count,NOT_REVIEWED,DERIVED_RECONCILIATION
INE081A01020_2025,Tata Steel Limited,2025,FIT,duplicate_text_candidate,CANDIDATE,t0.1_audit_detector,1,1,1,audit_detector_duplicate_text_candidate,1.0.0,NOT_REVIEWED,,raw_prop=duplicate_text_candidate_page_count,NOT_REVIEWED,DERIVED_RECONCILIATION
INE081A01020_2025,Tata Steel Limited,2025,FIT,devanagari_candidate,NOT_OBSERVED,t0.1_audit_detector,0,0,0,audit_detector_devanagari_candidate,1.0.0,NOT_REVIEWED,,raw_prop=devanagari_page_count,NOT_REVIEWED,DERIVED_RECONCILIATION
INE081A01020_2025,Tata Steel Limited,2025,FIT,bilingual_candidate,NOT_OBSERVED,t0.1_audit_detector,0,0,0,audit_detector_bilingual_candidate,1.0.0,NOT_REVIEWED,,raw_prop=bilingual_candidate_page_count,NOT_REVIEWED,DERIVED_RECONCILIATION
INE081A01020_2025,Tata Steel Limited,2025,FIT,two_column,CANDIDATE,t0.1_audit_detector,1,265,1,audit_detector_two_column,1.0.0,NOT_REVIEWED,,raw_prop=two_column_page_count,NOT_REVIEWED,DERIVED_RECONCILIATION
INE081A01020_2025,Tata Steel Limited,2025,FIT,multi_column,CANDIDATE,t0.1_audit_detector,1,263,1,audit_detector_multi_column,1.0.0,NOT_REVIEWED,,raw_prop=multi_column_page_count,NOT_REVIEWED,DERIVED_RECONCILIATION
INE081A01020_2025,Tata Steel Limited,2025,FIT,table_candidate,CANDIDATE,t0.1_audit_detector,1,419,1,audit_detector_table_candidate,1.0.0,NOT_REVIEWED,,raw_prop=table_candidate_page_count,NOT_REVIEWED,DERIVED_RECONCILIATION
INE081A01020_2025,Tata Steel Limited,2025,FIT,header_candidate,CANDIDATE,t0.1_audit_detector,1,53,1,audit_detector_header_candidate,1.0.0,NOT_REVIEWED,,raw_prop=header_candidate_page_count,NOT_REVIEWED,DERIVED_RECONCILIATION
INE081A01020_2025,Tata Steel Limited,2025,FIT,footer_candidate,CANDIDATE,t0.1_audit_detector,1,528,1,audit_detector_footer_candidate,1.0.0,NOT_REVIEWED,,raw_prop=footer_candidate_page_count,NOT_REVIEWED,DERIVED_RECONCILIATION
INE081A01020_2025,Tata Steel Limited,2025,FIT,toc_candidate,CANDIDATE,t0.1_audit_detector,1,True,1,audit_detector_toc_candidate,1.0.0,NOT_REVIEWED,,raw_prop=toc_candidate,NOT_REVIEWED,DERIVED_RECONCILIATION
INE081A01020_2025,Tata Steel Limited,2025,FIT,deep_hierarchy_candidate,NOT_OBSERVED,t0.1_audit_detector,0,False,0,audit_detector_deep_hierarchy_candidate,1.0.0,NOT_REVIEWED,,raw_prop=deep_hierarchy_candidate,NOT_REVIEWED,DERIVED_RECONCILIATION
INE081A01020_2025,Tata Steel Limited,2025,FIT,annexure_candidate,CANDIDATE,t0.1_audit_detector,1,True,1,audit_detector_annexure_candidate,1.0.0,NOT_REVIEWED,,raw_prop=annexure_candidate,NOT_REVIEWED,DERIVED_RECONCILIATION
INE081A01020_2025,Tata Steel Limited,2025,FIT,combined_mdna_candidate,CANDIDATE,t0.1_audit_detector,1,True,1,audit_detector_combined_mdna_candidate,1.0.0,NOT_REVIEWED,,raw_prop=combined_mdna_candidate,NOT_REVIEWED,DERIVED_RECONCILIATION
INE119A01028_2012,Balrampur Chini Mills Limited,2012,HOLDOUT,native,CANDIDATE,t0.1_audit_detector,1,127,1,audit_detector_native,1.0.0,NOT_REVIEWED,,raw_prop=native_page_count,NOT_REVIEWED,DERIVED_RECONCILIATION
INE119A01028_2012,Balrampur Chini Mills Limited,2012,HOLDOUT,scanned,NOT_OBSERVED,t0.1_audit_detector,0,0,0,audit_detector_scanned,1.0.0,NOT_REVIEWED,,raw_prop=scanned_page_count,NOT_REVIEWED,DERIVED_RECONCILIATION
INE119A01028_2012,Balrampur Chini Mills Limited,2012,HOLDOUT,ocr_layer_candidate,CANDIDATE,t0.1_audit_detector,1,2,1,audit_detector_ocr_layer_candidate,1.0.0,NOT_REVIEWED,,raw_prop=ocr_page_count,NOT_REVIEWED,DERIVED_RECONCILIATION
INE119A01028_2012,Balrampur Chini Mills Limited,2012,HOLDOUT,legacy_font_candidate,NOT_OBSERVED,t0.1_audit_detector,0,0,0,audit_detector_legacy_font_candidate,1.0.0,NOT_REVIEWED,,raw_prop=legacy_candidate_page_count,NOT_REVIEWED,DERIVED_RECONCILIATION
INE119A01028_2012,Balrampur Chini Mills Limited,2012,HOLDOUT,hidden_text_candidate,NOT_OBSERVED,t0.1_audit_detector,0,0,0,audit_detector_hidden_text_candidate,1.0.0,NOT_REVIEWED,,raw_prop=hidden_text_candidate_page_count,NOT_REVIEWED,DERIVED_RECONCILIATION
INE119A01028_2012,Balrampur Chini Mills Limited,2012,HOLDOUT,duplicate_text_candidate,NOT_OBSERVED,t0.1_audit_detector,0,0,0,audit_detector_duplicate_text_candidate,1.0.0,NOT_REVIEWED,,raw_prop=duplicate_text_candidate_page_count,NOT_REVIEWED,DERIVED_RECONCILIATION
INE119A01028_2012,Balrampur Chini Mills Limited,2012,HOLDOUT,devanagari_candidate,NOT_OBSERVED,t0.1_audit_detector,0,0,0,audit_detector_devanagari_candidate,1.0.0,NOT_REVIEWED,,raw_prop=devanagari_page_count,NOT_REVIEWED,DERIVED_RECONCILIATION
INE119A01028_2012,Balrampur Chini Mills Limited,2012,HOLDOUT,bilingual_candidate,NOT_OBSERVED,t0.1_audit_detector,0,0,0,audit_detector_bilingual_candidate,1.0.0,NOT_REVIEWED,,raw_prop=bilingual_candidate_page_count,NOT_REVIEWED,DERIVED_RECONCILIATION
INE119A01028_2012,Balrampur Chini Mills Limited,2012,HOLDOUT,two_column,CANDIDATE,t0.1_audit_detector,1,25,1,audit_detector_two_column,1.0.0,NOT_REVIEWED,,raw_prop=two_column_page_count,NOT_REVIEWED,DERIVED_RECONCILIATION
INE119A01028_2012,Balrampur Chini Mills Limited,2012,HOLDOUT,multi_column,CANDIDATE,t0.1_audit_detector,1,77,1,audit_detector_multi_column,1.0.0,NOT_REVIEWED,,raw_prop=multi_column_page_count,NOT_REVIEWED,DERIVED_RECONCILIATION
INE119A01028_2012,Balrampur Chini Mills Limited,2012,HOLDOUT,table_candidate,CANDIDATE,t0.1_audit_detector,1,45,1,audit_detector_table_candidate,1.0.0,NOT_REVIEWED,,raw_prop=table_candidate_page_count,NOT_REVIEWED,DERIVED_RECONCILIATION
INE119A01028_2012,Balrampur Chini Mills Limited,2012,HOLDOUT,header_candidate,NOT_OBSERVED,t0.1_audit_detector,0,0,0,audit_detector_header_candidate,1.0.0,NOT_REVIEWED,,raw_prop=header_candidate_page_count,NOT_REVIEWED,DERIVED_RECONCILIATION
INE119A01028_2012,Balrampur Chini Mills Limited,2012,HOLDOUT,footer_candidate,NOT_OBSERVED,t0.1_audit_detector,0,0,0,audit_detector_footer_candidate,1.0.0,NOT_REVIEWED,,raw_prop=footer_candidate_page_count,NOT_REVIEWED,DERIVED_RECONCILIATION
INE119A01028_2012,Balrampur Chini Mills Limited,2012,HOLDOUT,toc_candidate,CANDIDATE,t0.1_audit_detector,1,True,1,audit_detector_toc_candidate,1.0.0,NOT_REVIEWED,,raw_prop=toc_candidate,NOT_REVIEWED,DERIVED_RECONCILIATION
INE119A01028_2012,Balrampur Chini Mills Limited,2012,HOLDOUT,deep_hierarchy_candidate,NOT_OBSERVED,t0.1_audit_detector,0,False,0,audit_detector_deep_hierarchy_candidate,1.0.0,NOT_REVIEWED,,raw_prop=deep_hierarchy_candidate,NOT_REVIEWED,DERIVED_RECONCILIATION
INE119A01028_2012,Balrampur Chini Mills Limited,2012,HOLDOUT,annexure_candidate,CANDIDATE,t0.1_audit_detector,1,True,1,audit_detector_annexure_candidate,1.0.0,NOT_REVIEWED,,raw_prop=annexure_candidate,NOT_REVIEWED,DERIVED_RECONCILIATION
INE119A01028_2012,Balrampur Chini Mills Limited,2012,HOLDOUT,combined_mdna_candidate,NOT_OBSERVED,t0.1_audit_detector,0,False,0,audit_detector_combined_mdna_candidate,1.0.0,NOT_REVIEWED,,raw_prop=combined_mdna_candidate,NOT_REVIEWED,DERIVED_RECONCILIATION
INE119A01028_2013,Balrampur Chini Mills Limited,2013,HOLDOUT,native,CANDIDATE,t0.1_audit_detector,1,133,1,audit_detector_native,1.0.0,NOT_REVIEWED,,raw_prop=native_page_count,NOT_REVIEWED,DERIVED_RECONCILIATION
INE119A01028_2013,Balrampur Chini Mills Limited,2013,HOLDOUT,scanned,CANDIDATE,t0.1_audit_detector,1,1,1,audit_detector_scanned,1.0.0,NOT_REVIEWED,,raw_prop=scanned_page_count,NOT_REVIEWED,DERIVED_RECONCILIATION
INE119A01028_2013,Balrampur Chini Mills Limited,2013,HOLDOUT,ocr_layer_candidate,CANDIDATE,t0.1_audit_detector,1,3,1,audit_detector_ocr_layer_candidate,1.0.0,NOT_REVIEWED,,raw_prop=ocr_page_count,NOT_REVIEWED,DERIVED_RECONCILIATION
INE119A01028_2013,Balrampur Chini Mills Limited,2013,HOLDOUT,legacy_font_candidate,NOT_OBSERVED,t0.1_audit_detector,0,0,0,audit_detector_legacy_font_candidate,1.0.0,NOT_REVIEWED,,raw_prop=legacy_candidate_page_count,NOT_REVIEWED,DERIVED_RECONCILIATION
INE119A01028_2013,Balrampur Chini Mills Limited,2013,HOLDOUT,hidden_text_candidate,NOT_OBSERVED,t0.1_audit_detector,0,0,0,audit_detector_hidden_text_candidate,1.0.0,NOT_REVIEWED,,raw_prop=hidden_text_candidate_page_count,NOT_REVIEWED,DERIVED_RECONCILIATION
INE119A01028_2013,Balrampur Chini Mills Limited,2013,HOLDOUT,duplicate_text_candidate,NOT_OBSERVED,t0.1_audit_detector,0,0,0,audit_detector_duplicate_text_candidate,1.0.0,NOT_REVIEWED,,raw_prop=duplicate_text_candidate_page_count,NOT_REVIEWED,DERIVED_RECONCILIATION
INE119A01028_2013,Balrampur Chini Mills Limited,2013,HOLDOUT,devanagari_candidate,NOT_OBSERVED,t0.1_audit_detector,0,0,0,audit_detector_devanagari_candidate,1.0.0,NOT_REVIEWED,,raw_prop=devanagari_page_count,NOT_REVIEWED,DERIVED_RECONCILIATION
INE119A01028_2013,Balrampur Chini Mills Limited,2013,HOLDOUT,bilingual_candidate,NOT_OBSERVED,t0.1_audit_detector,0,0,0,audit_detector_bilingual_candidate,1.0.0,NOT_REVIEWED,,raw_prop=bilingual_candidate_page_count,NOT_REVIEWED,DERIVED_RECONCILIATION
INE119A01028_2013,Balrampur Chini Mills Limited,2013,HOLDOUT,two_column,CANDIDATE,t0.1_audit_detector,1,30,1,audit_detector_two_column,1.0.0,NOT_REVIEWED,,raw_prop=two_column_page_count,NOT_REVIEWED,DERIVED_RECONCILIATION
INE119A01028_2013,Balrampur Chini Mills Limited,2013,HOLDOUT,multi_column,CANDIDATE,t0.1_audit_detector,1,53,1,audit_detector_multi_column,1.0.0,NOT_REVIEWED,,raw_prop=multi_column_page_count,NOT_REVIEWED,DERIVED_RECONCILIATION
INE119A01028_2013,Balrampur Chini Mills Limited,2013,HOLDOUT,table_candidate,CANDIDATE,t0.1_audit_detector,1,95,1,audit_detector_table_candidate,1.0.0,NOT_REVIEWED,,raw_prop=table_candidate_page_count,NOT_REVIEWED,DERIVED_RECONCILIATION
INE119A01028_2013,Balrampur Chini Mills Limited,2013,HOLDOUT,header_candidate,NOT_OBSERVED,t0.1_audit_detector,0,0,0,audit_detector_header_candidate,1.0.0,NOT_REVIEWED,,raw_prop=header_candidate_page_count,NOT_REVIEWED,DERIVED_RECONCILIATION
INE119A01028_2013,Balrampur Chini Mills Limited,2013,HOLDOUT,footer_candidate,NOT_OBSERVED,t0.1_audit_detector,0,0,0,audit_detector_footer_candidate,1.0.0,NOT_REVIEWED,,raw_prop=footer_candidate_page_count,NOT_REVIEWED,DERIVED_RECONCILIATION
INE119A01028_2013,Balrampur Chini Mills Limited,2013,HOLDOUT,toc_candidate,CANDIDATE,t0.1_audit_detector,1,True,1,audit_detector_toc_candidate,1.0.0,NOT_REVIEWED,,raw_prop=toc_candidate,NOT_REVIEWED,DERIVED_RECONCILIATION
INE119A01028_2013,Balrampur Chini Mills Limited,2013,HOLDOUT,deep_hierarchy_candidate,NOT_OBSERVED,t0.1_audit_detector,0,False,0,audit_detector_deep_hierarchy_candidate,1.0.0,NOT_REVIEWED,,raw_prop=deep_hierarchy_candidate,NOT_REVIEWED,DERIVED_RECONCILIATION
INE119A01028_2013,Balrampur Chini Mills Limited,2013,HOLDOUT,annexure_candidate,CANDIDATE,t0.1_audit_detector,1,True,1,audit_detector_annexure_candidate,1.0.0,NOT_REVIEWED,,raw_prop=annexure_candidate,NOT_REVIEWED,DERIVED_RECONCILIATION
INE119A01028_2013,Balrampur Chini Mills Limited,2013,HOLDOUT,combined_mdna_candidate,NOT_OBSERVED,t0.1_audit_detector,0,False,0,audit_detector_combined_mdna_candidate,1.0.0,NOT_REVIEWED,,raw_prop=combined_mdna_candidate,NOT_REVIEWED,DERIVED_RECONCILIATION
INE119A01028_2017,Balrampur Chini Mills Limited,2017,HOLDOUT,native,CANDIDATE,t0.1_audit_detector,1,300,1,audit_detector_native,1.0.0,NOT_REVIEWED,,raw_prop=native_page_count,NOT_REVIEWED,DERIVED_RECONCILIATION
INE119A01028_2017,Balrampur Chini Mills Limited,2017,HOLDOUT,scanned,CANDIDATE,t0.1_audit_detector,1,1,1,audit_detector_scanned,1.0.0,NOT_REVIEWED,,raw_prop=scanned_page_count,NOT_REVIEWED,DERIVED_RECONCILIATION
INE119A01028_2017,Balrampur Chini Mills Limited,2017,HOLDOUT,ocr_layer_candidate,CANDIDATE,t0.1_audit_detector,1,1,1,audit_detector_ocr_layer_candidate,1.0.0,NOT_REVIEWED,,raw_prop=ocr_page_count,NOT_REVIEWED,DERIVED_RECONCILIATION
INE119A01028_2017,Balrampur Chini Mills Limited,2017,HOLDOUT,legacy_font_candidate,NOT_OBSERVED,t0.1_audit_detector,0,0,0,audit_detector_legacy_font_candidate,1.0.0,NOT_REVIEWED,,raw_prop=legacy_candidate_page_count,NOT_REVIEWED,DERIVED_RECONCILIATION
INE119A01028_2017,Balrampur Chini Mills Limited,2017,HOLDOUT,hidden_text_candidate,NOT_OBSERVED,t0.1_audit_detector,0,0,0,audit_detector_hidden_text_candidate,1.0.0,NOT_REVIEWED,,raw_prop=hidden_text_candidate_page_count,NOT_REVIEWED,DERIVED_RECONCILIATION
INE119A01028_2017,Balrampur Chini Mills Limited,2017,HOLDOUT,duplicate_text_candidate,NOT_OBSERVED,t0.1_audit_detector,0,0,0,audit_detector_duplicate_text_candidate,1.0.0,NOT_REVIEWED,,raw_prop=duplicate_text_candidate_page_count,NOT_REVIEWED,DERIVED_RECONCILIATION
INE119A01028_2017,Balrampur Chini Mills Limited,2017,HOLDOUT,devanagari_candidate,NOT_OBSERVED,t0.1_audit_detector,0,0,0,audit_detector_devanagari_candidate,1.0.0,NOT_REVIEWED,,raw_prop=devanagari_page_count,NOT_REVIEWED,DERIVED_RECONCILIATION
INE119A01028_2017,Balrampur Chini Mills Limited,2017,HOLDOUT,bilingual_candidate,NOT_OBSERVED,t0.1_audit_detector,0,0,0,audit_detector_bilingual_candidate,1.0.0,NOT_REVIEWED,,raw_prop=bilingual_candidate_page_count,NOT_REVIEWED,DERIVED_RECONCILIATION
INE119A01028_2017,Balrampur Chini Mills Limited,2017,HOLDOUT,two_column,CANDIDATE,t0.1_audit_detector,1,65,1,audit_detector_two_column,1.0.0,NOT_REVIEWED,,raw_prop=two_column_page_count,NOT_REVIEWED,DERIVED_RECONCILIATION
INE119A01028_2017,Balrampur Chini Mills Limited,2017,HOLDOUT,multi_column,CANDIDATE,t0.1_audit_detector,1,147,1,audit_detector_multi_column,1.0.0,NOT_REVIEWED,,raw_prop=multi_column_page_count,NOT_REVIEWED,DERIVED_RECONCILIATION
INE119A01028_2017,Balrampur Chini Mills Limited,2017,HOLDOUT,table_candidate,CANDIDATE,t0.1_audit_detector,1,195,1,audit_detector_table_candidate,1.0.0,NOT_REVIEWED,,raw_prop=table_candidate_page_count,NOT_REVIEWED,DERIVED_RECONCILIATION
INE119A01028_2017,Balrampur Chini Mills Limited,2017,HOLDOUT,header_candidate,CANDIDATE,t0.1_audit_detector,1,7,1,audit_detector_header_candidate,1.0.0,NOT_REVIEWED,,raw_prop=header_candidate_page_count,NOT_REVIEWED,DERIVED_RECONCILIATION
INE119A01028_2017,Balrampur Chini Mills Limited,2017,HOLDOUT,footer_candidate,NOT_OBSERVED,t0.1_audit_detector,0,0,0,audit_detector_footer_candidate,1.0.0,NOT_REVIEWED,,raw_prop=footer_candidate_page_count,NOT_REVIEWED,DERIVED_RECONCILIATION
INE119A01028_2017,Balrampur Chini Mills Limited,2017,HOLDOUT,toc_candidate,CANDIDATE,t0.1_audit_detector,1,True,1,audit_detector_toc_candidate,1.0.0,NOT_REVIEWED,,raw_prop=toc_candidate,NOT_REVIEWED,DERIVED_RECONCILIATION
INE119A01028_2017,Balrampur Chini Mills Limited,2017,HOLDOUT,deep_hierarchy_candidate,NOT_OBSERVED,t0.1_audit_detector,0,False,0,audit_detector_deep_hierarchy_candidate,1.0.0,NOT_REVIEWED,,raw_prop=deep_hierarchy_candidate,NOT_REVIEWED,DERIVED_RECONCILIATION
INE119A01028_2017,Balrampur Chini Mills Limited,2017,HOLDOUT,annexure_candidate,CANDIDATE,t0.1_audit_detector,1,True,1,audit_detector_annexure_candidate,1.0.0,NOT_REVIEWED,,raw_prop=annexure_candidate,NOT_REVIEWED,DERIVED_RECONCILIATION
INE119A01028_2017,Balrampur Chini Mills Limited,2017,HOLDOUT,combined_mdna_candidate,NOT_OBSERVED,t0.1_audit_detector,0,False,0,audit_detector_combined_mdna_candidate,1.0.0,NOT_REVIEWED,,raw_prop=combined_mdna_candidate,NOT_REVIEWED,DERIVED_RECONCILIATION
INE119A01028_2018,Balrampur Chini Mills Limited,2018,HOLDOUT,native,CANDIDATE,t0.1_audit_detector,1,254,1,audit_detector_native,1.0.0,NOT_REVIEWED,,raw_prop=native_page_count,NOT_REVIEWED,DERIVED_RECONCILIATION
INE119A01028_2018,Balrampur Chini Mills Limited,2018,HOLDOUT,scanned,CANDIDATE,t0.1_audit_detector,1,1,1,audit_detector_scanned,1.0.0,NOT_REVIEWED,,raw_prop=scanned_page_count,NOT_REVIEWED,DERIVED_RECONCILIATION
INE119A01028_2018,Balrampur Chini Mills Limited,2018,HOLDOUT,ocr_layer_candidate,CANDIDATE,t0.1_audit_detector,1,2,1,audit_detector_ocr_layer_candidate,1.0.0,NOT_REVIEWED,,raw_prop=ocr_page_count,NOT_REVIEWED,DERIVED_RECONCILIATION
INE119A01028_2018,Balrampur Chini Mills Limited,2018,HOLDOUT,legacy_font_candidate,NOT_OBSERVED,t0.1_audit_detector,0,0,0,audit_detector_legacy_font_candidate,1.0.0,NOT_REVIEWED,,raw_prop=legacy_candidate_page_count,NOT_REVIEWED,DERIVED_RECONCILIATION
INE119A01028_2018,Balrampur Chini Mills Limited,2018,HOLDOUT,hidden_text_candidate,NOT_OBSERVED,t0.1_audit_detector,0,0,0,audit_detector_hidden_text_candidate,1.0.0,NOT_REVIEWED,,raw_prop=hidden_text_candidate_page_count,NOT_REVIEWED,DERIVED_RECONCILIATION
INE119A01028_2018,Balrampur Chini Mills Limited,2018,HOLDOUT,duplicate_text_candidate,NOT_OBSERVED,t0.1_audit_detector,0,0,0,audit_detector_duplicate_text_candidate,1.0.0,NOT_REVIEWED,,raw_prop=duplicate_text_candidate_page_count,NOT_REVIEWED,DERIVED_RECONCILIATION
INE119A01028_2018,Balrampur Chini Mills Limited,2018,HOLDOUT,devanagari_candidate,NOT_OBSERVED,t0.1_audit_detector,0,0,0,audit_detector_devanagari_candidate,1.0.0,NOT_REVIEWED,,raw_prop=devanagari_page_count,NOT_REVIEWED,DERIVED_RECONCILIATION
INE119A01028_2018,Balrampur Chini Mills Limited,2018,HOLDOUT,bilingual_candidate,NOT_OBSERVED,t0.1_audit_detector,0,0,0,audit_detector_bilingual_candidate,1.0.0,NOT_REVIEWED,,raw_prop=bilingual_candidate_page_count,NOT_REVIEWED,DERIVED_RECONCILIATION
INE119A01028_2018,Balrampur Chini Mills Limited,2018,HOLDOUT,two_column,CANDIDATE,t0.1_audit_detector,1,69,1,audit_detector_two_column,1.0.0,NOT_REVIEWED,,raw_prop=two_column_page_count,NOT_REVIEWED,DERIVED_RECONCILIATION
INE119A01028_2018,Balrampur Chini Mills Limited,2018,HOLDOUT,multi_column,CANDIDATE,t0.1_audit_detector,1,134,1,audit_detector_multi_column,1.0.0,NOT_REVIEWED,,raw_prop=multi_column_page_count,NOT_REVIEWED,DERIVED_RECONCILIATION
INE119A01028_2018,Balrampur Chini Mills Limited,2018,HOLDOUT,table_candidate,CANDIDATE,t0.1_audit_detector,1,163,1,audit_detector_table_candidate,1.0.0,NOT_REVIEWED,,raw_prop=table_candidate_page_count,NOT_REVIEWED,DERIVED_RECONCILIATION
INE119A01028_2018,Balrampur Chini Mills Limited,2018,HOLDOUT,header_candidate,CANDIDATE,t0.1_audit_detector,1,12,1,audit_detector_header_candidate,1.0.0,NOT_REVIEWED,,raw_prop=header_candidate_page_count,NOT_REVIEWED,DERIVED_RECONCILIATION
INE119A01028_2018,Balrampur Chini Mills Limited,2018,HOLDOUT,footer_candidate,NOT_OBSERVED,t0.1_audit_detector,0,0,0,audit_detector_footer_candidate,1.0.0,NOT_REVIEWED,,raw_prop=footer_candidate_page_count,NOT_REVIEWED,DERIVED_RECONCILIATION
INE119A01028_2018,Balrampur Chini Mills Limited,2018,HOLDOUT,toc_candidate,CANDIDATE,t0.1_audit_detector,1,True,1,audit_detector_toc_candidate,1.0.0,NOT_REVIEWED,,raw_prop=toc_candidate,NOT_REVIEWED,DERIVED_RECONCILIATION
INE119A01028_2018,Balrampur Chini Mills Limited,2018,HOLDOUT,deep_hierarchy_candidate,CANDIDATE,t0.1_audit_detector,1,True,1,audit_detector_deep_hierarchy_candidate,1.0.0,NOT_REVIEWED,,raw_prop=deep_hierarchy_candidate,NOT_REVIEWED,DERIVED_RECONCILIATION
INE119A01028_2018,Balrampur Chini Mills Limited,2018,HOLDOUT,annexure_candidate,CANDIDATE,t0.1_audit_detector,1,True,1,audit_detector_annexure_candidate,1.0.0,NOT_REVIEWED,,raw_prop=annexure_candidate,NOT_REVIEWED,DERIVED_RECONCILIATION
INE119A01028_2018,Balrampur Chini Mills Limited,2018,HOLDOUT,combined_mdna_candidate,NOT_OBSERVED,t0.1_audit_detector,0,False,0,audit_detector_combined_mdna_candidate,1.0.0,NOT_REVIEWED,,raw_prop=combined_mdna_candidate,NOT_REVIEWED,DERIVED_RECONCILIATION
INE119A01028_2024,Balrampur Chini Mills Limited,2024,HOLDOUT,native,CANDIDATE,t0.1_audit_detector,1,407,1,audit_detector_native,1.0.0,NOT_REVIEWED,,raw_prop=native_page_count,NOT_REVIEWED,DERIVED_RECONCILIATION
INE119A01028_2024,Balrampur Chini Mills Limited,2024,HOLDOUT,scanned,NOT_OBSERVED,t0.1_audit_detector,0,0,0,audit_detector_scanned,1.0.0,NOT_REVIEWED,,raw_prop=scanned_page_count,NOT_REVIEWED,DERIVED_RECONCILIATION
INE119A01028_2024,Balrampur Chini Mills Limited,2024,HOLDOUT,ocr_layer_candidate,CANDIDATE,t0.1_audit_detector,1,7,1,audit_detector_ocr_layer_candidate,1.0.0,NOT_REVIEWED,,raw_prop=ocr_page_count,NOT_REVIEWED,DERIVED_RECONCILIATION
INE119A01028_2024,Balrampur Chini Mills Limited,2024,HOLDOUT,legacy_font_candidate,NOT_OBSERVED,t0.1_audit_detector,0,0,0,audit_detector_legacy_font_candidate,1.0.0,NOT_REVIEWED,,raw_prop=legacy_candidate_page_count,NOT_REVIEWED,DERIVED_RECONCILIATION
INE119A01028_2024,Balrampur Chini Mills Limited,2024,HOLDOUT,hidden_text_candidate,NOT_OBSERVED,t0.1_audit_detector,0,0,0,audit_detector_hidden_text_candidate,1.0.0,NOT_REVIEWED,,raw_prop=hidden_text_candidate_page_count,NOT_REVIEWED,DERIVED_RECONCILIATION
INE119A01028_2024,Balrampur Chini Mills Limited,2024,HOLDOUT,duplicate_text_candidate,NOT_OBSERVED,t0.1_audit_detector,0,0,0,audit_detector_duplicate_text_candidate,1.0.0,NOT_REVIEWED,,raw_prop=duplicate_text_candidate_page_count,NOT_REVIEWED,DERIVED_RECONCILIATION
INE119A01028_2024,Balrampur Chini Mills Limited,2024,HOLDOUT,devanagari_candidate,NOT_OBSERVED,t0.1_audit_detector,0,0,0,audit_detector_devanagari_candidate,1.0.0,NOT_REVIEWED,,raw_prop=devanagari_page_count,NOT_REVIEWED,DERIVED_RECONCILIATION
INE119A01028_2024,Balrampur Chini Mills Limited,2024,HOLDOUT,bilingual_candidate,NOT_OBSERVED,t0.1_audit_detector,0,0,0,audit_detector_bilingual_candidate,1.0.0,NOT_REVIEWED,,raw_prop=bilingual_candidate_page_count,NOT_REVIEWED,DERIVED_RECONCILIATION
INE119A01028_2024,Balrampur Chini Mills Limited,2024,HOLDOUT,two_column,CANDIDATE,t0.1_audit_detector,1,156,1,audit_detector_two_column,1.0.0,NOT_REVIEWED,,raw_prop=two_column_page_count,NOT_REVIEWED,DERIVED_RECONCILIATION
INE119A01028_2024,Balrampur Chini Mills Limited,2024,HOLDOUT,multi_column,CANDIDATE,t0.1_audit_detector,1,191,1,audit_detector_multi_column,1.0.0,NOT_REVIEWED,,raw_prop=multi_column_page_count,NOT_REVIEWED,DERIVED_RECONCILIATION
INE119A01028_2024,Balrampur Chini Mills Limited,2024,HOLDOUT,table_candidate,CANDIDATE,t0.1_audit_detector,1,273,1,audit_detector_table_candidate,1.0.0,NOT_REVIEWED,,raw_prop=table_candidate_page_count,NOT_REVIEWED,DERIVED_RECONCILIATION
INE119A01028_2024,Balrampur Chini Mills Limited,2024,HOLDOUT,header_candidate,CANDIDATE,t0.1_audit_detector,1,2,1,audit_detector_header_candidate,1.0.0,NOT_REVIEWED,,raw_prop=header_candidate_page_count,NOT_REVIEWED,DERIVED_RECONCILIATION
INE119A01028_2024,Balrampur Chini Mills Limited,2024,HOLDOUT,footer_candidate,NOT_OBSERVED,t0.1_audit_detector,0,0,0,audit_detector_footer_candidate,1.0.0,NOT_REVIEWED,,raw_prop=footer_candidate_page_count,NOT_REVIEWED,DERIVED_RECONCILIATION
INE119A01028_2024,Balrampur Chini Mills Limited,2024,HOLDOUT,toc_candidate,CANDIDATE,t0.1_audit_detector,1,True,1,audit_detector_toc_candidate,1.0.0,NOT_REVIEWED,,raw_prop=toc_candidate,NOT_REVIEWED,DERIVED_RECONCILIATION
INE119A01028_2024,Balrampur Chini Mills Limited,2024,HOLDOUT,deep_hierarchy_candidate,NOT_OBSERVED,t0.1_audit_detector,0,False,0,audit_detector_deep_hierarchy_candidate,1.0.0,NOT_REVIEWED,,raw_prop=deep_hierarchy_candidate,NOT_REVIEWED,DERIVED_RECONCILIATION
INE119A01028_2024,Balrampur Chini Mills Limited,2024,HOLDOUT,annexure_candidate,CANDIDATE,t0.1_audit_detector,1,True,1,audit_detector_annexure_candidate,1.0.0,NOT_REVIEWED,,raw_prop=annexure_candidate,NOT_REVIEWED,DERIVED_RECONCILIATION
INE119A01028_2024,Balrampur Chini Mills Limited,2024,HOLDOUT,combined_mdna_candidate,CANDIDATE,t0.1_audit_detector,1,True,1,audit_detector_combined_mdna_candidate,1.0.0,NOT_REVIEWED,,raw_prop=combined_mdna_candidate,NOT_REVIEWED,DERIVED_RECONCILIATION
INE119A01028_2025,Balrampur Chini Mills Limited,2025,HOLDOUT,native,CANDIDATE,t0.1_audit_detector,1,478,1,audit_detector_native,1.0.0,NOT_REVIEWED,,raw_prop=native_page_count,NOT_REVIEWED,DERIVED_RECONCILIATION
INE119A01028_2025,Balrampur Chini Mills Limited,2025,HOLDOUT,scanned,NOT_OBSERVED,t0.1_audit_detector,0,0,0,audit_detector_scanned,1.0.0,NOT_REVIEWED,,raw_prop=scanned_page_count,NOT_REVIEWED,DERIVED_RECONCILIATION
INE119A01028_2025,Balrampur Chini Mills Limited,2025,HOLDOUT,ocr_layer_candidate,CANDIDATE,t0.1_audit_detector,1,4,1,audit_detector_ocr_layer_candidate,1.0.0,NOT_REVIEWED,,raw_prop=ocr_page_count,NOT_REVIEWED,DERIVED_RECONCILIATION
INE119A01028_2025,Balrampur Chini Mills Limited,2025,HOLDOUT,legacy_font_candidate,NOT_OBSERVED,t0.1_audit_detector,0,0,0,audit_detector_legacy_font_candidate,1.0.0,NOT_REVIEWED,,raw_prop=legacy_candidate_page_count,NOT_REVIEWED,DERIVED_RECONCILIATION
INE119A01028_2025,Balrampur Chini Mills Limited,2025,HOLDOUT,hidden_text_candidate,NOT_OBSERVED,t0.1_audit_detector,0,0,0,audit_detector_hidden_text_candidate,1.0.0,NOT_REVIEWED,,raw_prop=hidden_text_candidate_page_count,NOT_REVIEWED,DERIVED_RECONCILIATION
INE119A01028_2025,Balrampur Chini Mills Limited,2025,HOLDOUT,duplicate_text_candidate,NOT_OBSERVED,t0.1_audit_detector,0,0,0,audit_detector_duplicate_text_candidate,1.0.0,NOT_REVIEWED,,raw_prop=duplicate_text_candidate_page_count,NOT_REVIEWED,DERIVED_RECONCILIATION
INE119A01028_2025,Balrampur Chini Mills Limited,2025,HOLDOUT,devanagari_candidate,NOT_OBSERVED,t0.1_audit_detector,0,0,0,audit_detector_devanagari_candidate,1.0.0,NOT_REVIEWED,,raw_prop=devanagari_page_count,NOT_REVIEWED,DERIVED_RECONCILIATION
INE119A01028_2025,Balrampur Chini Mills Limited,2025,HOLDOUT,bilingual_candidate,NOT_OBSERVED,t0.1_audit_detector,0,0,0,audit_detector_bilingual_candidate,1.0.0,NOT_REVIEWED,,raw_prop=bilingual_candidate_page_count,NOT_REVIEWED,DERIVED_RECONCILIATION
INE119A01028_2025,Balrampur Chini Mills Limited,2025,HOLDOUT,two_column,CANDIDATE,t0.1_audit_detector,1,176,1,audit_detector_two_column,1.0.0,NOT_REVIEWED,,raw_prop=two_column_page_count,NOT_REVIEWED,DERIVED_RECONCILIATION
INE119A01028_2025,Balrampur Chini Mills Limited,2025,HOLDOUT,multi_column,CANDIDATE,t0.1_audit_detector,1,240,1,audit_detector_multi_column,1.0.0,NOT_REVIEWED,,raw_prop=multi_column_page_count,NOT_REVIEWED,DERIVED_RECONCILIATION
INE119A01028_2025,Balrampur Chini Mills Limited,2025,HOLDOUT,table_candidate,CANDIDATE,t0.1_audit_detector,1,398,1,audit_detector_table_candidate,1.0.0,NOT_REVIEWED,,raw_prop=table_candidate_page_count,NOT_REVIEWED,DERIVED_RECONCILIATION
INE119A01028_2025,Balrampur Chini Mills Limited,2025,HOLDOUT,header_candidate,NOT_OBSERVED,t0.1_audit_detector,0,0,0,audit_detector_header_candidate,1.0.0,NOT_REVIEWED,,raw_prop=header_candidate_page_count,NOT_REVIEWED,DERIVED_RECONCILIATION
INE119A01028_2025,Balrampur Chini Mills Limited,2025,HOLDOUT,footer_candidate,NOT_OBSERVED,t0.1_audit_detector,0,0,0,audit_detector_footer_candidate,1.0.0,NOT_REVIEWED,,raw_prop=footer_candidate_page_count,NOT_REVIEWED,DERIVED_RECONCILIATION
INE119A01028_2025,Balrampur Chini Mills Limited,2025,HOLDOUT,toc_candidate,CANDIDATE,t0.1_audit_detector,1,True,1,audit_detector_toc_candidate,1.0.0,NOT_REVIEWED,,raw_prop=toc_candidate,NOT_REVIEWED,DERIVED_RECONCILIATION
INE119A01028_2025,Balrampur Chini Mills Limited,2025,HOLDOUT,deep_hierarchy_candidate,NOT_OBSERVED,t0.1_audit_detector,0,False,0,audit_detector_deep_hierarchy_candidate,1.0.0,NOT_REVIEWED,,raw_prop=deep_hierarchy_candidate,NOT_REVIEWED,DERIVED_RECONCILIATION
INE119A01028_2025,Balrampur Chini Mills Limited,2025,HOLDOUT,annexure_candidate,CANDIDATE,t0.1_audit_detector,1,True,1,audit_detector_annexure_candidate,1.0.0,NOT_REVIEWED,,raw_prop=annexure_candidate,NOT_REVIEWED,DERIVED_RECONCILIATION
INE119A01028_2025,Balrampur Chini Mills Limited,2025,HOLDOUT,combined_mdna_candidate,NOT_OBSERVED,t0.1_audit_detector,0,False,0,audit_detector_combined_mdna_candidate,1.0.0,NOT_REVIEWED,,raw_prop=combined_mdna_candidate,NOT_REVIEWED,DERIVED_RECONCILIATION
INE151A01013_2012,Tata Communications Limited,2012,FIT,native,CANDIDATE,t0.1_audit_detector,1,147,1,audit_detector_native,1.0.0,NOT_REVIEWED,,raw_prop=native_page_count,NOT_REVIEWED,DERIVED_RECONCILIATION
INE151A01013_2012,Tata Communications Limited,2012,FIT,scanned,NOT_OBSERVED,t0.1_audit_detector,0,0,0,audit_detector_scanned,1.0.0,NOT_REVIEWED,,raw_prop=scanned_page_count,NOT_REVIEWED,DERIVED_RECONCILIATION
INE151A01013_2012,Tata Communications Limited,2012,FIT,ocr_layer_candidate,CANDIDATE,t0.1_audit_detector,1,1,1,audit_detector_ocr_layer_candidate,1.0.0,NOT_REVIEWED,,raw_prop=ocr_page_count,NOT_REVIEWED,DERIVED_RECONCILIATION
INE151A01013_2012,Tata Communications Limited,2012,FIT,legacy_font_candidate,NOT_OBSERVED,t0.1_audit_detector,0,0,0,audit_detector_legacy_font_candidate,1.0.0,NOT_REVIEWED,,raw_prop=legacy_candidate_page_count,NOT_REVIEWED,DERIVED_RECONCILIATION
INE151A01013_2012,Tata Communications Limited,2012,FIT,hidden_text_candidate,NOT_OBSERVED,t0.1_audit_detector,0,0,0,audit_detector_hidden_text_candidate,1.0.0,NOT_REVIEWED,,raw_prop=hidden_text_candidate_page_count,NOT_REVIEWED,DERIVED_RECONCILIATION
INE151A01013_2012,Tata Communications Limited,2012,FIT,duplicate_text_candidate,NOT_OBSERVED,t0.1_audit_detector,0,0,0,audit_detector_duplicate_text_candidate,1.0.0,NOT_REVIEWED,,raw_prop=duplicate_text_candidate_page_count,NOT_REVIEWED,DERIVED_RECONCILIATION
INE151A01013_2012,Tata Communications Limited,2012,FIT,devanagari_candidate,NOT_OBSERVED,t0.1_audit_detector,0,0,0,audit_detector_devanagari_candidate,1.0.0,NOT_REVIEWED,,raw_prop=devanagari_page_count,NOT_REVIEWED,DERIVED_RECONCILIATION
INE151A01013_2012,Tata Communications Limited,2012,FIT,bilingual_candidate,NOT_OBSERVED,t0.1_audit_detector,0,0,0,audit_detector_bilingual_candidate,1.0.0,NOT_REVIEWED,,raw_prop=bilingual_candidate_page_count,NOT_REVIEWED,DERIVED_RECONCILIATION
INE151A01013_2012,Tata Communications Limited,2012,FIT,two_column,CANDIDATE,t0.1_audit_detector,1,30,1,audit_detector_two_column,1.0.0,NOT_REVIEWED,,raw_prop=two_column_page_count,NOT_REVIEWED,DERIVED_RECONCILIATION
INE151A01013_2012,Tata Communications Limited,2012,FIT,multi_column,CANDIDATE,t0.1_audit_detector,1,91,1,audit_detector_multi_column,1.0.0,NOT_REVIEWED,,raw_prop=multi_column_page_count,NOT_REVIEWED,DERIVED_RECONCILIATION
INE151A01013_2012,Tata Communications Limited,2012,FIT,table_candidate,CANDIDATE,t0.1_audit_detector,1,73,1,audit_detector_table_candidate,1.0.0,NOT_REVIEWED,,raw_prop=table_candidate_page_count,NOT_REVIEWED,DERIVED_RECONCILIATION
INE151A01013_2012,Tata Communications Limited,2012,FIT,header_candidate,NOT_OBSERVED,t0.1_audit_detector,0,0,0,audit_detector_header_candidate,1.0.0,NOT_REVIEWED,,raw_prop=header_candidate_page_count,NOT_REVIEWED,DERIVED_RECONCILIATION
INE151A01013_2012,Tata Communications Limited,2012,FIT,footer_candidate,NOT_OBSERVED,t0.1_audit_detector,0,0,0,audit_detector_footer_candidate,1.0.0,NOT_REVIEWED,,raw_prop=footer_candidate_page_count,NOT_REVIEWED,DERIVED_RECONCILIATION
INE151A01013_2012,Tata Communications Limited,2012,FIT,toc_candidate,CANDIDATE,t0.1_audit_detector,1,True,1,audit_detector_toc_candidate,1.0.0,NOT_REVIEWED,,raw_prop=toc_candidate,NOT_REVIEWED,DERIVED_RECONCILIATION
INE151A01013_2012,Tata Communications Limited,2012,FIT,deep_hierarchy_candidate,NOT_OBSERVED,t0.1_audit_detector,0,False,0,audit_detector_deep_hierarchy_candidate,1.0.0,NOT_REVIEWED,,raw_prop=deep_hierarchy_candidate,NOT_REVIEWED,DERIVED_RECONCILIATION
INE151A01013_2012,Tata Communications Limited,2012,FIT,annexure_candidate,CANDIDATE,t0.1_audit_detector,1,True,1,audit_detector_annexure_candidate,1.0.0,NOT_REVIEWED,,raw_prop=annexure_candidate,NOT_REVIEWED,DERIVED_RECONCILIATION
INE151A01013_2012,Tata Communications Limited,2012,FIT,combined_mdna_candidate,CANDIDATE,t0.1_audit_detector,1,True,1,audit_detector_combined_mdna_candidate,1.0.0,NOT_REVIEWED,,raw_prop=combined_mdna_candidate,NOT_REVIEWED,DERIVED_RECONCILIATION
INE151A01013_2013,Tata Communications Limited,2013,FIT,native,CANDIDATE,t0.1_audit_detector,1,156,1,audit_detector_native,1.0.0,NOT_REVIEWED,,raw_prop=native_page_count,NOT_REVIEWED,DERIVED_RECONCILIATION
INE151A01013_2013,Tata Communications Limited,2013,FIT,scanned,NOT_OBSERVED,t0.1_audit_detector,0,0,0,audit_detector_scanned,1.0.0,NOT_REVIEWED,,raw_prop=scanned_page_count,NOT_REVIEWED,DERIVED_RECONCILIATION
INE151A01013_2013,Tata Communications Limited,2013,FIT,ocr_layer_candidate,NOT_OBSERVED,t0.1_audit_detector,0,0,0,audit_detector_ocr_layer_candidate,1.0.0,NOT_REVIEWED,,raw_prop=ocr_page_count,NOT_REVIEWED,DERIVED_RECONCILIATION
INE151A01013_2013,Tata Communications Limited,2013,FIT,legacy_font_candidate,NOT_OBSERVED,t0.1_audit_detector,0,0,0,audit_detector_legacy_font_candidate,1.0.0,NOT_REVIEWED,,raw_prop=legacy_candidate_page_count,NOT_REVIEWED,DERIVED_RECONCILIATION
INE151A01013_2013,Tata Communications Limited,2013,FIT,hidden_text_candidate,NOT_OBSERVED,t0.1_audit_detector,0,0,0,audit_detector_hidden_text_candidate,1.0.0,NOT_REVIEWED,,raw_prop=hidden_text_candidate_page_count,NOT_REVIEWED,DERIVED_RECONCILIATION
INE151A01013_2013,Tata Communications Limited,2013,FIT,duplicate_text_candidate,NOT_OBSERVED,t0.1_audit_detector,0,0,0,audit_detector_duplicate_text_candidate,1.0.0,NOT_REVIEWED,,raw_prop=duplicate_text_candidate_page_count,NOT_REVIEWED,DERIVED_RECONCILIATION
INE151A01013_2013,Tata Communications Limited,2013,FIT,devanagari_candidate,NOT_OBSERVED,t0.1_audit_detector,0,0,0,audit_detector_devanagari_candidate,1.0.0,NOT_REVIEWED,,raw_prop=devanagari_page_count,NOT_REVIEWED,DERIVED_RECONCILIATION
INE151A01013_2013,Tata Communications Limited,2013,FIT,bilingual_candidate,NOT_OBSERVED,t0.1_audit_detector,0,0,0,audit_detector_bilingual_candidate,1.0.0,NOT_REVIEWED,,raw_prop=bilingual_candidate_page_count,NOT_REVIEWED,DERIVED_RECONCILIATION
INE151A01013_2013,Tata Communications Limited,2013,FIT,two_column,CANDIDATE,t0.1_audit_detector,1,41,1,audit_detector_two_column,1.0.0,NOT_REVIEWED,,raw_prop=two_column_page_count,NOT_REVIEWED,DERIVED_RECONCILIATION
INE151A01013_2013,Tata Communications Limited,2013,FIT,multi_column,CANDIDATE,t0.1_audit_detector,1,105,1,audit_detector_multi_column,1.0.0,NOT_REVIEWED,,raw_prop=multi_column_page_count,NOT_REVIEWED,DERIVED_RECONCILIATION
INE151A01013_2013,Tata Communications Limited,2013,FIT,table_candidate,CANDIDATE,t0.1_audit_detector,1,71,1,audit_detector_table_candidate,1.0.0,NOT_REVIEWED,,raw_prop=table_candidate_page_count,NOT_REVIEWED,DERIVED_RECONCILIATION
INE151A01013_2013,Tata Communications Limited,2013,FIT,header_candidate,NOT_OBSERVED,t0.1_audit_detector,0,0,0,audit_detector_header_candidate,1.0.0,NOT_REVIEWED,,raw_prop=header_candidate_page_count,NOT_REVIEWED,DERIVED_RECONCILIATION
INE151A01013_2013,Tata Communications Limited,2013,FIT,footer_candidate,CANDIDATE,t0.1_audit_detector,1,12,1,audit_detector_footer_candidate,1.0.0,NOT_REVIEWED,,raw_prop=footer_candidate_page_count,NOT_REVIEWED,DERIVED_RECONCILIATION
INE151A01013_2013,Tata Communications Limited,2013,FIT,toc_candidate,CANDIDATE,t0.1_audit_detector,1,True,1,audit_detector_toc_candidate,1.0.0,NOT_REVIEWED,,raw_prop=toc_candidate,NOT_REVIEWED,DERIVED_RECONCILIATION
INE151A01013_2013,Tata Communications Limited,2013,FIT,deep_hierarchy_candidate,NOT_OBSERVED,t0.1_audit_detector,0,False,0,audit_detector_deep_hierarchy_candidate,1.0.0,NOT_REVIEWED,,raw_prop=deep_hierarchy_candidate,NOT_REVIEWED,DERIVED_RECONCILIATION
INE151A01013_2013,Tata Communications Limited,2013,FIT,annexure_candidate,CANDIDATE,t0.1_audit_detector,1,True,1,audit_detector_annexure_candidate,1.0.0,NOT_REVIEWED,,raw_prop=annexure_candidate,NOT_REVIEWED,DERIVED_RECONCILIATION
INE151A01013_2013,Tata Communications Limited,2013,FIT,combined_mdna_candidate,CANDIDATE,t0.1_audit_detector,1,True,1,audit_detector_combined_mdna_candidate,1.0.0,NOT_REVIEWED,,raw_prop=combined_mdna_candidate,NOT_REVIEWED,DERIVED_RECONCILIATION
INE151A01013_2017,Tata Communications Limited,2017,FIT,native,CANDIDATE,t0.1_audit_detector,1,294,1,audit_detector_native,1.0.0,NOT_REVIEWED,,raw_prop=native_page_count,NOT_REVIEWED,DERIVED_RECONCILIATION
INE151A01013_2017,Tata Communications Limited,2017,FIT,scanned,CANDIDATE,t0.1_audit_detector,1,3,1,audit_detector_scanned,1.0.0,NOT_REVIEWED,,raw_prop=scanned_page_count,NOT_REVIEWED,DERIVED_RECONCILIATION
INE151A01013_2017,Tata Communications Limited,2017,FIT,ocr_layer_candidate,CANDIDATE,t0.1_audit_detector,1,3,1,audit_detector_ocr_layer_candidate,1.0.0,NOT_REVIEWED,,raw_prop=ocr_page_count,NOT_REVIEWED,DERIVED_RECONCILIATION
INE151A01013_2017,Tata Communications Limited,2017,FIT,legacy_font_candidate,NOT_OBSERVED,t0.1_audit_detector,0,0,0,audit_detector_legacy_font_candidate,1.0.0,NOT_REVIEWED,,raw_prop=legacy_candidate_page_count,NOT_REVIEWED,DERIVED_RECONCILIATION
INE151A01013_2017,Tata Communications Limited,2017,FIT,hidden_text_candidate,NOT_OBSERVED,t0.1_audit_detector,0,0,0,audit_detector_hidden_text_candidate,1.0.0,NOT_REVIEWED,,raw_prop=hidden_text_candidate_page_count,NOT_REVIEWED,DERIVED_RECONCILIATION
INE151A01013_2017,Tata Communications Limited,2017,FIT,duplicate_text_candidate,NOT_OBSERVED,t0.1_audit_detector,0,0,0,audit_detector_duplicate_text_candidate,1.0.0,NOT_REVIEWED,,raw_prop=duplicate_text_candidate_page_count,NOT_REVIEWED,DERIVED_RECONCILIATION
INE151A01013_2017,Tata Communications Limited,2017,FIT,devanagari_candidate,NOT_OBSERVED,t0.1_audit_detector,0,0,0,audit_detector_devanagari_candidate,1.0.0,NOT_REVIEWED,,raw_prop=devanagari_page_count,NOT_REVIEWED,DERIVED_RECONCILIATION
INE151A01013_2017,Tata Communications Limited,2017,FIT,bilingual_candidate,NOT_OBSERVED,t0.1_audit_detector,0,0,0,audit_detector_bilingual_candidate,1.0.0,NOT_REVIEWED,,raw_prop=bilingual_candidate_page_count,NOT_REVIEWED,DERIVED_RECONCILIATION
INE151A01013_2017,Tata Communications Limited,2017,FIT,two_column,CANDIDATE,t0.1_audit_detector,1,82,1,audit_detector_two_column,1.0.0,NOT_REVIEWED,,raw_prop=two_column_page_count,NOT_REVIEWED,DERIVED_RECONCILIATION
INE151A01013_2017,Tata Communications Limited,2017,FIT,multi_column,CANDIDATE,t0.1_audit_detector,1,196,1,audit_detector_multi_column,1.0.0,NOT_REVIEWED,,raw_prop=multi_column_page_count,NOT_REVIEWED,DERIVED_RECONCILIATION
INE151A01013_2017,Tata Communications Limited,2017,FIT,table_candidate,CANDIDATE,t0.1_audit_detector,1,114,1,audit_detector_table_candidate,1.0.0,NOT_REVIEWED,,raw_prop=table_candidate_page_count,NOT_REVIEWED,DERIVED_RECONCILIATION
INE151A01013_2017,Tata Communications Limited,2017,FIT,header_candidate,NOT_OBSERVED,t0.1_audit_detector,0,0,0,audit_detector_header_candidate,1.0.0,NOT_REVIEWED,,raw_prop=header_candidate_page_count,NOT_REVIEWED,DERIVED_RECONCILIATION
INE151A01013_2017,Tata Communications Limited,2017,FIT,footer_candidate,CANDIDATE,t0.1_audit_detector,1,7,1,audit_detector_footer_candidate,1.0.0,NOT_REVIEWED,,raw_prop=footer_candidate_page_count,NOT_REVIEWED,DERIVED_RECONCILIATION
INE151A01013_2017,Tata Communications Limited,2017,FIT,toc_candidate,CANDIDATE,t0.1_audit_detector,1,True,1,audit_detector_toc_candidate,1.0.0,NOT_REVIEWED,,raw_prop=toc_candidate,NOT_REVIEWED,DERIVED_RECONCILIATION
INE151A01013_2017,Tata Communications Limited,2017,FIT,deep_hierarchy_candidate,NOT_OBSERVED,t0.1_audit_detector,0,False,0,audit_detector_deep_hierarchy_candidate,1.0.0,NOT_REVIEWED,,raw_prop=deep_hierarchy_candidate,NOT_REVIEWED,DERIVED_RECONCILIATION
INE151A01013_2017,Tata Communications Limited,2017,FIT,annexure_candidate,CANDIDATE,t0.1_audit_detector,1,True,1,audit_detector_annexure_candidate,1.0.0,NOT_REVIEWED,,raw_prop=annexure_candidate,NOT_REVIEWED,DERIVED_RECONCILIATION
INE151A01013_2017,Tata Communications Limited,2017,FIT,combined_mdna_candidate,NOT_OBSERVED,t0.1_audit_detector,0,False,0,audit_detector_combined_mdna_candidate,1.0.0,NOT_REVIEWED,,raw_prop=combined_mdna_candidate,NOT_REVIEWED,DERIVED_RECONCILIATION
INE151A01013_2018,Tata Communications Limited,2018,FIT,native,CANDIDATE,t0.1_audit_detector,1,336,1,audit_detector_native,1.0.0,NOT_REVIEWED,,raw_prop=native_page_count,NOT_REVIEWED,DERIVED_RECONCILIATION
INE151A01013_2018,Tata Communications Limited,2018,FIT,scanned,CANDIDATE,t0.1_audit_detector,1,2,1,audit_detector_scanned,1.0.0,NOT_REVIEWED,,raw_prop=scanned_page_count,NOT_REVIEWED,DERIVED_RECONCILIATION
INE151A01013_2018,Tata Communications Limited,2018,FIT,ocr_layer_candidate,CANDIDATE,t0.1_audit_detector,1,1,1,audit_detector_ocr_layer_candidate,1.0.0,NOT_REVIEWED,,raw_prop=ocr_page_count,NOT_REVIEWED,DERIVED_RECONCILIATION
INE151A01013_2018,Tata Communications Limited,2018,FIT,legacy_font_candidate,NOT_OBSERVED,t0.1_audit_detector,0,0,0,audit_detector_legacy_font_candidate,1.0.0,NOT_REVIEWED,,raw_prop=legacy_candidate_page_count,NOT_REVIEWED,DERIVED_RECONCILIATION
INE151A01013_2018,Tata Communications Limited,2018,FIT,hidden_text_candidate,NOT_OBSERVED,t0.1_audit_detector,0,0,0,audit_detector_hidden_text_candidate,1.0.0,NOT_REVIEWED,,raw_prop=hidden_text_candidate_page_count,NOT_REVIEWED,DERIVED_RECONCILIATION
INE151A01013_2018,Tata Communications Limited,2018,FIT,duplicate_text_candidate,NOT_OBSERVED,t0.1_audit_detector,0,0,0,audit_detector_duplicate_text_candidate,1.0.0,NOT_REVIEWED,,raw_prop=duplicate_text_candidate_page_count,NOT_REVIEWED,DERIVED_RECONCILIATION
INE151A01013_2018,Tata Communications Limited,2018,FIT,devanagari_candidate,NOT_OBSERVED,t0.1_audit_detector,0,0,0,audit_detector_devanagari_candidate,1.0.0,NOT_REVIEWED,,raw_prop=devanagari_page_count,NOT_REVIEWED,DERIVED_RECONCILIATION
INE151A01013_2018,Tata Communications Limited,2018,FIT,bilingual_candidate,NOT_OBSERVED,t0.1_audit_detector,0,0,0,audit_detector_bilingual_candidate,1.0.0,NOT_REVIEWED,,raw_prop=bilingual_candidate_page_count,NOT_REVIEWED,DERIVED_RECONCILIATION
INE151A01013_2018,Tata Communications Limited,2018,FIT,two_column,CANDIDATE,t0.1_audit_detector,1,61,1,audit_detector_two_column,1.0.0,NOT_REVIEWED,,raw_prop=two_column_page_count,NOT_REVIEWED,DERIVED_RECONCILIATION
INE151A01013_2018,Tata Communications Limited,2018,FIT,multi_column,CANDIDATE,t0.1_audit_detector,1,240,1,audit_detector_multi_column,1.0.0,NOT_REVIEWED,,raw_prop=multi_column_page_count,NOT_REVIEWED,DERIVED_RECONCILIATION
INE151A01013_2018,Tata Communications Limited,2018,FIT,table_candidate,CANDIDATE,t0.1_audit_detector,1,347,1,audit_detector_table_candidate,1.0.0,NOT_REVIEWED,,raw_prop=table_candidate_page_count,NOT_REVIEWED,DERIVED_RECONCILIATION
INE151A01013_2018,Tata Communications Limited,2018,FIT,header_candidate,NOT_OBSERVED,t0.1_audit_detector,0,0,0,audit_detector_header_candidate,1.0.0,NOT_REVIEWED,,raw_prop=header_candidate_page_count,NOT_REVIEWED,DERIVED_RECONCILIATION
INE151A01013_2018,Tata Communications Limited,2018,FIT,footer_candidate,CANDIDATE,t0.1_audit_detector,1,7,1,audit_detector_footer_candidate,1.0.0,NOT_REVIEWED,,raw_prop=footer_candidate_page_count,NOT_REVIEWED,DERIVED_RECONCILIATION
INE151A01013_2018,Tata Communications Limited,2018,FIT,toc_candidate,CANDIDATE,t0.1_audit_detector,1,True,1,audit_detector_toc_candidate,1.0.0,NOT_REVIEWED,,raw_prop=toc_candidate,NOT_REVIEWED,DERIVED_RECONCILIATION
INE151A01013_2018,Tata Communications Limited,2018,FIT,deep_hierarchy_candidate,NOT_OBSERVED,t0.1_audit_detector,0,False,0,audit_detector_deep_hierarchy_candidate,1.0.0,NOT_REVIEWED,,raw_prop=deep_hierarchy_candidate,NOT_REVIEWED,DERIVED_RECONCILIATION
INE151A01013_2018,Tata Communications Limited,2018,FIT,annexure_candidate,CANDIDATE,t0.1_audit_detector,1,True,1,audit_detector_annexure_candidate,1.0.0,NOT_REVIEWED,,raw_prop=annexure_candidate,NOT_REVIEWED,DERIVED_RECONCILIATION
INE151A01013_2018,Tata Communications Limited,2018,FIT,combined_mdna_candidate,CANDIDATE,t0.1_audit_detector,1,True,1,audit_detector_combined_mdna_candidate,1.0.0,NOT_REVIEWED,,raw_prop=combined_mdna_candidate,NOT_REVIEWED,DERIVED_RECONCILIATION
INE151A01013_2024,Tata Communications Limited,2024,FIT,native,CANDIDATE,t0.1_audit_detector,1,194,1,audit_detector_native,1.0.0,NOT_REVIEWED,,raw_prop=native_page_count,NOT_REVIEWED,DERIVED_RECONCILIATION
INE151A01013_2024,Tata Communications Limited,2024,FIT,scanned,NOT_OBSERVED,t0.1_audit_detector,0,0,0,audit_detector_scanned,1.0.0,NOT_REVIEWED,,raw_prop=scanned_page_count,NOT_REVIEWED,DERIVED_RECONCILIATION
INE151A01013_2024,Tata Communications Limited,2024,FIT,ocr_layer_candidate,CANDIDATE,t0.1_audit_detector,1,1,1,audit_detector_ocr_layer_candidate,1.0.0,NOT_REVIEWED,,raw_prop=ocr_page_count,NOT_REVIEWED,DERIVED_RECONCILIATION
INE151A01013_2024,Tata Communications Limited,2024,FIT,legacy_font_candidate,NOT_OBSERVED,t0.1_audit_detector,0,0,0,audit_detector_legacy_font_candidate,1.0.0,NOT_REVIEWED,,raw_prop=legacy_candidate_page_count,NOT_REVIEWED,DERIVED_RECONCILIATION
INE151A01013_2024,Tata Communications Limited,2024,FIT,hidden_text_candidate,NOT_OBSERVED,t0.1_audit_detector,0,0,0,audit_detector_hidden_text_candidate,1.0.0,NOT_REVIEWED,,raw_prop=hidden_text_candidate_page_count,NOT_REVIEWED,DERIVED_RECONCILIATION
INE151A01013_2024,Tata Communications Limited,2024,FIT,duplicate_text_candidate,NOT_OBSERVED,t0.1_audit_detector,0,0,0,audit_detector_duplicate_text_candidate,1.0.0,NOT_REVIEWED,,raw_prop=duplicate_text_candidate_page_count,NOT_REVIEWED,DERIVED_RECONCILIATION
INE151A01013_2024,Tata Communications Limited,2024,FIT,devanagari_candidate,NOT_OBSERVED,t0.1_audit_detector,0,0,0,audit_detector_devanagari_candidate,1.0.0,NOT_REVIEWED,,raw_prop=devanagari_page_count,NOT_REVIEWED,DERIVED_RECONCILIATION
INE151A01013_2024,Tata Communications Limited,2024,FIT,bilingual_candidate,NOT_OBSERVED,t0.1_audit_detector,0,0,0,audit_detector_bilingual_candidate,1.0.0,NOT_REVIEWED,,raw_prop=bilingual_candidate_page_count,NOT_REVIEWED,DERIVED_RECONCILIATION
INE151A01013_2024,Tata Communications Limited,2024,FIT,two_column,CANDIDATE,t0.1_audit_detector,1,190,1,audit_detector_two_column,1.0.0,NOT_REVIEWED,,raw_prop=two_column_page_count,NOT_REVIEWED,DERIVED_RECONCILIATION
INE151A01013_2024,Tata Communications Limited,2024,FIT,multi_column,CANDIDATE,t0.1_audit_detector,1,3,1,audit_detector_multi_column,1.0.0,NOT_REVIEWED,,raw_prop=multi_column_page_count,NOT_REVIEWED,DERIVED_RECONCILIATION
INE151A01013_2024,Tata Communications Limited,2024,FIT,table_candidate,CANDIDATE,t0.1_audit_detector,1,195,1,audit_detector_table_candidate,1.0.0,NOT_REVIEWED,,raw_prop=table_candidate_page_count,NOT_REVIEWED,DERIVED_RECONCILIATION
INE151A01013_2024,Tata Communications Limited,2024,FIT,header_candidate,CANDIDATE,t0.1_audit_detector,1,189,1,audit_detector_header_candidate,1.0.0,NOT_REVIEWED,,raw_prop=header_candidate_page_count,NOT_REVIEWED,DERIVED_RECONCILIATION
INE151A01013_2024,Tata Communications Limited,2024,FIT,footer_candidate,NOT_OBSERVED,t0.1_audit_detector,0,0,0,audit_detector_footer_candidate,1.0.0,NOT_REVIEWED,,raw_prop=footer_candidate_page_count,NOT_REVIEWED,DERIVED_RECONCILIATION
INE151A01013_2024,Tata Communications Limited,2024,FIT,toc_candidate,CANDIDATE,t0.1_audit_detector,1,True,1,audit_detector_toc_candidate,1.0.0,NOT_REVIEWED,,raw_prop=toc_candidate,NOT_REVIEWED,DERIVED_RECONCILIATION
INE151A01013_2024,Tata Communications Limited,2024,FIT,deep_hierarchy_candidate,CANDIDATE,t0.1_audit_detector,1,True,1,audit_detector_deep_hierarchy_candidate,1.0.0,NOT_REVIEWED,,raw_prop=deep_hierarchy_candidate,NOT_REVIEWED,DERIVED_RECONCILIATION
INE151A01013_2024,Tata Communications Limited,2024,FIT,annexure_candidate,CANDIDATE,t0.1_audit_detector,1,True,1,audit_detector_annexure_candidate,1.0.0,NOT_REVIEWED,,raw_prop=annexure_candidate,NOT_REVIEWED,DERIVED_RECONCILIATION
INE151A01013_2024,Tata Communications Limited,2024,FIT,combined_mdna_candidate,NOT_OBSERVED,t0.1_audit_detector,0,False,0,audit_detector_combined_mdna_candidate,1.0.0,NOT_REVIEWED,,raw_prop=combined_mdna_candidate,NOT_REVIEWED,DERIVED_RECONCILIATION
INE151A01013_2025,Tata Communications Limited,2025,FIT,native,CANDIDATE,t0.1_audit_detector,1,201,1,audit_detector_native,1.0.0,NOT_REVIEWED,,raw_prop=native_page_count,NOT_REVIEWED,DERIVED_RECONCILIATION
INE151A01013_2025,Tata Communications Limited,2025,FIT,scanned,NOT_OBSERVED,t0.1_audit_detector,0,0,0,audit_detector_scanned,1.0.0,NOT_REVIEWED,,raw_prop=scanned_page_count,NOT_REVIEWED,DERIVED_RECONCILIATION
INE151A01013_2025,Tata Communications Limited,2025,FIT,ocr_layer_candidate,CANDIDATE,t0.1_audit_detector,1,1,1,audit_detector_ocr_layer_candidate,1.0.0,NOT_REVIEWED,,raw_prop=ocr_page_count,NOT_REVIEWED,DERIVED_RECONCILIATION
INE151A01013_2025,Tata Communications Limited,2025,FIT,legacy_font_candidate,NOT_OBSERVED,t0.1_audit_detector,0,0,0,audit_detector_legacy_font_candidate,1.0.0,NOT_REVIEWED,,raw_prop=legacy_candidate_page_count,NOT_REVIEWED,DERIVED_RECONCILIATION
INE151A01013_2025,Tata Communications Limited,2025,FIT,hidden_text_candidate,NOT_OBSERVED,t0.1_audit_detector,0,0,0,audit_detector_hidden_text_candidate,1.0.0,NOT_REVIEWED,,raw_prop=hidden_text_candidate_page_count,NOT_REVIEWED,DERIVED_RECONCILIATION
INE151A01013_2025,Tata Communications Limited,2025,FIT,duplicate_text_candidate,NOT_OBSERVED,t0.1_audit_detector,0,0,0,audit_detector_duplicate_text_candidate,1.0.0,NOT_REVIEWED,,raw_prop=duplicate_text_candidate_page_count,NOT_REVIEWED,DERIVED_RECONCILIATION
INE151A01013_2025,Tata Communications Limited,2025,FIT,devanagari_candidate,NOT_OBSERVED,t0.1_audit_detector,0,0,0,audit_detector_devanagari_candidate,1.0.0,NOT_REVIEWED,,raw_prop=devanagari_page_count,NOT_REVIEWED,DERIVED_RECONCILIATION
INE151A01013_2025,Tata Communications Limited,2025,FIT,bilingual_candidate,NOT_OBSERVED,t0.1_audit_detector,0,0,0,audit_detector_bilingual_candidate,1.0.0,NOT_REVIEWED,,raw_prop=bilingual_candidate_page_count,NOT_REVIEWED,DERIVED_RECONCILIATION
INE151A01013_2025,Tata Communications Limited,2025,FIT,two_column,CANDIDATE,t0.1_audit_detector,1,197,1,audit_detector_two_column,1.0.0,NOT_REVIEWED,,raw_prop=two_column_page_count,NOT_REVIEWED,DERIVED_RECONCILIATION
INE151A01013_2025,Tata Communications Limited,2025,FIT,multi_column,CANDIDATE,t0.1_audit_detector,1,4,1,audit_detector_multi_column,1.0.0,NOT_REVIEWED,,raw_prop=multi_column_page_count,NOT_REVIEWED,DERIVED_RECONCILIATION
INE151A01013_2025,Tata Communications Limited,2025,FIT,table_candidate,CANDIDATE,t0.1_audit_detector,1,200,1,audit_detector_table_candidate,1.0.0,NOT_REVIEWED,,raw_prop=table_candidate_page_count,NOT_REVIEWED,DERIVED_RECONCILIATION
INE151A01013_2025,Tata Communications Limited,2025,FIT,header_candidate,CANDIDATE,t0.1_audit_detector,1,195,1,audit_detector_header_candidate,1.0.0,NOT_REVIEWED,,raw_prop=header_candidate_page_count,NOT_REVIEWED,DERIVED_RECONCILIATION
INE151A01013_2025,Tata Communications Limited,2025,FIT,footer_candidate,NOT_OBSERVED,t0.1_audit_detector,0,0,0,audit_detector_footer_candidate,1.0.0,NOT_REVIEWED,,raw_prop=footer_candidate_page_count,NOT_REVIEWED,DERIVED_RECONCILIATION
INE151A01013_2025,Tata Communications Limited,2025,FIT,toc_candidate,CANDIDATE,t0.1_audit_detector,1,True,1,audit_detector_toc_candidate,1.0.0,NOT_REVIEWED,,raw_prop=toc_candidate,NOT_REVIEWED,DERIVED_RECONCILIATION
INE151A01013_2025,Tata Communications Limited,2025,FIT,deep_hierarchy_candidate,NOT_OBSERVED,t0.1_audit_detector,0,False,0,audit_detector_deep_hierarchy_candidate,1.0.0,NOT_REVIEWED,,raw_prop=deep_hierarchy_candidate,NOT_REVIEWED,DERIVED_RECONCILIATION
INE151A01013_2025,Tata Communications Limited,2025,FIT,annexure_candidate,CANDIDATE,t0.1_audit_detector,1,True,1,audit_detector_annexure_candidate,1.0.0,NOT_REVIEWED,,raw_prop=annexure_candidate,NOT_REVIEWED,DERIVED_RECONCILIATION
INE151A01013_2025,Tata Communications Limited,2025,FIT,combined_mdna_candidate,NOT_OBSERVED,t0.1_audit_detector,0,False,0,audit_detector_combined_mdna_candidate,1.0.0,NOT_REVIEWED,,raw_prop=combined_mdna_candidate,NOT_REVIEWED,DERIVED_RECONCILIATION
INE154A01025_2012,ITC Limited,2012,VALIDATION,native,CANDIDATE,t0.1_audit_detector,1,209,1,audit_detector_native,1.0.0,NOT_REVIEWED,,raw_prop=native_page_count,NOT_REVIEWED,DERIVED_RECONCILIATION
INE154A01025_2012,ITC Limited,2012,VALIDATION,scanned,NOT_OBSERVED,t0.1_audit_detector,0,0,0,audit_detector_scanned,1.0.0,NOT_REVIEWED,,raw_prop=scanned_page_count,NOT_REVIEWED,DERIVED_RECONCILIATION
INE154A01025_2012,ITC Limited,2012,VALIDATION,ocr_layer_candidate,NOT_OBSERVED,t0.1_audit_detector,0,0,0,audit_detector_ocr_layer_candidate,1.0.0,NOT_REVIEWED,,raw_prop=ocr_page_count,NOT_REVIEWED,DERIVED_RECONCILIATION
INE154A01025_2012,ITC Limited,2012,VALIDATION,legacy_font_candidate,CANDIDATE,t0.1_audit_detector,1,22,1,audit_detector_legacy_font_candidate,1.0.0,NOT_REVIEWED,,raw_prop=legacy_candidate_page_count,NOT_REVIEWED,DERIVED_RECONCILIATION
INE154A01025_2012,ITC Limited,2012,VALIDATION,hidden_text_candidate,NOT_OBSERVED,t0.1_audit_detector,0,0,0,audit_detector_hidden_text_candidate,1.0.0,NOT_REVIEWED,,raw_prop=hidden_text_candidate_page_count,NOT_REVIEWED,DERIVED_RECONCILIATION
INE154A01025_2012,ITC Limited,2012,VALIDATION,duplicate_text_candidate,NOT_OBSERVED,t0.1_audit_detector,0,0,0,audit_detector_duplicate_text_candidate,1.0.0,NOT_REVIEWED,,raw_prop=duplicate_text_candidate_page_count,NOT_REVIEWED,DERIVED_RECONCILIATION
INE154A01025_2012,ITC Limited,2012,VALIDATION,devanagari_candidate,NOT_OBSERVED,t0.1_audit_detector,0,0,0,audit_detector_devanagari_candidate,1.0.0,NOT_REVIEWED,,raw_prop=devanagari_page_count,NOT_REVIEWED,DERIVED_RECONCILIATION
INE154A01025_2012,ITC Limited,2012,VALIDATION,bilingual_candidate,NOT_OBSERVED,t0.1_audit_detector,0,0,0,audit_detector_bilingual_candidate,1.0.0,NOT_REVIEWED,,raw_prop=bilingual_candidate_page_count,NOT_REVIEWED,DERIVED_RECONCILIATION
INE154A01025_2012,ITC Limited,2012,VALIDATION,two_column,CANDIDATE,t0.1_audit_detector,1,104,1,audit_detector_two_column,1.0.0,NOT_REVIEWED,,raw_prop=two_column_page_count,NOT_REVIEWED,DERIVED_RECONCILIATION
INE154A01025_2012,ITC Limited,2012,VALIDATION,multi_column,CANDIDATE,t0.1_audit_detector,1,90,1,audit_detector_multi_column,1.0.0,NOT_REVIEWED,,raw_prop=multi_column_page_count,NOT_REVIEWED,DERIVED_RECONCILIATION
INE154A01025_2012,ITC Limited,2012,VALIDATION,table_candidate,CANDIDATE,t0.1_audit_detector,1,209,1,audit_detector_table_candidate,1.0.0,NOT_REVIEWED,,raw_prop=table_candidate_page_count,NOT_REVIEWED,DERIVED_RECONCILIATION
INE154A01025_2012,ITC Limited,2012,VALIDATION,header_candidate,NOT_OBSERVED,t0.1_audit_detector,0,0,0,audit_detector_header_candidate,1.0.0,NOT_REVIEWED,,raw_prop=header_candidate_page_count,NOT_REVIEWED,DERIVED_RECONCILIATION
INE154A01025_2012,ITC Limited,2012,VALIDATION,footer_candidate,CANDIDATE,t0.1_audit_detector,1,169,1,audit_detector_footer_candidate,1.0.0,NOT_REVIEWED,,raw_prop=footer_candidate_page_count,NOT_REVIEWED,DERIVED_RECONCILIATION
INE154A01025_2012,ITC Limited,2012,VALIDATION,toc_candidate,CANDIDATE,t0.1_audit_detector,1,True,1,audit_detector_toc_candidate,1.0.0,NOT_REVIEWED,,raw_prop=toc_candidate,NOT_REVIEWED,DERIVED_RECONCILIATION
INE154A01025_2012,ITC Limited,2012,VALIDATION,deep_hierarchy_candidate,NOT_OBSERVED,t0.1_audit_detector,0,False,0,audit_detector_deep_hierarchy_candidate,1.0.0,NOT_REVIEWED,,raw_prop=deep_hierarchy_candidate,NOT_REVIEWED,DERIVED_RECONCILIATION
INE154A01025_2012,ITC Limited,2012,VALIDATION,annexure_candidate,CANDIDATE,t0.1_audit_detector,1,True,1,audit_detector_annexure_candidate,1.0.0,NOT_REVIEWED,,raw_prop=annexure_candidate,NOT_REVIEWED,DERIVED_RECONCILIATION
INE154A01025_2012,ITC Limited,2012,VALIDATION,combined_mdna_candidate,NOT_OBSERVED,t0.1_audit_detector,0,False,0,audit_detector_combined_mdna_candidate,1.0.0,NOT_REVIEWED,,raw_prop=combined_mdna_candidate,NOT_REVIEWED,DERIVED_RECONCILIATION
INE154A01025_2013,ITC Limited,2013,VALIDATION,native,CANDIDATE,t0.1_audit_detector,1,235,1,audit_detector_native,1.0.0,NOT_REVIEWED,,raw_prop=native_page_count,NOT_REVIEWED,DERIVED_RECONCILIATION
INE154A01025_2013,ITC Limited,2013,VALIDATION,scanned,NOT_OBSERVED,t0.1_audit_detector,0,0,0,audit_detector_scanned,1.0.0,NOT_REVIEWED,,raw_prop=scanned_page_count,NOT_REVIEWED,DERIVED_RECONCILIATION
INE154A01025_2013,ITC Limited,2013,VALIDATION,ocr_layer_candidate,NOT_OBSERVED,t0.1_audit_detector,0,0,0,audit_detector_ocr_layer_candidate,1.0.0,NOT_REVIEWED,,raw_prop=ocr_page_count,NOT_REVIEWED,DERIVED_RECONCILIATION
INE154A01025_2013,ITC Limited,2013,VALIDATION,legacy_font_candidate,NOT_OBSERVED,t0.1_audit_detector,0,0,0,audit_detector_legacy_font_candidate,1.0.0,NOT_REVIEWED,,raw_prop=legacy_candidate_page_count,NOT_REVIEWED,DERIVED_RECONCILIATION
INE154A01025_2013,ITC Limited,2013,VALIDATION,hidden_text_candidate,NOT_OBSERVED,t0.1_audit_detector,0,0,0,audit_detector_hidden_text_candidate,1.0.0,NOT_REVIEWED,,raw_prop=hidden_text_candidate_page_count,NOT_REVIEWED,DERIVED_RECONCILIATION
INE154A01025_2013,ITC Limited,2013,VALIDATION,duplicate_text_candidate,NOT_OBSERVED,t0.1_audit_detector,0,0,0,audit_detector_duplicate_text_candidate,1.0.0,NOT_REVIEWED,,raw_prop=duplicate_text_candidate_page_count,NOT_REVIEWED,DERIVED_RECONCILIATION
INE154A01025_2013,ITC Limited,2013,VALIDATION,devanagari_candidate,NOT_OBSERVED,t0.1_audit_detector,0,0,0,audit_detector_devanagari_candidate,1.0.0,NOT_REVIEWED,,raw_prop=devanagari_page_count,NOT_REVIEWED,DERIVED_RECONCILIATION
INE154A01025_2013,ITC Limited,2013,VALIDATION,bilingual_candidate,NOT_OBSERVED,t0.1_audit_detector,0,0,0,audit_detector_bilingual_candidate,1.0.0,NOT_REVIEWED,,raw_prop=bilingual_candidate_page_count,NOT_REVIEWED,DERIVED_RECONCILIATION
INE154A01025_2013,ITC Limited,2013,VALIDATION,two_column,CANDIDATE,t0.1_audit_detector,1,113,1,audit_detector_two_column,1.0.0,NOT_REVIEWED,,raw_prop=two_column_page_count,NOT_REVIEWED,DERIVED_RECONCILIATION
INE154A01025_2013,ITC Limited,2013,VALIDATION,multi_column,CANDIDATE,t0.1_audit_detector,1,90,1,audit_detector_multi_column,1.0.0,NOT_REVIEWED,,raw_prop=multi_column_page_count,NOT_REVIEWED,DERIVED_RECONCILIATION
INE154A01025_2013,ITC Limited,2013,VALIDATION,table_candidate,CANDIDATE,t0.1_audit_detector,1,209,1,audit_detector_table_candidate,1.0.0,NOT_REVIEWED,,raw_prop=table_candidate_page_count,NOT_REVIEWED,DERIVED_RECONCILIATION
INE154A01025_2013,ITC Limited,2013,VALIDATION,header_candidate,CANDIDATE,t0.1_audit_detector,1,21,1,audit_detector_header_candidate,1.0.0,NOT_REVIEWED,,raw_prop=header_candidate_page_count,NOT_REVIEWED,DERIVED_RECONCILIATION
INE154A01025_2013,ITC Limited,2013,VALIDATION,footer_candidate,CANDIDATE,t0.1_audit_detector,1,185,1,audit_detector_footer_candidate,1.0.0,NOT_REVIEWED,,raw_prop=footer_candidate_page_count,NOT_REVIEWED,DERIVED_RECONCILIATION
INE154A01025_2013,ITC Limited,2013,VALIDATION,toc_candidate,CANDIDATE,t0.1_audit_detector,1,True,1,audit_detector_toc_candidate,1.0.0,NOT_REVIEWED,,raw_prop=toc_candidate,NOT_REVIEWED,DERIVED_RECONCILIATION
INE154A01025_2013,ITC Limited,2013,VALIDATION,deep_hierarchy_candidate,CANDIDATE,t0.1_audit_detector,1,True,1,audit_detector_deep_hierarchy_candidate,1.0.0,NOT_REVIEWED,,raw_prop=deep_hierarchy_candidate,NOT_REVIEWED,DERIVED_RECONCILIATION
INE154A01025_2013,ITC Limited,2013,VALIDATION,annexure_candidate,CANDIDATE,t0.1_audit_detector,1,True,1,audit_detector_annexure_candidate,1.0.0,NOT_REVIEWED,,raw_prop=annexure_candidate,NOT_REVIEWED,DERIVED_RECONCILIATION
INE154A01025_2013,ITC Limited,2013,VALIDATION,combined_mdna_candidate,NOT_OBSERVED,t0.1_audit_detector,0,False,0,audit_detector_combined_mdna_candidate,1.0.0,NOT_REVIEWED,,raw_prop=combined_mdna_candidate,NOT_REVIEWED,DERIVED_RECONCILIATION
INE154A01025_2017,ITC Limited,2017,VALIDATION,native,CANDIDATE,t0.1_audit_detector,1,343,1,audit_detector_native,1.0.0,NOT_REVIEWED,,raw_prop=native_page_count,NOT_REVIEWED,DERIVED_RECONCILIATION
INE154A01025_2017,ITC Limited,2017,VALIDATION,scanned,NOT_OBSERVED,t0.1_audit_detector,0,0,0,audit_detector_scanned,1.0.0,NOT_REVIEWED,,raw_prop=scanned_page_count,NOT_REVIEWED,DERIVED_RECONCILIATION
INE154A01025_2017,ITC Limited,2017,VALIDATION,ocr_layer_candidate,CANDIDATE,t0.1_audit_detector,1,2,1,audit_detector_ocr_layer_candidate,1.0.0,NOT_REVIEWED,,raw_prop=ocr_page_count,NOT_REVIEWED,DERIVED_RECONCILIATION
INE154A01025_2017,ITC Limited,2017,VALIDATION,legacy_font_candidate,NOT_OBSERVED,t0.1_audit_detector,0,0,0,audit_detector_legacy_font_candidate,1.0.0,NOT_REVIEWED,,raw_prop=legacy_candidate_page_count,NOT_REVIEWED,DERIVED_RECONCILIATION
INE154A01025_2017,ITC Limited,2017,VALIDATION,hidden_text_candidate,NOT_OBSERVED,t0.1_audit_detector,0,0,0,audit_detector_hidden_text_candidate,1.0.0,NOT_REVIEWED,,raw_prop=hidden_text_candidate_page_count,NOT_REVIEWED,DERIVED_RECONCILIATION
INE154A01025_2017,ITC Limited,2017,VALIDATION,duplicate_text_candidate,NOT_OBSERVED,t0.1_audit_detector,0,0,0,audit_detector_duplicate_text_candidate,1.0.0,NOT_REVIEWED,,raw_prop=duplicate_text_candidate_page_count,NOT_REVIEWED,DERIVED_RECONCILIATION
INE154A01025_2017,ITC Limited,2017,VALIDATION,devanagari_candidate,NOT_OBSERVED,t0.1_audit_detector,0,0,0,audit_detector_devanagari_candidate,1.0.0,NOT_REVIEWED,,raw_prop=devanagari_page_count,NOT_REVIEWED,DERIVED_RECONCILIATION
INE154A01025_2017,ITC Limited,2017,VALIDATION,bilingual_candidate,NOT_OBSERVED,t0.1_audit_detector,0,0,0,audit_detector_bilingual_candidate,1.0.0,NOT_REVIEWED,,raw_prop=bilingual_candidate_page_count,NOT_REVIEWED,DERIVED_RECONCILIATION
INE154A01025_2017,ITC Limited,2017,VALIDATION,two_column,CANDIDATE,t0.1_audit_detector,1,149,1,audit_detector_two_column,1.0.0,NOT_REVIEWED,,raw_prop=two_column_page_count,NOT_REVIEWED,DERIVED_RECONCILIATION
INE154A01025_2017,ITC Limited,2017,VALIDATION,multi_column,CANDIDATE,t0.1_audit_detector,1,148,1,audit_detector_multi_column,1.0.0,NOT_REVIEWED,,raw_prop=multi_column_page_count,NOT_REVIEWED,DERIVED_RECONCILIATION
INE154A01025_2017,ITC Limited,2017,VALIDATION,table_candidate,CANDIDATE,t0.1_audit_detector,1,321,1,audit_detector_table_candidate,1.0.0,NOT_REVIEWED,,raw_prop=table_candidate_page_count,NOT_REVIEWED,DERIVED_RECONCILIATION
INE154A01025_2017,ITC Limited,2017,VALIDATION,header_candidate,CANDIDATE,t0.1_audit_detector,1,44,1,audit_detector_header_candidate,1.0.0,NOT_REVIEWED,,raw_prop=header_candidate_page_count,NOT_REVIEWED,DERIVED_RECONCILIATION
INE154A01025_2017,ITC Limited,2017,VALIDATION,footer_candidate,CANDIDATE,t0.1_audit_detector,1,295,1,audit_detector_footer_candidate,1.0.0,NOT_REVIEWED,,raw_prop=footer_candidate_page_count,NOT_REVIEWED,DERIVED_RECONCILIATION
INE154A01025_2017,ITC Limited,2017,VALIDATION,toc_candidate,CANDIDATE,t0.1_audit_detector,1,True,1,audit_detector_toc_candidate,1.0.0,NOT_REVIEWED,,raw_prop=toc_candidate,NOT_REVIEWED,DERIVED_RECONCILIATION
INE154A01025_2017,ITC Limited,2017,VALIDATION,deep_hierarchy_candidate,NOT_OBSERVED,t0.1_audit_detector,0,False,0,audit_detector_deep_hierarchy_candidate,1.0.0,NOT_REVIEWED,,raw_prop=deep_hierarchy_candidate,NOT_REVIEWED,DERIVED_RECONCILIATION
INE154A01025_2017,ITC Limited,2017,VALIDATION,annexure_candidate,CANDIDATE,t0.1_audit_detector,1,True,1,audit_detector_annexure_candidate,1.0.0,NOT_REVIEWED,,raw_prop=annexure_candidate,NOT_REVIEWED,DERIVED_RECONCILIATION
INE154A01025_2017,ITC Limited,2017,VALIDATION,combined_mdna_candidate,NOT_OBSERVED,t0.1_audit_detector,0,False,0,audit_detector_combined_mdna_candidate,1.0.0,NOT_REVIEWED,,raw_prop=combined_mdna_candidate,NOT_REVIEWED,DERIVED_RECONCILIATION
INE154A01025_2018,ITC Limited,2018,VALIDATION,native,CANDIDATE,t0.1_audit_detector,1,331,1,audit_detector_native,1.0.0,NOT_REVIEWED,,raw_prop=native_page_count,NOT_REVIEWED,DERIVED_RECONCILIATION
INE154A01025_2018,ITC Limited,2018,VALIDATION,scanned,NOT_OBSERVED,t0.1_audit_detector,0,0,0,audit_detector_scanned,1.0.0,NOT_REVIEWED,,raw_prop=scanned_page_count,NOT_REVIEWED,DERIVED_RECONCILIATION
INE154A01025_2018,ITC Limited,2018,VALIDATION,ocr_layer_candidate,NOT_OBSERVED,t0.1_audit_detector,0,0,0,audit_detector_ocr_layer_candidate,1.0.0,NOT_REVIEWED,,raw_prop=ocr_page_count,NOT_REVIEWED,DERIVED_RECONCILIATION
INE154A01025_2018,ITC Limited,2018,VALIDATION,legacy_font_candidate,NOT_OBSERVED,t0.1_audit_detector,0,0,0,audit_detector_legacy_font_candidate,1.0.0,NOT_REVIEWED,,raw_prop=legacy_candidate_page_count,NOT_REVIEWED,DERIVED_RECONCILIATION
INE154A01025_2018,ITC Limited,2018,VALIDATION,hidden_text_candidate,NOT_OBSERVED,t0.1_audit_detector,0,0,0,audit_detector_hidden_text_candidate,1.0.0,NOT_REVIEWED,,raw_prop=hidden_text_candidate_page_count,NOT_REVIEWED,DERIVED_RECONCILIATION
INE154A01025_2018,ITC Limited,2018,VALIDATION,duplicate_text_candidate,NOT_OBSERVED,t0.1_audit_detector,0,0,0,audit_detector_duplicate_text_candidate,1.0.0,NOT_REVIEWED,,raw_prop=duplicate_text_candidate_page_count,NOT_REVIEWED,DERIVED_RECONCILIATION
INE154A01025_2018,ITC Limited,2018,VALIDATION,devanagari_candidate,NOT_OBSERVED,t0.1_audit_detector,0,0,0,audit_detector_devanagari_candidate,1.0.0,NOT_REVIEWED,,raw_prop=devanagari_page_count,NOT_REVIEWED,DERIVED_RECONCILIATION
INE154A01025_2018,ITC Limited,2018,VALIDATION,bilingual_candidate,NOT_OBSERVED,t0.1_audit_detector,0,0,0,audit_detector_bilingual_candidate,1.0.0,NOT_REVIEWED,,raw_prop=bilingual_candidate_page_count,NOT_REVIEWED,DERIVED_RECONCILIATION
INE154A01025_2018,ITC Limited,2018,VALIDATION,two_column,CANDIDATE,t0.1_audit_detector,1,156,1,audit_detector_two_column,1.0.0,NOT_REVIEWED,,raw_prop=two_column_page_count,NOT_REVIEWED,DERIVED_RECONCILIATION
INE154A01025_2018,ITC Limited,2018,VALIDATION,multi_column,CANDIDATE,t0.1_audit_detector,1,143,1,audit_detector_multi_column,1.0.0,NOT_REVIEWED,,raw_prop=multi_column_page_count,NOT_REVIEWED,DERIVED_RECONCILIATION
INE154A01025_2018,ITC Limited,2018,VALIDATION,table_candidate,CANDIDATE,t0.1_audit_detector,1,316,1,audit_detector_table_candidate,1.0.0,NOT_REVIEWED,,raw_prop=table_candidate_page_count,NOT_REVIEWED,DERIVED_RECONCILIATION
INE154A01025_2018,ITC Limited,2018,VALIDATION,header_candidate,CANDIDATE,t0.1_audit_detector,1,20,1,audit_detector_header_candidate,1.0.0,NOT_REVIEWED,,raw_prop=header_candidate_page_count,NOT_REVIEWED,DERIVED_RECONCILIATION
INE154A01025_2018,ITC Limited,2018,VALIDATION,footer_candidate,CANDIDATE,t0.1_audit_detector,1,292,1,audit_detector_footer_candidate,1.0.0,NOT_REVIEWED,,raw_prop=footer_candidate_page_count,NOT_REVIEWED,DERIVED_RECONCILIATION
INE154A01025_2018,ITC Limited,2018,VALIDATION,toc_candidate,CANDIDATE,t0.1_audit_detector,1,True,1,audit_detector_toc_candidate,1.0.0,NOT_REVIEWED,,raw_prop=toc_candidate,NOT_REVIEWED,DERIVED_RECONCILIATION
INE154A01025_2018,ITC Limited,2018,VALIDATION,deep_hierarchy_candidate,NOT_OBSERVED,t0.1_audit_detector,0,False,0,audit_detector_deep_hierarchy_candidate,1.0.0,NOT_REVIEWED,,raw_prop=deep_hierarchy_candidate,NOT_REVIEWED,DERIVED_RECONCILIATION
INE154A01025_2018,ITC Limited,2018,VALIDATION,annexure_candidate,CANDIDATE,t0.1_audit_detector,1,True,1,audit_detector_annexure_candidate,1.0.0,NOT_REVIEWED,,raw_prop=annexure_candidate,NOT_REVIEWED,DERIVED_RECONCILIATION
INE154A01025_2018,ITC Limited,2018,VALIDATION,combined_mdna_candidate,CANDIDATE,t0.1_audit_detector,1,True,1,audit_detector_combined_mdna_candidate,1.0.0,NOT_REVIEWED,,raw_prop=combined_mdna_candidate,NOT_REVIEWED,DERIVED_RECONCILIATION
INE154A01025_2024,ITC Limited,2024,VALIDATION,native,CANDIDATE,t0.1_audit_detector,1,455,1,audit_detector_native,1.0.0,NOT_REVIEWED,,raw_prop=native_page_count,NOT_REVIEWED,DERIVED_RECONCILIATION
INE154A01025_2024,ITC Limited,2024,VALIDATION,scanned,NOT_OBSERVED,t0.1_audit_detector,0,0,0,audit_detector_scanned,1.0.0,NOT_REVIEWED,,raw_prop=scanned_page_count,NOT_REVIEWED,DERIVED_RECONCILIATION
INE154A01025_2024,ITC Limited,2024,VALIDATION,ocr_layer_candidate,NOT_OBSERVED,t0.1_audit_detector,0,0,0,audit_detector_ocr_layer_candidate,1.0.0,NOT_REVIEWED,,raw_prop=ocr_page_count,NOT_REVIEWED,DERIVED_RECONCILIATION
INE154A01025_2024,ITC Limited,2024,VALIDATION,legacy_font_candidate,NOT_OBSERVED,t0.1_audit_detector,0,0,0,audit_detector_legacy_font_candidate,1.0.0,NOT_REVIEWED,,raw_prop=legacy_candidate_page_count,NOT_REVIEWED,DERIVED_RECONCILIATION
INE154A01025_2024,ITC Limited,2024,VALIDATION,hidden_text_candidate,NOT_OBSERVED,t0.1_audit_detector,0,0,0,audit_detector_hidden_text_candidate,1.0.0,NOT_REVIEWED,,raw_prop=hidden_text_candidate_page_count,NOT_REVIEWED,DERIVED_RECONCILIATION
INE154A01025_2024,ITC Limited,2024,VALIDATION,duplicate_text_candidate,CANDIDATE,t0.1_audit_detector,1,1,1,audit_detector_duplicate_text_candidate,1.0.0,NOT_REVIEWED,,raw_prop=duplicate_text_candidate_page_count,NOT_REVIEWED,DERIVED_RECONCILIATION
INE154A01025_2024,ITC Limited,2024,VALIDATION,devanagari_candidate,NOT_OBSERVED,t0.1_audit_detector,0,0,0,audit_detector_devanagari_candidate,1.0.0,NOT_REVIEWED,,raw_prop=devanagari_page_count,NOT_REVIEWED,DERIVED_RECONCILIATION
INE154A01025_2024,ITC Limited,2024,VALIDATION,bilingual_candidate,NOT_OBSERVED,t0.1_audit_detector,0,0,0,audit_detector_bilingual_candidate,1.0.0,NOT_REVIEWED,,raw_prop=bilingual_candidate_page_count,NOT_REVIEWED,DERIVED_RECONCILIATION
INE154A01025_2024,ITC Limited,2024,VALIDATION,two_column,CANDIDATE,t0.1_audit_detector,1,201,1,audit_detector_two_column,1.0.0,NOT_REVIEWED,,raw_prop=two_column_page_count,NOT_REVIEWED,DERIVED_RECONCILIATION
INE154A01025_2024,ITC Limited,2024,VALIDATION,multi_column,CANDIDATE,t0.1_audit_detector,1,232,1,audit_detector_multi_column,1.0.0,NOT_REVIEWED,,raw_prop=multi_column_page_count,NOT_REVIEWED,DERIVED_RECONCILIATION
INE154A01025_2024,ITC Limited,2024,VALIDATION,table_candidate,CANDIDATE,t0.1_audit_detector,1,435,1,audit_detector_table_candidate,1.0.0,NOT_REVIEWED,,raw_prop=table_candidate_page_count,NOT_REVIEWED,DERIVED_RECONCILIATION
INE154A01025_2024,ITC Limited,2024,VALIDATION,header_candidate,CANDIDATE,t0.1_audit_detector,1,60,1,audit_detector_header_candidate,1.0.0,NOT_REVIEWED,,raw_prop=header_candidate_page_count,NOT_REVIEWED,DERIVED_RECONCILIATION
INE154A01025_2024,ITC Limited,2024,VALIDATION,footer_candidate,CANDIDATE,t0.1_audit_detector,1,399,1,audit_detector_footer_candidate,1.0.0,NOT_REVIEWED,,raw_prop=footer_candidate_page_count,NOT_REVIEWED,DERIVED_RECONCILIATION
INE154A01025_2024,ITC Limited,2024,VALIDATION,toc_candidate,CANDIDATE,t0.1_audit_detector,1,True,1,audit_detector_toc_candidate,1.0.0,NOT_REVIEWED,,raw_prop=toc_candidate,NOT_REVIEWED,DERIVED_RECONCILIATION
INE154A01025_2024,ITC Limited,2024,VALIDATION,deep_hierarchy_candidate,CANDIDATE,t0.1_audit_detector,1,True,1,audit_detector_deep_hierarchy_candidate,1.0.0,NOT_REVIEWED,,raw_prop=deep_hierarchy_candidate,NOT_REVIEWED,DERIVED_RECONCILIATION
INE154A01025_2024,ITC Limited,2024,VALIDATION,annexure_candidate,CANDIDATE,t0.1_audit_detector,1,True,1,audit_detector_annexure_candidate,1.0.0,NOT_REVIEWED,,raw_prop=annexure_candidate,NOT_REVIEWED,DERIVED_RECONCILIATION
INE154A01025_2024,ITC Limited,2024,VALIDATION,combined_mdna_candidate,NOT_OBSERVED,t0.1_audit_detector,0,False,0,audit_detector_combined_mdna_candidate,1.0.0,NOT_REVIEWED,,raw_prop=combined_mdna_candidate,NOT_REVIEWED,DERIVED_RECONCILIATION
INE154A01025_2025,ITC Limited,2025,VALIDATION,native,CANDIDATE,t0.1_audit_detector,1,427,1,audit_detector_native,1.0.0,NOT_REVIEWED,,raw_prop=native_page_count,NOT_REVIEWED,DERIVED_RECONCILIATION
INE154A01025_2025,ITC Limited,2025,VALIDATION,scanned,NOT_OBSERVED,t0.1_audit_detector,0,0,0,audit_detector_scanned,1.0.0,NOT_REVIEWED,,raw_prop=scanned_page_count,NOT_REVIEWED,DERIVED_RECONCILIATION
INE154A01025_2025,ITC Limited,2025,VALIDATION,ocr_layer_candidate,CANDIDATE,t0.1_audit_detector,1,2,1,audit_detector_ocr_layer_candidate,1.0.0,NOT_REVIEWED,,raw_prop=ocr_page_count,NOT_REVIEWED,DERIVED_RECONCILIATION
INE154A01025_2025,ITC Limited,2025,VALIDATION,legacy_font_candidate,NOT_OBSERVED,t0.1_audit_detector,0,0,0,audit_detector_legacy_font_candidate,1.0.0,NOT_REVIEWED,,raw_prop=legacy_candidate_page_count,NOT_REVIEWED,DERIVED_RECONCILIATION
INE154A01025_2025,ITC Limited,2025,VALIDATION,hidden_text_candidate,NOT_OBSERVED,t0.1_audit_detector,0,0,0,audit_detector_hidden_text_candidate,1.0.0,NOT_REVIEWED,,raw_prop=hidden_text_candidate_page_count,NOT_REVIEWED,DERIVED_RECONCILIATION
INE154A01025_2025,ITC Limited,2025,VALIDATION,duplicate_text_candidate,NOT_OBSERVED,t0.1_audit_detector,0,0,0,audit_detector_duplicate_text_candidate,1.0.0,NOT_REVIEWED,,raw_prop=duplicate_text_candidate_page_count,NOT_REVIEWED,DERIVED_RECONCILIATION
INE154A01025_2025,ITC Limited,2025,VALIDATION,devanagari_candidate,NOT_OBSERVED,t0.1_audit_detector,0,0,0,audit_detector_devanagari_candidate,1.0.0,NOT_REVIEWED,,raw_prop=devanagari_page_count,NOT_REVIEWED,DERIVED_RECONCILIATION
INE154A01025_2025,ITC Limited,2025,VALIDATION,bilingual_candidate,NOT_OBSERVED,t0.1_audit_detector,0,0,0,audit_detector_bilingual_candidate,1.0.0,NOT_REVIEWED,,raw_prop=bilingual_candidate_page_count,NOT_REVIEWED,DERIVED_RECONCILIATION
INE154A01025_2025,ITC Limited,2025,VALIDATION,two_column,CANDIDATE,t0.1_audit_detector,1,189,1,audit_detector_two_column,1.0.0,NOT_REVIEWED,,raw_prop=two_column_page_count,NOT_REVIEWED,DERIVED_RECONCILIATION
INE154A01025_2025,ITC Limited,2025,VALIDATION,multi_column,CANDIDATE,t0.1_audit_detector,1,212,1,audit_detector_multi_column,1.0.0,NOT_REVIEWED,,raw_prop=multi_column_page_count,NOT_REVIEWED,DERIVED_RECONCILIATION
INE154A01025_2025,ITC Limited,2025,VALIDATION,table_candidate,CANDIDATE,t0.1_audit_detector,1,412,1,audit_detector_table_candidate,1.0.0,NOT_REVIEWED,,raw_prop=table_candidate_page_count,NOT_REVIEWED,DERIVED_RECONCILIATION
INE154A01025_2025,ITC Limited,2025,VALIDATION,header_candidate,CANDIDATE,t0.1_audit_detector,1,65,1,audit_detector_header_candidate,1.0.0,NOT_REVIEWED,,raw_prop=header_candidate_page_count,NOT_REVIEWED,DERIVED_RECONCILIATION
INE154A01025_2025,ITC Limited,2025,VALIDATION,footer_candidate,CANDIDATE,t0.1_audit_detector,1,361,1,audit_detector_footer_candidate,1.0.0,NOT_REVIEWED,,raw_prop=footer_candidate_page_count,NOT_REVIEWED,DERIVED_RECONCILIATION
INE154A01025_2025,ITC Limited,2025,VALIDATION,toc_candidate,CANDIDATE,t0.1_audit_detector,1,True,1,audit_detector_toc_candidate,1.0.0,NOT_REVIEWED,,raw_prop=toc_candidate,NOT_REVIEWED,DERIVED_RECONCILIATION
INE154A01025_2025,ITC Limited,2025,VALIDATION,deep_hierarchy_candidate,CANDIDATE,t0.1_audit_detector,1,True,1,audit_detector_deep_hierarchy_candidate,1.0.0,NOT_REVIEWED,,raw_prop=deep_hierarchy_candidate,NOT_REVIEWED,DERIVED_RECONCILIATION
INE154A01025_2025,ITC Limited,2025,VALIDATION,annexure_candidate,CANDIDATE,t0.1_audit_detector,1,True,1,audit_detector_annexure_candidate,1.0.0,NOT_REVIEWED,,raw_prop=annexure_candidate,NOT_REVIEWED,DERIVED_RECONCILIATION
INE154A01025_2025,ITC Limited,2025,VALIDATION,combined_mdna_candidate,CANDIDATE,t0.1_audit_detector,1,True,1,audit_detector_combined_mdna_candidate,1.0.0,NOT_REVIEWED,,raw_prop=combined_mdna_candidate,NOT_REVIEWED,DERIVED_RECONCILIATION
INE171A01029_2012,The Federal Bank  Limited,2012,HOLDOUT,native,CANDIDATE,t0.1_audit_detector,1,203,1,audit_detector_native,1.0.0,NOT_REVIEWED,,raw_prop=native_page_count,NOT_REVIEWED,DERIVED_RECONCILIATION
INE171A01029_2012,The Federal Bank  Limited,2012,HOLDOUT,scanned,NOT_OBSERVED,t0.1_audit_detector,0,0,0,audit_detector_scanned,1.0.0,NOT_REVIEWED,,raw_prop=scanned_page_count,NOT_REVIEWED,DERIVED_RECONCILIATION
INE171A01029_2012,The Federal Bank  Limited,2012,HOLDOUT,ocr_layer_candidate,NOT_OBSERVED,t0.1_audit_detector,0,0,0,audit_detector_ocr_layer_candidate,1.0.0,NOT_REVIEWED,,raw_prop=ocr_page_count,NOT_REVIEWED,DERIVED_RECONCILIATION
INE171A01029_2012,The Federal Bank  Limited,2012,HOLDOUT,legacy_font_candidate,CANDIDATE,t0.1_audit_detector,1,1,1,audit_detector_legacy_font_candidate,1.0.0,NOT_REVIEWED,,raw_prop=legacy_candidate_page_count,NOT_REVIEWED,DERIVED_RECONCILIATION
INE171A01029_2012,The Federal Bank  Limited,2012,HOLDOUT,hidden_text_candidate,NOT_OBSERVED,t0.1_audit_detector,0,0,0,audit_detector_hidden_text_candidate,1.0.0,NOT_REVIEWED,,raw_prop=hidden_text_candidate_page_count,NOT_REVIEWED,DERIVED_RECONCILIATION
INE171A01029_2012,The Federal Bank  Limited,2012,HOLDOUT,duplicate_text_candidate,NOT_OBSERVED,t0.1_audit_detector,0,0,0,audit_detector_duplicate_text_candidate,1.0.0,NOT_REVIEWED,,raw_prop=duplicate_text_candidate_page_count,NOT_REVIEWED,DERIVED_RECONCILIATION
INE171A01029_2012,The Federal Bank  Limited,2012,HOLDOUT,devanagari_candidate,NOT_OBSERVED,t0.1_audit_detector,0,0,0,audit_detector_devanagari_candidate,1.0.0,NOT_REVIEWED,,raw_prop=devanagari_page_count,NOT_REVIEWED,DERIVED_RECONCILIATION
INE171A01029_2012,The Federal Bank  Limited,2012,HOLDOUT,bilingual_candidate,NOT_OBSERVED,t0.1_audit_detector,0,0,0,audit_detector_bilingual_candidate,1.0.0,NOT_REVIEWED,,raw_prop=bilingual_candidate_page_count,NOT_REVIEWED,DERIVED_RECONCILIATION
INE171A01029_2012,The Federal Bank  Limited,2012,HOLDOUT,two_column,CANDIDATE,t0.1_audit_detector,1,12,1,audit_detector_two_column,1.0.0,NOT_REVIEWED,,raw_prop=two_column_page_count,NOT_REVIEWED,DERIVED_RECONCILIATION
INE171A01029_2012,The Federal Bank  Limited,2012,HOLDOUT,multi_column,CANDIDATE,t0.1_audit_detector,1,140,1,audit_detector_multi_column,1.0.0,NOT_REVIEWED,,raw_prop=multi_column_page_count,NOT_REVIEWED,DERIVED_RECONCILIATION
INE171A01029_2012,The Federal Bank  Limited,2012,HOLDOUT,table_candidate,CANDIDATE,t0.1_audit_detector,1,204,1,audit_detector_table_candidate,1.0.0,NOT_REVIEWED,,raw_prop=table_candidate_page_count,NOT_REVIEWED,DERIVED_RECONCILIATION
INE171A01029_2012,The Federal Bank  Limited,2012,HOLDOUT,header_candidate,NOT_OBSERVED,t0.1_audit_detector,0,0,0,audit_detector_header_candidate,1.0.0,NOT_REVIEWED,,raw_prop=header_candidate_page_count,NOT_REVIEWED,DERIVED_RECONCILIATION
INE171A01029_2012,The Federal Bank  Limited,2012,HOLDOUT,footer_candidate,CANDIDATE,t0.1_audit_detector,1,11,1,audit_detector_footer_candidate,1.0.0,NOT_REVIEWED,,raw_prop=footer_candidate_page_count,NOT_REVIEWED,DERIVED_RECONCILIATION
INE171A01029_2012,The Federal Bank  Limited,2012,HOLDOUT,toc_candidate,CANDIDATE,t0.1_audit_detector,1,True,1,audit_detector_toc_candidate,1.0.0,NOT_REVIEWED,,raw_prop=toc_candidate,NOT_REVIEWED,DERIVED_RECONCILIATION
INE171A01029_2012,The Federal Bank  Limited,2012,HOLDOUT,deep_hierarchy_candidate,NOT_OBSERVED,t0.1_audit_detector,0,False,0,audit_detector_deep_hierarchy_candidate,1.0.0,NOT_REVIEWED,,raw_prop=deep_hierarchy_candidate,NOT_REVIEWED,DERIVED_RECONCILIATION
INE171A01029_2012,The Federal Bank  Limited,2012,HOLDOUT,annexure_candidate,CANDIDATE,t0.1_audit_detector,1,True,1,audit_detector_annexure_candidate,1.0.0,NOT_REVIEWED,,raw_prop=annexure_candidate,NOT_REVIEWED,DERIVED_RECONCILIATION
INE171A01029_2012,The Federal Bank  Limited,2012,HOLDOUT,combined_mdna_candidate,NOT_OBSERVED,t0.1_audit_detector,0,False,0,audit_detector_combined_mdna_candidate,1.0.0,NOT_REVIEWED,,raw_prop=combined_mdna_candidate,NOT_REVIEWED,DERIVED_RECONCILIATION
INE171A01029_2013,The Federal Bank  Limited,2013,HOLDOUT,native,CANDIDATE,t0.1_audit_detector,1,189,1,audit_detector_native,1.0.0,NOT_REVIEWED,,raw_prop=native_page_count,NOT_REVIEWED,DERIVED_RECONCILIATION
INE171A01029_2013,The Federal Bank  Limited,2013,HOLDOUT,scanned,NOT_OBSERVED,t0.1_audit_detector,0,0,0,audit_detector_scanned,1.0.0,NOT_REVIEWED,,raw_prop=scanned_page_count,NOT_REVIEWED,DERIVED_RECONCILIATION
INE171A01029_2013,The Federal Bank  Limited,2013,HOLDOUT,ocr_layer_candidate,CANDIDATE,t0.1_audit_detector,1,2,1,audit_detector_ocr_layer_candidate,1.0.0,NOT_REVIEWED,,raw_prop=ocr_page_count,NOT_REVIEWED,DERIVED_RECONCILIATION
INE171A01029_2013,The Federal Bank  Limited,2013,HOLDOUT,legacy_font_candidate,NOT_OBSERVED,t0.1_audit_detector,0,0,0,audit_detector_legacy_font_candidate,1.0.0,NOT_REVIEWED,,raw_prop=legacy_candidate_page_count,NOT_REVIEWED,DERIVED_RECONCILIATION
INE171A01029_2013,The Federal Bank  Limited,2013,HOLDOUT,hidden_text_candidate,NOT_OBSERVED,t0.1_audit_detector,0,0,0,audit_detector_hidden_text_candidate,1.0.0,NOT_REVIEWED,,raw_prop=hidden_text_candidate_page_count,NOT_REVIEWED,DERIVED_RECONCILIATION
INE171A01029_2013,The Federal Bank  Limited,2013,HOLDOUT,duplicate_text_candidate,NOT_OBSERVED,t0.1_audit_detector,0,0,0,audit_detector_duplicate_text_candidate,1.0.0,NOT_REVIEWED,,raw_prop=duplicate_text_candidate_page_count,NOT_REVIEWED,DERIVED_RECONCILIATION
INE171A01029_2013,The Federal Bank  Limited,2013,HOLDOUT,devanagari_candidate,NOT_OBSERVED,t0.1_audit_detector,0,0,0,audit_detector_devanagari_candidate,1.0.0,NOT_REVIEWED,,raw_prop=devanagari_page_count,NOT_REVIEWED,DERIVED_RECONCILIATION
INE171A01029_2013,The Federal Bank  Limited,2013,HOLDOUT,bilingual_candidate,NOT_OBSERVED,t0.1_audit_detector,0,0,0,audit_detector_bilingual_candidate,1.0.0,NOT_REVIEWED,,raw_prop=bilingual_candidate_page_count,NOT_REVIEWED,DERIVED_RECONCILIATION
INE171A01029_2013,The Federal Bank  Limited,2013,HOLDOUT,two_column,CANDIDATE,t0.1_audit_detector,1,53,1,audit_detector_two_column,1.0.0,NOT_REVIEWED,,raw_prop=two_column_page_count,NOT_REVIEWED,DERIVED_RECONCILIATION
INE171A01029_2013,The Federal Bank  Limited,2013,HOLDOUT,multi_column,CANDIDATE,t0.1_audit_detector,1,75,1,audit_detector_multi_column,1.0.0,NOT_REVIEWED,,raw_prop=multi_column_page_count,NOT_REVIEWED,DERIVED_RECONCILIATION
INE171A01029_2013,The Federal Bank  Limited,2013,HOLDOUT,table_candidate,CANDIDATE,t0.1_audit_detector,1,142,1,audit_detector_table_candidate,1.0.0,NOT_REVIEWED,,raw_prop=table_candidate_page_count,NOT_REVIEWED,DERIVED_RECONCILIATION
INE171A01029_2013,The Federal Bank  Limited,2013,HOLDOUT,header_candidate,CANDIDATE,t0.1_audit_detector,1,166,1,audit_detector_header_candidate,1.0.0,NOT_REVIEWED,,raw_prop=header_candidate_page_count,NOT_REVIEWED,DERIVED_RECONCILIATION
INE171A01029_2013,The Federal Bank  Limited,2013,HOLDOUT,footer_candidate,NOT_OBSERVED,t0.1_audit_detector,0,0,0,audit_detector_footer_candidate,1.0.0,NOT_REVIEWED,,raw_prop=footer_candidate_page_count,NOT_REVIEWED,DERIVED_RECONCILIATION
INE171A01029_2013,The Federal Bank  Limited,2013,HOLDOUT,toc_candidate,CANDIDATE,t0.1_audit_detector,1,True,1,audit_detector_toc_candidate,1.0.0,NOT_REVIEWED,,raw_prop=toc_candidate,NOT_REVIEWED,DERIVED_RECONCILIATION
INE171A01029_2013,The Federal Bank  Limited,2013,HOLDOUT,deep_hierarchy_candidate,NOT_OBSERVED,t0.1_audit_detector,0,False,0,audit_detector_deep_hierarchy_candidate,1.0.0,NOT_REVIEWED,,raw_prop=deep_hierarchy_candidate,NOT_REVIEWED,DERIVED_RECONCILIATION
INE171A01029_2013,The Federal Bank  Limited,2013,HOLDOUT,annexure_candidate,CANDIDATE,t0.1_audit_detector,1,True,1,audit_detector_annexure_candidate,1.0.0,NOT_REVIEWED,,raw_prop=annexure_candidate,NOT_REVIEWED,DERIVED_RECONCILIATION
INE171A01029_2013,The Federal Bank  Limited,2013,HOLDOUT,combined_mdna_candidate,NOT_OBSERVED,t0.1_audit_detector,0,False,0,audit_detector_combined_mdna_candidate,1.0.0,NOT_REVIEWED,,raw_prop=combined_mdna_candidate,NOT_REVIEWED,DERIVED_RECONCILIATION
INE171A01029_2017,The Federal Bank  Limited,2017,HOLDOUT,native,CANDIDATE,t0.1_audit_detector,1,328,1,audit_detector_native,1.0.0,NOT_REVIEWED,,raw_prop=native_page_count,NOT_REVIEWED,DERIVED_RECONCILIATION
INE171A01029_2017,The Federal Bank  Limited,2017,HOLDOUT,scanned,CANDIDATE,t0.1_audit_detector,1,2,1,audit_detector_scanned,1.0.0,NOT_REVIEWED,,raw_prop=scanned_page_count,NOT_REVIEWED,DERIVED_RECONCILIATION
INE171A01029_2017,The Federal Bank  Limited,2017,HOLDOUT,ocr_layer_candidate,NOT_OBSERVED,t0.1_audit_detector,0,0,0,audit_detector_ocr_layer_candidate,1.0.0,NOT_REVIEWED,,raw_prop=ocr_page_count,NOT_REVIEWED,DERIVED_RECONCILIATION
INE171A01029_2017,The Federal Bank  Limited,2017,HOLDOUT,legacy_font_candidate,NOT_OBSERVED,t0.1_audit_detector,0,0,0,audit_detector_legacy_font_candidate,1.0.0,NOT_REVIEWED,,raw_prop=legacy_candidate_page_count,NOT_REVIEWED,DERIVED_RECONCILIATION
INE171A01029_2017,The Federal Bank  Limited,2017,HOLDOUT,hidden_text_candidate,NOT_OBSERVED,t0.1_audit_detector,0,0,0,audit_detector_hidden_text_candidate,1.0.0,NOT_REVIEWED,,raw_prop=hidden_text_candidate_page_count,NOT_REVIEWED,DERIVED_RECONCILIATION
INE171A01029_2017,The Federal Bank  Limited,2017,HOLDOUT,duplicate_text_candidate,CANDIDATE,t0.1_audit_detector,1,2,1,audit_detector_duplicate_text_candidate,1.0.0,NOT_REVIEWED,,raw_prop=duplicate_text_candidate_page_count,NOT_REVIEWED,DERIVED_RECONCILIATION
INE171A01029_2017,The Federal Bank  Limited,2017,HOLDOUT,devanagari_candidate,NOT_OBSERVED,t0.1_audit_detector,0,0,0,audit_detector_devanagari_candidate,1.0.0,NOT_REVIEWED,,raw_prop=devanagari_page_count,NOT_REVIEWED,DERIVED_RECONCILIATION
INE171A01029_2017,The Federal Bank  Limited,2017,HOLDOUT,bilingual_candidate,NOT_OBSERVED,t0.1_audit_detector,0,0,0,audit_detector_bilingual_candidate,1.0.0,NOT_REVIEWED,,raw_prop=bilingual_candidate_page_count,NOT_REVIEWED,DERIVED_RECONCILIATION
INE171A01029_2017,The Federal Bank  Limited,2017,HOLDOUT,two_column,CANDIDATE,t0.1_audit_detector,1,85,1,audit_detector_two_column,1.0.0,NOT_REVIEWED,,raw_prop=two_column_page_count,NOT_REVIEWED,DERIVED_RECONCILIATION
INE171A01029_2017,The Federal Bank  Limited,2017,HOLDOUT,multi_column,CANDIDATE,t0.1_audit_detector,1,200,1,audit_detector_multi_column,1.0.0,NOT_REVIEWED,,raw_prop=multi_column_page_count,NOT_REVIEWED,DERIVED_RECONCILIATION
INE171A01029_2017,The Federal Bank  Limited,2017,HOLDOUT,table_candidate,CANDIDATE,t0.1_audit_detector,1,247,1,audit_detector_table_candidate,1.0.0,NOT_REVIEWED,,raw_prop=table_candidate_page_count,NOT_REVIEWED,DERIVED_RECONCILIATION
INE171A01029_2017,The Federal Bank  Limited,2017,HOLDOUT,header_candidate,NOT_OBSERVED,t0.1_audit_detector,0,0,0,audit_detector_header_candidate,1.0.0,NOT_REVIEWED,,raw_prop=header_candidate_page_count,NOT_REVIEWED,DERIVED_RECONCILIATION
INE171A01029_2017,The Federal Bank  Limited,2017,HOLDOUT,footer_candidate,NOT_OBSERVED,t0.1_audit_detector,0,0,0,audit_detector_footer_candidate,1.0.0,NOT_REVIEWED,,raw_prop=footer_candidate_page_count,NOT_REVIEWED,DERIVED_RECONCILIATION
INE171A01029_2017,The Federal Bank  Limited,2017,HOLDOUT,toc_candidate,CANDIDATE,t0.1_audit_detector,1,True,1,audit_detector_toc_candidate,1.0.0,NOT_REVIEWED,,raw_prop=toc_candidate,NOT_REVIEWED,DERIVED_RECONCILIATION
INE171A01029_2017,The Federal Bank  Limited,2017,HOLDOUT,deep_hierarchy_candidate,NOT_OBSERVED,t0.1_audit_detector,0,False,0,audit_detector_deep_hierarchy_candidate,1.0.0,NOT_REVIEWED,,raw_prop=deep_hierarchy_candidate,NOT_REVIEWED,DERIVED_RECONCILIATION
INE171A01029_2017,The Federal Bank  Limited,2017,HOLDOUT,annexure_candidate,CANDIDATE,t0.1_audit_detector,1,True,1,audit_detector_annexure_candidate,1.0.0,NOT_REVIEWED,,raw_prop=annexure_candidate,NOT_REVIEWED,DERIVED_RECONCILIATION
INE171A01029_2017,The Federal Bank  Limited,2017,HOLDOUT,combined_mdna_candidate,NOT_OBSERVED,t0.1_audit_detector,0,False,0,audit_detector_combined_mdna_candidate,1.0.0,NOT_REVIEWED,,raw_prop=combined_mdna_candidate,NOT_REVIEWED,DERIVED_RECONCILIATION
INE171A01029_2018,The Federal Bank  Limited,2018,HOLDOUT,native,CANDIDATE,t0.1_audit_detector,1,229,1,audit_detector_native,1.0.0,NOT_REVIEWED,,raw_prop=native_page_count,NOT_REVIEWED,DERIVED_RECONCILIATION
INE171A01029_2018,The Federal Bank  Limited,2018,HOLDOUT,scanned,CANDIDATE,t0.1_audit_detector,1,7,1,audit_detector_scanned,1.0.0,NOT_REVIEWED,,raw_prop=scanned_page_count,NOT_REVIEWED,DERIVED_RECONCILIATION
INE171A01029_2018,The Federal Bank  Limited,2018,HOLDOUT,ocr_layer_candidate,NOT_OBSERVED,t0.1_audit_detector,0,0,0,audit_detector_ocr_layer_candidate,1.0.0,NOT_REVIEWED,,raw_prop=ocr_page_count,NOT_REVIEWED,DERIVED_RECONCILIATION
INE171A01029_2018,The Federal Bank  Limited,2018,HOLDOUT,legacy_font_candidate,NOT_OBSERVED,t0.1_audit_detector,0,0,0,audit_detector_legacy_font_candidate,1.0.0,NOT_REVIEWED,,raw_prop=legacy_candidate_page_count,NOT_REVIEWED,DERIVED_RECONCILIATION
INE171A01029_2018,The Federal Bank  Limited,2018,HOLDOUT,hidden_text_candidate,NOT_OBSERVED,t0.1_audit_detector,0,0,0,audit_detector_hidden_text_candidate,1.0.0,NOT_REVIEWED,,raw_prop=hidden_text_candidate_page_count,NOT_REVIEWED,DERIVED_RECONCILIATION
INE171A01029_2018,The Federal Bank  Limited,2018,HOLDOUT,duplicate_text_candidate,NOT_OBSERVED,t0.1_audit_detector,0,0,0,audit_detector_duplicate_text_candidate,1.0.0,NOT_REVIEWED,,raw_prop=duplicate_text_candidate_page_count,NOT_REVIEWED,DERIVED_RECONCILIATION
INE171A01029_2018,The Federal Bank  Limited,2018,HOLDOUT,devanagari_candidate,NOT_OBSERVED,t0.1_audit_detector,0,0,0,audit_detector_devanagari_candidate,1.0.0,NOT_REVIEWED,,raw_prop=devanagari_page_count,NOT_REVIEWED,DERIVED_RECONCILIATION
INE171A01029_2018,The Federal Bank  Limited,2018,HOLDOUT,bilingual_candidate,NOT_OBSERVED,t0.1_audit_detector,0,0,0,audit_detector_bilingual_candidate,1.0.0,NOT_REVIEWED,,raw_prop=bilingual_candidate_page_count,NOT_REVIEWED,DERIVED_RECONCILIATION
INE171A01029_2018,The Federal Bank  Limited,2018,HOLDOUT,two_column,CANDIDATE,t0.1_audit_detector,1,88,1,audit_detector_two_column,1.0.0,NOT_REVIEWED,,raw_prop=two_column_page_count,NOT_REVIEWED,DERIVED_RECONCILIATION
INE171A01029_2018,The Federal Bank  Limited,2018,HOLDOUT,multi_column,CANDIDATE,t0.1_audit_detector,1,129,1,audit_detector_multi_column,1.0.0,NOT_REVIEWED,,raw_prop=multi_column_page_count,NOT_REVIEWED,DERIVED_RECONCILIATION
INE171A01029_2018,The Federal Bank  Limited,2018,HOLDOUT,table_candidate,CANDIDATE,t0.1_audit_detector,1,236,1,audit_detector_table_candidate,1.0.0,NOT_REVIEWED,,raw_prop=table_candidate_page_count,NOT_REVIEWED,DERIVED_RECONCILIATION
INE171A01029_2018,The Federal Bank  Limited,2018,HOLDOUT,header_candidate,NOT_OBSERVED,t0.1_audit_detector,0,0,0,audit_detector_header_candidate,1.0.0,NOT_REVIEWED,,raw_prop=header_candidate_page_count,NOT_REVIEWED,DERIVED_RECONCILIATION
INE171A01029_2018,The Federal Bank  Limited,2018,HOLDOUT,footer_candidate,CANDIDATE,t0.1_audit_detector,1,2,1,audit_detector_footer_candidate,1.0.0,NOT_REVIEWED,,raw_prop=footer_candidate_page_count,NOT_REVIEWED,DERIVED_RECONCILIATION
INE171A01029_2018,The Federal Bank  Limited,2018,HOLDOUT,toc_candidate,CANDIDATE,t0.1_audit_detector,1,True,1,audit_detector_toc_candidate,1.0.0,NOT_REVIEWED,,raw_prop=toc_candidate,NOT_REVIEWED,DERIVED_RECONCILIATION
INE171A01029_2018,The Federal Bank  Limited,2018,HOLDOUT,deep_hierarchy_candidate,NOT_OBSERVED,t0.1_audit_detector,0,False,0,audit_detector_deep_hierarchy_candidate,1.0.0,NOT_REVIEWED,,raw_prop=deep_hierarchy_candidate,NOT_REVIEWED,DERIVED_RECONCILIATION
INE171A01029_2018,The Federal Bank  Limited,2018,HOLDOUT,annexure_candidate,CANDIDATE,t0.1_audit_detector,1,True,1,audit_detector_annexure_candidate,1.0.0,NOT_REVIEWED,,raw_prop=annexure_candidate,NOT_REVIEWED,DERIVED_RECONCILIATION
INE171A01029_2018,The Federal Bank  Limited,2018,HOLDOUT,combined_mdna_candidate,NOT_OBSERVED,t0.1_audit_detector,0,False,0,audit_detector_combined_mdna_candidate,1.0.0,NOT_REVIEWED,,raw_prop=combined_mdna_candidate,NOT_REVIEWED,DERIVED_RECONCILIATION
INE171A01029_2024,The Federal Bank  Limited,2024,HOLDOUT,native,CANDIDATE,t0.1_audit_detector,1,246,1,audit_detector_native,1.0.0,NOT_REVIEWED,,raw_prop=native_page_count,NOT_REVIEWED,DERIVED_RECONCILIATION
INE171A01029_2024,The Federal Bank  Limited,2024,HOLDOUT,scanned,NOT_OBSERVED,t0.1_audit_detector,0,0,0,audit_detector_scanned,1.0.0,NOT_REVIEWED,,raw_prop=scanned_page_count,NOT_REVIEWED,DERIVED_RECONCILIATION
INE171A01029_2024,The Federal Bank  Limited,2024,HOLDOUT,ocr_layer_candidate,CANDIDATE,t0.1_audit_detector,1,1,1,audit_detector_ocr_layer_candidate,1.0.0,NOT_REVIEWED,,raw_prop=ocr_page_count,NOT_REVIEWED,DERIVED_RECONCILIATION
INE171A01029_2024,The Federal Bank  Limited,2024,HOLDOUT,legacy_font_candidate,CANDIDATE,t0.1_audit_detector,1,3,1,audit_detector_legacy_font_candidate,1.0.0,NOT_REVIEWED,,raw_prop=legacy_candidate_page_count,NOT_REVIEWED,DERIVED_RECONCILIATION
INE171A01029_2024,The Federal Bank  Limited,2024,HOLDOUT,hidden_text_candidate,NOT_OBSERVED,t0.1_audit_detector,0,0,0,audit_detector_hidden_text_candidate,1.0.0,NOT_REVIEWED,,raw_prop=hidden_text_candidate_page_count,NOT_REVIEWED,DERIVED_RECONCILIATION
INE171A01029_2024,The Federal Bank  Limited,2024,HOLDOUT,duplicate_text_candidate,NOT_OBSERVED,t0.1_audit_detector,0,0,0,audit_detector_duplicate_text_candidate,1.0.0,NOT_REVIEWED,,raw_prop=duplicate_text_candidate_page_count,NOT_REVIEWED,DERIVED_RECONCILIATION
INE171A01029_2024,The Federal Bank  Limited,2024,HOLDOUT,devanagari_candidate,NOT_OBSERVED,t0.1_audit_detector,0,0,0,audit_detector_devanagari_candidate,1.0.0,NOT_REVIEWED,,raw_prop=devanagari_page_count,NOT_REVIEWED,DERIVED_RECONCILIATION
INE171A01029_2024,The Federal Bank  Limited,2024,HOLDOUT,bilingual_candidate,NOT_OBSERVED,t0.1_audit_detector,0,0,0,audit_detector_bilingual_candidate,1.0.0,NOT_REVIEWED,,raw_prop=bilingual_candidate_page_count,NOT_REVIEWED,DERIVED_RECONCILIATION
INE171A01029_2024,The Federal Bank  Limited,2024,HOLDOUT,two_column,CANDIDATE,t0.1_audit_detector,1,210,1,audit_detector_two_column,1.0.0,NOT_REVIEWED,,raw_prop=two_column_page_count,NOT_REVIEWED,DERIVED_RECONCILIATION
INE171A01029_2024,The Federal Bank  Limited,2024,HOLDOUT,multi_column,CANDIDATE,t0.1_audit_detector,1,6,1,audit_detector_multi_column,1.0.0,NOT_REVIEWED,,raw_prop=multi_column_page_count,NOT_REVIEWED,DERIVED_RECONCILIATION
INE171A01029_2024,The Federal Bank  Limited,2024,HOLDOUT,table_candidate,CANDIDATE,t0.1_audit_detector,1,151,1,audit_detector_table_candidate,1.0.0,NOT_REVIEWED,,raw_prop=table_candidate_page_count,NOT_REVIEWED,DERIVED_RECONCILIATION
INE171A01029_2024,The Federal Bank  Limited,2024,HOLDOUT,header_candidate,CANDIDATE,t0.1_audit_detector,1,203,1,audit_detector_header_candidate,1.0.0,NOT_REVIEWED,,raw_prop=header_candidate_page_count,NOT_REVIEWED,DERIVED_RECONCILIATION
INE171A01029_2024,The Federal Bank  Limited,2024,HOLDOUT,footer_candidate,CANDIDATE,t0.1_audit_detector,1,205,1,audit_detector_footer_candidate,1.0.0,NOT_REVIEWED,,raw_prop=footer_candidate_page_count,NOT_REVIEWED,DERIVED_RECONCILIATION
INE171A01029_2024,The Federal Bank  Limited,2024,HOLDOUT,toc_candidate,CANDIDATE,t0.1_audit_detector,1,True,1,audit_detector_toc_candidate,1.0.0,NOT_REVIEWED,,raw_prop=toc_candidate,NOT_REVIEWED,DERIVED_RECONCILIATION
INE171A01029_2024,The Federal Bank  Limited,2024,HOLDOUT,deep_hierarchy_candidate,NOT_OBSERVED,t0.1_audit_detector,0,False,0,audit_detector_deep_hierarchy_candidate,1.0.0,NOT_REVIEWED,,raw_prop=deep_hierarchy_candidate,NOT_REVIEWED,DERIVED_RECONCILIATION
INE171A01029_2024,The Federal Bank  Limited,2024,HOLDOUT,annexure_candidate,CANDIDATE,t0.1_audit_detector,1,True,1,audit_detector_annexure_candidate,1.0.0,NOT_REVIEWED,,raw_prop=annexure_candidate,NOT_REVIEWED,DERIVED_RECONCILIATION
INE171A01029_2024,The Federal Bank  Limited,2024,HOLDOUT,combined_mdna_candidate,NOT_OBSERVED,t0.1_audit_detector,0,False,0,audit_detector_combined_mdna_candidate,1.0.0,NOT_REVIEWED,,raw_prop=combined_mdna_candidate,NOT_REVIEWED,DERIVED_RECONCILIATION
INE171A01029_2025,The Federal Bank  Limited,2025,HOLDOUT,native,CANDIDATE,t0.1_audit_detector,1,417,1,audit_detector_native,1.0.0,NOT_REVIEWED,,raw_prop=native_page_count,NOT_REVIEWED,DERIVED_RECONCILIATION
INE171A01029_2025,The Federal Bank  Limited,2025,HOLDOUT,scanned,CANDIDATE,t0.1_audit_detector,1,1,1,audit_detector_scanned,1.0.0,NOT_REVIEWED,,raw_prop=scanned_page_count,NOT_REVIEWED,DERIVED_RECONCILIATION
INE171A01029_2025,The Federal Bank  Limited,2025,HOLDOUT,ocr_layer_candidate,NOT_OBSERVED,t0.1_audit_detector,0,0,0,audit_detector_ocr_layer_candidate,1.0.0,NOT_REVIEWED,,raw_prop=ocr_page_count,NOT_REVIEWED,DERIVED_RECONCILIATION
INE171A01029_2025,The Federal Bank  Limited,2025,HOLDOUT,legacy_font_candidate,CANDIDATE,t0.1_audit_detector,1,1,1,audit_detector_legacy_font_candidate,1.0.0,NOT_REVIEWED,,raw_prop=legacy_candidate_page_count,NOT_REVIEWED,DERIVED_RECONCILIATION
INE171A01029_2025,The Federal Bank  Limited,2025,HOLDOUT,hidden_text_candidate,NOT_OBSERVED,t0.1_audit_detector,0,0,0,audit_detector_hidden_text_candidate,1.0.0,NOT_REVIEWED,,raw_prop=hidden_text_candidate_page_count,NOT_REVIEWED,DERIVED_RECONCILIATION
INE171A01029_2025,The Federal Bank  Limited,2025,HOLDOUT,duplicate_text_candidate,NOT_OBSERVED,t0.1_audit_detector,0,0,0,audit_detector_duplicate_text_candidate,1.0.0,NOT_REVIEWED,,raw_prop=duplicate_text_candidate_page_count,NOT_REVIEWED,DERIVED_RECONCILIATION
INE171A01029_2025,The Federal Bank  Limited,2025,HOLDOUT,devanagari_candidate,NOT_OBSERVED,t0.1_audit_detector,0,0,0,audit_detector_devanagari_candidate,1.0.0,NOT_REVIEWED,,raw_prop=devanagari_page_count,NOT_REVIEWED,DERIVED_RECONCILIATION
INE171A01029_2025,The Federal Bank  Limited,2025,HOLDOUT,bilingual_candidate,NOT_OBSERVED,t0.1_audit_detector,0,0,0,audit_detector_bilingual_candidate,1.0.0,NOT_REVIEWED,,raw_prop=bilingual_candidate_page_count,NOT_REVIEWED,DERIVED_RECONCILIATION
INE171A01029_2025,The Federal Bank  Limited,2025,HOLDOUT,two_column,CANDIDATE,t0.1_audit_detector,1,158,1,audit_detector_two_column,1.0.0,NOT_REVIEWED,,raw_prop=two_column_page_count,NOT_REVIEWED,DERIVED_RECONCILIATION
INE171A01029_2025,The Federal Bank  Limited,2025,HOLDOUT,multi_column,CANDIDATE,t0.1_audit_detector,1,206,1,audit_detector_multi_column,1.0.0,NOT_REVIEWED,,raw_prop=multi_column_page_count,NOT_REVIEWED,DERIVED_RECONCILIATION
INE171A01029_2025,The Federal Bank  Limited,2025,HOLDOUT,table_candidate,CANDIDATE,t0.1_audit_detector,1,237,1,audit_detector_table_candidate,1.0.0,NOT_REVIEWED,,raw_prop=table_candidate_page_count,NOT_REVIEWED,DERIVED_RECONCILIATION
INE171A01029_2025,The Federal Bank  Limited,2025,HOLDOUT,header_candidate,CANDIDATE,t0.1_audit_detector,1,44,1,audit_detector_header_candidate,1.0.0,NOT_REVIEWED,,raw_prop=header_candidate_page_count,NOT_REVIEWED,DERIVED_RECONCILIATION
INE171A01029_2025,The Federal Bank  Limited,2025,HOLDOUT,footer_candidate,CANDIDATE,t0.1_audit_detector,1,43,1,audit_detector_footer_candidate,1.0.0,NOT_REVIEWED,,raw_prop=footer_candidate_page_count,NOT_REVIEWED,DERIVED_RECONCILIATION
INE171A01029_2025,The Federal Bank  Limited,2025,HOLDOUT,toc_candidate,NOT_OBSERVED,t0.1_audit_detector,0,False,0,audit_detector_toc_candidate,1.0.0,NOT_REVIEWED,,raw_prop=toc_candidate,NOT_REVIEWED,DERIVED_RECONCILIATION
INE171A01029_2025,The Federal Bank  Limited,2025,HOLDOUT,deep_hierarchy_candidate,NOT_OBSERVED,t0.1_audit_detector,0,False,0,audit_detector_deep_hierarchy_candidate,1.0.0,NOT_REVIEWED,,raw_prop=deep_hierarchy_candidate,NOT_REVIEWED,DERIVED_RECONCILIATION
INE171A01029_2025,The Federal Bank  Limited,2025,HOLDOUT,annexure_candidate,CANDIDATE,t0.1_audit_detector,1,True,1,audit_detector_annexure_candidate,1.0.0,NOT_REVIEWED,,raw_prop=annexure_candidate,NOT_REVIEWED,DERIVED_RECONCILIATION
INE171A01029_2025,The Federal Bank  Limited,2025,HOLDOUT,combined_mdna_candidate,NOT_OBSERVED,t0.1_audit_detector,0,False,0,audit_detector_combined_mdna_candidate,1.0.0,NOT_REVIEWED,,raw_prop=combined_mdna_candidate,NOT_REVIEWED,DERIVED_RECONCILIATION
INE191H01014_2012,PVR INOX Limited,2012,FIT,native,CANDIDATE,t0.1_audit_detector,1,100,1,audit_detector_native,1.0.0,NOT_REVIEWED,,raw_prop=native_page_count,NOT_REVIEWED,DERIVED_RECONCILIATION
INE191H01014_2012,PVR INOX Limited,2012,FIT,scanned,CANDIDATE,t0.1_audit_detector,1,2,1,audit_detector_scanned,1.0.0,NOT_REVIEWED,,raw_prop=scanned_page_count,NOT_REVIEWED,DERIVED_RECONCILIATION
INE191H01014_2012,PVR INOX Limited,2012,FIT,ocr_layer_candidate,NOT_OBSERVED,t0.1_audit_detector,0,0,0,audit_detector_ocr_layer_candidate,1.0.0,NOT_REVIEWED,,raw_prop=ocr_page_count,NOT_REVIEWED,DERIVED_RECONCILIATION
INE191H01014_2012,PVR INOX Limited,2012,FIT,legacy_font_candidate,NOT_OBSERVED,t0.1_audit_detector,0,0,0,audit_detector_legacy_font_candidate,1.0.0,NOT_REVIEWED,,raw_prop=legacy_candidate_page_count,NOT_REVIEWED,DERIVED_RECONCILIATION
INE191H01014_2012,PVR INOX Limited,2012,FIT,hidden_text_candidate,NOT_OBSERVED,t0.1_audit_detector,0,0,0,audit_detector_hidden_text_candidate,1.0.0,NOT_REVIEWED,,raw_prop=hidden_text_candidate_page_count,NOT_REVIEWED,DERIVED_RECONCILIATION
INE191H01014_2012,PVR INOX Limited,2012,FIT,duplicate_text_candidate,CANDIDATE,t0.1_audit_detector,1,1,1,audit_detector_duplicate_text_candidate,1.0.0,NOT_REVIEWED,,raw_prop=duplicate_text_candidate_page_count,NOT_REVIEWED,DERIVED_RECONCILIATION
INE191H01014_2012,PVR INOX Limited,2012,FIT,devanagari_candidate,NOT_OBSERVED,t0.1_audit_detector,0,0,0,audit_detector_devanagari_candidate,1.0.0,NOT_REVIEWED,,raw_prop=devanagari_page_count,NOT_REVIEWED,DERIVED_RECONCILIATION
INE191H01014_2012,PVR INOX Limited,2012,FIT,bilingual_candidate,NOT_OBSERVED,t0.1_audit_detector,0,0,0,audit_detector_bilingual_candidate,1.0.0,NOT_REVIEWED,,raw_prop=bilingual_candidate_page_count,NOT_REVIEWED,DERIVED_RECONCILIATION
INE191H01014_2012,PVR INOX Limited,2012,FIT,two_column,CANDIDATE,t0.1_audit_detector,1,25,1,audit_detector_two_column,1.0.0,NOT_REVIEWED,,raw_prop=two_column_page_count,NOT_REVIEWED,DERIVED_RECONCILIATION
INE191H01014_2012,PVR INOX Limited,2012,FIT,multi_column,CANDIDATE,t0.1_audit_detector,1,63,1,audit_detector_multi_column,1.0.0,NOT_REVIEWED,,raw_prop=multi_column_page_count,NOT_REVIEWED,DERIVED_RECONCILIATION
INE191H01014_2012,PVR INOX Limited,2012,FIT,table_candidate,CANDIDATE,t0.1_audit_detector,1,69,1,audit_detector_table_candidate,1.0.0,NOT_REVIEWED,,raw_prop=table_candidate_page_count,NOT_REVIEWED,DERIVED_RECONCILIATION
INE191H01014_2012,PVR INOX Limited,2012,FIT,header_candidate,NOT_OBSERVED,t0.1_audit_detector,0,0,0,audit_detector_header_candidate,1.0.0,NOT_REVIEWED,,raw_prop=header_candidate_page_count,NOT_REVIEWED,DERIVED_RECONCILIATION
INE191H01014_2012,PVR INOX Limited,2012,FIT,footer_candidate,NOT_OBSERVED,t0.1_audit_detector,0,0,0,audit_detector_footer_candidate,1.0.0,NOT_REVIEWED,,raw_prop=footer_candidate_page_count,NOT_REVIEWED,DERIVED_RECONCILIATION
INE191H01014_2012,PVR INOX Limited,2012,FIT,toc_candidate,CANDIDATE,t0.1_audit_detector,1,True,1,audit_detector_toc_candidate,1.0.0,NOT_REVIEWED,,raw_prop=toc_candidate,NOT_REVIEWED,DERIVED_RECONCILIATION
INE191H01014_2012,PVR INOX Limited,2012,FIT,deep_hierarchy_candidate,NOT_OBSERVED,t0.1_audit_detector,0,False,0,audit_detector_deep_hierarchy_candidate,1.0.0,NOT_REVIEWED,,raw_prop=deep_hierarchy_candidate,NOT_REVIEWED,DERIVED_RECONCILIATION
INE191H01014_2012,PVR INOX Limited,2012,FIT,annexure_candidate,CANDIDATE,t0.1_audit_detector,1,True,1,audit_detector_annexure_candidate,1.0.0,NOT_REVIEWED,,raw_prop=annexure_candidate,NOT_REVIEWED,DERIVED_RECONCILIATION
INE191H01014_2012,PVR INOX Limited,2012,FIT,combined_mdna_candidate,NOT_OBSERVED,t0.1_audit_detector,0,False,0,audit_detector_combined_mdna_candidate,1.0.0,NOT_REVIEWED,,raw_prop=combined_mdna_candidate,NOT_REVIEWED,DERIVED_RECONCILIATION
INE191H01014_2013,PVR INOX Limited,2013,FIT,native,CANDIDATE,t0.1_audit_detector,1,106,1,audit_detector_native,1.0.0,NOT_REVIEWED,,raw_prop=native_page_count,NOT_REVIEWED,DERIVED_RECONCILIATION
INE191H01014_2013,PVR INOX Limited,2013,FIT,scanned,CANDIDATE,t0.1_audit_detector,1,2,1,audit_detector_scanned,1.0.0,NOT_REVIEWED,,raw_prop=scanned_page_count,NOT_REVIEWED,DERIVED_RECONCILIATION
INE191H01014_2013,PVR INOX Limited,2013,FIT,ocr_layer_candidate,NOT_OBSERVED,t0.1_audit_detector,0,0,0,audit_detector_ocr_layer_candidate,1.0.0,NOT_REVIEWED,,raw_prop=ocr_page_count,NOT_REVIEWED,DERIVED_RECONCILIATION
INE191H01014_2013,PVR INOX Limited,2013,FIT,legacy_font_candidate,NOT_OBSERVED,t0.1_audit_detector,0,0,0,audit_detector_legacy_font_candidate,1.0.0,NOT_REVIEWED,,raw_prop=legacy_candidate_page_count,NOT_REVIEWED,DERIVED_RECONCILIATION
INE191H01014_2013,PVR INOX Limited,2013,FIT,hidden_text_candidate,NOT_OBSERVED,t0.1_audit_detector,0,0,0,audit_detector_hidden_text_candidate,1.0.0,NOT_REVIEWED,,raw_prop=hidden_text_candidate_page_count,NOT_REVIEWED,DERIVED_RECONCILIATION
INE191H01014_2013,PVR INOX Limited,2013,FIT,duplicate_text_candidate,CANDIDATE,t0.1_audit_detector,1,2,1,audit_detector_duplicate_text_candidate,1.0.0,NOT_REVIEWED,,raw_prop=duplicate_text_candidate_page_count,NOT_REVIEWED,DERIVED_RECONCILIATION
INE191H01014_2013,PVR INOX Limited,2013,FIT,devanagari_candidate,NOT_OBSERVED,t0.1_audit_detector,0,0,0,audit_detector_devanagari_candidate,1.0.0,NOT_REVIEWED,,raw_prop=devanagari_page_count,NOT_REVIEWED,DERIVED_RECONCILIATION
INE191H01014_2013,PVR INOX Limited,2013,FIT,bilingual_candidate,NOT_OBSERVED,t0.1_audit_detector,0,0,0,audit_detector_bilingual_candidate,1.0.0,NOT_REVIEWED,,raw_prop=bilingual_candidate_page_count,NOT_REVIEWED,DERIVED_RECONCILIATION
INE191H01014_2013,PVR INOX Limited,2013,FIT,two_column,CANDIDATE,t0.1_audit_detector,1,29,1,audit_detector_two_column,1.0.0,NOT_REVIEWED,,raw_prop=two_column_page_count,NOT_REVIEWED,DERIVED_RECONCILIATION
INE191H01014_2013,PVR INOX Limited,2013,FIT,multi_column,CANDIDATE,t0.1_audit_detector,1,63,1,audit_detector_multi_column,1.0.0,NOT_REVIEWED,,raw_prop=multi_column_page_count,NOT_REVIEWED,DERIVED_RECONCILIATION
INE191H01014_2013,PVR INOX Limited,2013,FIT,table_candidate,CANDIDATE,t0.1_audit_detector,1,77,1,audit_detector_table_candidate,1.0.0,NOT_REVIEWED,,raw_prop=table_candidate_page_count,NOT_REVIEWED,DERIVED_RECONCILIATION
INE191H01014_2013,PVR INOX Limited,2013,FIT,header_candidate,NOT_OBSERVED,t0.1_audit_detector,0,0,0,audit_detector_header_candidate,1.0.0,NOT_REVIEWED,,raw_prop=header_candidate_page_count,NOT_REVIEWED,DERIVED_RECONCILIATION
INE191H01014_2013,PVR INOX Limited,2013,FIT,footer_candidate,NOT_OBSERVED,t0.1_audit_detector,0,0,0,audit_detector_footer_candidate,1.0.0,NOT_REVIEWED,,raw_prop=footer_candidate_page_count,NOT_REVIEWED,DERIVED_RECONCILIATION
INE191H01014_2013,PVR INOX Limited,2013,FIT,toc_candidate,CANDIDATE,t0.1_audit_detector,1,True,1,audit_detector_toc_candidate,1.0.0,NOT_REVIEWED,,raw_prop=toc_candidate,NOT_REVIEWED,DERIVED_RECONCILIATION
INE191H01014_2013,PVR INOX Limited,2013,FIT,deep_hierarchy_candidate,NOT_OBSERVED,t0.1_audit_detector,0,False,0,audit_detector_deep_hierarchy_candidate,1.0.0,NOT_REVIEWED,,raw_prop=deep_hierarchy_candidate,NOT_REVIEWED,DERIVED_RECONCILIATION
INE191H01014_2013,PVR INOX Limited,2013,FIT,annexure_candidate,CANDIDATE,t0.1_audit_detector,1,True,1,audit_detector_annexure_candidate,1.0.0,NOT_REVIEWED,,raw_prop=annexure_candidate,NOT_REVIEWED,DERIVED_RECONCILIATION
INE191H01014_2013,PVR INOX Limited,2013,FIT,combined_mdna_candidate,NOT_OBSERVED,t0.1_audit_detector,0,False,0,audit_detector_combined_mdna_candidate,1.0.0,NOT_REVIEWED,,raw_prop=combined_mdna_candidate,NOT_REVIEWED,DERIVED_RECONCILIATION
INE191H01014_2017,PVR INOX Limited,2017,FIT,native,CANDIDATE,t0.1_audit_detector,1,214,1,audit_detector_native,1.0.0,NOT_REVIEWED,,raw_prop=native_page_count,NOT_REVIEWED,DERIVED_RECONCILIATION
INE191H01014_2017,PVR INOX Limited,2017,FIT,scanned,CANDIDATE,t0.1_audit_detector,1,3,1,audit_detector_scanned,1.0.0,NOT_REVIEWED,,raw_prop=scanned_page_count,NOT_REVIEWED,DERIVED_RECONCILIATION
INE191H01014_2017,PVR INOX Limited,2017,FIT,ocr_layer_candidate,CANDIDATE,t0.1_audit_detector,1,1,1,audit_detector_ocr_layer_candidate,1.0.0,NOT_REVIEWED,,raw_prop=ocr_page_count,NOT_REVIEWED,DERIVED_RECONCILIATION
INE191H01014_2017,PVR INOX Limited,2017,FIT,legacy_font_candidate,NOT_OBSERVED,t0.1_audit_detector,0,0,0,audit_detector_legacy_font_candidate,1.0.0,NOT_REVIEWED,,raw_prop=legacy_candidate_page_count,NOT_REVIEWED,DERIVED_RECONCILIATION
INE191H01014_2017,PVR INOX Limited,2017,FIT,hidden_text_candidate,NOT_OBSERVED,t0.1_audit_detector,0,0,0,audit_detector_hidden_text_candidate,1.0.0,NOT_REVIEWED,,raw_prop=hidden_text_candidate_page_count,NOT_REVIEWED,DERIVED_RECONCILIATION
INE191H01014_2017,PVR INOX Limited,2017,FIT,duplicate_text_candidate,CANDIDATE,t0.1_audit_detector,1,1,1,audit_detector_duplicate_text_candidate,1.0.0,NOT_REVIEWED,,raw_prop=duplicate_text_candidate_page_count,NOT_REVIEWED,DERIVED_RECONCILIATION
INE191H01014_2017,PVR INOX Limited,2017,FIT,devanagari_candidate,NOT_OBSERVED,t0.1_audit_detector,0,0,0,audit_detector_devanagari_candidate,1.0.0,NOT_REVIEWED,,raw_prop=devanagari_page_count,NOT_REVIEWED,DERIVED_RECONCILIATION
INE191H01014_2017,PVR INOX Limited,2017,FIT,bilingual_candidate,NOT_OBSERVED,t0.1_audit_detector,0,0,0,audit_detector_bilingual_candidate,1.0.0,NOT_REVIEWED,,raw_prop=bilingual_candidate_page_count,NOT_REVIEWED,DERIVED_RECONCILIATION
INE191H01014_2017,PVR INOX Limited,2017,FIT,two_column,CANDIDATE,t0.1_audit_detector,1,90,1,audit_detector_two_column,1.0.0,NOT_REVIEWED,,raw_prop=two_column_page_count,NOT_REVIEWED,DERIVED_RECONCILIATION
INE191H01014_2017,PVR INOX Limited,2017,FIT,multi_column,CANDIDATE,t0.1_audit_detector,1,91,1,audit_detector_multi_column,1.0.0,NOT_REVIEWED,,raw_prop=multi_column_page_count,NOT_REVIEWED,DERIVED_RECONCILIATION
INE191H01014_2017,PVR INOX Limited,2017,FIT,table_candidate,CANDIDATE,t0.1_audit_detector,1,198,1,audit_detector_table_candidate,1.0.0,NOT_REVIEWED,,raw_prop=table_candidate_page_count,NOT_REVIEWED,DERIVED_RECONCILIATION
INE191H01014_2017,PVR INOX Limited,2017,FIT,header_candidate,NOT_OBSERVED,t0.1_audit_detector,0,0,0,audit_detector_header_candidate,1.0.0,NOT_REVIEWED,,raw_prop=header_candidate_page_count,NOT_REVIEWED,DERIVED_RECONCILIATION
INE191H01014_2017,PVR INOX Limited,2017,FIT,footer_candidate,NOT_OBSERVED,t0.1_audit_detector,0,0,0,audit_detector_footer_candidate,1.0.0,NOT_REVIEWED,,raw_prop=footer_candidate_page_count,NOT_REVIEWED,DERIVED_RECONCILIATION
INE191H01014_2017,PVR INOX Limited,2017,FIT,toc_candidate,NOT_OBSERVED,t0.1_audit_detector,0,False,0,audit_detector_toc_candidate,1.0.0,NOT_REVIEWED,,raw_prop=toc_candidate,NOT_REVIEWED,DERIVED_RECONCILIATION
INE191H01014_2017,PVR INOX Limited,2017,FIT,deep_hierarchy_candidate,NOT_OBSERVED,t0.1_audit_detector,0,False,0,audit_detector_deep_hierarchy_candidate,1.0.0,NOT_REVIEWED,,raw_prop=deep_hierarchy_candidate,NOT_REVIEWED,DERIVED_RECONCILIATION
INE191H01014_2017,PVR INOX Limited,2017,FIT,annexure_candidate,CANDIDATE,t0.1_audit_detector,1,True,1,audit_detector_annexure_candidate,1.0.0,NOT_REVIEWED,,raw_prop=annexure_candidate,NOT_REVIEWED,DERIVED_RECONCILIATION
INE191H01014_2017,PVR INOX Limited,2017,FIT,combined_mdna_candidate,NOT_OBSERVED,t0.1_audit_detector,0,False,0,audit_detector_combined_mdna_candidate,1.0.0,NOT_REVIEWED,,raw_prop=combined_mdna_candidate,NOT_REVIEWED,DERIVED_RECONCILIATION
INE191H01014_2018,PVR INOX Limited,2018,FIT,native,CANDIDATE,t0.1_audit_detector,1,213,1,audit_detector_native,1.0.0,NOT_REVIEWED,,raw_prop=native_page_count,NOT_REVIEWED,DERIVED_RECONCILIATION
INE191H01014_2018,PVR INOX Limited,2018,FIT,scanned,CANDIDATE,t0.1_audit_detector,1,2,1,audit_detector_scanned,1.0.0,NOT_REVIEWED,,raw_prop=scanned_page_count,NOT_REVIEWED,DERIVED_RECONCILIATION
INE191H01014_2018,PVR INOX Limited,2018,FIT,ocr_layer_candidate,CANDIDATE,t0.1_audit_detector,1,1,1,audit_detector_ocr_layer_candidate,1.0.0,NOT_REVIEWED,,raw_prop=ocr_page_count,NOT_REVIEWED,DERIVED_RECONCILIATION
INE191H01014_2018,PVR INOX Limited,2018,FIT,legacy_font_candidate,NOT_OBSERVED,t0.1_audit_detector,0,0,0,audit_detector_legacy_font_candidate,1.0.0,NOT_REVIEWED,,raw_prop=legacy_candidate_page_count,NOT_REVIEWED,DERIVED_RECONCILIATION
INE191H01014_2018,PVR INOX Limited,2018,FIT,hidden_text_candidate,NOT_OBSERVED,t0.1_audit_detector,0,0,0,audit_detector_hidden_text_candidate,1.0.0,NOT_REVIEWED,,raw_prop=hidden_text_candidate_page_count,NOT_REVIEWED,DERIVED_RECONCILIATION
INE191H01014_2018,PVR INOX Limited,2018,FIT,duplicate_text_candidate,CANDIDATE,t0.1_audit_detector,1,7,1,audit_detector_duplicate_text_candidate,1.0.0,NOT_REVIEWED,,raw_prop=duplicate_text_candidate_page_count,NOT_REVIEWED,DERIVED_RECONCILIATION
INE191H01014_2018,PVR INOX Limited,2018,FIT,devanagari_candidate,NOT_OBSERVED,t0.1_audit_detector,0,0,0,audit_detector_devanagari_candidate,1.0.0,NOT_REVIEWED,,raw_prop=devanagari_page_count,NOT_REVIEWED,DERIVED_RECONCILIATION
INE191H01014_2018,PVR INOX Limited,2018,FIT,bilingual_candidate,NOT_OBSERVED,t0.1_audit_detector,0,0,0,audit_detector_bilingual_candidate,1.0.0,NOT_REVIEWED,,raw_prop=bilingual_candidate_page_count,NOT_REVIEWED,DERIVED_RECONCILIATION
INE191H01014_2018,PVR INOX Limited,2018,FIT,two_column,CANDIDATE,t0.1_audit_detector,1,97,1,audit_detector_two_column,1.0.0,NOT_REVIEWED,,raw_prop=two_column_page_count,NOT_REVIEWED,DERIVED_RECONCILIATION
INE191H01014_2018,PVR INOX Limited,2018,FIT,multi_column,CANDIDATE,t0.1_audit_detector,1,87,1,audit_detector_multi_column,1.0.0,NOT_REVIEWED,,raw_prop=multi_column_page_count,NOT_REVIEWED,DERIVED_RECONCILIATION
INE191H01014_2018,PVR INOX Limited,2018,FIT,table_candidate,CANDIDATE,t0.1_audit_detector,1,194,1,audit_detector_table_candidate,1.0.0,NOT_REVIEWED,,raw_prop=table_candidate_page_count,NOT_REVIEWED,DERIVED_RECONCILIATION
INE191H01014_2018,PVR INOX Limited,2018,FIT,header_candidate,NOT_OBSERVED,t0.1_audit_detector,0,0,0,audit_detector_header_candidate,1.0.0,NOT_REVIEWED,,raw_prop=header_candidate_page_count,NOT_REVIEWED,DERIVED_RECONCILIATION
INE191H01014_2018,PVR INOX Limited,2018,FIT,footer_candidate,NOT_OBSERVED,t0.1_audit_detector,0,0,0,audit_detector_footer_candidate,1.0.0,NOT_REVIEWED,,raw_prop=footer_candidate_page_count,NOT_REVIEWED,DERIVED_RECONCILIATION
INE191H01014_2018,PVR INOX Limited,2018,FIT,toc_candidate,NOT_OBSERVED,t0.1_audit_detector,0,False,0,audit_detector_toc_candidate,1.0.0,NOT_REVIEWED,,raw_prop=toc_candidate,NOT_REVIEWED,DERIVED_RECONCILIATION
INE191H01014_2018,PVR INOX Limited,2018,FIT,deep_hierarchy_candidate,NOT_OBSERVED,t0.1_audit_detector,0,False,0,audit_detector_deep_hierarchy_candidate,1.0.0,NOT_REVIEWED,,raw_prop=deep_hierarchy_candidate,NOT_REVIEWED,DERIVED_RECONCILIATION
INE191H01014_2018,PVR INOX Limited,2018,FIT,annexure_candidate,CANDIDATE,t0.1_audit_detector,1,True,1,audit_detector_annexure_candidate,1.0.0,NOT_REVIEWED,,raw_prop=annexure_candidate,NOT_REVIEWED,DERIVED_RECONCILIATION
INE191H01014_2018,PVR INOX Limited,2018,FIT,combined_mdna_candidate,NOT_OBSERVED,t0.1_audit_detector,0,False,0,audit_detector_combined_mdna_candidate,1.0.0,NOT_REVIEWED,,raw_prop=combined_mdna_candidate,NOT_REVIEWED,DERIVED_RECONCILIATION
INE191H01014_2024,PVR INOX Limited,2024,FIT,native,CANDIDATE,t0.1_audit_detector,1,171,1,audit_detector_native,1.0.0,NOT_REVIEWED,,raw_prop=native_page_count,NOT_REVIEWED,DERIVED_RECONCILIATION
INE191H01014_2024,PVR INOX Limited,2024,FIT,scanned,NOT_OBSERVED,t0.1_audit_detector,0,0,0,audit_detector_scanned,1.0.0,NOT_REVIEWED,,raw_prop=scanned_page_count,NOT_REVIEWED,DERIVED_RECONCILIATION
INE191H01014_2024,PVR INOX Limited,2024,FIT,ocr_layer_candidate,CANDIDATE,t0.1_audit_detector,1,1,1,audit_detector_ocr_layer_candidate,1.0.0,NOT_REVIEWED,,raw_prop=ocr_page_count,NOT_REVIEWED,DERIVED_RECONCILIATION
INE191H01014_2024,PVR INOX Limited,2024,FIT,legacy_font_candidate,CANDIDATE,t0.1_audit_detector,1,1,1,audit_detector_legacy_font_candidate,1.0.0,NOT_REVIEWED,,raw_prop=legacy_candidate_page_count,NOT_REVIEWED,DERIVED_RECONCILIATION
INE191H01014_2024,PVR INOX Limited,2024,FIT,hidden_text_candidate,CANDIDATE,t0.1_audit_detector,1,2,1,audit_detector_hidden_text_candidate,1.0.0,NOT_REVIEWED,,raw_prop=hidden_text_candidate_page_count,NOT_REVIEWED,DERIVED_RECONCILIATION
INE191H01014_2024,PVR INOX Limited,2024,FIT,duplicate_text_candidate,NOT_OBSERVED,t0.1_audit_detector,0,0,0,audit_detector_duplicate_text_candidate,1.0.0,NOT_REVIEWED,,raw_prop=duplicate_text_candidate_page_count,NOT_REVIEWED,DERIVED_RECONCILIATION
INE191H01014_2024,PVR INOX Limited,2024,FIT,devanagari_candidate,NOT_OBSERVED,t0.1_audit_detector,0,0,0,audit_detector_devanagari_candidate,1.0.0,NOT_REVIEWED,,raw_prop=devanagari_page_count,NOT_REVIEWED,DERIVED_RECONCILIATION
INE191H01014_2024,PVR INOX Limited,2024,FIT,bilingual_candidate,NOT_OBSERVED,t0.1_audit_detector,0,0,0,audit_detector_bilingual_candidate,1.0.0,NOT_REVIEWED,,raw_prop=bilingual_candidate_page_count,NOT_REVIEWED,DERIVED_RECONCILIATION
INE191H01014_2024,PVR INOX Limited,2024,FIT,two_column,CANDIDATE,t0.1_audit_detector,1,157,1,audit_detector_two_column,1.0.0,NOT_REVIEWED,,raw_prop=two_column_page_count,NOT_REVIEWED,DERIVED_RECONCILIATION
INE191H01014_2024,PVR INOX Limited,2024,FIT,multi_column,CANDIDATE,t0.1_audit_detector,1,12,1,audit_detector_multi_column,1.0.0,NOT_REVIEWED,,raw_prop=multi_column_page_count,NOT_REVIEWED,DERIVED_RECONCILIATION
INE191H01014_2024,PVR INOX Limited,2024,FIT,table_candidate,CANDIDATE,t0.1_audit_detector,1,169,1,audit_detector_table_candidate,1.0.0,NOT_REVIEWED,,raw_prop=table_candidate_page_count,NOT_REVIEWED,DERIVED_RECONCILIATION
INE191H01014_2024,PVR INOX Limited,2024,FIT,header_candidate,CANDIDATE,t0.1_audit_detector,1,145,1,audit_detector_header_candidate,1.0.0,NOT_REVIEWED,,raw_prop=header_candidate_page_count,NOT_REVIEWED,DERIVED_RECONCILIATION
INE191H01014_2024,PVR INOX Limited,2024,FIT,footer_candidate,NOT_OBSERVED,t0.1_audit_detector,0,0,0,audit_detector_footer_candidate,1.0.0,NOT_REVIEWED,,raw_prop=footer_candidate_page_count,NOT_REVIEWED,DERIVED_RECONCILIATION
INE191H01014_2024,PVR INOX Limited,2024,FIT,toc_candidate,CANDIDATE,t0.1_audit_detector,1,True,1,audit_detector_toc_candidate,1.0.0,NOT_REVIEWED,,raw_prop=toc_candidate,NOT_REVIEWED,DERIVED_RECONCILIATION
INE191H01014_2024,PVR INOX Limited,2024,FIT,deep_hierarchy_candidate,NOT_OBSERVED,t0.1_audit_detector,0,False,0,audit_detector_deep_hierarchy_candidate,1.0.0,NOT_REVIEWED,,raw_prop=deep_hierarchy_candidate,NOT_REVIEWED,DERIVED_RECONCILIATION
INE191H01014_2024,PVR INOX Limited,2024,FIT,annexure_candidate,CANDIDATE,t0.1_audit_detector,1,True,1,audit_detector_annexure_candidate,1.0.0,NOT_REVIEWED,,raw_prop=annexure_candidate,NOT_REVIEWED,DERIVED_RECONCILIATION
INE191H01014_2024,PVR INOX Limited,2024,FIT,combined_mdna_candidate,NOT_OBSERVED,t0.1_audit_detector,0,False,0,audit_detector_combined_mdna_candidate,1.0.0,NOT_REVIEWED,,raw_prop=combined_mdna_candidate,NOT_REVIEWED,DERIVED_RECONCILIATION
INE191H01014_2025,PVR INOX Limited,2025,FIT,native,CANDIDATE,t0.1_audit_detector,1,307,1,audit_detector_native,1.0.0,NOT_REVIEWED,,raw_prop=native_page_count,NOT_REVIEWED,DERIVED_RECONCILIATION
INE191H01014_2025,PVR INOX Limited,2025,FIT,scanned,NOT_OBSERVED,t0.1_audit_detector,0,0,0,audit_detector_scanned,1.0.0,NOT_REVIEWED,,raw_prop=scanned_page_count,NOT_REVIEWED,DERIVED_RECONCILIATION
INE191H01014_2025,PVR INOX Limited,2025,FIT,ocr_layer_candidate,CANDIDATE,t0.1_audit_detector,1,2,1,audit_detector_ocr_layer_candidate,1.0.0,NOT_REVIEWED,,raw_prop=ocr_page_count,NOT_REVIEWED,DERIVED_RECONCILIATION
INE191H01014_2025,PVR INOX Limited,2025,FIT,legacy_font_candidate,CANDIDATE,t0.1_audit_detector,1,1,1,audit_detector_legacy_font_candidate,1.0.0,NOT_REVIEWED,,raw_prop=legacy_candidate_page_count,NOT_REVIEWED,DERIVED_RECONCILIATION
INE191H01014_2025,PVR INOX Limited,2025,FIT,hidden_text_candidate,NOT_OBSERVED,t0.1_audit_detector,0,0,0,audit_detector_hidden_text_candidate,1.0.0,NOT_REVIEWED,,raw_prop=hidden_text_candidate_page_count,NOT_REVIEWED,DERIVED_RECONCILIATION
INE191H01014_2025,PVR INOX Limited,2025,FIT,duplicate_text_candidate,NOT_OBSERVED,t0.1_audit_detector,0,0,0,audit_detector_duplicate_text_candidate,1.0.0,NOT_REVIEWED,,raw_prop=duplicate_text_candidate_page_count,NOT_REVIEWED,DERIVED_RECONCILIATION
INE191H01014_2025,PVR INOX Limited,2025,FIT,devanagari_candidate,NOT_OBSERVED,t0.1_audit_detector,0,0,0,audit_detector_devanagari_candidate,1.0.0,NOT_REVIEWED,,raw_prop=devanagari_page_count,NOT_REVIEWED,DERIVED_RECONCILIATION
INE191H01014_2025,PVR INOX Limited,2025,FIT,bilingual_candidate,NOT_OBSERVED,t0.1_audit_detector,0,0,0,audit_detector_bilingual_candidate,1.0.0,NOT_REVIEWED,,raw_prop=bilingual_candidate_page_count,NOT_REVIEWED,DERIVED_RECONCILIATION
INE191H01014_2025,PVR INOX Limited,2025,FIT,two_column,CANDIDATE,t0.1_audit_detector,1,130,1,audit_detector_two_column,1.0.0,NOT_REVIEWED,,raw_prop=two_column_page_count,NOT_REVIEWED,DERIVED_RECONCILIATION
INE191H01014_2025,PVR INOX Limited,2025,FIT,multi_column,CANDIDATE,t0.1_audit_detector,1,165,1,audit_detector_multi_column,1.0.0,NOT_REVIEWED,,raw_prop=multi_column_page_count,NOT_REVIEWED,DERIVED_RECONCILIATION
INE191H01014_2025,PVR INOX Limited,2025,FIT,table_candidate,CANDIDATE,t0.1_audit_detector,1,250,1,audit_detector_table_candidate,1.0.0,NOT_REVIEWED,,raw_prop=table_candidate_page_count,NOT_REVIEWED,DERIVED_RECONCILIATION
INE191H01014_2025,PVR INOX Limited,2025,FIT,header_candidate,CANDIDATE,t0.1_audit_detector,1,25,1,audit_detector_header_candidate,1.0.0,NOT_REVIEWED,,raw_prop=header_candidate_page_count,NOT_REVIEWED,DERIVED_RECONCILIATION
INE191H01014_2025,PVR INOX Limited,2025,FIT,footer_candidate,NOT_OBSERVED,t0.1_audit_detector,0,0,0,audit_detector_footer_candidate,1.0.0,NOT_REVIEWED,,raw_prop=footer_candidate_page_count,NOT_REVIEWED,DERIVED_RECONCILIATION
INE191H01014_2025,PVR INOX Limited,2025,FIT,toc_candidate,CANDIDATE,t0.1_audit_detector,1,True,1,audit_detector_toc_candidate,1.0.0,NOT_REVIEWED,,raw_prop=toc_candidate,NOT_REVIEWED,DERIVED_RECONCILIATION
INE191H01014_2025,PVR INOX Limited,2025,FIT,deep_hierarchy_candidate,NOT_OBSERVED,t0.1_audit_detector,0,False,0,audit_detector_deep_hierarchy_candidate,1.0.0,NOT_REVIEWED,,raw_prop=deep_hierarchy_candidate,NOT_REVIEWED,DERIVED_RECONCILIATION
INE191H01014_2025,PVR INOX Limited,2025,FIT,annexure_candidate,CANDIDATE,t0.1_audit_detector,1,True,1,audit_detector_annexure_candidate,1.0.0,NOT_REVIEWED,,raw_prop=annexure_candidate,NOT_REVIEWED,DERIVED_RECONCILIATION
INE191H01014_2025,PVR INOX Limited,2025,FIT,combined_mdna_candidate,NOT_OBSERVED,t0.1_audit_detector,0,False,0,audit_detector_combined_mdna_candidate,1.0.0,NOT_REVIEWED,,raw_prop=combined_mdna_candidate,NOT_REVIEWED,DERIVED_RECONCILIATION
INE192B01031_2012,Welspun Living Limited,2012,FIT,native,CANDIDATE,t0.1_audit_detector,1,148,1,audit_detector_native,1.0.0,NOT_REVIEWED,,raw_prop=native_page_count,NOT_REVIEWED,DERIVED_RECONCILIATION
INE192B01031_2012,Welspun Living Limited,2012,FIT,scanned,NOT_OBSERVED,t0.1_audit_detector,0,0,0,audit_detector_scanned,1.0.0,NOT_REVIEWED,,raw_prop=scanned_page_count,NOT_REVIEWED,DERIVED_RECONCILIATION
INE192B01031_2012,Welspun Living Limited,2012,FIT,ocr_layer_candidate,CANDIDATE,t0.1_audit_detector,1,1,1,audit_detector_ocr_layer_candidate,1.0.0,NOT_REVIEWED,,raw_prop=ocr_page_count,NOT_REVIEWED,DERIVED_RECONCILIATION
INE192B01031_2012,Welspun Living Limited,2012,FIT,legacy_font_candidate,CANDIDATE,t0.1_audit_detector,1,1,1,audit_detector_legacy_font_candidate,1.0.0,NOT_REVIEWED,,raw_prop=legacy_candidate_page_count,NOT_REVIEWED,DERIVED_RECONCILIATION
INE192B01031_2012,Welspun Living Limited,2012,FIT,hidden_text_candidate,NOT_OBSERVED,t0.1_audit_detector,0,0,0,audit_detector_hidden_text_candidate,1.0.0,NOT_REVIEWED,,raw_prop=hidden_text_candidate_page_count,NOT_REVIEWED,DERIVED_RECONCILIATION
INE192B01031_2012,Welspun Living Limited,2012,FIT,duplicate_text_candidate,CANDIDATE,t0.1_audit_detector,1,2,1,audit_detector_duplicate_text_candidate,1.0.0,NOT_REVIEWED,,raw_prop=duplicate_text_candidate_page_count,NOT_REVIEWED,DERIVED_RECONCILIATION
INE192B01031_2012,Welspun Living Limited,2012,FIT,devanagari_candidate,NOT_OBSERVED,t0.1_audit_detector,0,0,0,audit_detector_devanagari_candidate,1.0.0,NOT_REVIEWED,,raw_prop=devanagari_page_count,NOT_REVIEWED,DERIVED_RECONCILIATION
INE192B01031_2012,Welspun Living Limited,2012,FIT,bilingual_candidate,NOT_OBSERVED,t0.1_audit_detector,0,0,0,audit_detector_bilingual_candidate,1.0.0,NOT_REVIEWED,,raw_prop=bilingual_candidate_page_count,NOT_REVIEWED,DERIVED_RECONCILIATION
INE192B01031_2012,Welspun Living Limited,2012,FIT,two_column,CANDIDATE,t0.1_audit_detector,1,18,1,audit_detector_two_column,1.0.0,NOT_REVIEWED,,raw_prop=two_column_page_count,NOT_REVIEWED,DERIVED_RECONCILIATION
INE192B01031_2012,Welspun Living Limited,2012,FIT,multi_column,CANDIDATE,t0.1_audit_detector,1,99,1,audit_detector_multi_column,1.0.0,NOT_REVIEWED,,raw_prop=multi_column_page_count,NOT_REVIEWED,DERIVED_RECONCILIATION
INE192B01031_2012,Welspun Living Limited,2012,FIT,table_candidate,CANDIDATE,t0.1_audit_detector,1,146,1,audit_detector_table_candidate,1.0.0,NOT_REVIEWED,,raw_prop=table_candidate_page_count,NOT_REVIEWED,DERIVED_RECONCILIATION
INE192B01031_2012,Welspun Living Limited,2012,FIT,header_candidate,NOT_OBSERVED,t0.1_audit_detector,0,0,0,audit_detector_header_candidate,1.0.0,NOT_REVIEWED,,raw_prop=header_candidate_page_count,NOT_REVIEWED,DERIVED_RECONCILIATION
INE192B01031_2012,Welspun Living Limited,2012,FIT,footer_candidate,CANDIDATE,t0.1_audit_detector,1,28,1,audit_detector_footer_candidate,1.0.0,NOT_REVIEWED,,raw_prop=footer_candidate_page_count,NOT_REVIEWED,DERIVED_RECONCILIATION
INE192B01031_2012,Welspun Living Limited,2012,FIT,toc_candidate,CANDIDATE,t0.1_audit_detector,1,True,1,audit_detector_toc_candidate,1.0.0,NOT_REVIEWED,,raw_prop=toc_candidate,NOT_REVIEWED,DERIVED_RECONCILIATION
INE192B01031_2012,Welspun Living Limited,2012,FIT,deep_hierarchy_candidate,NOT_OBSERVED,t0.1_audit_detector,0,False,0,audit_detector_deep_hierarchy_candidate,1.0.0,NOT_REVIEWED,,raw_prop=deep_hierarchy_candidate,NOT_REVIEWED,DERIVED_RECONCILIATION
INE192B01031_2012,Welspun Living Limited,2012,FIT,annexure_candidate,CANDIDATE,t0.1_audit_detector,1,True,1,audit_detector_annexure_candidate,1.0.0,NOT_REVIEWED,,raw_prop=annexure_candidate,NOT_REVIEWED,DERIVED_RECONCILIATION
INE192B01031_2012,Welspun Living Limited,2012,FIT,combined_mdna_candidate,NOT_OBSERVED,t0.1_audit_detector,0,False,0,audit_detector_combined_mdna_candidate,1.0.0,NOT_REVIEWED,,raw_prop=combined_mdna_candidate,NOT_REVIEWED,DERIVED_RECONCILIATION
INE192B01031_2013,Welspun Living Limited,2013,FIT,native,CANDIDATE,t0.1_audit_detector,1,121,1,audit_detector_native,1.0.0,NOT_REVIEWED,,raw_prop=native_page_count,NOT_REVIEWED,DERIVED_RECONCILIATION
INE192B01031_2013,Welspun Living Limited,2013,FIT,scanned,NOT_OBSERVED,t0.1_audit_detector,0,0,0,audit_detector_scanned,1.0.0,NOT_REVIEWED,,raw_prop=scanned_page_count,NOT_REVIEWED,DERIVED_RECONCILIATION
INE192B01031_2013,Welspun Living Limited,2013,FIT,ocr_layer_candidate,NOT_OBSERVED,t0.1_audit_detector,0,0,0,audit_detector_ocr_layer_candidate,1.0.0,NOT_REVIEWED,,raw_prop=ocr_page_count,NOT_REVIEWED,DERIVED_RECONCILIATION
INE192B01031_2013,Welspun Living Limited,2013,FIT,legacy_font_candidate,NOT_OBSERVED,t0.1_audit_detector,0,0,0,audit_detector_legacy_font_candidate,1.0.0,NOT_REVIEWED,,raw_prop=legacy_candidate_page_count,NOT_REVIEWED,DERIVED_RECONCILIATION
INE192B01031_2013,Welspun Living Limited,2013,FIT,hidden_text_candidate,NOT_OBSERVED,t0.1_audit_detector,0,0,0,audit_detector_hidden_text_candidate,1.0.0,NOT_REVIEWED,,raw_prop=hidden_text_candidate_page_count,NOT_REVIEWED,DERIVED_RECONCILIATION
INE192B01031_2013,Welspun Living Limited,2013,FIT,duplicate_text_candidate,CANDIDATE,t0.1_audit_detector,1,2,1,audit_detector_duplicate_text_candidate,1.0.0,NOT_REVIEWED,,raw_prop=duplicate_text_candidate_page_count,NOT_REVIEWED,DERIVED_RECONCILIATION
INE192B01031_2013,Welspun Living Limited,2013,FIT,devanagari_candidate,NOT_OBSERVED,t0.1_audit_detector,0,0,0,audit_detector_devanagari_candidate,1.0.0,NOT_REVIEWED,,raw_prop=devanagari_page_count,NOT_REVIEWED,DERIVED_RECONCILIATION
INE192B01031_2013,Welspun Living Limited,2013,FIT,bilingual_candidate,NOT_OBSERVED,t0.1_audit_detector,0,0,0,audit_detector_bilingual_candidate,1.0.0,NOT_REVIEWED,,raw_prop=bilingual_candidate_page_count,NOT_REVIEWED,DERIVED_RECONCILIATION
INE192B01031_2013,Welspun Living Limited,2013,FIT,two_column,CANDIDATE,t0.1_audit_detector,1,15,1,audit_detector_two_column,1.0.0,NOT_REVIEWED,,raw_prop=two_column_page_count,NOT_REVIEWED,DERIVED_RECONCILIATION
INE192B01031_2013,Welspun Living Limited,2013,FIT,multi_column,CANDIDATE,t0.1_audit_detector,1,90,1,audit_detector_multi_column,1.0.0,NOT_REVIEWED,,raw_prop=multi_column_page_count,NOT_REVIEWED,DERIVED_RECONCILIATION
INE192B01031_2013,Welspun Living Limited,2013,FIT,table_candidate,CANDIDATE,t0.1_audit_detector,1,119,1,audit_detector_table_candidate,1.0.0,NOT_REVIEWED,,raw_prop=table_candidate_page_count,NOT_REVIEWED,DERIVED_RECONCILIATION
INE192B01031_2013,Welspun Living Limited,2013,FIT,header_candidate,NOT_OBSERVED,t0.1_audit_detector,0,0,0,audit_detector_header_candidate,1.0.0,NOT_REVIEWED,,raw_prop=header_candidate_page_count,NOT_REVIEWED,DERIVED_RECONCILIATION
INE192B01031_2013,Welspun Living Limited,2013,FIT,footer_candidate,NOT_OBSERVED,t0.1_audit_detector,0,0,0,audit_detector_footer_candidate,1.0.0,NOT_REVIEWED,,raw_prop=footer_candidate_page_count,NOT_REVIEWED,DERIVED_RECONCILIATION
INE192B01031_2013,Welspun Living Limited,2013,FIT,toc_candidate,CANDIDATE,t0.1_audit_detector,1,True,1,audit_detector_toc_candidate,1.0.0,NOT_REVIEWED,,raw_prop=toc_candidate,NOT_REVIEWED,DERIVED_RECONCILIATION
INE192B01031_2013,Welspun Living Limited,2013,FIT,deep_hierarchy_candidate,NOT_OBSERVED,t0.1_audit_detector,0,False,0,audit_detector_deep_hierarchy_candidate,1.0.0,NOT_REVIEWED,,raw_prop=deep_hierarchy_candidate,NOT_REVIEWED,DERIVED_RECONCILIATION
INE192B01031_2013,Welspun Living Limited,2013,FIT,annexure_candidate,CANDIDATE,t0.1_audit_detector,1,True,1,audit_detector_annexure_candidate,1.0.0,NOT_REVIEWED,,raw_prop=annexure_candidate,NOT_REVIEWED,DERIVED_RECONCILIATION
INE192B01031_2013,Welspun Living Limited,2013,FIT,combined_mdna_candidate,NOT_OBSERVED,t0.1_audit_detector,0,False,0,audit_detector_combined_mdna_candidate,1.0.0,NOT_REVIEWED,,raw_prop=combined_mdna_candidate,NOT_REVIEWED,DERIVED_RECONCILIATION
INE192B01031_2017,Welspun Living Limited,2017,FIT,native,CANDIDATE,t0.1_audit_detector,1,285,1,audit_detector_native,1.0.0,NOT_REVIEWED,,raw_prop=native_page_count,NOT_REVIEWED,DERIVED_RECONCILIATION
INE192B01031_2017,Welspun Living Limited,2017,FIT,scanned,CANDIDATE,t0.1_audit_detector,1,2,1,audit_detector_scanned,1.0.0,NOT_REVIEWED,,raw_prop=scanned_page_count,NOT_REVIEWED,DERIVED_RECONCILIATION
INE192B01031_2017,Welspun Living Limited,2017,FIT,ocr_layer_candidate,NOT_OBSERVED,t0.1_audit_detector,0,0,0,audit_detector_ocr_layer_candidate,1.0.0,NOT_REVIEWED,,raw_prop=ocr_page_count,NOT_REVIEWED,DERIVED_RECONCILIATION
INE192B01031_2017,Welspun Living Limited,2017,FIT,legacy_font_candidate,CANDIDATE,t0.1_audit_detector,1,1,1,audit_detector_legacy_font_candidate,1.0.0,NOT_REVIEWED,,raw_prop=legacy_candidate_page_count,NOT_REVIEWED,DERIVED_RECONCILIATION
INE192B01031_2017,Welspun Living Limited,2017,FIT,hidden_text_candidate,NOT_OBSERVED,t0.1_audit_detector,0,0,0,audit_detector_hidden_text_candidate,1.0.0,NOT_REVIEWED,,raw_prop=hidden_text_candidate_page_count,NOT_REVIEWED,DERIVED_RECONCILIATION
INE192B01031_2017,Welspun Living Limited,2017,FIT,duplicate_text_candidate,NOT_OBSERVED,t0.1_audit_detector,0,0,0,audit_detector_duplicate_text_candidate,1.0.0,NOT_REVIEWED,,raw_prop=duplicate_text_candidate_page_count,NOT_REVIEWED,DERIVED_RECONCILIATION
INE192B01031_2017,Welspun Living Limited,2017,FIT,devanagari_candidate,NOT_OBSERVED,t0.1_audit_detector,0,0,0,audit_detector_devanagari_candidate,1.0.0,NOT_REVIEWED,,raw_prop=devanagari_page_count,NOT_REVIEWED,DERIVED_RECONCILIATION
INE192B01031_2017,Welspun Living Limited,2017,FIT,bilingual_candidate,NOT_OBSERVED,t0.1_audit_detector,0,0,0,audit_detector_bilingual_candidate,1.0.0,NOT_REVIEWED,,raw_prop=bilingual_candidate_page_count,NOT_REVIEWED,DERIVED_RECONCILIATION
INE192B01031_2017,Welspun Living Limited,2017,FIT,two_column,CANDIDATE,t0.1_audit_detector,1,140,1,audit_detector_two_column,1.0.0,NOT_REVIEWED,,raw_prop=two_column_page_count,NOT_REVIEWED,DERIVED_RECONCILIATION
INE192B01031_2017,Welspun Living Limited,2017,FIT,multi_column,CANDIDATE,t0.1_audit_detector,1,127,1,audit_detector_multi_column,1.0.0,NOT_REVIEWED,,raw_prop=multi_column_page_count,NOT_REVIEWED,DERIVED_RECONCILIATION
INE192B01031_2017,Welspun Living Limited,2017,FIT,table_candidate,CANDIDATE,t0.1_audit_detector,1,221,1,audit_detector_table_candidate,1.0.0,NOT_REVIEWED,,raw_prop=table_candidate_page_count,NOT_REVIEWED,DERIVED_RECONCILIATION
INE192B01031_2017,Welspun Living Limited,2017,FIT,header_candidate,NOT_OBSERVED,t0.1_audit_detector,0,0,0,audit_detector_header_candidate,1.0.0,NOT_REVIEWED,,raw_prop=header_candidate_page_count,NOT_REVIEWED,DERIVED_RECONCILIATION
INE192B01031_2017,Welspun Living Limited,2017,FIT,footer_candidate,CANDIDATE,t0.1_audit_detector,1,2,1,audit_detector_footer_candidate,1.0.0,NOT_REVIEWED,,raw_prop=footer_candidate_page_count,NOT_REVIEWED,DERIVED_RECONCILIATION
INE192B01031_2017,Welspun Living Limited,2017,FIT,toc_candidate,CANDIDATE,t0.1_audit_detector,1,True,1,audit_detector_toc_candidate,1.0.0,NOT_REVIEWED,,raw_prop=toc_candidate,NOT_REVIEWED,DERIVED_RECONCILIATION
INE192B01031_2017,Welspun Living Limited,2017,FIT,deep_hierarchy_candidate,NOT_OBSERVED,t0.1_audit_detector,0,False,0,audit_detector_deep_hierarchy_candidate,1.0.0,NOT_REVIEWED,,raw_prop=deep_hierarchy_candidate,NOT_REVIEWED,DERIVED_RECONCILIATION
INE192B01031_2017,Welspun Living Limited,2017,FIT,annexure_candidate,CANDIDATE,t0.1_audit_detector,1,True,1,audit_detector_annexure_candidate,1.0.0,NOT_REVIEWED,,raw_prop=annexure_candidate,NOT_REVIEWED,DERIVED_RECONCILIATION
INE192B01031_2017,Welspun Living Limited,2017,FIT,combined_mdna_candidate,NOT_OBSERVED,t0.1_audit_detector,0,False,0,audit_detector_combined_mdna_candidate,1.0.0,NOT_REVIEWED,,raw_prop=combined_mdna_candidate,NOT_REVIEWED,DERIVED_RECONCILIATION
INE192B01031_2018,Welspun Living Limited,2018,FIT,native,CANDIDATE,t0.1_audit_detector,1,237,1,audit_detector_native,1.0.0,NOT_REVIEWED,,raw_prop=native_page_count,NOT_REVIEWED,DERIVED_RECONCILIATION
INE192B01031_2018,Welspun Living Limited,2018,FIT,scanned,NOT_OBSERVED,t0.1_audit_detector,0,0,0,audit_detector_scanned,1.0.0,NOT_REVIEWED,,raw_prop=scanned_page_count,NOT_REVIEWED,DERIVED_RECONCILIATION
INE192B01031_2018,Welspun Living Limited,2018,FIT,ocr_layer_candidate,CANDIDATE,t0.1_audit_detector,1,1,1,audit_detector_ocr_layer_candidate,1.0.0,NOT_REVIEWED,,raw_prop=ocr_page_count,NOT_REVIEWED,DERIVED_RECONCILIATION
INE192B01031_2018,Welspun Living Limited,2018,FIT,legacy_font_candidate,CANDIDATE,t0.1_audit_detector,1,15,1,audit_detector_legacy_font_candidate,1.0.0,NOT_REVIEWED,,raw_prop=legacy_candidate_page_count,NOT_REVIEWED,DERIVED_RECONCILIATION
INE192B01031_2018,Welspun Living Limited,2018,FIT,hidden_text_candidate,NOT_OBSERVED,t0.1_audit_detector,0,0,0,audit_detector_hidden_text_candidate,1.0.0,NOT_REVIEWED,,raw_prop=hidden_text_candidate_page_count,NOT_REVIEWED,DERIVED_RECONCILIATION
INE192B01031_2018,Welspun Living Limited,2018,FIT,duplicate_text_candidate,NOT_OBSERVED,t0.1_audit_detector,0,0,0,audit_detector_duplicate_text_candidate,1.0.0,NOT_REVIEWED,,raw_prop=duplicate_text_candidate_page_count,NOT_REVIEWED,DERIVED_RECONCILIATION
INE192B01031_2018,Welspun Living Limited,2018,FIT,devanagari_candidate,NOT_OBSERVED,t0.1_audit_detector,0,0,0,audit_detector_devanagari_candidate,1.0.0,NOT_REVIEWED,,raw_prop=devanagari_page_count,NOT_REVIEWED,DERIVED_RECONCILIATION
INE192B01031_2018,Welspun Living Limited,2018,FIT,bilingual_candidate,NOT_OBSERVED,t0.1_audit_detector,0,0,0,audit_detector_bilingual_candidate,1.0.0,NOT_REVIEWED,,raw_prop=bilingual_candidate_page_count,NOT_REVIEWED,DERIVED_RECONCILIATION
INE192B01031_2018,Welspun Living Limited,2018,FIT,two_column,CANDIDATE,t0.1_audit_detector,1,117,1,audit_detector_two_column,1.0.0,NOT_REVIEWED,,raw_prop=two_column_page_count,NOT_REVIEWED,DERIVED_RECONCILIATION
INE192B01031_2018,Welspun Living Limited,2018,FIT,multi_column,CANDIDATE,t0.1_audit_detector,1,101,1,audit_detector_multi_column,1.0.0,NOT_REVIEWED,,raw_prop=multi_column_page_count,NOT_REVIEWED,DERIVED_RECONCILIATION
INE192B01031_2018,Welspun Living Limited,2018,FIT,table_candidate,CANDIDATE,t0.1_audit_detector,1,208,1,audit_detector_table_candidate,1.0.0,NOT_REVIEWED,,raw_prop=table_candidate_page_count,NOT_REVIEWED,DERIVED_RECONCILIATION
INE192B01031_2018,Welspun Living Limited,2018,FIT,header_candidate,NOT_OBSERVED,t0.1_audit_detector,0,0,0,audit_detector_header_candidate,1.0.0,NOT_REVIEWED,,raw_prop=header_candidate_page_count,NOT_REVIEWED,DERIVED_RECONCILIATION
INE192B01031_2018,Welspun Living Limited,2018,FIT,footer_candidate,CANDIDATE,t0.1_audit_detector,1,2,1,audit_detector_footer_candidate,1.0.0,NOT_REVIEWED,,raw_prop=footer_candidate_page_count,NOT_REVIEWED,DERIVED_RECONCILIATION
INE192B01031_2018,Welspun Living Limited,2018,FIT,toc_candidate,CANDIDATE,t0.1_audit_detector,1,True,1,audit_detector_toc_candidate,1.0.0,NOT_REVIEWED,,raw_prop=toc_candidate,NOT_REVIEWED,DERIVED_RECONCILIATION
INE192B01031_2018,Welspun Living Limited,2018,FIT,deep_hierarchy_candidate,NOT_OBSERVED,t0.1_audit_detector,0,False,0,audit_detector_deep_hierarchy_candidate,1.0.0,NOT_REVIEWED,,raw_prop=deep_hierarchy_candidate,NOT_REVIEWED,DERIVED_RECONCILIATION
INE192B01031_2018,Welspun Living Limited,2018,FIT,annexure_candidate,CANDIDATE,t0.1_audit_detector,1,True,1,audit_detector_annexure_candidate,1.0.0,NOT_REVIEWED,,raw_prop=annexure_candidate,NOT_REVIEWED,DERIVED_RECONCILIATION
INE192B01031_2018,Welspun Living Limited,2018,FIT,combined_mdna_candidate,NOT_OBSERVED,t0.1_audit_detector,0,False,0,audit_detector_combined_mdna_candidate,1.0.0,NOT_REVIEWED,,raw_prop=combined_mdna_candidate,NOT_REVIEWED,DERIVED_RECONCILIATION
INE192B01031_2024,Welspun Living Limited,2024,FIT,native,CANDIDATE,t0.1_audit_detector,1,432,1,audit_detector_native,1.0.0,NOT_REVIEWED,,raw_prop=native_page_count,NOT_REVIEWED,DERIVED_RECONCILIATION
INE192B01031_2024,Welspun Living Limited,2024,FIT,scanned,NOT_OBSERVED,t0.1_audit_detector,0,0,0,audit_detector_scanned,1.0.0,NOT_REVIEWED,,raw_prop=scanned_page_count,NOT_REVIEWED,DERIVED_RECONCILIATION
INE192B01031_2024,Welspun Living Limited,2024,FIT,ocr_layer_candidate,CANDIDATE,t0.1_audit_detector,1,8,1,audit_detector_ocr_layer_candidate,1.0.0,NOT_REVIEWED,,raw_prop=ocr_page_count,NOT_REVIEWED,DERIVED_RECONCILIATION
INE192B01031_2024,Welspun Living Limited,2024,FIT,legacy_font_candidate,CANDIDATE,t0.1_audit_detector,1,3,1,audit_detector_legacy_font_candidate,1.0.0,NOT_REVIEWED,,raw_prop=legacy_candidate_page_count,NOT_REVIEWED,DERIVED_RECONCILIATION
INE192B01031_2024,Welspun Living Limited,2024,FIT,hidden_text_candidate,NOT_OBSERVED,t0.1_audit_detector,0,0,0,audit_detector_hidden_text_candidate,1.0.0,NOT_REVIEWED,,raw_prop=hidden_text_candidate_page_count,NOT_REVIEWED,DERIVED_RECONCILIATION
INE192B01031_2024,Welspun Living Limited,2024,FIT,duplicate_text_candidate,NOT_OBSERVED,t0.1_audit_detector,0,0,0,audit_detector_duplicate_text_candidate,1.0.0,NOT_REVIEWED,,raw_prop=duplicate_text_candidate_page_count,NOT_REVIEWED,DERIVED_RECONCILIATION
INE192B01031_2024,Welspun Living Limited,2024,FIT,devanagari_candidate,NOT_OBSERVED,t0.1_audit_detector,0,0,0,audit_detector_devanagari_candidate,1.0.0,NOT_REVIEWED,,raw_prop=devanagari_page_count,NOT_REVIEWED,DERIVED_RECONCILIATION
INE192B01031_2024,Welspun Living Limited,2024,FIT,bilingual_candidate,NOT_OBSERVED,t0.1_audit_detector,0,0,0,audit_detector_bilingual_candidate,1.0.0,NOT_REVIEWED,,raw_prop=bilingual_candidate_page_count,NOT_REVIEWED,DERIVED_RECONCILIATION
INE192B01031_2024,Welspun Living Limited,2024,FIT,two_column,CANDIDATE,t0.1_audit_detector,1,180,1,audit_detector_two_column,1.0.0,NOT_REVIEWED,,raw_prop=two_column_page_count,NOT_REVIEWED,DERIVED_RECONCILIATION
INE192B01031_2024,Welspun Living Limited,2024,FIT,multi_column,CANDIDATE,t0.1_audit_detector,1,205,1,audit_detector_multi_column,1.0.0,NOT_REVIEWED,,raw_prop=multi_column_page_count,NOT_REVIEWED,DERIVED_RECONCILIATION
INE192B01031_2024,Welspun Living Limited,2024,FIT,table_candidate,CANDIDATE,t0.1_audit_detector,1,342,1,audit_detector_table_candidate,1.0.0,NOT_REVIEWED,,raw_prop=table_candidate_page_count,NOT_REVIEWED,DERIVED_RECONCILIATION
INE192B01031_2024,Welspun Living Limited,2024,FIT,header_candidate,NOT_OBSERVED,t0.1_audit_detector,0,0,0,audit_detector_header_candidate,1.0.0,NOT_REVIEWED,,raw_prop=header_candidate_page_count,NOT_REVIEWED,DERIVED_RECONCILIATION
INE192B01031_2024,Welspun Living Limited,2024,FIT,footer_candidate,NOT_OBSERVED,t0.1_audit_detector,0,0,0,audit_detector_footer_candidate,1.0.0,NOT_REVIEWED,,raw_prop=footer_candidate_page_count,NOT_REVIEWED,DERIVED_RECONCILIATION
INE192B01031_2024,Welspun Living Limited,2024,FIT,toc_candidate,CANDIDATE,t0.1_audit_detector,1,True,1,audit_detector_toc_candidate,1.0.0,NOT_REVIEWED,,raw_prop=toc_candidate,NOT_REVIEWED,DERIVED_RECONCILIATION
INE192B01031_2024,Welspun Living Limited,2024,FIT,deep_hierarchy_candidate,NOT_OBSERVED,t0.1_audit_detector,0,False,0,audit_detector_deep_hierarchy_candidate,1.0.0,NOT_REVIEWED,,raw_prop=deep_hierarchy_candidate,NOT_REVIEWED,DERIVED_RECONCILIATION
INE192B01031_2024,Welspun Living Limited,2024,FIT,annexure_candidate,CANDIDATE,t0.1_audit_detector,1,True,1,audit_detector_annexure_candidate,1.0.0,NOT_REVIEWED,,raw_prop=annexure_candidate,NOT_REVIEWED,DERIVED_RECONCILIATION
INE192B01031_2024,Welspun Living Limited,2024,FIT,combined_mdna_candidate,NOT_OBSERVED,t0.1_audit_detector,0,False,0,audit_detector_combined_mdna_candidate,1.0.0,NOT_REVIEWED,,raw_prop=combined_mdna_candidate,NOT_REVIEWED,DERIVED_RECONCILIATION
INE192B01031_2025,Welspun Living Limited,2025,FIT,native,CANDIDATE,t0.1_audit_detector,1,455,1,audit_detector_native,1.0.0,NOT_REVIEWED,,raw_prop=native_page_count,NOT_REVIEWED,DERIVED_RECONCILIATION
INE192B01031_2025,Welspun Living Limited,2025,FIT,scanned,CANDIDATE,t0.1_audit_detector,1,6,1,audit_detector_scanned,1.0.0,NOT_REVIEWED,,raw_prop=scanned_page_count,NOT_REVIEWED,DERIVED_RECONCILIATION
INE192B01031_2025,Welspun Living Limited,2025,FIT,ocr_layer_candidate,CANDIDATE,t0.1_audit_detector,1,4,1,audit_detector_ocr_layer_candidate,1.0.0,NOT_REVIEWED,,raw_prop=ocr_page_count,NOT_REVIEWED,DERIVED_RECONCILIATION
INE192B01031_2025,Welspun Living Limited,2025,FIT,legacy_font_candidate,CANDIDATE,t0.1_audit_detector,1,4,1,audit_detector_legacy_font_candidate,1.0.0,NOT_REVIEWED,,raw_prop=legacy_candidate_page_count,NOT_REVIEWED,DERIVED_RECONCILIATION
INE192B01031_2025,Welspun Living Limited,2025,FIT,hidden_text_candidate,NOT_OBSERVED,t0.1_audit_detector,0,0,0,audit_detector_hidden_text_candidate,1.0.0,NOT_REVIEWED,,raw_prop=hidden_text_candidate_page_count,NOT_REVIEWED,DERIVED_RECONCILIATION
INE192B01031_2025,Welspun Living Limited,2025,FIT,duplicate_text_candidate,NOT_OBSERVED,t0.1_audit_detector,0,0,0,audit_detector_duplicate_text_candidate,1.0.0,NOT_REVIEWED,,raw_prop=duplicate_text_candidate_page_count,NOT_REVIEWED,DERIVED_RECONCILIATION
INE192B01031_2025,Welspun Living Limited,2025,FIT,devanagari_candidate,NOT_OBSERVED,t0.1_audit_detector,0,0,0,audit_detector_devanagari_candidate,1.0.0,NOT_REVIEWED,,raw_prop=devanagari_page_count,NOT_REVIEWED,DERIVED_RECONCILIATION
INE192B01031_2025,Welspun Living Limited,2025,FIT,bilingual_candidate,NOT_OBSERVED,t0.1_audit_detector,0,0,0,audit_detector_bilingual_candidate,1.0.0,NOT_REVIEWED,,raw_prop=bilingual_candidate_page_count,NOT_REVIEWED,DERIVED_RECONCILIATION
INE192B01031_2025,Welspun Living Limited,2025,FIT,two_column,CANDIDATE,t0.1_audit_detector,1,186,1,audit_detector_two_column,1.0.0,NOT_REVIEWED,,raw_prop=two_column_page_count,NOT_REVIEWED,DERIVED_RECONCILIATION
INE192B01031_2025,Welspun Living Limited,2025,FIT,multi_column,CANDIDATE,t0.1_audit_detector,1,204,1,audit_detector_multi_column,1.0.0,NOT_REVIEWED,,raw_prop=multi_column_page_count,NOT_REVIEWED,DERIVED_RECONCILIATION
INE192B01031_2025,Welspun Living Limited,2025,FIT,table_candidate,CANDIDATE,t0.1_audit_detector,1,263,1,audit_detector_table_candidate,1.0.0,NOT_REVIEWED,,raw_prop=table_candidate_page_count,NOT_REVIEWED,DERIVED_RECONCILIATION
INE192B01031_2025,Welspun Living Limited,2025,FIT,header_candidate,NOT_OBSERVED,t0.1_audit_detector,0,0,0,audit_detector_header_candidate,1.0.0,NOT_REVIEWED,,raw_prop=header_candidate_page_count,NOT_REVIEWED,DERIVED_RECONCILIATION
INE192B01031_2025,Welspun Living Limited,2025,FIT,footer_candidate,CANDIDATE,t0.1_audit_detector,1,39,1,audit_detector_footer_candidate,1.0.0,NOT_REVIEWED,,raw_prop=footer_candidate_page_count,NOT_REVIEWED,DERIVED_RECONCILIATION
INE192B01031_2025,Welspun Living Limited,2025,FIT,toc_candidate,NOT_OBSERVED,t0.1_audit_detector,0,False,0,audit_detector_toc_candidate,1.0.0,NOT_REVIEWED,,raw_prop=toc_candidate,NOT_REVIEWED,DERIVED_RECONCILIATION
INE192B01031_2025,Welspun Living Limited,2025,FIT,deep_hierarchy_candidate,NOT_OBSERVED,t0.1_audit_detector,0,False,0,audit_detector_deep_hierarchy_candidate,1.0.0,NOT_REVIEWED,,raw_prop=deep_hierarchy_candidate,NOT_REVIEWED,DERIVED_RECONCILIATION
INE192B01031_2025,Welspun Living Limited,2025,FIT,annexure_candidate,CANDIDATE,t0.1_audit_detector,1,True,1,audit_detector_annexure_candidate,1.0.0,NOT_REVIEWED,,raw_prop=annexure_candidate,NOT_REVIEWED,DERIVED_RECONCILIATION
INE192B01031_2025,Welspun Living Limited,2025,FIT,combined_mdna_candidate,NOT_OBSERVED,t0.1_audit_detector,0,False,0,audit_detector_combined_mdna_candidate,1.0.0,NOT_REVIEWED,,raw_prop=combined_mdna_candidate,NOT_REVIEWED,DERIVED_RECONCILIATION
INE226A01021_2012,Voltas Limited,2012,HOLDOUT,native,CANDIDATE,t0.1_audit_detector,1,113,1,audit_detector_native,1.0.0,NOT_REVIEWED,,raw_prop=native_page_count,NOT_REVIEWED,DERIVED_RECONCILIATION
INE226A01021_2012,Voltas Limited,2012,HOLDOUT,scanned,NOT_OBSERVED,t0.1_audit_detector,0,0,0,audit_detector_scanned,1.0.0,NOT_REVIEWED,,raw_prop=scanned_page_count,NOT_REVIEWED,DERIVED_RECONCILIATION
INE226A01021_2012,Voltas Limited,2012,HOLDOUT,ocr_layer_candidate,NOT_OBSERVED,t0.1_audit_detector,0,0,0,audit_detector_ocr_layer_candidate,1.0.0,NOT_REVIEWED,,raw_prop=ocr_page_count,NOT_REVIEWED,DERIVED_RECONCILIATION
INE226A01021_2012,Voltas Limited,2012,HOLDOUT,legacy_font_candidate,CANDIDATE,t0.1_audit_detector,1,1,1,audit_detector_legacy_font_candidate,1.0.0,NOT_REVIEWED,,raw_prop=legacy_candidate_page_count,NOT_REVIEWED,DERIVED_RECONCILIATION
INE226A01021_2012,Voltas Limited,2012,HOLDOUT,hidden_text_candidate,NOT_OBSERVED,t0.1_audit_detector,0,0,0,audit_detector_hidden_text_candidate,1.0.0,NOT_REVIEWED,,raw_prop=hidden_text_candidate_page_count,NOT_REVIEWED,DERIVED_RECONCILIATION
INE226A01021_2012,Voltas Limited,2012,HOLDOUT,duplicate_text_candidate,NOT_OBSERVED,t0.1_audit_detector,0,0,0,audit_detector_duplicate_text_candidate,1.0.0,NOT_REVIEWED,,raw_prop=duplicate_text_candidate_page_count,NOT_REVIEWED,DERIVED_RECONCILIATION
INE226A01021_2012,Voltas Limited,2012,HOLDOUT,devanagari_candidate,NOT_OBSERVED,t0.1_audit_detector,0,0,0,audit_detector_devanagari_candidate,1.0.0,NOT_REVIEWED,,raw_prop=devanagari_page_count,NOT_REVIEWED,DERIVED_RECONCILIATION
INE226A01021_2012,Voltas Limited,2012,HOLDOUT,bilingual_candidate,NOT_OBSERVED,t0.1_audit_detector,0,0,0,audit_detector_bilingual_candidate,1.0.0,NOT_REVIEWED,,raw_prop=bilingual_candidate_page_count,NOT_REVIEWED,DERIVED_RECONCILIATION
INE226A01021_2012,Voltas Limited,2012,HOLDOUT,two_column,CANDIDATE,t0.1_audit_detector,1,17,1,audit_detector_two_column,1.0.0,NOT_REVIEWED,,raw_prop=two_column_page_count,NOT_REVIEWED,DERIVED_RECONCILIATION
INE226A01021_2012,Voltas Limited,2012,HOLDOUT,multi_column,CANDIDATE,t0.1_audit_detector,1,89,1,audit_detector_multi_column,1.0.0,NOT_REVIEWED,,raw_prop=multi_column_page_count,NOT_REVIEWED,DERIVED_RECONCILIATION
INE226A01021_2012,Voltas Limited,2012,HOLDOUT,table_candidate,CANDIDATE,t0.1_audit_detector,1,7,1,audit_detector_table_candidate,1.0.0,NOT_REVIEWED,,raw_prop=table_candidate_page_count,NOT_REVIEWED,DERIVED_RECONCILIATION
INE226A01021_2012,Voltas Limited,2012,HOLDOUT,header_candidate,NOT_OBSERVED,t0.1_audit_detector,0,0,0,audit_detector_header_candidate,1.0.0,NOT_REVIEWED,,raw_prop=header_candidate_page_count,NOT_REVIEWED,DERIVED_RECONCILIATION
INE226A01021_2012,Voltas Limited,2012,HOLDOUT,footer_candidate,NOT_OBSERVED,t0.1_audit_detector,0,0,0,audit_detector_footer_candidate,1.0.0,NOT_REVIEWED,,raw_prop=footer_candidate_page_count,NOT_REVIEWED,DERIVED_RECONCILIATION
INE226A01021_2012,Voltas Limited,2012,HOLDOUT,toc_candidate,CANDIDATE,t0.1_audit_detector,1,True,1,audit_detector_toc_candidate,1.0.0,NOT_REVIEWED,,raw_prop=toc_candidate,NOT_REVIEWED,DERIVED_RECONCILIATION
INE226A01021_2012,Voltas Limited,2012,HOLDOUT,deep_hierarchy_candidate,NOT_OBSERVED,t0.1_audit_detector,0,False,0,audit_detector_deep_hierarchy_candidate,1.0.0,NOT_REVIEWED,,raw_prop=deep_hierarchy_candidate,NOT_REVIEWED,DERIVED_RECONCILIATION
INE226A01021_2012,Voltas Limited,2012,HOLDOUT,annexure_candidate,CANDIDATE,t0.1_audit_detector,1,True,1,audit_detector_annexure_candidate,1.0.0,NOT_REVIEWED,,raw_prop=annexure_candidate,NOT_REVIEWED,DERIVED_RECONCILIATION
INE226A01021_2012,Voltas Limited,2012,HOLDOUT,combined_mdna_candidate,NOT_OBSERVED,t0.1_audit_detector,0,False,0,audit_detector_combined_mdna_candidate,1.0.0,NOT_REVIEWED,,raw_prop=combined_mdna_candidate,NOT_REVIEWED,DERIVED_RECONCILIATION
INE226A01021_2013,Voltas Limited,2013,HOLDOUT,native,CANDIDATE,t0.1_audit_detector,1,133,1,audit_detector_native,1.0.0,NOT_REVIEWED,,raw_prop=native_page_count,NOT_REVIEWED,DERIVED_RECONCILIATION
INE226A01021_2013,Voltas Limited,2013,HOLDOUT,scanned,NOT_OBSERVED,t0.1_audit_detector,0,0,0,audit_detector_scanned,1.0.0,NOT_REVIEWED,,raw_prop=scanned_page_count,NOT_REVIEWED,DERIVED_RECONCILIATION
INE226A01021_2013,Voltas Limited,2013,HOLDOUT,ocr_layer_candidate,CANDIDATE,t0.1_audit_detector,1,1,1,audit_detector_ocr_layer_candidate,1.0.0,NOT_REVIEWED,,raw_prop=ocr_page_count,NOT_REVIEWED,DERIVED_RECONCILIATION
INE226A01021_2013,Voltas Limited,2013,HOLDOUT,legacy_font_candidate,NOT_OBSERVED,t0.1_audit_detector,0,0,0,audit_detector_legacy_font_candidate,1.0.0,NOT_REVIEWED,,raw_prop=legacy_candidate_page_count,NOT_REVIEWED,DERIVED_RECONCILIATION
INE226A01021_2013,Voltas Limited,2013,HOLDOUT,hidden_text_candidate,NOT_OBSERVED,t0.1_audit_detector,0,0,0,audit_detector_hidden_text_candidate,1.0.0,NOT_REVIEWED,,raw_prop=hidden_text_candidate_page_count,NOT_REVIEWED,DERIVED_RECONCILIATION
INE226A01021_2013,Voltas Limited,2013,HOLDOUT,duplicate_text_candidate,NOT_OBSERVED,t0.1_audit_detector,0,0,0,audit_detector_duplicate_text_candidate,1.0.0,NOT_REVIEWED,,raw_prop=duplicate_text_candidate_page_count,NOT_REVIEWED,DERIVED_RECONCILIATION
INE226A01021_2013,Voltas Limited,2013,HOLDOUT,devanagari_candidate,NOT_OBSERVED,t0.1_audit_detector,0,0,0,audit_detector_devanagari_candidate,1.0.0,NOT_REVIEWED,,raw_prop=devanagari_page_count,NOT_REVIEWED,DERIVED_RECONCILIATION
INE226A01021_2013,Voltas Limited,2013,HOLDOUT,bilingual_candidate,NOT_OBSERVED,t0.1_audit_detector,0,0,0,audit_detector_bilingual_candidate,1.0.0,NOT_REVIEWED,,raw_prop=bilingual_candidate_page_count,NOT_REVIEWED,DERIVED_RECONCILIATION
INE226A01021_2013,Voltas Limited,2013,HOLDOUT,two_column,CANDIDATE,t0.1_audit_detector,1,40,1,audit_detector_two_column,1.0.0,NOT_REVIEWED,,raw_prop=two_column_page_count,NOT_REVIEWED,DERIVED_RECONCILIATION
INE226A01021_2013,Voltas Limited,2013,HOLDOUT,multi_column,CANDIDATE,t0.1_audit_detector,1,77,1,audit_detector_multi_column,1.0.0,NOT_REVIEWED,,raw_prop=multi_column_page_count,NOT_REVIEWED,DERIVED_RECONCILIATION
INE226A01021_2013,Voltas Limited,2013,HOLDOUT,table_candidate,CANDIDATE,t0.1_audit_detector,1,24,1,audit_detector_table_candidate,1.0.0,NOT_REVIEWED,,raw_prop=table_candidate_page_count,NOT_REVIEWED,DERIVED_RECONCILIATION
INE226A01021_2013,Voltas Limited,2013,HOLDOUT,header_candidate,CANDIDATE,t0.1_audit_detector,1,2,1,audit_detector_header_candidate,1.0.0,NOT_REVIEWED,,raw_prop=header_candidate_page_count,NOT_REVIEWED,DERIVED_RECONCILIATION
INE226A01021_2013,Voltas Limited,2013,HOLDOUT,footer_candidate,CANDIDATE,t0.1_audit_detector,1,10,1,audit_detector_footer_candidate,1.0.0,NOT_REVIEWED,,raw_prop=footer_candidate_page_count,NOT_REVIEWED,DERIVED_RECONCILIATION
INE226A01021_2013,Voltas Limited,2013,HOLDOUT,toc_candidate,CANDIDATE,t0.1_audit_detector,1,True,1,audit_detector_toc_candidate,1.0.0,NOT_REVIEWED,,raw_prop=toc_candidate,NOT_REVIEWED,DERIVED_RECONCILIATION
INE226A01021_2013,Voltas Limited,2013,HOLDOUT,deep_hierarchy_candidate,NOT_OBSERVED,t0.1_audit_detector,0,False,0,audit_detector_deep_hierarchy_candidate,1.0.0,NOT_REVIEWED,,raw_prop=deep_hierarchy_candidate,NOT_REVIEWED,DERIVED_RECONCILIATION
INE226A01021_2013,Voltas Limited,2013,HOLDOUT,annexure_candidate,CANDIDATE,t0.1_audit_detector,1,True,1,audit_detector_annexure_candidate,1.0.0,NOT_REVIEWED,,raw_prop=annexure_candidate,NOT_REVIEWED,DERIVED_RECONCILIATION
INE226A01021_2013,Voltas Limited,2013,HOLDOUT,combined_mdna_candidate,NOT_OBSERVED,t0.1_audit_detector,0,False,0,audit_detector_combined_mdna_candidate,1.0.0,NOT_REVIEWED,,raw_prop=combined_mdna_candidate,NOT_REVIEWED,DERIVED_RECONCILIATION
INE226A01021_2017,Voltas Limited,2017,HOLDOUT,native,CANDIDATE,t0.1_audit_detector,1,196,1,audit_detector_native,1.0.0,NOT_REVIEWED,,raw_prop=native_page_count,NOT_REVIEWED,DERIVED_RECONCILIATION
INE226A01021_2017,Voltas Limited,2017,HOLDOUT,scanned,CANDIDATE,t0.1_audit_detector,1,1,1,audit_detector_scanned,1.0.0,NOT_REVIEWED,,raw_prop=scanned_page_count,NOT_REVIEWED,DERIVED_RECONCILIATION
INE226A01021_2017,Voltas Limited,2017,HOLDOUT,ocr_layer_candidate,NOT_OBSERVED,t0.1_audit_detector,0,0,0,audit_detector_ocr_layer_candidate,1.0.0,NOT_REVIEWED,,raw_prop=ocr_page_count,NOT_REVIEWED,DERIVED_RECONCILIATION
INE226A01021_2017,Voltas Limited,2017,HOLDOUT,legacy_font_candidate,CANDIDATE,t0.1_audit_detector,1,7,1,audit_detector_legacy_font_candidate,1.0.0,NOT_REVIEWED,,raw_prop=legacy_candidate_page_count,NOT_REVIEWED,DERIVED_RECONCILIATION
INE226A01021_2017,Voltas Limited,2017,HOLDOUT,hidden_text_candidate,NOT_OBSERVED,t0.1_audit_detector,0,0,0,audit_detector_hidden_text_candidate,1.0.0,NOT_REVIEWED,,raw_prop=hidden_text_candidate_page_count,NOT_REVIEWED,DERIVED_RECONCILIATION
INE226A01021_2017,Voltas Limited,2017,HOLDOUT,duplicate_text_candidate,NOT_OBSERVED,t0.1_audit_detector,0,0,0,audit_detector_duplicate_text_candidate,1.0.0,NOT_REVIEWED,,raw_prop=duplicate_text_candidate_page_count,NOT_REVIEWED,DERIVED_RECONCILIATION
INE226A01021_2017,Voltas Limited,2017,HOLDOUT,devanagari_candidate,NOT_OBSERVED,t0.1_audit_detector,0,0,0,audit_detector_devanagari_candidate,1.0.0,NOT_REVIEWED,,raw_prop=devanagari_page_count,NOT_REVIEWED,DERIVED_RECONCILIATION
INE226A01021_2017,Voltas Limited,2017,HOLDOUT,bilingual_candidate,NOT_OBSERVED,t0.1_audit_detector,0,0,0,audit_detector_bilingual_candidate,1.0.0,NOT_REVIEWED,,raw_prop=bilingual_candidate_page_count,NOT_REVIEWED,DERIVED_RECONCILIATION
INE226A01021_2017,Voltas Limited,2017,HOLDOUT,two_column,CANDIDATE,t0.1_audit_detector,1,84,1,audit_detector_two_column,1.0.0,NOT_REVIEWED,,raw_prop=two_column_page_count,NOT_REVIEWED,DERIVED_RECONCILIATION
INE226A01021_2017,Voltas Limited,2017,HOLDOUT,multi_column,CANDIDATE,t0.1_audit_detector,1,109,1,audit_detector_multi_column,1.0.0,NOT_REVIEWED,,raw_prop=multi_column_page_count,NOT_REVIEWED,DERIVED_RECONCILIATION
INE226A01021_2017,Voltas Limited,2017,HOLDOUT,table_candidate,CANDIDATE,t0.1_audit_detector,1,156,1,audit_detector_table_candidate,1.0.0,NOT_REVIEWED,,raw_prop=table_candidate_page_count,NOT_REVIEWED,DERIVED_RECONCILIATION
INE226A01021_2017,Voltas Limited,2017,HOLDOUT,header_candidate,NOT_OBSERVED,t0.1_audit_detector,0,0,0,audit_detector_header_candidate,1.0.0,NOT_REVIEWED,,raw_prop=header_candidate_page_count,NOT_REVIEWED,DERIVED_RECONCILIATION
INE226A01021_2017,Voltas Limited,2017,HOLDOUT,footer_candidate,NOT_OBSERVED,t0.1_audit_detector,0,0,0,audit_detector_footer_candidate,1.0.0,NOT_REVIEWED,,raw_prop=footer_candidate_page_count,NOT_REVIEWED,DERIVED_RECONCILIATION
INE226A01021_2017,Voltas Limited,2017,HOLDOUT,toc_candidate,CANDIDATE,t0.1_audit_detector,1,True,1,audit_detector_toc_candidate,1.0.0,NOT_REVIEWED,,raw_prop=toc_candidate,NOT_REVIEWED,DERIVED_RECONCILIATION
INE226A01021_2017,Voltas Limited,2017,HOLDOUT,deep_hierarchy_candidate,NOT_OBSERVED,t0.1_audit_detector,0,False,0,audit_detector_deep_hierarchy_candidate,1.0.0,NOT_REVIEWED,,raw_prop=deep_hierarchy_candidate,NOT_REVIEWED,DERIVED_RECONCILIATION
INE226A01021_2017,Voltas Limited,2017,HOLDOUT,annexure_candidate,CANDIDATE,t0.1_audit_detector,1,True,1,audit_detector_annexure_candidate,1.0.0,NOT_REVIEWED,,raw_prop=annexure_candidate,NOT_REVIEWED,DERIVED_RECONCILIATION
INE226A01021_2017,Voltas Limited,2017,HOLDOUT,combined_mdna_candidate,NOT_OBSERVED,t0.1_audit_detector,0,False,0,audit_detector_combined_mdna_candidate,1.0.0,NOT_REVIEWED,,raw_prop=combined_mdna_candidate,NOT_REVIEWED,DERIVED_RECONCILIATION
INE226A01021_2018,Voltas Limited,2018,HOLDOUT,native,CANDIDATE,t0.1_audit_detector,1,215,1,audit_detector_native,1.0.0,NOT_REVIEWED,,raw_prop=native_page_count,NOT_REVIEWED,DERIVED_RECONCILIATION
INE226A01021_2018,Voltas Limited,2018,HOLDOUT,scanned,NOT_OBSERVED,t0.1_audit_detector,0,0,0,audit_detector_scanned,1.0.0,NOT_REVIEWED,,raw_prop=scanned_page_count,NOT_REVIEWED,DERIVED_RECONCILIATION
INE226A01021_2018,Voltas Limited,2018,HOLDOUT,ocr_layer_candidate,CANDIDATE,t0.1_audit_detector,1,1,1,audit_detector_ocr_layer_candidate,1.0.0,NOT_REVIEWED,,raw_prop=ocr_page_count,NOT_REVIEWED,DERIVED_RECONCILIATION
INE226A01021_2018,Voltas Limited,2018,HOLDOUT,legacy_font_candidate,CANDIDATE,t0.1_audit_detector,1,6,1,audit_detector_legacy_font_candidate,1.0.0,NOT_REVIEWED,,raw_prop=legacy_candidate_page_count,NOT_REVIEWED,DERIVED_RECONCILIATION
INE226A01021_2018,Voltas Limited,2018,HOLDOUT,hidden_text_candidate,NOT_OBSERVED,t0.1_audit_detector,0,0,0,audit_detector_hidden_text_candidate,1.0.0,NOT_REVIEWED,,raw_prop=hidden_text_candidate_page_count,NOT_REVIEWED,DERIVED_RECONCILIATION
INE226A01021_2018,Voltas Limited,2018,HOLDOUT,duplicate_text_candidate,NOT_OBSERVED,t0.1_audit_detector,0,0,0,audit_detector_duplicate_text_candidate,1.0.0,NOT_REVIEWED,,raw_prop=duplicate_text_candidate_page_count,NOT_REVIEWED,DERIVED_RECONCILIATION
INE226A01021_2018,Voltas Limited,2018,HOLDOUT,devanagari_candidate,NOT_OBSERVED,t0.1_audit_detector,0,0,0,audit_detector_devanagari_candidate,1.0.0,NOT_REVIEWED,,raw_prop=devanagari_page_count,NOT_REVIEWED,DERIVED_RECONCILIATION
INE226A01021_2018,Voltas Limited,2018,HOLDOUT,bilingual_candidate,NOT_OBSERVED,t0.1_audit_detector,0,0,0,audit_detector_bilingual_candidate,1.0.0,NOT_REVIEWED,,raw_prop=bilingual_candidate_page_count,NOT_REVIEWED,DERIVED_RECONCILIATION
INE226A01021_2018,Voltas Limited,2018,HOLDOUT,two_column,CANDIDATE,t0.1_audit_detector,1,79,1,audit_detector_two_column,1.0.0,NOT_REVIEWED,,raw_prop=two_column_page_count,NOT_REVIEWED,DERIVED_RECONCILIATION
INE226A01021_2018,Voltas Limited,2018,HOLDOUT,multi_column,CANDIDATE,t0.1_audit_detector,1,114,1,audit_detector_multi_column,1.0.0,NOT_REVIEWED,,raw_prop=multi_column_page_count,NOT_REVIEWED,DERIVED_RECONCILIATION
INE226A01021_2018,Voltas Limited,2018,HOLDOUT,table_candidate,CANDIDATE,t0.1_audit_detector,1,163,1,audit_detector_table_candidate,1.0.0,NOT_REVIEWED,,raw_prop=table_candidate_page_count,NOT_REVIEWED,DERIVED_RECONCILIATION
INE226A01021_2018,Voltas Limited,2018,HOLDOUT,header_candidate,NOT_OBSERVED,t0.1_audit_detector,0,0,0,audit_detector_header_candidate,1.0.0,NOT_REVIEWED,,raw_prop=header_candidate_page_count,NOT_REVIEWED,DERIVED_RECONCILIATION
INE226A01021_2018,Voltas Limited,2018,HOLDOUT,footer_candidate,CANDIDATE,t0.1_audit_detector,1,22,1,audit_detector_footer_candidate,1.0.0,NOT_REVIEWED,,raw_prop=footer_candidate_page_count,NOT_REVIEWED,DERIVED_RECONCILIATION
INE226A01021_2018,Voltas Limited,2018,HOLDOUT,toc_candidate,CANDIDATE,t0.1_audit_detector,1,True,1,audit_detector_toc_candidate,1.0.0,NOT_REVIEWED,,raw_prop=toc_candidate,NOT_REVIEWED,DERIVED_RECONCILIATION
INE226A01021_2018,Voltas Limited,2018,HOLDOUT,deep_hierarchy_candidate,NOT_OBSERVED,t0.1_audit_detector,0,False,0,audit_detector_deep_hierarchy_candidate,1.0.0,NOT_REVIEWED,,raw_prop=deep_hierarchy_candidate,NOT_REVIEWED,DERIVED_RECONCILIATION
INE226A01021_2018,Voltas Limited,2018,HOLDOUT,annexure_candidate,CANDIDATE,t0.1_audit_detector,1,True,1,audit_detector_annexure_candidate,1.0.0,NOT_REVIEWED,,raw_prop=annexure_candidate,NOT_REVIEWED,DERIVED_RECONCILIATION
INE226A01021_2018,Voltas Limited,2018,HOLDOUT,combined_mdna_candidate,NOT_OBSERVED,t0.1_audit_detector,0,False,0,audit_detector_combined_mdna_candidate,1.0.0,NOT_REVIEWED,,raw_prop=combined_mdna_candidate,NOT_REVIEWED,DERIVED_RECONCILIATION
INE226A01021_2024,Voltas Limited,2024,HOLDOUT,native,CANDIDATE,t0.1_audit_detector,1,459,1,audit_detector_native,1.0.0,NOT_REVIEWED,,raw_prop=native_page_count,NOT_REVIEWED,DERIVED_RECONCILIATION
INE226A01021_2024,Voltas Limited,2024,HOLDOUT,scanned,NOT_OBSERVED,t0.1_audit_detector,0,0,0,audit_detector_scanned,1.0.0,NOT_REVIEWED,,raw_prop=scanned_page_count,NOT_REVIEWED,DERIVED_RECONCILIATION
INE226A01021_2024,Voltas Limited,2024,HOLDOUT,ocr_layer_candidate,CANDIDATE,t0.1_audit_detector,1,8,1,audit_detector_ocr_layer_candidate,1.0.0,NOT_REVIEWED,,raw_prop=ocr_page_count,NOT_REVIEWED,DERIVED_RECONCILIATION
INE226A01021_2024,Voltas Limited,2024,HOLDOUT,legacy_font_candidate,CANDIDATE,t0.1_audit_detector,1,11,1,audit_detector_legacy_font_candidate,1.0.0,NOT_REVIEWED,,raw_prop=legacy_candidate_page_count,NOT_REVIEWED,DERIVED_RECONCILIATION
INE226A01021_2024,Voltas Limited,2024,HOLDOUT,hidden_text_candidate,NOT_OBSERVED,t0.1_audit_detector,0,0,0,audit_detector_hidden_text_candidate,1.0.0,NOT_REVIEWED,,raw_prop=hidden_text_candidate_page_count,NOT_REVIEWED,DERIVED_RECONCILIATION
INE226A01021_2024,Voltas Limited,2024,HOLDOUT,duplicate_text_candidate,NOT_OBSERVED,t0.1_audit_detector,0,0,0,audit_detector_duplicate_text_candidate,1.0.0,NOT_REVIEWED,,raw_prop=duplicate_text_candidate_page_count,NOT_REVIEWED,DERIVED_RECONCILIATION
INE226A01021_2024,Voltas Limited,2024,HOLDOUT,devanagari_candidate,NOT_OBSERVED,t0.1_audit_detector,0,0,0,audit_detector_devanagari_candidate,1.0.0,NOT_REVIEWED,,raw_prop=devanagari_page_count,NOT_REVIEWED,DERIVED_RECONCILIATION
INE226A01021_2024,Voltas Limited,2024,HOLDOUT,bilingual_candidate,NOT_OBSERVED,t0.1_audit_detector,0,0,0,audit_detector_bilingual_candidate,1.0.0,NOT_REVIEWED,,raw_prop=bilingual_candidate_page_count,NOT_REVIEWED,DERIVED_RECONCILIATION
INE226A01021_2024,Voltas Limited,2024,HOLDOUT,two_column,CANDIDATE,t0.1_audit_detector,1,224,1,audit_detector_two_column,1.0.0,NOT_REVIEWED,,raw_prop=two_column_page_count,NOT_REVIEWED,DERIVED_RECONCILIATION
INE226A01021_2024,Voltas Limited,2024,HOLDOUT,multi_column,CANDIDATE,t0.1_audit_detector,1,181,1,audit_detector_multi_column,1.0.0,NOT_REVIEWED,,raw_prop=multi_column_page_count,NOT_REVIEWED,DERIVED_RECONCILIATION
INE226A01021_2024,Voltas Limited,2024,HOLDOUT,table_candidate,CANDIDATE,t0.1_audit_detector,1,443,1,audit_detector_table_candidate,1.0.0,NOT_REVIEWED,,raw_prop=table_candidate_page_count,NOT_REVIEWED,DERIVED_RECONCILIATION
INE226A01021_2024,Voltas Limited,2024,HOLDOUT,header_candidate,NOT_OBSERVED,t0.1_audit_detector,0,0,0,audit_detector_header_candidate,1.0.0,NOT_REVIEWED,,raw_prop=header_candidate_page_count,NOT_REVIEWED,DERIVED_RECONCILIATION
INE226A01021_2024,Voltas Limited,2024,HOLDOUT,footer_candidate,CANDIDATE,t0.1_audit_detector,1,14,1,audit_detector_footer_candidate,1.0.0,NOT_REVIEWED,,raw_prop=footer_candidate_page_count,NOT_REVIEWED,DERIVED_RECONCILIATION
INE226A01021_2024,Voltas Limited,2024,HOLDOUT,toc_candidate,CANDIDATE,t0.1_audit_detector,1,True,1,audit_detector_toc_candidate,1.0.0,NOT_REVIEWED,,raw_prop=toc_candidate,NOT_REVIEWED,DERIVED_RECONCILIATION
INE226A01021_2024,Voltas Limited,2024,HOLDOUT,deep_hierarchy_candidate,NOT_OBSERVED,t0.1_audit_detector,0,False,0,audit_detector_deep_hierarchy_candidate,1.0.0,NOT_REVIEWED,,raw_prop=deep_hierarchy_candidate,NOT_REVIEWED,DERIVED_RECONCILIATION
INE226A01021_2024,Voltas Limited,2024,HOLDOUT,annexure_candidate,CANDIDATE,t0.1_audit_detector,1,True,1,audit_detector_annexure_candidate,1.0.0,NOT_REVIEWED,,raw_prop=annexure_candidate,NOT_REVIEWED,DERIVED_RECONCILIATION
INE226A01021_2024,Voltas Limited,2024,HOLDOUT,combined_mdna_candidate,NOT_OBSERVED,t0.1_audit_detector,0,False,0,audit_detector_combined_mdna_candidate,1.0.0,NOT_REVIEWED,,raw_prop=combined_mdna_candidate,NOT_REVIEWED,DERIVED_RECONCILIATION
INE226A01021_2025,Voltas Limited,2025,HOLDOUT,native,CANDIDATE,t0.1_audit_detector,1,489,1,audit_detector_native,1.0.0,NOT_REVIEWED,,raw_prop=native_page_count,NOT_REVIEWED,DERIVED_RECONCILIATION
INE226A01021_2025,Voltas Limited,2025,HOLDOUT,scanned,CANDIDATE,t0.1_audit_detector,1,5,1,audit_detector_scanned,1.0.0,NOT_REVIEWED,,raw_prop=scanned_page_count,NOT_REVIEWED,DERIVED_RECONCILIATION
INE226A01021_2025,Voltas Limited,2025,HOLDOUT,ocr_layer_candidate,CANDIDATE,t0.1_audit_detector,1,2,1,audit_detector_ocr_layer_candidate,1.0.0,NOT_REVIEWED,,raw_prop=ocr_page_count,NOT_REVIEWED,DERIVED_RECONCILIATION
INE226A01021_2025,Voltas Limited,2025,HOLDOUT,legacy_font_candidate,CANDIDATE,t0.1_audit_detector,1,3,1,audit_detector_legacy_font_candidate,1.0.0,NOT_REVIEWED,,raw_prop=legacy_candidate_page_count,NOT_REVIEWED,DERIVED_RECONCILIATION
INE226A01021_2025,Voltas Limited,2025,HOLDOUT,hidden_text_candidate,NOT_OBSERVED,t0.1_audit_detector,0,0,0,audit_detector_hidden_text_candidate,1.0.0,NOT_REVIEWED,,raw_prop=hidden_text_candidate_page_count,NOT_REVIEWED,DERIVED_RECONCILIATION
INE226A01021_2025,Voltas Limited,2025,HOLDOUT,duplicate_text_candidate,NOT_OBSERVED,t0.1_audit_detector,0,0,0,audit_detector_duplicate_text_candidate,1.0.0,NOT_REVIEWED,,raw_prop=duplicate_text_candidate_page_count,NOT_REVIEWED,DERIVED_RECONCILIATION
INE226A01021_2025,Voltas Limited,2025,HOLDOUT,devanagari_candidate,NOT_OBSERVED,t0.1_audit_detector,0,0,0,audit_detector_devanagari_candidate,1.0.0,NOT_REVIEWED,,raw_prop=devanagari_page_count,NOT_REVIEWED,DERIVED_RECONCILIATION
INE226A01021_2025,Voltas Limited,2025,HOLDOUT,bilingual_candidate,NOT_OBSERVED,t0.1_audit_detector,0,0,0,audit_detector_bilingual_candidate,1.0.0,NOT_REVIEWED,,raw_prop=bilingual_candidate_page_count,NOT_REVIEWED,DERIVED_RECONCILIATION
INE226A01021_2025,Voltas Limited,2025,HOLDOUT,two_column,CANDIDATE,t0.1_audit_detector,1,233,1,audit_detector_two_column,1.0.0,NOT_REVIEWED,,raw_prop=two_column_page_count,NOT_REVIEWED,DERIVED_RECONCILIATION
INE226A01021_2025,Voltas Limited,2025,HOLDOUT,multi_column,CANDIDATE,t0.1_audit_detector,1,202,1,audit_detector_multi_column,1.0.0,NOT_REVIEWED,,raw_prop=multi_column_page_count,NOT_REVIEWED,DERIVED_RECONCILIATION
INE226A01021_2025,Voltas Limited,2025,HOLDOUT,table_candidate,CANDIDATE,t0.1_audit_detector,1,476,1,audit_detector_table_candidate,1.0.0,NOT_REVIEWED,,raw_prop=table_candidate_page_count,NOT_REVIEWED,DERIVED_RECONCILIATION
INE226A01021_2025,Voltas Limited,2025,HOLDOUT,header_candidate,CANDIDATE,t0.1_audit_detector,1,2,1,audit_detector_header_candidate,1.0.0,NOT_REVIEWED,,raw_prop=header_candidate_page_count,NOT_REVIEWED,DERIVED_RECONCILIATION
INE226A01021_2025,Voltas Limited,2025,HOLDOUT,footer_candidate,CANDIDATE,t0.1_audit_detector,1,12,1,audit_detector_footer_candidate,1.0.0,NOT_REVIEWED,,raw_prop=footer_candidate_page_count,NOT_REVIEWED,DERIVED_RECONCILIATION
INE226A01021_2025,Voltas Limited,2025,HOLDOUT,toc_candidate,CANDIDATE,t0.1_audit_detector,1,True,1,audit_detector_toc_candidate,1.0.0,NOT_REVIEWED,,raw_prop=toc_candidate,NOT_REVIEWED,DERIVED_RECONCILIATION
INE226A01021_2025,Voltas Limited,2025,HOLDOUT,deep_hierarchy_candidate,CANDIDATE,t0.1_audit_detector,1,True,1,audit_detector_deep_hierarchy_candidate,1.0.0,NOT_REVIEWED,,raw_prop=deep_hierarchy_candidate,NOT_REVIEWED,DERIVED_RECONCILIATION
INE226A01021_2025,Voltas Limited,2025,HOLDOUT,annexure_candidate,CANDIDATE,t0.1_audit_detector,1,True,1,audit_detector_annexure_candidate,1.0.0,NOT_REVIEWED,,raw_prop=annexure_candidate,NOT_REVIEWED,DERIVED_RECONCILIATION
INE226A01021_2025,Voltas Limited,2025,HOLDOUT,combined_mdna_candidate,NOT_OBSERVED,t0.1_audit_detector,0,False,0,audit_detector_combined_mdna_candidate,1.0.0,NOT_REVIEWED,,raw_prop=combined_mdna_candidate,NOT_REVIEWED,DERIVED_RECONCILIATION
INE482A01020_2012,CEAT Limited,2012,VALIDATION,native,CANDIDATE,t0.1_audit_detector,1,112,1,audit_detector_native,1.0.0,NOT_REVIEWED,,raw_prop=native_page_count,NOT_REVIEWED,DERIVED_RECONCILIATION
INE482A01020_2012,CEAT Limited,2012,VALIDATION,scanned,CANDIDATE,t0.1_audit_detector,1,1,1,audit_detector_scanned,1.0.0,NOT_REVIEWED,,raw_prop=scanned_page_count,NOT_REVIEWED,DERIVED_RECONCILIATION
INE482A01020_2012,CEAT Limited,2012,VALIDATION,ocr_layer_candidate,NOT_OBSERVED,t0.1_audit_detector,0,0,0,audit_detector_ocr_layer_candidate,1.0.0,NOT_REVIEWED,,raw_prop=ocr_page_count,NOT_REVIEWED,DERIVED_RECONCILIATION
INE482A01020_2012,CEAT Limited,2012,VALIDATION,legacy_font_candidate,CANDIDATE,t0.1_audit_detector,1,1,1,audit_detector_legacy_font_candidate,1.0.0,NOT_REVIEWED,,raw_prop=legacy_candidate_page_count,NOT_REVIEWED,DERIVED_RECONCILIATION
INE482A01020_2012,CEAT Limited,2012,VALIDATION,hidden_text_candidate,NOT_OBSERVED,t0.1_audit_detector,0,0,0,audit_detector_hidden_text_candidate,1.0.0,NOT_REVIEWED,,raw_prop=hidden_text_candidate_page_count,NOT_REVIEWED,DERIVED_RECONCILIATION
INE482A01020_2012,CEAT Limited,2012,VALIDATION,duplicate_text_candidate,NOT_OBSERVED,t0.1_audit_detector,0,0,0,audit_detector_duplicate_text_candidate,1.0.0,NOT_REVIEWED,,raw_prop=duplicate_text_candidate_page_count,NOT_REVIEWED,DERIVED_RECONCILIATION
INE482A01020_2012,CEAT Limited,2012,VALIDATION,devanagari_candidate,NOT_OBSERVED,t0.1_audit_detector,0,0,0,audit_detector_devanagari_candidate,1.0.0,NOT_REVIEWED,,raw_prop=devanagari_page_count,NOT_REVIEWED,DERIVED_RECONCILIATION
INE482A01020_2012,CEAT Limited,2012,VALIDATION,bilingual_candidate,NOT_OBSERVED,t0.1_audit_detector,0,0,0,audit_detector_bilingual_candidate,1.0.0,NOT_REVIEWED,,raw_prop=bilingual_candidate_page_count,NOT_REVIEWED,DERIVED_RECONCILIATION
INE482A01020_2012,CEAT Limited,2012,VALIDATION,two_column,CANDIDATE,t0.1_audit_detector,1,39,1,audit_detector_two_column,1.0.0,NOT_REVIEWED,,raw_prop=two_column_page_count,NOT_REVIEWED,DERIVED_RECONCILIATION
INE482A01020_2012,CEAT Limited,2012,VALIDATION,multi_column,CANDIDATE,t0.1_audit_detector,1,69,1,audit_detector_multi_column,1.0.0,NOT_REVIEWED,,raw_prop=multi_column_page_count,NOT_REVIEWED,DERIVED_RECONCILIATION
INE482A01020_2012,CEAT Limited,2012,VALIDATION,table_candidate,CANDIDATE,t0.1_audit_detector,1,101,1,audit_detector_table_candidate,1.0.0,NOT_REVIEWED,,raw_prop=table_candidate_page_count,NOT_REVIEWED,DERIVED_RECONCILIATION
INE482A01020_2012,CEAT Limited,2012,VALIDATION,header_candidate,NOT_OBSERVED,t0.1_audit_detector,0,0,0,audit_detector_header_candidate,1.0.0,NOT_REVIEWED,,raw_prop=header_candidate_page_count,NOT_REVIEWED,DERIVED_RECONCILIATION
INE482A01020_2012,CEAT Limited,2012,VALIDATION,footer_candidate,NOT_OBSERVED,t0.1_audit_detector,0,0,0,audit_detector_footer_candidate,1.0.0,NOT_REVIEWED,,raw_prop=footer_candidate_page_count,NOT_REVIEWED,DERIVED_RECONCILIATION
INE482A01020_2012,CEAT Limited,2012,VALIDATION,toc_candidate,CANDIDATE,t0.1_audit_detector,1,True,1,audit_detector_toc_candidate,1.0.0,NOT_REVIEWED,,raw_prop=toc_candidate,NOT_REVIEWED,DERIVED_RECONCILIATION
INE482A01020_2012,CEAT Limited,2012,VALIDATION,deep_hierarchy_candidate,NOT_OBSERVED,t0.1_audit_detector,0,False,0,audit_detector_deep_hierarchy_candidate,1.0.0,NOT_REVIEWED,,raw_prop=deep_hierarchy_candidate,NOT_REVIEWED,DERIVED_RECONCILIATION
INE482A01020_2012,CEAT Limited,2012,VALIDATION,annexure_candidate,CANDIDATE,t0.1_audit_detector,1,True,1,audit_detector_annexure_candidate,1.0.0,NOT_REVIEWED,,raw_prop=annexure_candidate,NOT_REVIEWED,DERIVED_RECONCILIATION
INE482A01020_2012,CEAT Limited,2012,VALIDATION,combined_mdna_candidate,NOT_OBSERVED,t0.1_audit_detector,0,False,0,audit_detector_combined_mdna_candidate,1.0.0,NOT_REVIEWED,,raw_prop=combined_mdna_candidate,NOT_REVIEWED,DERIVED_RECONCILIATION
INE482A01020_2013,CEAT Limited,2013,VALIDATION,native,CANDIDATE,t0.1_audit_detector,1,133,1,audit_detector_native,1.0.0,NOT_REVIEWED,,raw_prop=native_page_count,NOT_REVIEWED,DERIVED_RECONCILIATION
INE482A01020_2013,CEAT Limited,2013,VALIDATION,scanned,CANDIDATE,t0.1_audit_detector,1,1,1,audit_detector_scanned,1.0.0,NOT_REVIEWED,,raw_prop=scanned_page_count,NOT_REVIEWED,DERIVED_RECONCILIATION
INE482A01020_2013,CEAT Limited,2013,VALIDATION,ocr_layer_candidate,NOT_OBSERVED,t0.1_audit_detector,0,0,0,audit_detector_ocr_layer_candidate,1.0.0,NOT_REVIEWED,,raw_prop=ocr_page_count,NOT_REVIEWED,DERIVED_RECONCILIATION
INE482A01020_2013,CEAT Limited,2013,VALIDATION,legacy_font_candidate,NOT_OBSERVED,t0.1_audit_detector,0,0,0,audit_detector_legacy_font_candidate,1.0.0,NOT_REVIEWED,,raw_prop=legacy_candidate_page_count,NOT_REVIEWED,DERIVED_RECONCILIATION
INE482A01020_2013,CEAT Limited,2013,VALIDATION,hidden_text_candidate,NOT_OBSERVED,t0.1_audit_detector,0,0,0,audit_detector_hidden_text_candidate,1.0.0,NOT_REVIEWED,,raw_prop=hidden_text_candidate_page_count,NOT_REVIEWED,DERIVED_RECONCILIATION
INE482A01020_2013,CEAT Limited,2013,VALIDATION,duplicate_text_candidate,NOT_OBSERVED,t0.1_audit_detector,0,0,0,audit_detector_duplicate_text_candidate,1.0.0,NOT_REVIEWED,,raw_prop=duplicate_text_candidate_page_count,NOT_REVIEWED,DERIVED_RECONCILIATION
INE482A01020_2013,CEAT Limited,2013,VALIDATION,devanagari_candidate,NOT_OBSERVED,t0.1_audit_detector,0,0,0,audit_detector_devanagari_candidate,1.0.0,NOT_REVIEWED,,raw_prop=devanagari_page_count,NOT_REVIEWED,DERIVED_RECONCILIATION
INE482A01020_2013,CEAT Limited,2013,VALIDATION,bilingual_candidate,NOT_OBSERVED,t0.1_audit_detector,0,0,0,audit_detector_bilingual_candidate,1.0.0,NOT_REVIEWED,,raw_prop=bilingual_candidate_page_count,NOT_REVIEWED,DERIVED_RECONCILIATION
INE482A01020_2013,CEAT Limited,2013,VALIDATION,two_column,CANDIDATE,t0.1_audit_detector,1,52,1,audit_detector_two_column,1.0.0,NOT_REVIEWED,,raw_prop=two_column_page_count,NOT_REVIEWED,DERIVED_RECONCILIATION
INE482A01020_2013,CEAT Limited,2013,VALIDATION,multi_column,CANDIDATE,t0.1_audit_detector,1,67,1,audit_detector_multi_column,1.0.0,NOT_REVIEWED,,raw_prop=multi_column_page_count,NOT_REVIEWED,DERIVED_RECONCILIATION
INE482A01020_2013,CEAT Limited,2013,VALIDATION,table_candidate,CANDIDATE,t0.1_audit_detector,1,135,1,audit_detector_table_candidate,1.0.0,NOT_REVIEWED,,raw_prop=table_candidate_page_count,NOT_REVIEWED,DERIVED_RECONCILIATION
INE482A01020_2013,CEAT Limited,2013,VALIDATION,header_candidate,NOT_OBSERVED,t0.1_audit_detector,0,0,0,audit_detector_header_candidate,1.0.0,NOT_REVIEWED,,raw_prop=header_candidate_page_count,NOT_REVIEWED,DERIVED_RECONCILIATION
INE482A01020_2013,CEAT Limited,2013,VALIDATION,footer_candidate,NOT_OBSERVED,t0.1_audit_detector,0,0,0,audit_detector_footer_candidate,1.0.0,NOT_REVIEWED,,raw_prop=footer_candidate_page_count,NOT_REVIEWED,DERIVED_RECONCILIATION
INE482A01020_2013,CEAT Limited,2013,VALIDATION,toc_candidate,CANDIDATE,t0.1_audit_detector,1,True,1,audit_detector_toc_candidate,1.0.0,NOT_REVIEWED,,raw_prop=toc_candidate,NOT_REVIEWED,DERIVED_RECONCILIATION
INE482A01020_2013,CEAT Limited,2013,VALIDATION,deep_hierarchy_candidate,NOT_OBSERVED,t0.1_audit_detector,0,False,0,audit_detector_deep_hierarchy_candidate,1.0.0,NOT_REVIEWED,,raw_prop=deep_hierarchy_candidate,NOT_REVIEWED,DERIVED_RECONCILIATION
INE482A01020_2013,CEAT Limited,2013,VALIDATION,annexure_candidate,CANDIDATE,t0.1_audit_detector,1,True,1,audit_detector_annexure_candidate,1.0.0,NOT_REVIEWED,,raw_prop=annexure_candidate,NOT_REVIEWED,DERIVED_RECONCILIATION
INE482A01020_2013,CEAT Limited,2013,VALIDATION,combined_mdna_candidate,NOT_OBSERVED,t0.1_audit_detector,0,False,0,audit_detector_combined_mdna_candidate,1.0.0,NOT_REVIEWED,,raw_prop=combined_mdna_candidate,NOT_REVIEWED,DERIVED_RECONCILIATION
INE482A01020_2017,CEAT Limited,2017,VALIDATION,native,CANDIDATE,t0.1_audit_detector,1,313,1,audit_detector_native,1.0.0,NOT_REVIEWED,,raw_prop=native_page_count,NOT_REVIEWED,DERIVED_RECONCILIATION
INE482A01020_2017,CEAT Limited,2017,VALIDATION,scanned,CANDIDATE,t0.1_audit_detector,1,1,1,audit_detector_scanned,1.0.0,NOT_REVIEWED,,raw_prop=scanned_page_count,NOT_REVIEWED,DERIVED_RECONCILIATION
INE482A01020_2017,CEAT Limited,2017,VALIDATION,ocr_layer_candidate,CANDIDATE,t0.1_audit_detector,1,1,1,audit_detector_ocr_layer_candidate,1.0.0,NOT_REVIEWED,,raw_prop=ocr_page_count,NOT_REVIEWED,DERIVED_RECONCILIATION
INE482A01020_2017,CEAT Limited,2017,VALIDATION,legacy_font_candidate,NOT_OBSERVED,t0.1_audit_detector,0,0,0,audit_detector_legacy_font_candidate,1.0.0,NOT_REVIEWED,,raw_prop=legacy_candidate_page_count,NOT_REVIEWED,DERIVED_RECONCILIATION
INE482A01020_2017,CEAT Limited,2017,VALIDATION,hidden_text_candidate,NOT_OBSERVED,t0.1_audit_detector,0,0,0,audit_detector_hidden_text_candidate,1.0.0,NOT_REVIEWED,,raw_prop=hidden_text_candidate_page_count,NOT_REVIEWED,DERIVED_RECONCILIATION
INE482A01020_2017,CEAT Limited,2017,VALIDATION,duplicate_text_candidate,NOT_OBSERVED,t0.1_audit_detector,0,0,0,audit_detector_duplicate_text_candidate,1.0.0,NOT_REVIEWED,,raw_prop=duplicate_text_candidate_page_count,NOT_REVIEWED,DERIVED_RECONCILIATION
INE482A01020_2017,CEAT Limited,2017,VALIDATION,devanagari_candidate,NOT_OBSERVED,t0.1_audit_detector,0,0,0,audit_detector_devanagari_candidate,1.0.0,NOT_REVIEWED,,raw_prop=devanagari_page_count,NOT_REVIEWED,DERIVED_RECONCILIATION
INE482A01020_2017,CEAT Limited,2017,VALIDATION,bilingual_candidate,NOT_OBSERVED,t0.1_audit_detector,0,0,0,audit_detector_bilingual_candidate,1.0.0,NOT_REVIEWED,,raw_prop=bilingual_candidate_page_count,NOT_REVIEWED,DERIVED_RECONCILIATION
INE482A01020_2017,CEAT Limited,2017,VALIDATION,two_column,CANDIDATE,t0.1_audit_detector,1,166,1,audit_detector_two_column,1.0.0,NOT_REVIEWED,,raw_prop=two_column_page_count,NOT_REVIEWED,DERIVED_RECONCILIATION
INE482A01020_2017,CEAT Limited,2017,VALIDATION,multi_column,CANDIDATE,t0.1_audit_detector,1,112,1,audit_detector_multi_column,1.0.0,NOT_REVIEWED,,raw_prop=multi_column_page_count,NOT_REVIEWED,DERIVED_RECONCILIATION
INE482A01020_2017,CEAT Limited,2017,VALIDATION,table_candidate,CANDIDATE,t0.1_audit_detector,1,224,1,audit_detector_table_candidate,1.0.0,NOT_REVIEWED,,raw_prop=table_candidate_page_count,NOT_REVIEWED,DERIVED_RECONCILIATION
INE482A01020_2017,CEAT Limited,2017,VALIDATION,header_candidate,CANDIDATE,t0.1_audit_detector,1,4,1,audit_detector_header_candidate,1.0.0,NOT_REVIEWED,,raw_prop=header_candidate_page_count,NOT_REVIEWED,DERIVED_RECONCILIATION
INE482A01020_2017,CEAT Limited,2017,VALIDATION,footer_candidate,CANDIDATE,t0.1_audit_detector,1,2,1,audit_detector_footer_candidate,1.0.0,NOT_REVIEWED,,raw_prop=footer_candidate_page_count,NOT_REVIEWED,DERIVED_RECONCILIATION
INE482A01020_2017,CEAT Limited,2017,VALIDATION,toc_candidate,CANDIDATE,t0.1_audit_detector,1,True,1,audit_detector_toc_candidate,1.0.0,NOT_REVIEWED,,raw_prop=toc_candidate,NOT_REVIEWED,DERIVED_RECONCILIATION
INE482A01020_2017,CEAT Limited,2017,VALIDATION,deep_hierarchy_candidate,CANDIDATE,t0.1_audit_detector,1,True,1,audit_detector_deep_hierarchy_candidate,1.0.0,NOT_REVIEWED,,raw_prop=deep_hierarchy_candidate,NOT_REVIEWED,DERIVED_RECONCILIATION
INE482A01020_2017,CEAT Limited,2017,VALIDATION,annexure_candidate,CANDIDATE,t0.1_audit_detector,1,True,1,audit_detector_annexure_candidate,1.0.0,NOT_REVIEWED,,raw_prop=annexure_candidate,NOT_REVIEWED,DERIVED_RECONCILIATION
INE482A01020_2017,CEAT Limited,2017,VALIDATION,combined_mdna_candidate,NOT_OBSERVED,t0.1_audit_detector,0,False,0,audit_detector_combined_mdna_candidate,1.0.0,NOT_REVIEWED,,raw_prop=combined_mdna_candidate,NOT_REVIEWED,DERIVED_RECONCILIATION
INE482A01020_2018,CEAT Limited,2018,VALIDATION,native,CANDIDATE,t0.1_audit_detector,1,279,1,audit_detector_native,1.0.0,NOT_REVIEWED,,raw_prop=native_page_count,NOT_REVIEWED,DERIVED_RECONCILIATION
INE482A01020_2018,CEAT Limited,2018,VALIDATION,scanned,CANDIDATE,t0.1_audit_detector,1,2,1,audit_detector_scanned,1.0.0,NOT_REVIEWED,,raw_prop=scanned_page_count,NOT_REVIEWED,DERIVED_RECONCILIATION
INE482A01020_2018,CEAT Limited,2018,VALIDATION,ocr_layer_candidate,CANDIDATE,t0.1_audit_detector,1,2,1,audit_detector_ocr_layer_candidate,1.0.0,NOT_REVIEWED,,raw_prop=ocr_page_count,NOT_REVIEWED,DERIVED_RECONCILIATION
INE482A01020_2018,CEAT Limited,2018,VALIDATION,legacy_font_candidate,NOT_OBSERVED,t0.1_audit_detector,0,0,0,audit_detector_legacy_font_candidate,1.0.0,NOT_REVIEWED,,raw_prop=legacy_candidate_page_count,NOT_REVIEWED,DERIVED_RECONCILIATION
INE482A01020_2018,CEAT Limited,2018,VALIDATION,hidden_text_candidate,NOT_OBSERVED,t0.1_audit_detector,0,0,0,audit_detector_hidden_text_candidate,1.0.0,NOT_REVIEWED,,raw_prop=hidden_text_candidate_page_count,NOT_REVIEWED,DERIVED_RECONCILIATION
INE482A01020_2018,CEAT Limited,2018,VALIDATION,duplicate_text_candidate,NOT_OBSERVED,t0.1_audit_detector,0,0,0,audit_detector_duplicate_text_candidate,1.0.0,NOT_REVIEWED,,raw_prop=duplicate_text_candidate_page_count,NOT_REVIEWED,DERIVED_RECONCILIATION
INE482A01020_2018,CEAT Limited,2018,VALIDATION,devanagari_candidate,NOT_OBSERVED,t0.1_audit_detector,0,0,0,audit_detector_devanagari_candidate,1.0.0,NOT_REVIEWED,,raw_prop=devanagari_page_count,NOT_REVIEWED,DERIVED_RECONCILIATION
INE482A01020_2018,CEAT Limited,2018,VALIDATION,bilingual_candidate,NOT_OBSERVED,t0.1_audit_detector,0,0,0,audit_detector_bilingual_candidate,1.0.0,NOT_REVIEWED,,raw_prop=bilingual_candidate_page_count,NOT_REVIEWED,DERIVED_RECONCILIATION
INE482A01020_2018,CEAT Limited,2018,VALIDATION,two_column,CANDIDATE,t0.1_audit_detector,1,138,1,audit_detector_two_column,1.0.0,NOT_REVIEWED,,raw_prop=two_column_page_count,NOT_REVIEWED,DERIVED_RECONCILIATION
INE482A01020_2018,CEAT Limited,2018,VALIDATION,multi_column,CANDIDATE,t0.1_audit_detector,1,105,1,audit_detector_multi_column,1.0.0,NOT_REVIEWED,,raw_prop=multi_column_page_count,NOT_REVIEWED,DERIVED_RECONCILIATION
INE482A01020_2018,CEAT Limited,2018,VALIDATION,table_candidate,CANDIDATE,t0.1_audit_detector,1,153,1,audit_detector_table_candidate,1.0.0,NOT_REVIEWED,,raw_prop=table_candidate_page_count,NOT_REVIEWED,DERIVED_RECONCILIATION
INE482A01020_2018,CEAT Limited,2018,VALIDATION,header_candidate,NOT_OBSERVED,t0.1_audit_detector,0,0,0,audit_detector_header_candidate,1.0.0,NOT_REVIEWED,,raw_prop=header_candidate_page_count,NOT_REVIEWED,DERIVED_RECONCILIATION
INE482A01020_2018,CEAT Limited,2018,VALIDATION,footer_candidate,NOT_OBSERVED,t0.1_audit_detector,0,0,0,audit_detector_footer_candidate,1.0.0,NOT_REVIEWED,,raw_prop=footer_candidate_page_count,NOT_REVIEWED,DERIVED_RECONCILIATION
INE482A01020_2018,CEAT Limited,2018,VALIDATION,toc_candidate,CANDIDATE,t0.1_audit_detector,1,True,1,audit_detector_toc_candidate,1.0.0,NOT_REVIEWED,,raw_prop=toc_candidate,NOT_REVIEWED,DERIVED_RECONCILIATION
INE482A01020_2018,CEAT Limited,2018,VALIDATION,deep_hierarchy_candidate,NOT_OBSERVED,t0.1_audit_detector,0,False,0,audit_detector_deep_hierarchy_candidate,1.0.0,NOT_REVIEWED,,raw_prop=deep_hierarchy_candidate,NOT_REVIEWED,DERIVED_RECONCILIATION
INE482A01020_2018,CEAT Limited,2018,VALIDATION,annexure_candidate,CANDIDATE,t0.1_audit_detector,1,True,1,audit_detector_annexure_candidate,1.0.0,NOT_REVIEWED,,raw_prop=annexure_candidate,NOT_REVIEWED,DERIVED_RECONCILIATION
INE482A01020_2018,CEAT Limited,2018,VALIDATION,combined_mdna_candidate,CANDIDATE,t0.1_audit_detector,1,True,1,audit_detector_combined_mdna_candidate,1.0.0,NOT_REVIEWED,,raw_prop=combined_mdna_candidate,NOT_REVIEWED,DERIVED_RECONCILIATION
INE482A01020_2024,CEAT Limited,2024,VALIDATION,native,CANDIDATE,t0.1_audit_detector,1,168,1,audit_detector_native,1.0.0,NOT_REVIEWED,,raw_prop=native_page_count,NOT_REVIEWED,DERIVED_RECONCILIATION
INE482A01020_2024,CEAT Limited,2024,VALIDATION,scanned,NOT_OBSERVED,t0.1_audit_detector,0,0,0,audit_detector_scanned,1.0.0,NOT_REVIEWED,,raw_prop=scanned_page_count,NOT_REVIEWED,DERIVED_RECONCILIATION
INE482A01020_2024,CEAT Limited,2024,VALIDATION,ocr_layer_candidate,CANDIDATE,t0.1_audit_detector,1,1,1,audit_detector_ocr_layer_candidate,1.0.0,NOT_REVIEWED,,raw_prop=ocr_page_count,NOT_REVIEWED,DERIVED_RECONCILIATION
INE482A01020_2024,CEAT Limited,2024,VALIDATION,legacy_font_candidate,CANDIDATE,t0.1_audit_detector,1,1,1,audit_detector_legacy_font_candidate,1.0.0,NOT_REVIEWED,,raw_prop=legacy_candidate_page_count,NOT_REVIEWED,DERIVED_RECONCILIATION
INE482A01020_2024,CEAT Limited,2024,VALIDATION,hidden_text_candidate,NOT_OBSERVED,t0.1_audit_detector,0,0,0,audit_detector_hidden_text_candidate,1.0.0,NOT_REVIEWED,,raw_prop=hidden_text_candidate_page_count,NOT_REVIEWED,DERIVED_RECONCILIATION
INE482A01020_2024,CEAT Limited,2024,VALIDATION,duplicate_text_candidate,NOT_OBSERVED,t0.1_audit_detector,0,0,0,audit_detector_duplicate_text_candidate,1.0.0,NOT_REVIEWED,,raw_prop=duplicate_text_candidate_page_count,NOT_REVIEWED,DERIVED_RECONCILIATION
INE482A01020_2024,CEAT Limited,2024,VALIDATION,devanagari_candidate,NOT_OBSERVED,t0.1_audit_detector,0,0,0,audit_detector_devanagari_candidate,1.0.0,NOT_REVIEWED,,raw_prop=devanagari_page_count,NOT_REVIEWED,DERIVED_RECONCILIATION
INE482A01020_2024,CEAT Limited,2024,VALIDATION,bilingual_candidate,NOT_OBSERVED,t0.1_audit_detector,0,0,0,audit_detector_bilingual_candidate,1.0.0,NOT_REVIEWED,,raw_prop=bilingual_candidate_page_count,NOT_REVIEWED,DERIVED_RECONCILIATION
INE482A01020_2024,CEAT Limited,2024,VALIDATION,two_column,CANDIDATE,t0.1_audit_detector,1,159,1,audit_detector_two_column,1.0.0,NOT_REVIEWED,,raw_prop=two_column_page_count,NOT_REVIEWED,DERIVED_RECONCILIATION
INE482A01020_2024,CEAT Limited,2024,VALIDATION,multi_column,CANDIDATE,t0.1_audit_detector,1,6,1,audit_detector_multi_column,1.0.0,NOT_REVIEWED,,raw_prop=multi_column_page_count,NOT_REVIEWED,DERIVED_RECONCILIATION
INE482A01020_2024,CEAT Limited,2024,VALIDATION,table_candidate,CANDIDATE,t0.1_audit_detector,1,144,1,audit_detector_table_candidate,1.0.0,NOT_REVIEWED,,raw_prop=table_candidate_page_count,NOT_REVIEWED,DERIVED_RECONCILIATION
INE482A01020_2024,CEAT Limited,2024,VALIDATION,header_candidate,CANDIDATE,t0.1_audit_detector,1,163,1,audit_detector_header_candidate,1.0.0,NOT_REVIEWED,,raw_prop=header_candidate_page_count,NOT_REVIEWED,DERIVED_RECONCILIATION
INE482A01020_2024,CEAT Limited,2024,VALIDATION,footer_candidate,NOT_OBSERVED,t0.1_audit_detector,0,0,0,audit_detector_footer_candidate,1.0.0,NOT_REVIEWED,,raw_prop=footer_candidate_page_count,NOT_REVIEWED,DERIVED_RECONCILIATION
INE482A01020_2024,CEAT Limited,2024,VALIDATION,toc_candidate,CANDIDATE,t0.1_audit_detector,1,True,1,audit_detector_toc_candidate,1.0.0,NOT_REVIEWED,,raw_prop=toc_candidate,NOT_REVIEWED,DERIVED_RECONCILIATION
INE482A01020_2024,CEAT Limited,2024,VALIDATION,deep_hierarchy_candidate,NOT_OBSERVED,t0.1_audit_detector,0,False,0,audit_detector_deep_hierarchy_candidate,1.0.0,NOT_REVIEWED,,raw_prop=deep_hierarchy_candidate,NOT_REVIEWED,DERIVED_RECONCILIATION
INE482A01020_2024,CEAT Limited,2024,VALIDATION,annexure_candidate,CANDIDATE,t0.1_audit_detector,1,True,1,audit_detector_annexure_candidate,1.0.0,NOT_REVIEWED,,raw_prop=annexure_candidate,NOT_REVIEWED,DERIVED_RECONCILIATION
INE482A01020_2024,CEAT Limited,2024,VALIDATION,combined_mdna_candidate,NOT_OBSERVED,t0.1_audit_detector,0,False,0,audit_detector_combined_mdna_candidate,1.0.0,NOT_REVIEWED,,raw_prop=combined_mdna_candidate,NOT_REVIEWED,DERIVED_RECONCILIATION
INE482A01020_2025,CEAT Limited,2025,VALIDATION,native,CANDIDATE,t0.1_audit_detector,1,187,1,audit_detector_native,1.0.0,NOT_REVIEWED,,raw_prop=native_page_count,NOT_REVIEWED,DERIVED_RECONCILIATION
INE482A01020_2025,CEAT Limited,2025,VALIDATION,scanned,NOT_OBSERVED,t0.1_audit_detector,0,0,0,audit_detector_scanned,1.0.0,NOT_REVIEWED,,raw_prop=scanned_page_count,NOT_REVIEWED,DERIVED_RECONCILIATION
INE482A01020_2025,CEAT Limited,2025,VALIDATION,ocr_layer_candidate,CANDIDATE,t0.1_audit_detector,1,1,1,audit_detector_ocr_layer_candidate,1.0.0,NOT_REVIEWED,,raw_prop=ocr_page_count,NOT_REVIEWED,DERIVED_RECONCILIATION
INE482A01020_2025,CEAT Limited,2025,VALIDATION,legacy_font_candidate,NOT_OBSERVED,t0.1_audit_detector,0,0,0,audit_detector_legacy_font_candidate,1.0.0,NOT_REVIEWED,,raw_prop=legacy_candidate_page_count,NOT_REVIEWED,DERIVED_RECONCILIATION
INE482A01020_2025,CEAT Limited,2025,VALIDATION,hidden_text_candidate,NOT_OBSERVED,t0.1_audit_detector,0,0,0,audit_detector_hidden_text_candidate,1.0.0,NOT_REVIEWED,,raw_prop=hidden_text_candidate_page_count,NOT_REVIEWED,DERIVED_RECONCILIATION
INE482A01020_2025,CEAT Limited,2025,VALIDATION,duplicate_text_candidate,NOT_OBSERVED,t0.1_audit_detector,0,0,0,audit_detector_duplicate_text_candidate,1.0.0,NOT_REVIEWED,,raw_prop=duplicate_text_candidate_page_count,NOT_REVIEWED,DERIVED_RECONCILIATION
INE482A01020_2025,CEAT Limited,2025,VALIDATION,devanagari_candidate,NOT_OBSERVED,t0.1_audit_detector,0,0,0,audit_detector_devanagari_candidate,1.0.0,NOT_REVIEWED,,raw_prop=devanagari_page_count,NOT_REVIEWED,DERIVED_RECONCILIATION
INE482A01020_2025,CEAT Limited,2025,VALIDATION,bilingual_candidate,NOT_OBSERVED,t0.1_audit_detector,0,0,0,audit_detector_bilingual_candidate,1.0.0,NOT_REVIEWED,,raw_prop=bilingual_candidate_page_count,NOT_REVIEWED,DERIVED_RECONCILIATION
INE482A01020_2025,CEAT Limited,2025,VALIDATION,two_column,CANDIDATE,t0.1_audit_detector,1,179,1,audit_detector_two_column,1.0.0,NOT_REVIEWED,,raw_prop=two_column_page_count,NOT_REVIEWED,DERIVED_RECONCILIATION
INE482A01020_2025,CEAT Limited,2025,VALIDATION,multi_column,CANDIDATE,t0.1_audit_detector,1,6,1,audit_detector_multi_column,1.0.0,NOT_REVIEWED,,raw_prop=multi_column_page_count,NOT_REVIEWED,DERIVED_RECONCILIATION
INE482A01020_2025,CEAT Limited,2025,VALIDATION,table_candidate,CANDIDATE,t0.1_audit_detector,1,153,1,audit_detector_table_candidate,1.0.0,NOT_REVIEWED,,raw_prop=table_candidate_page_count,NOT_REVIEWED,DERIVED_RECONCILIATION
INE482A01020_2025,CEAT Limited,2025,VALIDATION,header_candidate,CANDIDATE,t0.1_audit_detector,1,182,1,audit_detector_header_candidate,1.0.0,NOT_REVIEWED,,raw_prop=header_candidate_page_count,NOT_REVIEWED,DERIVED_RECONCILIATION
INE482A01020_2025,CEAT Limited,2025,VALIDATION,footer_candidate,CANDIDATE,t0.1_audit_detector,1,168,1,audit_detector_footer_candidate,1.0.0,NOT_REVIEWED,,raw_prop=footer_candidate_page_count,NOT_REVIEWED,DERIVED_RECONCILIATION
INE482A01020_2025,CEAT Limited,2025,VALIDATION,toc_candidate,CANDIDATE,t0.1_audit_detector,1,True,1,audit_detector_toc_candidate,1.0.0,NOT_REVIEWED,,raw_prop=toc_candidate,NOT_REVIEWED,DERIVED_RECONCILIATION
INE482A01020_2025,CEAT Limited,2025,VALIDATION,deep_hierarchy_candidate,CANDIDATE,t0.1_audit_detector,1,True,1,audit_detector_deep_hierarchy_candidate,1.0.0,NOT_REVIEWED,,raw_prop=deep_hierarchy_candidate,NOT_REVIEWED,DERIVED_RECONCILIATION
INE482A01020_2025,CEAT Limited,2025,VALIDATION,annexure_candidate,CANDIDATE,t0.1_audit_detector,1,True,1,audit_detector_annexure_candidate,1.0.0,NOT_REVIEWED,,raw_prop=annexure_candidate,NOT_REVIEWED,DERIVED_RECONCILIATION
INE482A01020_2025,CEAT Limited,2025,VALIDATION,combined_mdna_candidate,NOT_OBSERVED,t0.1_audit_detector,0,False,0,audit_detector_combined_mdna_candidate,1.0.0,NOT_REVIEWED,,raw_prop=combined_mdna_candidate,NOT_REVIEWED,DERIVED_RECONCILIATION
INE761H01022_2012,Page Industries Limited,2012,FIT,native,CANDIDATE,t0.1_audit_detector,1,66,1,audit_detector_native,1.0.0,NOT_REVIEWED,,raw_prop=native_page_count,NOT_REVIEWED,DERIVED_RECONCILIATION
INE761H01022_2012,Page Industries Limited,2012,FIT,scanned,NOT_OBSERVED,t0.1_audit_detector,0,0,0,audit_detector_scanned,1.0.0,NOT_REVIEWED,,raw_prop=scanned_page_count,NOT_REVIEWED,DERIVED_RECONCILIATION
INE761H01022_2012,Page Industries Limited,2012,FIT,ocr_layer_candidate,NOT_OBSERVED,t0.1_audit_detector,0,0,0,audit_detector_ocr_layer_candidate,1.0.0,NOT_REVIEWED,,raw_prop=ocr_page_count,NOT_REVIEWED,DERIVED_RECONCILIATION
INE761H01022_2012,Page Industries Limited,2012,FIT,legacy_font_candidate,NOT_OBSERVED,t0.1_audit_detector,0,0,0,audit_detector_legacy_font_candidate,1.0.0,NOT_REVIEWED,,raw_prop=legacy_candidate_page_count,NOT_REVIEWED,DERIVED_RECONCILIATION
INE761H01022_2012,Page Industries Limited,2012,FIT,hidden_text_candidate,NOT_OBSERVED,t0.1_audit_detector,0,0,0,audit_detector_hidden_text_candidate,1.0.0,NOT_REVIEWED,,raw_prop=hidden_text_candidate_page_count,NOT_REVIEWED,DERIVED_RECONCILIATION
INE761H01022_2012,Page Industries Limited,2012,FIT,duplicate_text_candidate,NOT_OBSERVED,t0.1_audit_detector,0,0,0,audit_detector_duplicate_text_candidate,1.0.0,NOT_REVIEWED,,raw_prop=duplicate_text_candidate_page_count,NOT_REVIEWED,DERIVED_RECONCILIATION
INE761H01022_2012,Page Industries Limited,2012,FIT,devanagari_candidate,NOT_OBSERVED,t0.1_audit_detector,0,0,0,audit_detector_devanagari_candidate,1.0.0,NOT_REVIEWED,,raw_prop=devanagari_page_count,NOT_REVIEWED,DERIVED_RECONCILIATION
INE761H01022_2012,Page Industries Limited,2012,FIT,bilingual_candidate,NOT_OBSERVED,t0.1_audit_detector,0,0,0,audit_detector_bilingual_candidate,1.0.0,NOT_REVIEWED,,raw_prop=bilingual_candidate_page_count,NOT_REVIEWED,DERIVED_RECONCILIATION
INE761H01022_2012,Page Industries Limited,2012,FIT,two_column,CANDIDATE,t0.1_audit_detector,1,32,1,audit_detector_two_column,1.0.0,NOT_REVIEWED,,raw_prop=two_column_page_count,NOT_REVIEWED,DERIVED_RECONCILIATION
INE761H01022_2012,Page Industries Limited,2012,FIT,multi_column,CANDIDATE,t0.1_audit_detector,1,32,1,audit_detector_multi_column,1.0.0,NOT_REVIEWED,,raw_prop=multi_column_page_count,NOT_REVIEWED,DERIVED_RECONCILIATION
INE761H01022_2012,Page Industries Limited,2012,FIT,table_candidate,CANDIDATE,t0.1_audit_detector,1,49,1,audit_detector_table_candidate,1.0.0,NOT_REVIEWED,,raw_prop=table_candidate_page_count,NOT_REVIEWED,DERIVED_RECONCILIATION
INE761H01022_2012,Page Industries Limited,2012,FIT,header_candidate,NOT_OBSERVED,t0.1_audit_detector,0,0,0,audit_detector_header_candidate,1.0.0,NOT_REVIEWED,,raw_prop=header_candidate_page_count,NOT_REVIEWED,DERIVED_RECONCILIATION
INE761H01022_2012,Page Industries Limited,2012,FIT,footer_candidate,NOT_OBSERVED,t0.1_audit_detector,0,0,0,audit_detector_footer_candidate,1.0.0,NOT_REVIEWED,,raw_prop=footer_candidate_page_count,NOT_REVIEWED,DERIVED_RECONCILIATION
INE761H01022_2012,Page Industries Limited,2012,FIT,toc_candidate,CANDIDATE,t0.1_audit_detector,1,True,1,audit_detector_toc_candidate,1.0.0,NOT_REVIEWED,,raw_prop=toc_candidate,NOT_REVIEWED,DERIVED_RECONCILIATION
INE761H01022_2012,Page Industries Limited,2012,FIT,deep_hierarchy_candidate,NOT_OBSERVED,t0.1_audit_detector,0,False,0,audit_detector_deep_hierarchy_candidate,1.0.0,NOT_REVIEWED,,raw_prop=deep_hierarchy_candidate,NOT_REVIEWED,DERIVED_RECONCILIATION
INE761H01022_2012,Page Industries Limited,2012,FIT,annexure_candidate,CANDIDATE,t0.1_audit_detector,1,True,1,audit_detector_annexure_candidate,1.0.0,NOT_REVIEWED,,raw_prop=annexure_candidate,NOT_REVIEWED,DERIVED_RECONCILIATION
INE761H01022_2012,Page Industries Limited,2012,FIT,combined_mdna_candidate,NOT_OBSERVED,t0.1_audit_detector,0,False,0,audit_detector_combined_mdna_candidate,1.0.0,NOT_REVIEWED,,raw_prop=combined_mdna_candidate,NOT_REVIEWED,DERIVED_RECONCILIATION
INE761H01022_2013,Page Industries Limited,2013,FIT,native,CANDIDATE,t0.1_audit_detector,1,71,1,audit_detector_native,1.0.0,NOT_REVIEWED,,raw_prop=native_page_count,NOT_REVIEWED,DERIVED_RECONCILIATION
INE761H01022_2013,Page Industries Limited,2013,FIT,scanned,NOT_OBSERVED,t0.1_audit_detector,0,0,0,audit_detector_scanned,1.0.0,NOT_REVIEWED,,raw_prop=scanned_page_count,NOT_REVIEWED,DERIVED_RECONCILIATION
INE761H01022_2013,Page Industries Limited,2013,FIT,ocr_layer_candidate,NOT_OBSERVED,t0.1_audit_detector,0,0,0,audit_detector_ocr_layer_candidate,1.0.0,NOT_REVIEWED,,raw_prop=ocr_page_count,NOT_REVIEWED,DERIVED_RECONCILIATION
INE761H01022_2013,Page Industries Limited,2013,FIT,legacy_font_candidate,NOT_OBSERVED,t0.1_audit_detector,0,0,0,audit_detector_legacy_font_candidate,1.0.0,NOT_REVIEWED,,raw_prop=legacy_candidate_page_count,NOT_REVIEWED,DERIVED_RECONCILIATION
INE761H01022_2013,Page Industries Limited,2013,FIT,hidden_text_candidate,NOT_OBSERVED,t0.1_audit_detector,0,0,0,audit_detector_hidden_text_candidate,1.0.0,NOT_REVIEWED,,raw_prop=hidden_text_candidate_page_count,NOT_REVIEWED,DERIVED_RECONCILIATION
INE761H01022_2013,Page Industries Limited,2013,FIT,duplicate_text_candidate,NOT_OBSERVED,t0.1_audit_detector,0,0,0,audit_detector_duplicate_text_candidate,1.0.0,NOT_REVIEWED,,raw_prop=duplicate_text_candidate_page_count,NOT_REVIEWED,DERIVED_RECONCILIATION
INE761H01022_2013,Page Industries Limited,2013,FIT,devanagari_candidate,NOT_OBSERVED,t0.1_audit_detector,0,0,0,audit_detector_devanagari_candidate,1.0.0,NOT_REVIEWED,,raw_prop=devanagari_page_count,NOT_REVIEWED,DERIVED_RECONCILIATION
INE761H01022_2013,Page Industries Limited,2013,FIT,bilingual_candidate,NOT_OBSERVED,t0.1_audit_detector,0,0,0,audit_detector_bilingual_candidate,1.0.0,NOT_REVIEWED,,raw_prop=bilingual_candidate_page_count,NOT_REVIEWED,DERIVED_RECONCILIATION
INE761H01022_2013,Page Industries Limited,2013,FIT,two_column,CANDIDATE,t0.1_audit_detector,1,39,1,audit_detector_two_column,1.0.0,NOT_REVIEWED,,raw_prop=two_column_page_count,NOT_REVIEWED,DERIVED_RECONCILIATION
INE761H01022_2013,Page Industries Limited,2013,FIT,multi_column,CANDIDATE,t0.1_audit_detector,1,29,1,audit_detector_multi_column,1.0.0,NOT_REVIEWED,,raw_prop=multi_column_page_count,NOT_REVIEWED,DERIVED_RECONCILIATION
INE761H01022_2013,Page Industries Limited,2013,FIT,table_candidate,CANDIDATE,t0.1_audit_detector,1,52,1,audit_detector_table_candidate,1.0.0,NOT_REVIEWED,,raw_prop=table_candidate_page_count,NOT_REVIEWED,DERIVED_RECONCILIATION
INE761H01022_2013,Page Industries Limited,2013,FIT,header_candidate,NOT_OBSERVED,t0.1_audit_detector,0,0,0,audit_detector_header_candidate,1.0.0,NOT_REVIEWED,,raw_prop=header_candidate_page_count,NOT_REVIEWED,DERIVED_RECONCILIATION
INE761H01022_2013,Page Industries Limited,2013,FIT,footer_candidate,NOT_OBSERVED,t0.1_audit_detector,0,0,0,audit_detector_footer_candidate,1.0.0,NOT_REVIEWED,,raw_prop=footer_candidate_page_count,NOT_REVIEWED,DERIVED_RECONCILIATION
INE761H01022_2013,Page Industries Limited,2013,FIT,toc_candidate,CANDIDATE,t0.1_audit_detector,1,True,1,audit_detector_toc_candidate,1.0.0,NOT_REVIEWED,,raw_prop=toc_candidate,NOT_REVIEWED,DERIVED_RECONCILIATION
INE761H01022_2013,Page Industries Limited,2013,FIT,deep_hierarchy_candidate,NOT_OBSERVED,t0.1_audit_detector,0,False,0,audit_detector_deep_hierarchy_candidate,1.0.0,NOT_REVIEWED,,raw_prop=deep_hierarchy_candidate,NOT_REVIEWED,DERIVED_RECONCILIATION
INE761H01022_2013,Page Industries Limited,2013,FIT,annexure_candidate,CANDIDATE,t0.1_audit_detector,1,True,1,audit_detector_annexure_candidate,1.0.0,NOT_REVIEWED,,raw_prop=annexure_candidate,NOT_REVIEWED,DERIVED_RECONCILIATION
INE761H01022_2013,Page Industries Limited,2013,FIT,combined_mdna_candidate,NOT_OBSERVED,t0.1_audit_detector,0,False,0,audit_detector_combined_mdna_candidate,1.0.0,NOT_REVIEWED,,raw_prop=combined_mdna_candidate,NOT_REVIEWED,DERIVED_RECONCILIATION
INE761H01022_2017,Page Industries Limited,2017,FIT,native,CANDIDATE,t0.1_audit_detector,1,104,1,audit_detector_native,1.0.0,NOT_REVIEWED,,raw_prop=native_page_count,NOT_REVIEWED,DERIVED_RECONCILIATION
INE761H01022_2017,Page Industries Limited,2017,FIT,scanned,CANDIDATE,t0.1_audit_detector,1,1,1,audit_detector_scanned,1.0.0,NOT_REVIEWED,,raw_prop=scanned_page_count,NOT_REVIEWED,DERIVED_RECONCILIATION
INE761H01022_2017,Page Industries Limited,2017,FIT,ocr_layer_candidate,NOT_OBSERVED,t0.1_audit_detector,0,0,0,audit_detector_ocr_layer_candidate,1.0.0,NOT_REVIEWED,,raw_prop=ocr_page_count,NOT_REVIEWED,DERIVED_RECONCILIATION
INE761H01022_2017,Page Industries Limited,2017,FIT,legacy_font_candidate,CANDIDATE,t0.1_audit_detector,1,1,1,audit_detector_legacy_font_candidate,1.0.0,NOT_REVIEWED,,raw_prop=legacy_candidate_page_count,NOT_REVIEWED,DERIVED_RECONCILIATION
INE761H01022_2017,Page Industries Limited,2017,FIT,hidden_text_candidate,NOT_OBSERVED,t0.1_audit_detector,0,0,0,audit_detector_hidden_text_candidate,1.0.0,NOT_REVIEWED,,raw_prop=hidden_text_candidate_page_count,NOT_REVIEWED,DERIVED_RECONCILIATION
INE761H01022_2017,Page Industries Limited,2017,FIT,duplicate_text_candidate,NOT_OBSERVED,t0.1_audit_detector,0,0,0,audit_detector_duplicate_text_candidate,1.0.0,NOT_REVIEWED,,raw_prop=duplicate_text_candidate_page_count,NOT_REVIEWED,DERIVED_RECONCILIATION
INE761H01022_2017,Page Industries Limited,2017,FIT,devanagari_candidate,NOT_OBSERVED,t0.1_audit_detector,0,0,0,audit_detector_devanagari_candidate,1.0.0,NOT_REVIEWED,,raw_prop=devanagari_page_count,NOT_REVIEWED,DERIVED_RECONCILIATION
INE761H01022_2017,Page Industries Limited,2017,FIT,bilingual_candidate,NOT_OBSERVED,t0.1_audit_detector,0,0,0,audit_detector_bilingual_candidate,1.0.0,NOT_REVIEWED,,raw_prop=bilingual_candidate_page_count,NOT_REVIEWED,DERIVED_RECONCILIATION
INE761H01022_2017,Page Industries Limited,2017,FIT,two_column,CANDIDATE,t0.1_audit_detector,1,57,1,audit_detector_two_column,1.0.0,NOT_REVIEWED,,raw_prop=two_column_page_count,NOT_REVIEWED,DERIVED_RECONCILIATION
INE761H01022_2017,Page Industries Limited,2017,FIT,multi_column,CANDIDATE,t0.1_audit_detector,1,32,1,audit_detector_multi_column,1.0.0,NOT_REVIEWED,,raw_prop=multi_column_page_count,NOT_REVIEWED,DERIVED_RECONCILIATION
INE761H01022_2017,Page Industries Limited,2017,FIT,table_candidate,CANDIDATE,t0.1_audit_detector,1,114,1,audit_detector_table_candidate,1.0.0,NOT_REVIEWED,,raw_prop=table_candidate_page_count,NOT_REVIEWED,DERIVED_RECONCILIATION
INE761H01022_2017,Page Industries Limited,2017,FIT,header_candidate,NOT_OBSERVED,t0.1_audit_detector,0,0,0,audit_detector_header_candidate,1.0.0,NOT_REVIEWED,,raw_prop=header_candidate_page_count,NOT_REVIEWED,DERIVED_RECONCILIATION
INE761H01022_2017,Page Industries Limited,2017,FIT,footer_candidate,NOT_OBSERVED,t0.1_audit_detector,0,0,0,audit_detector_footer_candidate,1.0.0,NOT_REVIEWED,,raw_prop=footer_candidate_page_count,NOT_REVIEWED,DERIVED_RECONCILIATION
INE761H01022_2017,Page Industries Limited,2017,FIT,toc_candidate,CANDIDATE,t0.1_audit_detector,1,True,1,audit_detector_toc_candidate,1.0.0,NOT_REVIEWED,,raw_prop=toc_candidate,NOT_REVIEWED,DERIVED_RECONCILIATION
INE761H01022_2017,Page Industries Limited,2017,FIT,deep_hierarchy_candidate,NOT_OBSERVED,t0.1_audit_detector,0,False,0,audit_detector_deep_hierarchy_candidate,1.0.0,NOT_REVIEWED,,raw_prop=deep_hierarchy_candidate,NOT_REVIEWED,DERIVED_RECONCILIATION
INE761H01022_2017,Page Industries Limited,2017,FIT,annexure_candidate,CANDIDATE,t0.1_audit_detector,1,True,1,audit_detector_annexure_candidate,1.0.0,NOT_REVIEWED,,raw_prop=annexure_candidate,NOT_REVIEWED,DERIVED_RECONCILIATION
INE761H01022_2017,Page Industries Limited,2017,FIT,combined_mdna_candidate,NOT_OBSERVED,t0.1_audit_detector,0,False,0,audit_detector_combined_mdna_candidate,1.0.0,NOT_REVIEWED,,raw_prop=combined_mdna_candidate,NOT_REVIEWED,DERIVED_RECONCILIATION
INE761H01022_2018,Page Industries Limited,2018,FIT,native,CANDIDATE,t0.1_audit_detector,1,112,1,audit_detector_native,1.0.0,NOT_REVIEWED,,raw_prop=native_page_count,NOT_REVIEWED,DERIVED_RECONCILIATION
INE761H01022_2018,Page Industries Limited,2018,FIT,scanned,NOT_OBSERVED,t0.1_audit_detector,0,0,0,audit_detector_scanned,1.0.0,NOT_REVIEWED,,raw_prop=scanned_page_count,NOT_REVIEWED,DERIVED_RECONCILIATION
INE761H01022_2018,Page Industries Limited,2018,FIT,ocr_layer_candidate,NOT_OBSERVED,t0.1_audit_detector,0,0,0,audit_detector_ocr_layer_candidate,1.0.0,NOT_REVIEWED,,raw_prop=ocr_page_count,NOT_REVIEWED,DERIVED_RECONCILIATION
INE761H01022_2018,Page Industries Limited,2018,FIT,legacy_font_candidate,CANDIDATE,t0.1_audit_detector,1,1,1,audit_detector_legacy_font_candidate,1.0.0,NOT_REVIEWED,,raw_prop=legacy_candidate_page_count,NOT_REVIEWED,DERIVED_RECONCILIATION
INE761H01022_2018,Page Industries Limited,2018,FIT,hidden_text_candidate,NOT_OBSERVED,t0.1_audit_detector,0,0,0,audit_detector_hidden_text_candidate,1.0.0,NOT_REVIEWED,,raw_prop=hidden_text_candidate_page_count,NOT_REVIEWED,DERIVED_RECONCILIATION
INE761H01022_2018,Page Industries Limited,2018,FIT,duplicate_text_candidate,NOT_OBSERVED,t0.1_audit_detector,0,0,0,audit_detector_duplicate_text_candidate,1.0.0,NOT_REVIEWED,,raw_prop=duplicate_text_candidate_page_count,NOT_REVIEWED,DERIVED_RECONCILIATION
INE761H01022_2018,Page Industries Limited,2018,FIT,devanagari_candidate,NOT_OBSERVED,t0.1_audit_detector,0,0,0,audit_detector_devanagari_candidate,1.0.0,NOT_REVIEWED,,raw_prop=devanagari_page_count,NOT_REVIEWED,DERIVED_RECONCILIATION
INE761H01022_2018,Page Industries Limited,2018,FIT,bilingual_candidate,NOT_OBSERVED,t0.1_audit_detector,0,0,0,audit_detector_bilingual_candidate,1.0.0,NOT_REVIEWED,,raw_prop=bilingual_candidate_page_count,NOT_REVIEWED,DERIVED_RECONCILIATION
INE761H01022_2018,Page Industries Limited,2018,FIT,two_column,CANDIDATE,t0.1_audit_detector,1,61,1,audit_detector_two_column,1.0.0,NOT_REVIEWED,,raw_prop=two_column_page_count,NOT_REVIEWED,DERIVED_RECONCILIATION
INE761H01022_2018,Page Industries Limited,2018,FIT,multi_column,CANDIDATE,t0.1_audit_detector,1,29,1,audit_detector_multi_column,1.0.0,NOT_REVIEWED,,raw_prop=multi_column_page_count,NOT_REVIEWED,DERIVED_RECONCILIATION
INE761H01022_2018,Page Industries Limited,2018,FIT,table_candidate,CANDIDATE,t0.1_audit_detector,1,115,1,audit_detector_table_candidate,1.0.0,NOT_REVIEWED,,raw_prop=table_candidate_page_count,NOT_REVIEWED,DERIVED_RECONCILIATION
INE761H01022_2018,Page Industries Limited,2018,FIT,header_candidate,NOT_OBSERVED,t0.1_audit_detector,0,0,0,audit_detector_header_candidate,1.0.0,NOT_REVIEWED,,raw_prop=header_candidate_page_count,NOT_REVIEWED,DERIVED_RECONCILIATION
INE761H01022_2018,Page Industries Limited,2018,FIT,footer_candidate,CANDIDATE,t0.1_audit_detector,1,112,1,audit_detector_footer_candidate,1.0.0,NOT_REVIEWED,,raw_prop=footer_candidate_page_count,NOT_REVIEWED,DERIVED_RECONCILIATION
INE761H01022_2018,Page Industries Limited,2018,FIT,toc_candidate,CANDIDATE,t0.1_audit_detector,1,True,1,audit_detector_toc_candidate,1.0.0,NOT_REVIEWED,,raw_prop=toc_candidate,NOT_REVIEWED,DERIVED_RECONCILIATION
INE761H01022_2018,Page Industries Limited,2018,FIT,deep_hierarchy_candidate,CANDIDATE,t0.1_audit_detector,1,True,1,audit_detector_deep_hierarchy_candidate,1.0.0,NOT_REVIEWED,,raw_prop=deep_hierarchy_candidate,NOT_REVIEWED,DERIVED_RECONCILIATION
INE761H01022_2018,Page Industries Limited,2018,FIT,annexure_candidate,CANDIDATE,t0.1_audit_detector,1,True,1,audit_detector_annexure_candidate,1.0.0,NOT_REVIEWED,,raw_prop=annexure_candidate,NOT_REVIEWED,DERIVED_RECONCILIATION
INE761H01022_2018,Page Industries Limited,2018,FIT,combined_mdna_candidate,NOT_OBSERVED,t0.1_audit_detector,0,False,0,audit_detector_combined_mdna_candidate,1.0.0,NOT_REVIEWED,,raw_prop=combined_mdna_candidate,NOT_REVIEWED,DERIVED_RECONCILIATION
INE761H01022_2024,Page Industries Limited,2024,FIT,native,CANDIDATE,t0.1_audit_detector,1,197,1,audit_detector_native,1.0.0,NOT_REVIEWED,,raw_prop=native_page_count,NOT_REVIEWED,DERIVED_RECONCILIATION
INE761H01022_2024,Page Industries Limited,2024,FIT,scanned,NOT_OBSERVED,t0.1_audit_detector,0,0,0,audit_detector_scanned,1.0.0,NOT_REVIEWED,,raw_prop=scanned_page_count,NOT_REVIEWED,DERIVED_RECONCILIATION
INE761H01022_2024,Page Industries Limited,2024,FIT,ocr_layer_candidate,CANDIDATE,t0.1_audit_detector,1,2,1,audit_detector_ocr_layer_candidate,1.0.0,NOT_REVIEWED,,raw_prop=ocr_page_count,NOT_REVIEWED,DERIVED_RECONCILIATION
INE761H01022_2024,Page Industries Limited,2024,FIT,legacy_font_candidate,NOT_OBSERVED,t0.1_audit_detector,0,0,0,audit_detector_legacy_font_candidate,1.0.0,NOT_REVIEWED,,raw_prop=legacy_candidate_page_count,NOT_REVIEWED,DERIVED_RECONCILIATION
INE761H01022_2024,Page Industries Limited,2024,FIT,hidden_text_candidate,NOT_OBSERVED,t0.1_audit_detector,0,0,0,audit_detector_hidden_text_candidate,1.0.0,NOT_REVIEWED,,raw_prop=hidden_text_candidate_page_count,NOT_REVIEWED,DERIVED_RECONCILIATION
INE761H01022_2024,Page Industries Limited,2024,FIT,duplicate_text_candidate,NOT_OBSERVED,t0.1_audit_detector,0,0,0,audit_detector_duplicate_text_candidate,1.0.0,NOT_REVIEWED,,raw_prop=duplicate_text_candidate_page_count,NOT_REVIEWED,DERIVED_RECONCILIATION
INE761H01022_2024,Page Industries Limited,2024,FIT,devanagari_candidate,NOT_OBSERVED,t0.1_audit_detector,0,0,0,audit_detector_devanagari_candidate,1.0.0,NOT_REVIEWED,,raw_prop=devanagari_page_count,NOT_REVIEWED,DERIVED_RECONCILIATION
INE761H01022_2024,Page Industries Limited,2024,FIT,bilingual_candidate,NOT_OBSERVED,t0.1_audit_detector,0,0,0,audit_detector_bilingual_candidate,1.0.0,NOT_REVIEWED,,raw_prop=bilingual_candidate_page_count,NOT_REVIEWED,DERIVED_RECONCILIATION
INE761H01022_2024,Page Industries Limited,2024,FIT,two_column,CANDIDATE,t0.1_audit_detector,1,94,1,audit_detector_two_column,1.0.0,NOT_REVIEWED,,raw_prop=two_column_page_count,NOT_REVIEWED,DERIVED_RECONCILIATION
INE761H01022_2024,Page Industries Limited,2024,FIT,multi_column,CANDIDATE,t0.1_audit_detector,1,94,1,audit_detector_multi_column,1.0.0,NOT_REVIEWED,,raw_prop=multi_column_page_count,NOT_REVIEWED,DERIVED_RECONCILIATION
INE761H01022_2024,Page Industries Limited,2024,FIT,table_candidate,CANDIDATE,t0.1_audit_detector,1,198,1,audit_detector_table_candidate,1.0.0,NOT_REVIEWED,,raw_prop=table_candidate_page_count,NOT_REVIEWED,DERIVED_RECONCILIATION
INE761H01022_2024,Page Industries Limited,2024,FIT,header_candidate,NOT_OBSERVED,t0.1_audit_detector,0,0,0,audit_detector_header_candidate,1.0.0,NOT_REVIEWED,,raw_prop=header_candidate_page_count,NOT_REVIEWED,DERIVED_RECONCILIATION
INE761H01022_2024,Page Industries Limited,2024,FIT,footer_candidate,CANDIDATE,t0.1_audit_detector,1,195,1,audit_detector_footer_candidate,1.0.0,NOT_REVIEWED,,raw_prop=footer_candidate_page_count,NOT_REVIEWED,DERIVED_RECONCILIATION
INE761H01022_2024,Page Industries Limited,2024,FIT,toc_candidate,CANDIDATE,t0.1_audit_detector,1,True,1,audit_detector_toc_candidate,1.0.0,NOT_REVIEWED,,raw_prop=toc_candidate,NOT_REVIEWED,DERIVED_RECONCILIATION
INE761H01022_2024,Page Industries Limited,2024,FIT,deep_hierarchy_candidate,NOT_OBSERVED,t0.1_audit_detector,0,False,0,audit_detector_deep_hierarchy_candidate,1.0.0,NOT_REVIEWED,,raw_prop=deep_hierarchy_candidate,NOT_REVIEWED,DERIVED_RECONCILIATION
INE761H01022_2024,Page Industries Limited,2024,FIT,annexure_candidate,CANDIDATE,t0.1_audit_detector,1,True,1,audit_detector_annexure_candidate,1.0.0,NOT_REVIEWED,,raw_prop=annexure_candidate,NOT_REVIEWED,DERIVED_RECONCILIATION
INE761H01022_2024,Page Industries Limited,2024,FIT,combined_mdna_candidate,NOT_OBSERVED,t0.1_audit_detector,0,False,0,audit_detector_combined_mdna_candidate,1.0.0,NOT_REVIEWED,,raw_prop=combined_mdna_candidate,NOT_REVIEWED,DERIVED_RECONCILIATION
INE761H01022_2025,Page Industries Limited,2025,FIT,native,CANDIDATE,t0.1_audit_detector,1,202,1,audit_detector_native,1.0.0,NOT_REVIEWED,,raw_prop=native_page_count,NOT_REVIEWED,DERIVED_RECONCILIATION
INE761H01022_2025,Page Industries Limited,2025,FIT,scanned,NOT_OBSERVED,t0.1_audit_detector,0,0,0,audit_detector_scanned,1.0.0,NOT_REVIEWED,,raw_prop=scanned_page_count,NOT_REVIEWED,DERIVED_RECONCILIATION
INE761H01022_2025,Page Industries Limited,2025,FIT,ocr_layer_candidate,CANDIDATE,t0.1_audit_detector,1,1,1,audit_detector_ocr_layer_candidate,1.0.0,NOT_REVIEWED,,raw_prop=ocr_page_count,NOT_REVIEWED,DERIVED_RECONCILIATION
INE761H01022_2025,Page Industries Limited,2025,FIT,legacy_font_candidate,NOT_OBSERVED,t0.1_audit_detector,0,0,0,audit_detector_legacy_font_candidate,1.0.0,NOT_REVIEWED,,raw_prop=legacy_candidate_page_count,NOT_REVIEWED,DERIVED_RECONCILIATION
INE761H01022_2025,Page Industries Limited,2025,FIT,hidden_text_candidate,NOT_OBSERVED,t0.1_audit_detector,0,0,0,audit_detector_hidden_text_candidate,1.0.0,NOT_REVIEWED,,raw_prop=hidden_text_candidate_page_count,NOT_REVIEWED,DERIVED_RECONCILIATION
INE761H01022_2025,Page Industries Limited,2025,FIT,duplicate_text_candidate,NOT_OBSERVED,t0.1_audit_detector,0,0,0,audit_detector_duplicate_text_candidate,1.0.0,NOT_REVIEWED,,raw_prop=duplicate_text_candidate_page_count,NOT_REVIEWED,DERIVED_RECONCILIATION
INE761H01022_2025,Page Industries Limited,2025,FIT,devanagari_candidate,NOT_OBSERVED,t0.1_audit_detector,0,0,0,audit_detector_devanagari_candidate,1.0.0,NOT_REVIEWED,,raw_prop=devanagari_page_count,NOT_REVIEWED,DERIVED_RECONCILIATION
INE761H01022_2025,Page Industries Limited,2025,FIT,bilingual_candidate,NOT_OBSERVED,t0.1_audit_detector,0,0,0,audit_detector_bilingual_candidate,1.0.0,NOT_REVIEWED,,raw_prop=bilingual_candidate_page_count,NOT_REVIEWED,DERIVED_RECONCILIATION
INE761H01022_2025,Page Industries Limited,2025,FIT,two_column,CANDIDATE,t0.1_audit_detector,1,93,1,audit_detector_two_column,1.0.0,NOT_REVIEWED,,raw_prop=two_column_page_count,NOT_REVIEWED,DERIVED_RECONCILIATION
INE761H01022_2025,Page Industries Limited,2025,FIT,multi_column,CANDIDATE,t0.1_audit_detector,1,97,1,audit_detector_multi_column,1.0.0,NOT_REVIEWED,,raw_prop=multi_column_page_count,NOT_REVIEWED,DERIVED_RECONCILIATION
INE761H01022_2025,Page Industries Limited,2025,FIT,table_candidate,CANDIDATE,t0.1_audit_detector,1,202,1,audit_detector_table_candidate,1.0.0,NOT_REVIEWED,,raw_prop=table_candidate_page_count,NOT_REVIEWED,DERIVED_RECONCILIATION
INE761H01022_2025,Page Industries Limited,2025,FIT,header_candidate,CANDIDATE,t0.1_audit_detector,1,198,1,audit_detector_header_candidate,1.0.0,NOT_REVIEWED,,raw_prop=header_candidate_page_count,NOT_REVIEWED,DERIVED_RECONCILIATION
INE761H01022_2025,Page Industries Limited,2025,FIT,footer_candidate,CANDIDATE,t0.1_audit_detector,1,178,1,audit_detector_footer_candidate,1.0.0,NOT_REVIEWED,,raw_prop=footer_candidate_page_count,NOT_REVIEWED,DERIVED_RECONCILIATION
INE761H01022_2025,Page Industries Limited,2025,FIT,toc_candidate,CANDIDATE,t0.1_audit_detector,1,True,1,audit_detector_toc_candidate,1.0.0,NOT_REVIEWED,,raw_prop=toc_candidate,NOT_REVIEWED,DERIVED_RECONCILIATION
INE761H01022_2025,Page Industries Limited,2025,FIT,deep_hierarchy_candidate,NOT_OBSERVED,t0.1_audit_detector,0,False,0,audit_detector_deep_hierarchy_candidate,1.0.0,NOT_REVIEWED,,raw_prop=deep_hierarchy_candidate,NOT_REVIEWED,DERIVED_RECONCILIATION
INE761H01022_2025,Page Industries Limited,2025,FIT,annexure_candidate,CANDIDATE,t0.1_audit_detector,1,True,1,audit_detector_annexure_candidate,1.0.0,NOT_REVIEWED,,raw_prop=annexure_candidate,NOT_REVIEWED,DERIVED_RECONCILIATION
INE761H01022_2025,Page Industries Limited,2025,FIT,combined_mdna_candidate,NOT_OBSERVED,t0.1_audit_detector,0,False,0,audit_detector_combined_mdna_candidate,1.0.0,NOT_REVIEWED,,raw_prop=combined_mdna_candidate,NOT_REVIEWED,DERIVED_RECONCILIATION
INE797F01020_2012,Jubilant Foodworks Limited,2012,FIT,native,CANDIDATE,t0.1_audit_detector,1,99,1,audit_detector_native,1.0.0,NOT_REVIEWED,,raw_prop=native_page_count,NOT_REVIEWED,DERIVED_RECONCILIATION
INE797F01020_2012,Jubilant Foodworks Limited,2012,FIT,scanned,NOT_OBSERVED,t0.1_audit_detector,0,0,0,audit_detector_scanned,1.0.0,NOT_REVIEWED,,raw_prop=scanned_page_count,NOT_REVIEWED,DERIVED_RECONCILIATION
INE797F01020_2012,Jubilant Foodworks Limited,2012,FIT,ocr_layer_candidate,NOT_OBSERVED,t0.1_audit_detector,0,0,0,audit_detector_ocr_layer_candidate,1.0.0,NOT_REVIEWED,,raw_prop=ocr_page_count,NOT_REVIEWED,DERIVED_RECONCILIATION
INE797F01020_2012,Jubilant Foodworks Limited,2012,FIT,legacy_font_candidate,NOT_OBSERVED,t0.1_audit_detector,0,0,0,audit_detector_legacy_font_candidate,1.0.0,NOT_REVIEWED,,raw_prop=legacy_candidate_page_count,NOT_REVIEWED,DERIVED_RECONCILIATION
INE797F01020_2012,Jubilant Foodworks Limited,2012,FIT,hidden_text_candidate,NOT_OBSERVED,t0.1_audit_detector,0,0,0,audit_detector_hidden_text_candidate,1.0.0,NOT_REVIEWED,,raw_prop=hidden_text_candidate_page_count,NOT_REVIEWED,DERIVED_RECONCILIATION
INE797F01020_2012,Jubilant Foodworks Limited,2012,FIT,duplicate_text_candidate,NOT_OBSERVED,t0.1_audit_detector,0,0,0,audit_detector_duplicate_text_candidate,1.0.0,NOT_REVIEWED,,raw_prop=duplicate_text_candidate_page_count,NOT_REVIEWED,DERIVED_RECONCILIATION
INE797F01020_2012,Jubilant Foodworks Limited,2012,FIT,devanagari_candidate,NOT_OBSERVED,t0.1_audit_detector,0,0,0,audit_detector_devanagari_candidate,1.0.0,NOT_REVIEWED,,raw_prop=devanagari_page_count,NOT_REVIEWED,DERIVED_RECONCILIATION
INE797F01020_2012,Jubilant Foodworks Limited,2012,FIT,bilingual_candidate,NOT_OBSERVED,t0.1_audit_detector,0,0,0,audit_detector_bilingual_candidate,1.0.0,NOT_REVIEWED,,raw_prop=bilingual_candidate_page_count,NOT_REVIEWED,DERIVED_RECONCILIATION
INE797F01020_2012,Jubilant Foodworks Limited,2012,FIT,two_column,CANDIDATE,t0.1_audit_detector,1,43,1,audit_detector_two_column,1.0.0,NOT_REVIEWED,,raw_prop=two_column_page_count,NOT_REVIEWED,DERIVED_RECONCILIATION
INE797F01020_2012,Jubilant Foodworks Limited,2012,FIT,multi_column,CANDIDATE,t0.1_audit_detector,1,33,1,audit_detector_multi_column,1.0.0,NOT_REVIEWED,,raw_prop=multi_column_page_count,NOT_REVIEWED,DERIVED_RECONCILIATION
INE797F01020_2012,Jubilant Foodworks Limited,2012,FIT,table_candidate,CANDIDATE,t0.1_audit_detector,1,98,1,audit_detector_table_candidate,1.0.0,NOT_REVIEWED,,raw_prop=table_candidate_page_count,NOT_REVIEWED,DERIVED_RECONCILIATION
INE797F01020_2012,Jubilant Foodworks Limited,2012,FIT,header_candidate,NOT_OBSERVED,t0.1_audit_detector,0,0,0,audit_detector_header_candidate,1.0.0,NOT_REVIEWED,,raw_prop=header_candidate_page_count,NOT_REVIEWED,DERIVED_RECONCILIATION
INE797F01020_2012,Jubilant Foodworks Limited,2012,FIT,footer_candidate,NOT_OBSERVED,t0.1_audit_detector,0,0,0,audit_detector_footer_candidate,1.0.0,NOT_REVIEWED,,raw_prop=footer_candidate_page_count,NOT_REVIEWED,DERIVED_RECONCILIATION
INE797F01020_2012,Jubilant Foodworks Limited,2012,FIT,toc_candidate,CANDIDATE,t0.1_audit_detector,1,True,1,audit_detector_toc_candidate,1.0.0,NOT_REVIEWED,,raw_prop=toc_candidate,NOT_REVIEWED,DERIVED_RECONCILIATION
INE797F01020_2012,Jubilant Foodworks Limited,2012,FIT,deep_hierarchy_candidate,CANDIDATE,t0.1_audit_detector,1,True,1,audit_detector_deep_hierarchy_candidate,1.0.0,NOT_REVIEWED,,raw_prop=deep_hierarchy_candidate,NOT_REVIEWED,DERIVED_RECONCILIATION
INE797F01020_2012,Jubilant Foodworks Limited,2012,FIT,annexure_candidate,CANDIDATE,t0.1_audit_detector,1,True,1,audit_detector_annexure_candidate,1.0.0,NOT_REVIEWED,,raw_prop=annexure_candidate,NOT_REVIEWED,DERIVED_RECONCILIATION
INE797F01020_2012,Jubilant Foodworks Limited,2012,FIT,combined_mdna_candidate,NOT_OBSERVED,t0.1_audit_detector,0,False,0,audit_detector_combined_mdna_candidate,1.0.0,NOT_REVIEWED,,raw_prop=combined_mdna_candidate,NOT_REVIEWED,DERIVED_RECONCILIATION
INE797F01020_2013,Jubilant Foodworks Limited,2013,FIT,native,CANDIDATE,t0.1_audit_detector,1,108,1,audit_detector_native,1.0.0,NOT_REVIEWED,,raw_prop=native_page_count,NOT_REVIEWED,DERIVED_RECONCILIATION
INE797F01020_2013,Jubilant Foodworks Limited,2013,FIT,scanned,NOT_OBSERVED,t0.1_audit_detector,0,0,0,audit_detector_scanned,1.0.0,NOT_REVIEWED,,raw_prop=scanned_page_count,NOT_REVIEWED,DERIVED_RECONCILIATION
INE797F01020_2013,Jubilant Foodworks Limited,2013,FIT,ocr_layer_candidate,CANDIDATE,t0.1_audit_detector,1,1,1,audit_detector_ocr_layer_candidate,1.0.0,NOT_REVIEWED,,raw_prop=ocr_page_count,NOT_REVIEWED,DERIVED_RECONCILIATION
INE797F01020_2013,Jubilant Foodworks Limited,2013,FIT,legacy_font_candidate,CANDIDATE,t0.1_audit_detector,1,12,1,audit_detector_legacy_font_candidate,1.0.0,NOT_REVIEWED,,raw_prop=legacy_candidate_page_count,NOT_REVIEWED,DERIVED_RECONCILIATION
INE797F01020_2013,Jubilant Foodworks Limited,2013,FIT,hidden_text_candidate,NOT_OBSERVED,t0.1_audit_detector,0,0,0,audit_detector_hidden_text_candidate,1.0.0,NOT_REVIEWED,,raw_prop=hidden_text_candidate_page_count,NOT_REVIEWED,DERIVED_RECONCILIATION
INE797F01020_2013,Jubilant Foodworks Limited,2013,FIT,duplicate_text_candidate,NOT_OBSERVED,t0.1_audit_detector,0,0,0,audit_detector_duplicate_text_candidate,1.0.0,NOT_REVIEWED,,raw_prop=duplicate_text_candidate_page_count,NOT_REVIEWED,DERIVED_RECONCILIATION
INE797F01020_2013,Jubilant Foodworks Limited,2013,FIT,devanagari_candidate,NOT_OBSERVED,t0.1_audit_detector,0,0,0,audit_detector_devanagari_candidate,1.0.0,NOT_REVIEWED,,raw_prop=devanagari_page_count,NOT_REVIEWED,DERIVED_RECONCILIATION
INE797F01020_2013,Jubilant Foodworks Limited,2013,FIT,bilingual_candidate,NOT_OBSERVED,t0.1_audit_detector,0,0,0,audit_detector_bilingual_candidate,1.0.0,NOT_REVIEWED,,raw_prop=bilingual_candidate_page_count,NOT_REVIEWED,DERIVED_RECONCILIATION
INE797F01020_2013,Jubilant Foodworks Limited,2013,FIT,two_column,CANDIDATE,t0.1_audit_detector,1,55,1,audit_detector_two_column,1.0.0,NOT_REVIEWED,,raw_prop=two_column_page_count,NOT_REVIEWED,DERIVED_RECONCILIATION
INE797F01020_2013,Jubilant Foodworks Limited,2013,FIT,multi_column,CANDIDATE,t0.1_audit_detector,1,39,1,audit_detector_multi_column,1.0.0,NOT_REVIEWED,,raw_prop=multi_column_page_count,NOT_REVIEWED,DERIVED_RECONCILIATION
INE797F01020_2013,Jubilant Foodworks Limited,2013,FIT,table_candidate,CANDIDATE,t0.1_audit_detector,1,96,1,audit_detector_table_candidate,1.0.0,NOT_REVIEWED,,raw_prop=table_candidate_page_count,NOT_REVIEWED,DERIVED_RECONCILIATION
INE797F01020_2013,Jubilant Foodworks Limited,2013,FIT,header_candidate,NOT_OBSERVED,t0.1_audit_detector,0,0,0,audit_detector_header_candidate,1.0.0,NOT_REVIEWED,,raw_prop=header_candidate_page_count,NOT_REVIEWED,DERIVED_RECONCILIATION
INE797F01020_2013,Jubilant Foodworks Limited,2013,FIT,footer_candidate,CANDIDATE,t0.1_audit_detector,1,2,1,audit_detector_footer_candidate,1.0.0,NOT_REVIEWED,,raw_prop=footer_candidate_page_count,NOT_REVIEWED,DERIVED_RECONCILIATION
INE797F01020_2013,Jubilant Foodworks Limited,2013,FIT,toc_candidate,CANDIDATE,t0.1_audit_detector,1,True,1,audit_detector_toc_candidate,1.0.0,NOT_REVIEWED,,raw_prop=toc_candidate,NOT_REVIEWED,DERIVED_RECONCILIATION
INE797F01020_2013,Jubilant Foodworks Limited,2013,FIT,deep_hierarchy_candidate,CANDIDATE,t0.1_audit_detector,1,True,1,audit_detector_deep_hierarchy_candidate,1.0.0,NOT_REVIEWED,,raw_prop=deep_hierarchy_candidate,NOT_REVIEWED,DERIVED_RECONCILIATION
INE797F01020_2013,Jubilant Foodworks Limited,2013,FIT,annexure_candidate,CANDIDATE,t0.1_audit_detector,1,True,1,audit_detector_annexure_candidate,1.0.0,NOT_REVIEWED,,raw_prop=annexure_candidate,NOT_REVIEWED,DERIVED_RECONCILIATION
INE797F01020_2013,Jubilant Foodworks Limited,2013,FIT,combined_mdna_candidate,NOT_OBSERVED,t0.1_audit_detector,0,False,0,audit_detector_combined_mdna_candidate,1.0.0,NOT_REVIEWED,,raw_prop=combined_mdna_candidate,NOT_REVIEWED,DERIVED_RECONCILIATION
INE797F01020_2017,Jubilant Foodworks Limited,2017,FIT,native,CANDIDATE,t0.1_audit_detector,1,192,1,audit_detector_native,1.0.0,NOT_REVIEWED,,raw_prop=native_page_count,NOT_REVIEWED,DERIVED_RECONCILIATION
INE797F01020_2017,Jubilant Foodworks Limited,2017,FIT,scanned,CANDIDATE,t0.1_audit_detector,1,1,1,audit_detector_scanned,1.0.0,NOT_REVIEWED,,raw_prop=scanned_page_count,NOT_REVIEWED,DERIVED_RECONCILIATION
INE797F01020_2017,Jubilant Foodworks Limited,2017,FIT,ocr_layer_candidate,CANDIDATE,t0.1_audit_detector,1,1,1,audit_detector_ocr_layer_candidate,1.0.0,NOT_REVIEWED,,raw_prop=ocr_page_count,NOT_REVIEWED,DERIVED_RECONCILIATION
INE797F01020_2017,Jubilant Foodworks Limited,2017,FIT,legacy_font_candidate,NOT_OBSERVED,t0.1_audit_detector,0,0,0,audit_detector_legacy_font_candidate,1.0.0,NOT_REVIEWED,,raw_prop=legacy_candidate_page_count,NOT_REVIEWED,DERIVED_RECONCILIATION
INE797F01020_2017,Jubilant Foodworks Limited,2017,FIT,hidden_text_candidate,NOT_OBSERVED,t0.1_audit_detector,0,0,0,audit_detector_hidden_text_candidate,1.0.0,NOT_REVIEWED,,raw_prop=hidden_text_candidate_page_count,NOT_REVIEWED,DERIVED_RECONCILIATION
INE797F01020_2017,Jubilant Foodworks Limited,2017,FIT,duplicate_text_candidate,CANDIDATE,t0.1_audit_detector,1,1,1,audit_detector_duplicate_text_candidate,1.0.0,NOT_REVIEWED,,raw_prop=duplicate_text_candidate_page_count,NOT_REVIEWED,DERIVED_RECONCILIATION
INE797F01020_2017,Jubilant Foodworks Limited,2017,FIT,devanagari_candidate,NOT_OBSERVED,t0.1_audit_detector,0,0,0,audit_detector_devanagari_candidate,1.0.0,NOT_REVIEWED,,raw_prop=devanagari_page_count,NOT_REVIEWED,DERIVED_RECONCILIATION
INE797F01020_2017,Jubilant Foodworks Limited,2017,FIT,bilingual_candidate,NOT_OBSERVED,t0.1_audit_detector,0,0,0,audit_detector_bilingual_candidate,1.0.0,NOT_REVIEWED,,raw_prop=bilingual_candidate_page_count,NOT_REVIEWED,DERIVED_RECONCILIATION
INE797F01020_2017,Jubilant Foodworks Limited,2017,FIT,two_column,CANDIDATE,t0.1_audit_detector,1,87,1,audit_detector_two_column,1.0.0,NOT_REVIEWED,,raw_prop=two_column_page_count,NOT_REVIEWED,DERIVED_RECONCILIATION
INE797F01020_2017,Jubilant Foodworks Limited,2017,FIT,multi_column,CANDIDATE,t0.1_audit_detector,1,91,1,audit_detector_multi_column,1.0.0,NOT_REVIEWED,,raw_prop=multi_column_page_count,NOT_REVIEWED,DERIVED_RECONCILIATION
INE797F01020_2017,Jubilant Foodworks Limited,2017,FIT,table_candidate,CANDIDATE,t0.1_audit_detector,1,140,1,audit_detector_table_candidate,1.0.0,NOT_REVIEWED,,raw_prop=table_candidate_page_count,NOT_REVIEWED,DERIVED_RECONCILIATION
INE797F01020_2017,Jubilant Foodworks Limited,2017,FIT,header_candidate,NOT_OBSERVED,t0.1_audit_detector,0,0,0,audit_detector_header_candidate,1.0.0,NOT_REVIEWED,,raw_prop=header_candidate_page_count,NOT_REVIEWED,DERIVED_RECONCILIATION
INE797F01020_2017,Jubilant Foodworks Limited,2017,FIT,footer_candidate,NOT_OBSERVED,t0.1_audit_detector,0,0,0,audit_detector_footer_candidate,1.0.0,NOT_REVIEWED,,raw_prop=footer_candidate_page_count,NOT_REVIEWED,DERIVED_RECONCILIATION
INE797F01020_2017,Jubilant Foodworks Limited,2017,FIT,toc_candidate,CANDIDATE,t0.1_audit_detector,1,True,1,audit_detector_toc_candidate,1.0.0,NOT_REVIEWED,,raw_prop=toc_candidate,NOT_REVIEWED,DERIVED_RECONCILIATION
INE797F01020_2017,Jubilant Foodworks Limited,2017,FIT,deep_hierarchy_candidate,NOT_OBSERVED,t0.1_audit_detector,0,False,0,audit_detector_deep_hierarchy_candidate,1.0.0,NOT_REVIEWED,,raw_prop=deep_hierarchy_candidate,NOT_REVIEWED,DERIVED_RECONCILIATION
INE797F01020_2017,Jubilant Foodworks Limited,2017,FIT,annexure_candidate,CANDIDATE,t0.1_audit_detector,1,True,1,audit_detector_annexure_candidate,1.0.0,NOT_REVIEWED,,raw_prop=annexure_candidate,NOT_REVIEWED,DERIVED_RECONCILIATION
INE797F01020_2017,Jubilant Foodworks Limited,2017,FIT,combined_mdna_candidate,NOT_OBSERVED,t0.1_audit_detector,0,False,0,audit_detector_combined_mdna_candidate,1.0.0,NOT_REVIEWED,,raw_prop=combined_mdna_candidate,NOT_REVIEWED,DERIVED_RECONCILIATION
INE797F01020_2018,Jubilant Foodworks Limited,2018,FIT,native,CANDIDATE,t0.1_audit_detector,1,191,1,audit_detector_native,1.0.0,NOT_REVIEWED,,raw_prop=native_page_count,NOT_REVIEWED,DERIVED_RECONCILIATION
INE797F01020_2018,Jubilant Foodworks Limited,2018,FIT,scanned,NOT_OBSERVED,t0.1_audit_detector,0,0,0,audit_detector_scanned,1.0.0,NOT_REVIEWED,,raw_prop=scanned_page_count,NOT_REVIEWED,DERIVED_RECONCILIATION
INE797F01020_2018,Jubilant Foodworks Limited,2018,FIT,ocr_layer_candidate,NOT_OBSERVED,t0.1_audit_detector,0,0,0,audit_detector_ocr_layer_candidate,1.0.0,NOT_REVIEWED,,raw_prop=ocr_page_count,NOT_REVIEWED,DERIVED_RECONCILIATION
INE797F01020_2018,Jubilant Foodworks Limited,2018,FIT,legacy_font_candidate,NOT_OBSERVED,t0.1_audit_detector,0,0,0,audit_detector_legacy_font_candidate,1.0.0,NOT_REVIEWED,,raw_prop=legacy_candidate_page_count,NOT_REVIEWED,DERIVED_RECONCILIATION
INE797F01020_2018,Jubilant Foodworks Limited,2018,FIT,hidden_text_candidate,NOT_OBSERVED,t0.1_audit_detector,0,0,0,audit_detector_hidden_text_candidate,1.0.0,NOT_REVIEWED,,raw_prop=hidden_text_candidate_page_count,NOT_REVIEWED,DERIVED_RECONCILIATION
INE797F01020_2018,Jubilant Foodworks Limited,2018,FIT,duplicate_text_candidate,CANDIDATE,t0.1_audit_detector,1,2,1,audit_detector_duplicate_text_candidate,1.0.0,NOT_REVIEWED,,raw_prop=duplicate_text_candidate_page_count,NOT_REVIEWED,DERIVED_RECONCILIATION
INE797F01020_2018,Jubilant Foodworks Limited,2018,FIT,devanagari_candidate,NOT_OBSERVED,t0.1_audit_detector,0,0,0,audit_detector_devanagari_candidate,1.0.0,NOT_REVIEWED,,raw_prop=devanagari_page_count,NOT_REVIEWED,DERIVED_RECONCILIATION
INE797F01020_2018,Jubilant Foodworks Limited,2018,FIT,bilingual_candidate,NOT_OBSERVED,t0.1_audit_detector,0,0,0,audit_detector_bilingual_candidate,1.0.0,NOT_REVIEWED,,raw_prop=bilingual_candidate_page_count,NOT_REVIEWED,DERIVED_RECONCILIATION
INE797F01020_2018,Jubilant Foodworks Limited,2018,FIT,two_column,CANDIDATE,t0.1_audit_detector,1,105,1,audit_detector_two_column,1.0.0,NOT_REVIEWED,,raw_prop=two_column_page_count,NOT_REVIEWED,DERIVED_RECONCILIATION
INE797F01020_2018,Jubilant Foodworks Limited,2018,FIT,multi_column,CANDIDATE,t0.1_audit_detector,1,77,1,audit_detector_multi_column,1.0.0,NOT_REVIEWED,,raw_prop=multi_column_page_count,NOT_REVIEWED,DERIVED_RECONCILIATION
INE797F01020_2018,Jubilant Foodworks Limited,2018,FIT,table_candidate,CANDIDATE,t0.1_audit_detector,1,175,1,audit_detector_table_candidate,1.0.0,NOT_REVIEWED,,raw_prop=table_candidate_page_count,NOT_REVIEWED,DERIVED_RECONCILIATION
INE797F01020_2018,Jubilant Foodworks Limited,2018,FIT,header_candidate,NOT_OBSERVED,t0.1_audit_detector,0,0,0,audit_detector_header_candidate,1.0.0,NOT_REVIEWED,,raw_prop=header_candidate_page_count,NOT_REVIEWED,DERIVED_RECONCILIATION
INE797F01020_2018,Jubilant Foodworks Limited,2018,FIT,footer_candidate,NOT_OBSERVED,t0.1_audit_detector,0,0,0,audit_detector_footer_candidate,1.0.0,NOT_REVIEWED,,raw_prop=footer_candidate_page_count,NOT_REVIEWED,DERIVED_RECONCILIATION
INE797F01020_2018,Jubilant Foodworks Limited,2018,FIT,toc_candidate,CANDIDATE,t0.1_audit_detector,1,True,1,audit_detector_toc_candidate,1.0.0,NOT_REVIEWED,,raw_prop=toc_candidate,NOT_REVIEWED,DERIVED_RECONCILIATION
INE797F01020_2018,Jubilant Foodworks Limited,2018,FIT,deep_hierarchy_candidate,CANDIDATE,t0.1_audit_detector,1,True,1,audit_detector_deep_hierarchy_candidate,1.0.0,NOT_REVIEWED,,raw_prop=deep_hierarchy_candidate,NOT_REVIEWED,DERIVED_RECONCILIATION
INE797F01020_2018,Jubilant Foodworks Limited,2018,FIT,annexure_candidate,CANDIDATE,t0.1_audit_detector,1,True,1,audit_detector_annexure_candidate,1.0.0,NOT_REVIEWED,,raw_prop=annexure_candidate,NOT_REVIEWED,DERIVED_RECONCILIATION
INE797F01020_2018,Jubilant Foodworks Limited,2018,FIT,combined_mdna_candidate,NOT_OBSERVED,t0.1_audit_detector,0,False,0,audit_detector_combined_mdna_candidate,1.0.0,NOT_REVIEWED,,raw_prop=combined_mdna_candidate,NOT_REVIEWED,DERIVED_RECONCILIATION
INE797F01020_2024,Jubilant Foodworks Limited,2024,FIT,native,CANDIDATE,t0.1_audit_detector,1,294,1,audit_detector_native,1.0.0,NOT_REVIEWED,,raw_prop=native_page_count,NOT_REVIEWED,DERIVED_RECONCILIATION
INE797F01020_2024,Jubilant Foodworks Limited,2024,FIT,scanned,NOT_OBSERVED,t0.1_audit_detector,0,0,0,audit_detector_scanned,1.0.0,NOT_REVIEWED,,raw_prop=scanned_page_count,NOT_REVIEWED,DERIVED_RECONCILIATION
INE797F01020_2024,Jubilant Foodworks Limited,2024,FIT,ocr_layer_candidate,CANDIDATE,t0.1_audit_detector,1,1,1,audit_detector_ocr_layer_candidate,1.0.0,NOT_REVIEWED,,raw_prop=ocr_page_count,NOT_REVIEWED,DERIVED_RECONCILIATION
INE797F01020_2024,Jubilant Foodworks Limited,2024,FIT,legacy_font_candidate,NOT_OBSERVED,t0.1_audit_detector,0,0,0,audit_detector_legacy_font_candidate,1.0.0,NOT_REVIEWED,,raw_prop=legacy_candidate_page_count,NOT_REVIEWED,DERIVED_RECONCILIATION
INE797F01020_2024,Jubilant Foodworks Limited,2024,FIT,hidden_text_candidate,NOT_OBSERVED,t0.1_audit_detector,0,0,0,audit_detector_hidden_text_candidate,1.0.0,NOT_REVIEWED,,raw_prop=hidden_text_candidate_page_count,NOT_REVIEWED,DERIVED_RECONCILIATION
INE797F01020_2024,Jubilant Foodworks Limited,2024,FIT,duplicate_text_candidate,NOT_OBSERVED,t0.1_audit_detector,0,0,0,audit_detector_duplicate_text_candidate,1.0.0,NOT_REVIEWED,,raw_prop=duplicate_text_candidate_page_count,NOT_REVIEWED,DERIVED_RECONCILIATION
INE797F01020_2024,Jubilant Foodworks Limited,2024,FIT,devanagari_candidate,NOT_OBSERVED,t0.1_audit_detector,0,0,0,audit_detector_devanagari_candidate,1.0.0,NOT_REVIEWED,,raw_prop=devanagari_page_count,NOT_REVIEWED,DERIVED_RECONCILIATION
INE797F01020_2024,Jubilant Foodworks Limited,2024,FIT,bilingual_candidate,NOT_OBSERVED,t0.1_audit_detector,0,0,0,audit_detector_bilingual_candidate,1.0.0,NOT_REVIEWED,,raw_prop=bilingual_candidate_page_count,NOT_REVIEWED,DERIVED_RECONCILIATION
INE797F01020_2024,Jubilant Foodworks Limited,2024,FIT,two_column,CANDIDATE,t0.1_audit_detector,1,126,1,audit_detector_two_column,1.0.0,NOT_REVIEWED,,raw_prop=two_column_page_count,NOT_REVIEWED,DERIVED_RECONCILIATION
INE797F01020_2024,Jubilant Foodworks Limited,2024,FIT,multi_column,CANDIDATE,t0.1_audit_detector,1,156,1,audit_detector_multi_column,1.0.0,NOT_REVIEWED,,raw_prop=multi_column_page_count,NOT_REVIEWED,DERIVED_RECONCILIATION
INE797F01020_2024,Jubilant Foodworks Limited,2024,FIT,table_candidate,CANDIDATE,t0.1_audit_detector,1,176,1,audit_detector_table_candidate,1.0.0,NOT_REVIEWED,,raw_prop=table_candidate_page_count,NOT_REVIEWED,DERIVED_RECONCILIATION
INE797F01020_2024,Jubilant Foodworks Limited,2024,FIT,header_candidate,CANDIDATE,t0.1_audit_detector,1,33,1,audit_detector_header_candidate,1.0.0,NOT_REVIEWED,,raw_prop=header_candidate_page_count,NOT_REVIEWED,DERIVED_RECONCILIATION
INE797F01020_2024,Jubilant Foodworks Limited,2024,FIT,footer_candidate,CANDIDATE,t0.1_audit_detector,1,33,1,audit_detector_footer_candidate,1.0.0,NOT_REVIEWED,,raw_prop=footer_candidate_page_count,NOT_REVIEWED,DERIVED_RECONCILIATION
INE797F01020_2024,Jubilant Foodworks Limited,2024,FIT,toc_candidate,CANDIDATE,t0.1_audit_detector,1,True,1,audit_detector_toc_candidate,1.0.0,NOT_REVIEWED,,raw_prop=toc_candidate,NOT_REVIEWED,DERIVED_RECONCILIATION
INE797F01020_2024,Jubilant Foodworks Limited,2024,FIT,deep_hierarchy_candidate,CANDIDATE,t0.1_audit_detector,1,True,1,audit_detector_deep_hierarchy_candidate,1.0.0,NOT_REVIEWED,,raw_prop=deep_hierarchy_candidate,NOT_REVIEWED,DERIVED_RECONCILIATION
INE797F01020_2024,Jubilant Foodworks Limited,2024,FIT,annexure_candidate,CANDIDATE,t0.1_audit_detector,1,True,1,audit_detector_annexure_candidate,1.0.0,NOT_REVIEWED,,raw_prop=annexure_candidate,NOT_REVIEWED,DERIVED_RECONCILIATION
INE797F01020_2024,Jubilant Foodworks Limited,2024,FIT,combined_mdna_candidate,NOT_OBSERVED,t0.1_audit_detector,0,False,0,audit_detector_combined_mdna_candidate,1.0.0,NOT_REVIEWED,,raw_prop=combined_mdna_candidate,NOT_REVIEWED,DERIVED_RECONCILIATION
INE797F01020_2025,Jubilant Foodworks Limited,2025,FIT,native,CANDIDATE,t0.1_audit_detector,1,163,1,audit_detector_native,1.0.0,NOT_REVIEWED,,raw_prop=native_page_count,NOT_REVIEWED,DERIVED_RECONCILIATION
INE797F01020_2025,Jubilant Foodworks Limited,2025,FIT,scanned,NOT_OBSERVED,t0.1_audit_detector,0,0,0,audit_detector_scanned,1.0.0,NOT_REVIEWED,,raw_prop=scanned_page_count,NOT_REVIEWED,DERIVED_RECONCILIATION
INE797F01020_2025,Jubilant Foodworks Limited,2025,FIT,ocr_layer_candidate,CANDIDATE,t0.1_audit_detector,1,1,1,audit_detector_ocr_layer_candidate,1.0.0,NOT_REVIEWED,,raw_prop=ocr_page_count,NOT_REVIEWED,DERIVED_RECONCILIATION
INE797F01020_2025,Jubilant Foodworks Limited,2025,FIT,legacy_font_candidate,CANDIDATE,t0.1_audit_detector,1,3,1,audit_detector_legacy_font_candidate,1.0.0,NOT_REVIEWED,,raw_prop=legacy_candidate_page_count,NOT_REVIEWED,DERIVED_RECONCILIATION
INE797F01020_2025,Jubilant Foodworks Limited,2025,FIT,hidden_text_candidate,NOT_OBSERVED,t0.1_audit_detector,0,0,0,audit_detector_hidden_text_candidate,1.0.0,NOT_REVIEWED,,raw_prop=hidden_text_candidate_page_count,NOT_REVIEWED,DERIVED_RECONCILIATION
INE797F01020_2025,Jubilant Foodworks Limited,2025,FIT,duplicate_text_candidate,CANDIDATE,t0.1_audit_detector,1,3,1,audit_detector_duplicate_text_candidate,1.0.0,NOT_REVIEWED,,raw_prop=duplicate_text_candidate_page_count,NOT_REVIEWED,DERIVED_RECONCILIATION
INE797F01020_2025,Jubilant Foodworks Limited,2025,FIT,devanagari_candidate,NOT_OBSERVED,t0.1_audit_detector,0,0,0,audit_detector_devanagari_candidate,1.0.0,NOT_REVIEWED,,raw_prop=devanagari_page_count,NOT_REVIEWED,DERIVED_RECONCILIATION
INE797F01020_2025,Jubilant Foodworks Limited,2025,FIT,bilingual_candidate,NOT_OBSERVED,t0.1_audit_detector,0,0,0,audit_detector_bilingual_candidate,1.0.0,NOT_REVIEWED,,raw_prop=bilingual_candidate_page_count,NOT_REVIEWED,DERIVED_RECONCILIATION
INE797F01020_2025,Jubilant Foodworks Limited,2025,FIT,two_column,CANDIDATE,t0.1_audit_detector,1,153,1,audit_detector_two_column,1.0.0,NOT_REVIEWED,,raw_prop=two_column_page_count,NOT_REVIEWED,DERIVED_RECONCILIATION
INE797F01020_2025,Jubilant Foodworks Limited,2025,FIT,multi_column,CANDIDATE,t0.1_audit_detector,1,6,1,audit_detector_multi_column,1.0.0,NOT_REVIEWED,,raw_prop=multi_column_page_count,NOT_REVIEWED,DERIVED_RECONCILIATION
INE797F01020_2025,Jubilant Foodworks Limited,2025,FIT,table_candidate,CANDIDATE,t0.1_audit_detector,1,163,1,audit_detector_table_candidate,1.0.0,NOT_REVIEWED,,raw_prop=table_candidate_page_count,NOT_REVIEWED,DERIVED_RECONCILIATION
INE797F01020_2025,Jubilant Foodworks Limited,2025,FIT,header_candidate,CANDIDATE,t0.1_audit_detector,1,146,1,audit_detector_header_candidate,1.0.0,NOT_REVIEWED,,raw_prop=header_candidate_page_count,NOT_REVIEWED,DERIVED_RECONCILIATION
INE797F01020_2025,Jubilant Foodworks Limited,2025,FIT,footer_candidate,CANDIDATE,t0.1_audit_detector,1,146,1,audit_detector_footer_candidate,1.0.0,NOT_REVIEWED,,raw_prop=footer_candidate_page_count,NOT_REVIEWED,DERIVED_RECONCILIATION
INE797F01020_2025,Jubilant Foodworks Limited,2025,FIT,toc_candidate,CANDIDATE,t0.1_audit_detector,1,True,1,audit_detector_toc_candidate,1.0.0,NOT_REVIEWED,,raw_prop=toc_candidate,NOT_REVIEWED,DERIVED_RECONCILIATION
INE797F01020_2025,Jubilant Foodworks Limited,2025,FIT,deep_hierarchy_candidate,NOT_OBSERVED,t0.1_audit_detector,0,False,0,audit_detector_deep_hierarchy_candidate,1.0.0,NOT_REVIEWED,,raw_prop=deep_hierarchy_candidate,NOT_REVIEWED,DERIVED_RECONCILIATION
INE797F01020_2025,Jubilant Foodworks Limited,2025,FIT,annexure_candidate,CANDIDATE,t0.1_audit_detector,1,True,1,audit_detector_annexure_candidate,1.0.0,NOT_REVIEWED,,raw_prop=annexure_candidate,NOT_REVIEWED,DERIVED_RECONCILIATION
INE797F01020_2025,Jubilant Foodworks Limited,2025,FIT,combined_mdna_candidate,NOT_OBSERVED,t0.1_audit_detector,0,False,0,audit_detector_combined_mdna_candidate,1.0.0,NOT_REVIEWED,,raw_prop=combined_mdna_candidate,NOT_REVIEWED,DERIVED_RECONCILIATION
