document_id,issuer,company_id,fiscal_year,pdf_sha256,sha256_verified,file_size_bytes,page_count,source_locator,duplicate_group,producer,pdf_version,is_encrypted,openable,open_error,page_count_matches_manifest,parser_warning_count,has_outline,outline_depth,doc_kind_prior,conflicts,notes,native,native_evidence,scanned,scanned_evidence,mixed,mixed_evidence,legacy_font,legacy_font_evidence,OCR_layer,OCR_layer_evidence,hidden_text,hidden_text_evidence,duplicate_text,duplicate_text_evidence,bilingual,bilingual_evidence,Devanagari,Devanagari_evidence,two_column,two_column_evidence,multi_column,multi_column_evidence,full_width_header,full_width_header_evidence,full_width_footer,full_width_footer_evidence,table_heavy,table_heavy_evidence,figure_heavy,figure_heavy_evidence,image_heavy,image_heavy_evidence,toc_present,toc_present_evidence,toc_absent,toc_absent_evidence,toc_offset,toc_offset_evidence,bookmark_present,bookmark_present_evidence,bookmark_absent,bookmark_absent_evidence,deep_hierarchy,deep_hierarchy_evidence,annexure,annexure_evidence,combined_mda,combined_mda_evidence,unusual_heading,unusual_heading_evidence,long_report,long_report_evidence,short_report,short_report_evidence,mixed_orientation,mixed_orientation_evidence,mixed_page_sizes,mixed_page_sizes_evidence,visual_text_disagreement,visual_text_disagreement_evidence,vector_text_pages,vector_text_pages_evidence,semantic_impostor,semantic_impostor_evidence
INE001B01026_2012,KRBL Limited,INE001B01026,2012,85a43a887ebb82dfa83e2be710dcf39e815571c702aa0459ecfda2ce0b4481b4,True,4180498,104,D:\sem_iitk\sem9\thesis\sep_week1\arpipe-0.1.0\live_store\blobs\85\a4\85a43a887ebb82dfa83e2be710dcf39e815571c702aa0459ecfda2ce0b4481b4.pdf (live_store root=D:\sem_iitk\sem9\thesis\sep_week1\arpipe-0.1.0\live_store),INE001B01026_2012_singleton,CutePDF Demo (www.cutepdf.com),PDF 1.7,False,True,,True,0,False,0,digital,,mda_heading_in_outline=False (n_matches=0) | split=VALIDATION,True,KNOWN_FROM_PRIOR,False,KNOWN_FROM_PRIOR,False,KNOWN_FROM_PRIOR,False,INFERRED,False,INFERRED,True,INFERRED,UNKNOWN,UNKNOWN,False,KNOWN_FROM_PRIOR,False,OBSERVED,True,KNOWN_FROM_PRIOR,True,KNOWN_FROM_PRIOR,UNKNOWN,UNKNOWN,UNKNOWN,UNKNOWN,UNKNOWN,UNKNOWN,False,INFERRED,True,INFERRED,False,KNOWN_FROM_PRIOR,True,KNOWN_FROM_PRIOR,UNKNOWN,UNKNOWN,False,KNOWN_FROM_PRIOR,True,KNOWN_FROM_PRIOR,False,KNOWN_FROM_PRIOR,UNKNOWN,UNKNOWN,UNKNOWN,UNKNOWN,UNKNOWN,UNKNOWN,False,INFERRED,False,INFERRED,False,KNOWN_FROM_PRIOR,False,OBSERVED,False,INFERRED,False,KNOWN_FROM_PRIOR,UNKNOWN,UNKNOWN
INE001B01026_2013,KRBL Limited,INE001B01026,2013,65a39f97ae2faecdebd901d5487886dbdc3380a282772fc6528fe9449edebd85,True,7602453,120,D:\sem_iitk\sem9\thesis\sep_week1\arpipe-0.1.0\live_store\blobs\65\a3\65a39f97ae2faecdebd901d5487886dbdc3380a282772fc6528fe9449edebd85.pdf (live_store root=D:\sem_iitk\sem9\thesis\sep_week1\arpipe-0.1.0\live_store),INE001B01026_2013_singleton,iText 2.1.7 by 1T3XT,PDF 1.5,False,True,,True,0,False,0,mixed,,mda_heading_in_outline=False (n_matches=0) | split=VALIDATION,False,KNOWN_FROM_PRIOR,False,KNOWN_FROM_PRIOR,True,KNOWN_FROM_PRIOR,True,INFERRED,False,INFERRED,False,INFERRED,UNKNOWN,UNKNOWN,False,KNOWN_FROM_PRIOR,False,OBSERVED,True,KNOWN_FROM_PRIOR,True,KNOWN_FROM_PRIOR,UNKNOWN,UNKNOWN,UNKNOWN,UNKNOWN,UNKNOWN,UNKNOWN,True,INFERRED,True,INFERRED,False,KNOWN_FROM_PRIOR,True,KNOWN_FROM_PRIOR,UNKNOWN,UNKNOWN,False,KNOWN_FROM_PRIOR,True,KNOWN_FROM_PRIOR,False,KNOWN_FROM_PRIOR,UNKNOWN,UNKNOWN,UNKNOWN,UNKNOWN,UNKNOWN,UNKNOWN,False,INFERRED,False,INFERRED,False,KNOWN_FROM_PRIOR,True,OBSERVED,True,INFERRED,True,KNOWN_FROM_PRIOR,UNKNOWN,UNKNOWN
INE001B01026_2017,KRBL Limited,INE001B01026,2017,a7f1aa3e11271d82730e322f7bff4ff0bf937809e3bde6af26c1086426cd0393,True,7124363,237,D:\sem_iitk\sem9\thesis\sep_week1\arpipe-0.1.0\live_store\blobs\a7\f1\a7f1aa3e11271d82730e322f7bff4ff0bf937809e3bde6af26c1086426cd0393.pdf (live_store root=D:\sem_iitk\sem9\thesis\sep_week1\arpipe-0.1.0\live_store),INE001B01026_2017_singleton,Canon iR3025                    ,PDF 1.6,False,True,,True,0,True,2,mixed,,mda_heading_in_outline=False (n_matches=0) | split=VALIDATION,False,KNOWN_FROM_PRIOR,False,KNOWN_FROM_PRIOR,True,KNOWN_FROM_PRIOR,True,INFERRED,False,INFERRED,True,INFERRED,UNKNOWN,UNKNOWN,False,KNOWN_FROM_PRIOR,False,OBSERVED,True,KNOWN_FROM_PRIOR,True,KNOWN_FROM_PRIOR,UNKNOWN,UNKNOWN,UNKNOWN,UNKNOWN,UNKNOWN,UNKNOWN,True,INFERRED,True,INFERRED,True,KNOWN_FROM_PRIOR,False,KNOWN_FROM_PRIOR,UNKNOWN,UNKNOWN,True,KNOWN_FROM_PRIOR,False,KNOWN_FROM_PRIOR,False,KNOWN_FROM_PRIOR,False,INFERRED,False,INFERRED,False,INFERRED,True,INFERRED,False,INFERRED,False,KNOWN_FROM_PRIOR,True,OBSERVED,True,INFERRED,True,KNOWN_FROM_PRIOR,False,INFERRED
INE001B01026_2018,KRBL Limited,INE001B01026,2018,cff36dacff70715da6b6e09b4509abc9b9190ff15ed7bf2e4c840d8561f2f5b2,True,5773918,247,D:\sem_iitk\sem9\thesis\sep_week1\arpipe-0.1.0\live_store\blobs\cf\f3\cff36dacff70715da6b6e09b4509abc9b9190ff15ed7bf2e4c840d8561f2f5b2.pdf (live_store root=D:\sem_iitk\sem9\thesis\sep_week1\arpipe-0.1.0\live_store),INE001B01026_2018_singleton,iText 2.1.7 by 1T3XT,PDF 1.5,False,True,,True,0,False,0,mixed,,mda_heading_in_outline=False (n_matches=0) | split=VALIDATION,False,KNOWN_FROM_PRIOR,False,KNOWN_FROM_PRIOR,True,KNOWN_FROM_PRIOR,False,INFERRED,False,INFERRED,True,INFERRED,UNKNOWN,UNKNOWN,False,KNOWN_FROM_PRIOR,False,OBSERVED,True,KNOWN_FROM_PRIOR,True,KNOWN_FROM_PRIOR,UNKNOWN,UNKNOWN,UNKNOWN,UNKNOWN,UNKNOWN,UNKNOWN,True,INFERRED,True,INFERRED,False,KNOWN_FROM_PRIOR,True,KNOWN_FROM_PRIOR,UNKNOWN,UNKNOWN,False,KNOWN_FROM_PRIOR,True,KNOWN_FROM_PRIOR,False,KNOWN_FROM_PRIOR,UNKNOWN,UNKNOWN,UNKNOWN,UNKNOWN,UNKNOWN,UNKNOWN,True,INFERRED,False,INFERRED,False,KNOWN_FROM_PRIOR,True,OBSERVED,False,INFERRED,False,KNOWN_FROM_PRIOR,UNKNOWN,UNKNOWN
INE001B01026_2024,KRBL Limited,INE001B01026,2024,47744fb5b66bf3c5c47e8647e30f91d1243c2a671d26b580275772feca3be610,True,26905694,155,D:\sem_iitk\sem9\thesis\sep_week1\arpipe-0.1.0\live_store\blobs\47\74\47744fb5b66bf3c5c47e8647e30f91d1243c2a671d26b580275772feca3be610.pdf (live_store root=D:\sem_iitk\sem9\thesis\sep_week1\arpipe-0.1.0\live_store),INE001B01026_2024_singleton,Adobe PDF Library 11.0,PDF 1.7,False,True,,True,0,True,3,digital,,mda_heading_in_outline=False (n_matches=0) | split=VALIDATION,True,KNOWN_FROM_PRIOR,False,KNOWN_FROM_PRIOR,False,KNOWN_FROM_PRIOR,False,INFERRED,False,INFERRED,True,INFERRED,UNKNOWN,UNKNOWN,False,KNOWN_FROM_PRIOR,False,OBSERVED,True,KNOWN_FROM_PRIOR,True,KNOWN_FROM_PRIOR,UNKNOWN,UNKNOWN,UNKNOWN,UNKNOWN,UNKNOWN,UNKNOWN,True,INFERRED,True,INFERRED,True,KNOWN_FROM_PRIOR,False,KNOWN_FROM_PRIOR,UNKNOWN,UNKNOWN,True,KNOWN_FROM_PRIOR,False,KNOWN_FROM_PRIOR,True,KNOWN_FROM_PRIOR,False,INFERRED,False,INFERRED,False,INFERRED,True,INFERRED,False,INFERRED,False,KNOWN_FROM_PRIOR,True,OBSERVED,False,INFERRED,False,KNOWN_FROM_PRIOR,False,INFERRED
INE001B01026_2025,KRBL Limited,INE001B01026,2025,aebce9df42a3fec535b85099546b61d94c406086e2e183220c894808554d5d07,True,34429015,324,D:\sem_iitk\sem9\thesis\sep_week1\arpipe-0.1.0\live_store\blobs\ae\bc\aebce9df42a3fec535b85099546b61d94c406086e2e183220c894808554d5d07.pdf (live_store root=D:\sem_iitk\sem9\thesis\sep_week1\arpipe-0.1.0\live_store),INE001B01026_2025_singleton,Microsoft® Word 2016,PDF 1.7,False,True,,True,0,True,3,digital,,mda_heading_in_outline=False (n_matches=0) | split=VALIDATION,True,KNOWN_FROM_PRIOR,False,KNOWN_FROM_PRIOR,False,KNOWN_FROM_PRIOR,False,INFERRED,False,INFERRED,True,INFERRED,UNKNOWN,UNKNOWN,False,KNOWN_FROM_PRIOR,False,OBSERVED,True,KNOWN_FROM_PRIOR,True,KNOWN_FROM_PRIOR,UNKNOWN,UNKNOWN,UNKNOWN,UNKNOWN,UNKNOWN,UNKNOWN,True,INFERRED,True,INFERRED,True,KNOWN_FROM_PRIOR,False,KNOWN_FROM_PRIOR,UNKNOWN,UNKNOWN,True,KNOWN_FROM_PRIOR,False,KNOWN_FROM_PRIOR,True,KNOWN_FROM_PRIOR,False,INFERRED,False,INFERRED,False,INFERRED,True,INFERRED,False,INFERRED,False,KNOWN_FROM_PRIOR,True,OBSERVED,False,INFERRED,False,KNOWN_FROM_PRIOR,False,INFERRED
INE001F01019_2012,Modern Steels Limited,INE001F01019,2012,7ca96fce59cda07b884371a9af00365ccde511c33e5aaabb515b79df5e459dcb,True,892908,43,D:\sem_iitk\sem9\thesis\sep_week1\arpipe-0.1.0\live_store\blobs\7c\a9\7ca96fce59cda07b884371a9af00365ccde511c33e5aaabb515b79df5e459dcb.pdf (live_store root=D:\sem_iitk\sem9\thesis\sep_week1\arpipe-0.1.0\live_store),INE001F01019_2012_singleton,ABBYY FineReader 11,PDF 1.5,False,True,,True,0,False,0,digital,,mda_heading_in_outline=False (n_matches=0) | split=FIT,True,KNOWN_FROM_PRIOR,False,KNOWN_FROM_PRIOR,False,KNOWN_FROM_PRIOR,False,INFERRED,True,INFERRED,False,INFERRED,UNKNOWN,UNKNOWN,False,KNOWN_FROM_PRIOR,False,OBSERVED,True,KNOWN_FROM_PRIOR,True,KNOWN_FROM_PRIOR,UNKNOWN,UNKNOWN,UNKNOWN,UNKNOWN,UNKNOWN,UNKNOWN,False,INFERRED,True,INFERRED,False,KNOWN_FROM_PRIOR,True,KNOWN_FROM_PRIOR,UNKNOWN,UNKNOWN,False,KNOWN_FROM_PRIOR,True,KNOWN_FROM_PRIOR,False,KNOWN_FROM_PRIOR,UNKNOWN,UNKNOWN,UNKNOWN,UNKNOWN,UNKNOWN,UNKNOWN,False,INFERRED,False,INFERRED,False,KNOWN_FROM_PRIOR,True,OBSERVED,False,INFERRED,False,KNOWN_FROM_PRIOR,UNKNOWN,UNKNOWN
INE001F01019_2013,Modern Steels Limited,INE001F01019,2013,b43ffd8429742abbb63df738c25524448013c04f24a16ab8ce7a841307d1dd06,True,1180982,46,D:\sem_iitk\sem9\thesis\sep_week1\arpipe-0.1.0\live_store\blobs\b4\3f\b43ffd8429742abbb63df738c25524448013c04f24a16ab8ce7a841307d1dd06.pdf (live_store root=D:\sem_iitk\sem9\thesis\sep_week1\arpipe-0.1.0\live_store),INE001F01019_2013_singleton,ABBYY FineReader 11,PDF 1.5,False,True,,True,0,False,0,digital,,"KNOWN-FROM-PRIOR historical_ground_truth label: true_start=9 true_end=10 position_bucket=front (frozen labels.csv, not re-derived here; NOT copied into annotation_roster.csv gold fields) | mda_heading_in_outline=False (n_matches=0) | split=FIT",True,KNOWN_FROM_PRIOR,False,KNOWN_FROM_PRIOR,False,KNOWN_FROM_PRIOR,False,INFERRED,True,INFERRED,False,INFERRED,UNKNOWN,UNKNOWN,False,KNOWN_FROM_PRIOR,False,OBSERVED,True,KNOWN_FROM_PRIOR,True,KNOWN_FROM_PRIOR,UNKNOWN,UNKNOWN,UNKNOWN,UNKNOWN,UNKNOWN,UNKNOWN,False,INFERRED,True,INFERRED,False,KNOWN_FROM_PRIOR,True,KNOWN_FROM_PRIOR,UNKNOWN,UNKNOWN,False,KNOWN_FROM_PRIOR,True,KNOWN_FROM_PRIOR,False,KNOWN_FROM_PRIOR,UNKNOWN,UNKNOWN,UNKNOWN,UNKNOWN,UNKNOWN,UNKNOWN,False,INFERRED,False,INFERRED,False,KNOWN_FROM_PRIOR,True,OBSERVED,False,INFERRED,False,KNOWN_FROM_PRIOR,UNKNOWN,UNKNOWN
INE001F01019_2017,Modern Steels Limited,INE001F01019,2017,7d6c7f1dff985bd0ddb0e3f676f1673c0a0a73c9a8e5561ea362e0c5b00118cc,True,496683,48,D:\sem_iitk\sem9\thesis\sep_week1\arpipe-0.1.0\live_store\blobs\7d\6c\7d6c7f1dff985bd0ddb0e3f676f1673c0a0a73c9a8e5561ea362e0c5b00118cc.pdf (live_store root=D:\sem_iitk\sem9\thesis\sep_week1\arpipe-0.1.0\live_store),INE001F01019_2017_singleton,Adobe PDF Library 10.0.1,PDF 1.4,False,True,,True,0,False,0,digital,,mda_heading_in_outline=False (n_matches=0) | split=FIT,True,KNOWN_FROM_PRIOR,False,KNOWN_FROM_PRIOR,False,KNOWN_FROM_PRIOR,False,INFERRED,False,INFERRED,False,INFERRED,UNKNOWN,UNKNOWN,False,KNOWN_FROM_PRIOR,False,OBSERVED,True,KNOWN_FROM_PRIOR,True,KNOWN_FROM_PRIOR,UNKNOWN,UNKNOWN,UNKNOWN,UNKNOWN,UNKNOWN,UNKNOWN,True,INFERRED,False,INFERRED,False,KNOWN_FROM_PRIOR,True,KNOWN_FROM_PRIOR,UNKNOWN,UNKNOWN,False,KNOWN_FROM_PRIOR,True,KNOWN_FROM_PRIOR,False,KNOWN_FROM_PRIOR,UNKNOWN,UNKNOWN,UNKNOWN,UNKNOWN,UNKNOWN,UNKNOWN,False,INFERRED,False,INFERRED,False,KNOWN_FROM_PRIOR,False,OBSERVED,False,INFERRED,False,KNOWN_FROM_PRIOR,UNKNOWN,UNKNOWN
INE001F01019_2018,Modern Steels Limited,INE001F01019,2018,eb1db90ac4b641369bbef5c6fdec9cbe9848c6abe16943b39588d0cd8f3958fe,True,10794717,79,D:\sem_iitk\sem9\thesis\sep_week1\arpipe-0.1.0\live_store\blobs\eb\1d\eb1db90ac4b641369bbef5c6fdec9cbe9848c6abe16943b39588d0cd8f3958fe.pdf (live_store root=D:\sem_iitk\sem9\thesis\sep_week1\arpipe-0.1.0\live_store),INE001F01019_2018_singleton,Microsoft: Print To PDF,PDF 1.7,False,True,,True,0,True,1,mixed,,mda_heading_in_outline=False (n_matches=0) | split=FIT,False,KNOWN_FROM_PRIOR,False,KNOWN_FROM_PRIOR,True,KNOWN_FROM_PRIOR,True,INFERRED,False,INFERRED,False,INFERRED,UNKNOWN,UNKNOWN,False,KNOWN_FROM_PRIOR,False,OBSERVED,True,KNOWN_FROM_PRIOR,True,KNOWN_FROM_PRIOR,UNKNOWN,UNKNOWN,UNKNOWN,UNKNOWN,UNKNOWN,UNKNOWN,True,INFERRED,True,INFERRED,True,KNOWN_FROM_PRIOR,False,KNOWN_FROM_PRIOR,UNKNOWN,UNKNOWN,True,KNOWN_FROM_PRIOR,False,KNOWN_FROM_PRIOR,False,KNOWN_FROM_PRIOR,False,INFERRED,False,INFERRED,False,INFERRED,False,INFERRED,False,INFERRED,False,KNOWN_FROM_PRIOR,True,OBSERVED,True,INFERRED,False,KNOWN_FROM_PRIOR,False,INFERRED
INE001F01019_2024,Modern Steels Limited,INE001F01019,2024,be99894412fec2286577b6347fd4a6f6800470ccf44b5a905db3b2db4aa54e38,True,1569820,52,D:\sem_iitk\sem9\thesis\sep_week1\arpipe-0.1.0\live_store\blobs\be\99\be99894412fec2286577b6347fd4a6f6800470ccf44b5a905db3b2db4aa54e38.pdf (live_store root=D:\sem_iitk\sem9\thesis\sep_week1\arpipe-0.1.0\live_store),INE001F01019_2024_singleton,iLovePDF,PDF 1.7,False,True,,True,0,False,0,digital,,mda_heading_in_outline=False (n_matches=0) | split=FIT,True,KNOWN_FROM_PRIOR,False,KNOWN_FROM_PRIOR,False,KNOWN_FROM_PRIOR,False,INFERRED,False,INFERRED,False,INFERRED,UNKNOWN,UNKNOWN,False,KNOWN_FROM_PRIOR,False,OBSERVED,True,KNOWN_FROM_PRIOR,True,KNOWN_FROM_PRIOR,UNKNOWN,UNKNOWN,UNKNOWN,UNKNOWN,UNKNOWN,UNKNOWN,True,INFERRED,False,INFERRED,False,KNOWN_FROM_PRIOR,True,KNOWN_FROM_PRIOR,UNKNOWN,UNKNOWN,False,KNOWN_FROM_PRIOR,True,KNOWN_FROM_PRIOR,False,KNOWN_FROM_PRIOR,UNKNOWN,UNKNOWN,UNKNOWN,UNKNOWN,UNKNOWN,UNKNOWN,False,INFERRED,False,INFERRED,False,KNOWN_FROM_PRIOR,True,OBSERVED,False,INFERRED,False,KNOWN_FROM_PRIOR,UNKNOWN,UNKNOWN
INE001F01019_2025,Modern Steels Limited,INE001F01019,2025,e66945691df2a14d83442d060cf61e398e8317f1d9ad63bbe6202a410f588f22,True,1533031,48,D:\sem_iitk\sem9\thesis\sep_week1\arpipe-0.1.0\live_store\blobs\e6\69\e66945691df2a14d83442d060cf61e398e8317f1d9ad63bbe6202a410f588f22.pdf (live_store root=D:\sem_iitk\sem9\thesis\sep_week1\arpipe-0.1.0\live_store),INE001F01019_2025_singleton,iLovePDF,PDF 1.7,False,True,,True,0,False,0,digital,,mda_heading_in_outline=False (n_matches=0) | split=FIT,True,KNOWN_FROM_PRIOR,False,KNOWN_FROM_PRIOR,False,KNOWN_FROM_PRIOR,False,INFERRED,False,INFERRED,False,INFERRED,UNKNOWN,UNKNOWN,False,KNOWN_FROM_PRIOR,False,OBSERVED,True,KNOWN_FROM_PRIOR,True,KNOWN_FROM_PRIOR,UNKNOWN,UNKNOWN,UNKNOWN,UNKNOWN,UNKNOWN,UNKNOWN,True,INFERRED,False,INFERRED,False,KNOWN_FROM_PRIOR,True,KNOWN_FROM_PRIOR,UNKNOWN,UNKNOWN,False,KNOWN_FROM_PRIOR,True,KNOWN_FROM_PRIOR,False,KNOWN_FROM_PRIOR,UNKNOWN,UNKNOWN,UNKNOWN,UNKNOWN,UNKNOWN,UNKNOWN,False,INFERRED,False,INFERRED,False,KNOWN_FROM_PRIOR,True,OBSERVED,False,INFERRED,False,KNOWN_FROM_PRIOR,UNKNOWN,UNKNOWN
INE001O01029_2012,Risa International Limited,INE001O01029,2012,9f97d060e4ea6dc5435edc1e758bcf83f38247880952e872c5465ad814069ee6,True,257291,32,D:\sem_iitk\sem9\thesis\sep_week1\arpipe-0.1.0\live_store\blobs\9f\97\9f97d060e4ea6dc5435edc1e758bcf83f38247880952e872c5465ad814069ee6.pdf (live_store root=D:\sem_iitk\sem9\thesis\sep_week1\arpipe-0.1.0\live_store),INE001O01029_2012_singleton,doPDF Ver 7.2 Build 359 (Windows 7 Business Edition (SP 1) - Version: 6.1.7601 (x86)),PDF 1.5,False,True,,True,0,False,0,digital,,mda_heading_in_outline=False (n_matches=0) | split=HOLDOUT,True,KNOWN_FROM_PRIOR,False,KNOWN_FROM_PRIOR,False,KNOWN_FROM_PRIOR,False,INFERRED,False,INFERRED,False,INFERRED,UNKNOWN,UNKNOWN,False,KNOWN_FROM_PRIOR,False,OBSERVED,True,KNOWN_FROM_PRIOR,True,KNOWN_FROM_PRIOR,UNKNOWN,UNKNOWN,UNKNOWN,UNKNOWN,UNKNOWN,UNKNOWN,False,INFERRED,False,INFERRED,False,KNOWN_FROM_PRIOR,True,KNOWN_FROM_PRIOR,UNKNOWN,UNKNOWN,False,KNOWN_FROM_PRIOR,True,KNOWN_FROM_PRIOR,False,KNOWN_FROM_PRIOR,UNKNOWN,UNKNOWN,UNKNOWN,UNKNOWN,UNKNOWN,UNKNOWN,False,INFERRED,False,INFERRED,False,KNOWN_FROM_PRIOR,False,OBSERVED,False,INFERRED,False,KNOWN_FROM_PRIOR,UNKNOWN,UNKNOWN
INE001O01029_2013,Risa International Limited,INE001O01029,2013,3f8c94f2ccc212bbe21873647892c51e7a83ddd9c98ce4f0eeadc0e96be9383e,True,392617,35,D:\sem_iitk\sem9\thesis\sep_week1\arpipe-0.1.0\live_store\blobs\3f\8c\3f8c94f2ccc212bbe21873647892c51e7a83ddd9c98ce4f0eeadc0e96be9383e.pdf (live_store root=D:\sem_iitk\sem9\thesis\sep_week1\arpipe-0.1.0\live_store),INE001O01029_2013_singleton,CutePDF Demo (www.cutepdf.com),PDF 1.4,False,True,,True,0,True,1,digital,,mda_heading_in_outline=False (n_matches=0) | split=HOLDOUT,True,KNOWN_FROM_PRIOR,False,KNOWN_FROM_PRIOR,False,KNOWN_FROM_PRIOR,False,INFERRED,False,INFERRED,False,INFERRED,UNKNOWN,UNKNOWN,False,KNOWN_FROM_PRIOR,False,OBSERVED,True,KNOWN_FROM_PRIOR,True,KNOWN_FROM_PRIOR,UNKNOWN,UNKNOWN,UNKNOWN,UNKNOWN,UNKNOWN,UNKNOWN,False,INFERRED,True,INFERRED,True,KNOWN_FROM_PRIOR,False,KNOWN_FROM_PRIOR,UNKNOWN,UNKNOWN,True,KNOWN_FROM_PRIOR,False,KNOWN_FROM_PRIOR,False,KNOWN_FROM_PRIOR,False,INFERRED,False,INFERRED,False,INFERRED,False,INFERRED,False,INFERRED,False,KNOWN_FROM_PRIOR,True,OBSERVED,False,INFERRED,False,KNOWN_FROM_PRIOR,False,INFERRED
INE001O01029_2017,Risa International Limited,INE001O01029,2017,81f182a29e1321adae44e7022763374fefd9b3fad75d51f94c8ef34b85f5e4f3,True,823947,71,D:\sem_iitk\sem9\thesis\sep_week1\arpipe-0.1.0\live_store\blobs\81\f1\81f182a29e1321adae44e7022763374fefd9b3fad75d51f94c8ef34b85f5e4f3.pdf (live_store root=D:\sem_iitk\sem9\thesis\sep_week1\arpipe-0.1.0\live_store),INE001O01029_2017_singleton,Adobe Acrobat Pro 9.0.0,PDF 1.6,False,True,,True,0,True,2,digital,,mda_heading_in_outline=False (n_matches=0) | split=HOLDOUT,True,KNOWN_FROM_PRIOR,False,KNOWN_FROM_PRIOR,False,KNOWN_FROM_PRIOR,False,INFERRED,False,INFERRED,False,INFERRED,UNKNOWN,UNKNOWN,False,KNOWN_FROM_PRIOR,False,OBSERVED,True,KNOWN_FROM_PRIOR,True,KNOWN_FROM_PRIOR,UNKNOWN,UNKNOWN,UNKNOWN,UNKNOWN,UNKNOWN,UNKNOWN,True,INFERRED,True,INFERRED,True,KNOWN_FROM_PRIOR,False,KNOWN_FROM_PRIOR,UNKNOWN,UNKNOWN,True,KNOWN_FROM_PRIOR,False,KNOWN_FROM_PRIOR,False,KNOWN_FROM_PRIOR,False,INFERRED,False,INFERRED,False,INFERRED,False,INFERRED,False,INFERRED,False,KNOWN_FROM_PRIOR,True,OBSERVED,False,INFERRED,False,KNOWN_FROM_PRIOR,False,INFERRED
INE001O01029_2018,Risa International Limited,INE001O01029,2018,07d7ef68807f64353f662e3bbd38b9e1a76e9c448307381ed41ceee241c788a7,True,661932,74,D:\sem_iitk\sem9\thesis\sep_week1\arpipe-0.1.0\live_store\blobs\07\d7\07d7ef68807f64353f662e3bbd38b9e1a76e9c448307381ed41ceee241c788a7.pdf (live_store root=D:\sem_iitk\sem9\thesis\sep_week1\arpipe-0.1.0\live_store),INE001O01029_2018_singleton,,PDF 1.6,False,True,,True,0,False,0,digital,,mda_heading_in_outline=False (n_matches=0) | split=HOLDOUT,True,KNOWN_FROM_PRIOR,False,KNOWN_FROM_PRIOR,False,KNOWN_FROM_PRIOR,False,INFERRED,False,INFERRED,False,INFERRED,UNKNOWN,UNKNOWN,False,KNOWN_FROM_PRIOR,False,OBSERVED,True,KNOWN_FROM_PRIOR,True,KNOWN_FROM_PRIOR,UNKNOWN,UNKNOWN,UNKNOWN,UNKNOWN,UNKNOWN,UNKNOWN,True,INFERRED,True,INFERRED,False,KNOWN_FROM_PRIOR,True,KNOWN_FROM_PRIOR,UNKNOWN,UNKNOWN,False,KNOWN_FROM_PRIOR,True,KNOWN_FROM_PRIOR,False,KNOWN_FROM_PRIOR,UNKNOWN,UNKNOWN,UNKNOWN,UNKNOWN,UNKNOWN,UNKNOWN,False,INFERRED,False,INFERRED,False,KNOWN_FROM_PRIOR,True,OBSERVED,False,INFERRED,False,KNOWN_FROM_PRIOR,UNKNOWN,UNKNOWN
INE001O01029_2024,Risa International Limited,INE001O01029,2024,22b287d7c3e3306dcb741a0e2551d5ad7d1dfb4670aca4ecda4d9156bc8a8630,True,8065211,96,D:\sem_iitk\sem9\thesis\sep_week1\arpipe-0.1.0\live_store\blobs\22\b2\22b287d7c3e3306dcb741a0e2551d5ad7d1dfb4670aca4ecda4d9156bc8a8630.pdf (live_store root=D:\sem_iitk\sem9\thesis\sep_week1\arpipe-0.1.0\live_store),INE001O01029_2024_singleton,iLovePDF,PDF 1.5,False,True,,True,0,False,0,digital,,mda_heading_in_outline=False (n_matches=0) | split=HOLDOUT,True,KNOWN_FROM_PRIOR,False,KNOWN_FROM_PRIOR,False,KNOWN_FROM_PRIOR,False,INFERRED,False,INFERRED,True,INFERRED,UNKNOWN,UNKNOWN,False,KNOWN_FROM_PRIOR,False,OBSERVED,True,KNOWN_FROM_PRIOR,True,KNOWN_FROM_PRIOR,UNKNOWN,UNKNOWN,UNKNOWN,UNKNOWN,UNKNOWN,UNKNOWN,False,INFERRED,True,INFERRED,False,KNOWN_FROM_PRIOR,True,KNOWN_FROM_PRIOR,UNKNOWN,UNKNOWN,False,KNOWN_FROM_PRIOR,True,KNOWN_FROM_PRIOR,False,KNOWN_FROM_PRIOR,UNKNOWN,UNKNOWN,UNKNOWN,UNKNOWN,UNKNOWN,UNKNOWN,False,INFERRED,False,INFERRED,False,KNOWN_FROM_PRIOR,True,OBSERVED,False,INFERRED,False,KNOWN_FROM_PRIOR,UNKNOWN,UNKNOWN
INE001O01029_2025,Risa International Limited,INE001O01029,2025,b94f484e5c56c1a354763aab059fd81c53e867128c2f321ec5fdf51a401b2606,True,10367432,104,D:\sem_iitk\sem9\thesis\sep_week1\arpipe-0.1.0\live_store\blobs\b9\4f\b94f484e5c56c1a354763aab059fd81c53e867128c2f321ec5fdf51a401b2606.pdf (live_store root=D:\sem_iitk\sem9\thesis\sep_week1\arpipe-0.1.0\live_store),INE001O01029_2025_singleton,iLovePDF,PDF 1.5,False,True,,True,0,False,0,digital,,mda_heading_in_outline=False (n_matches=0) | split=HOLDOUT,True,KNOWN_FROM_PRIOR,False,KNOWN_FROM_PRIOR,False,KNOWN_FROM_PRIOR,False,INFERRED,False,INFERRED,True,INFERRED,UNKNOWN,UNKNOWN,False,KNOWN_FROM_PRIOR,False,OBSERVED,True,KNOWN_FROM_PRIOR,True,KNOWN_FROM_PRIOR,UNKNOWN,UNKNOWN,UNKNOWN,UNKNOWN,UNKNOWN,UNKNOWN,False,INFERRED,True,INFERRED,False,KNOWN_FROM_PRIOR,True,KNOWN_FROM_PRIOR,UNKNOWN,UNKNOWN,False,KNOWN_FROM_PRIOR,True,KNOWN_FROM_PRIOR,False,KNOWN_FROM_PRIOR,UNKNOWN,UNKNOWN,UNKNOWN,UNKNOWN,UNKNOWN,UNKNOWN,False,INFERRED,False,INFERRED,False,KNOWN_FROM_PRIOR,True,OBSERVED,False,INFERRED,False,KNOWN_FROM_PRIOR,UNKNOWN,UNKNOWN
INE002A01018_2012,Reliance Industries Limited,INE002A01018,2012,7d5e6932d247fc16e41791ecbd03fc25403955c65b4b649536e09a46d50e795a,True,5111665,220,D:\sem_iitk\sem9\thesis\sep_week1\arpipe-0.1.0\live_store\blobs\7d\5e\7d5e6932d247fc16e41791ecbd03fc25403955c65b4b649536e09a46d50e795a.pdf (live_store root=D:\sem_iitk\sem9\thesis\sep_week1\arpipe-0.1.0\live_store),INE002A01018_2012_singleton,Adobe PDF Library 9.9,PDF 1.6,False,True,,True,0,True,1,digital,,mda_heading_in_outline=False (n_matches=0) | split=FIT,True,KNOWN_FROM_PRIOR,False,KNOWN_FROM_PRIOR,False,KNOWN_FROM_PRIOR,False,INFERRED,False,INFERRED,True,INFERRED,UNKNOWN,UNKNOWN,False,KNOWN_FROM_PRIOR,False,OBSERVED,True,KNOWN_FROM_PRIOR,True,KNOWN_FROM_PRIOR,UNKNOWN,UNKNOWN,UNKNOWN,UNKNOWN,UNKNOWN,UNKNOWN,True,INFERRED,True,INFERRED,True,KNOWN_FROM_PRIOR,False,KNOWN_FROM_PRIOR,UNKNOWN,UNKNOWN,True,KNOWN_FROM_PRIOR,False,KNOWN_FROM_PRIOR,False,KNOWN_FROM_PRIOR,False,INFERRED,False,INFERRED,False,INFERRED,True,INFERRED,False,INFERRED,False,KNOWN_FROM_PRIOR,True,OBSERVED,False,INFERRED,True,KNOWN_FROM_PRIOR,False,INFERRED
INE002A01018_2013,Reliance Industries Limited,INE002A01018,2013,39f0bf74cb5ae371b4d4613b016c854bb19b63ff7f4fb44084f4ecd9fbf23cdd,True,3301997,228,D:\sem_iitk\sem9\thesis\sep_week1\arpipe-0.1.0\live_store\blobs\39\f0\39f0bf74cb5ae371b4d4613b016c854bb19b63ff7f4fb44084f4ecd9fbf23cdd.pdf (live_store root=D:\sem_iitk\sem9\thesis\sep_week1\arpipe-0.1.0\live_store),INE002A01018_2013_singleton,Adobe PDF Library 10.0.1,PDF 1.6,False,True,,True,88,True,4,digital,,"KNOWN-FROM-PRIOR historical_ground_truth label: true_start=20 true_end=55 position_bucket=front (frozen labels.csv, not re-derived here; NOT copied into annotation_roster.csv gold fields) | mda_heading_in_outline=False (n_matches=0) | split=FIT",True,KNOWN_FROM_PRIOR,False,KNOWN_FROM_PRIOR,False,KNOWN_FROM_PRIOR,False,INFERRED,False,INFERRED,True,INFERRED,UNKNOWN,UNKNOWN,False,KNOWN_FROM_PRIOR,False,OBSERVED,True,KNOWN_FROM_PRIOR,True,KNOWN_FROM_PRIOR,UNKNOWN,UNKNOWN,UNKNOWN,UNKNOWN,UNKNOWN,UNKNOWN,True,INFERRED,True,INFERRED,True,KNOWN_FROM_PRIOR,False,KNOWN_FROM_PRIOR,UNKNOWN,UNKNOWN,True,KNOWN_FROM_PRIOR,False,KNOWN_FROM_PRIOR,True,KNOWN_FROM_PRIOR,False,INFERRED,False,INFERRED,False,INFERRED,True,INFERRED,False,INFERRED,False,KNOWN_FROM_PRIOR,True,OBSERVED,False,INFERRED,True,KNOWN_FROM_PRIOR,False,INFERRED
INE002A01018_2017,Reliance Industries Limited,INE002A01018,2017,a92ec874a698232e567b718ac71f406995a2ea89b7ad39d14810efc75b4d7248,True,16252196,461,D:\sem_iitk\sem9\thesis\sep_week1\arpipe-0.1.0\live_store\blobs\a9\2e\a92ec874a698232e567b718ac71f406995a2ea89b7ad39d14810efc75b4d7248.pdf (live_store root=D:\sem_iitk\sem9\thesis\sep_week1\arpipe-0.1.0\live_store),INE002A01018_2017_singleton,Adobe Acrobat Pro 10.0.0,PDF 1.6,False,True,,True,0,True,3,digital,,mda_heading_in_outline=False (n_matches=0) | split=FIT,True,KNOWN_FROM_PRIOR,False,KNOWN_FROM_PRIOR,False,KNOWN_FROM_PRIOR,False,INFERRED,False,INFERRED,True,INFERRED,UNKNOWN,UNKNOWN,False,KNOWN_FROM_PRIOR,False,OBSERVED,True,KNOWN_FROM_PRIOR,True,KNOWN_FROM_PRIOR,UNKNOWN,UNKNOWN,UNKNOWN,UNKNOWN,UNKNOWN,UNKNOWN,True,INFERRED,True,INFERRED,True,KNOWN_FROM_PRIOR,False,KNOWN_FROM_PRIOR,UNKNOWN,UNKNOWN,True,KNOWN_FROM_PRIOR,False,KNOWN_FROM_PRIOR,True,KNOWN_FROM_PRIOR,False,INFERRED,False,INFERRED,False,INFERRED,True,INFERRED,False,INFERRED,False,KNOWN_FROM_PRIOR,True,OBSERVED,False,INFERRED,False,KNOWN_FROM_PRIOR,False,INFERRED
INE002A01018_2018,Reliance Industries Limited,INE002A01018,2018,3c12799b657541213f47910b4326952652cdc6ee53ec593e8a959f933e2ae0f3,True,15391142,447,D:\sem_iitk\sem9\thesis\sep_week1\arpipe-0.1.0\live_store\blobs\3c\12\3c12799b657541213f47910b4326952652cdc6ee53ec593e8a959f933e2ae0f3.pdf (live_store root=D:\sem_iitk\sem9\thesis\sep_week1\arpipe-0.1.0\live_store),INE002A01018_2018_singleton,Acrobat Distiller 15.0 (Windows),PDF 1.6,False,True,,True,0,False,0,scanned,,mda_heading_in_outline=False (n_matches=0) | split=FIT,False,KNOWN_FROM_PRIOR,True,KNOWN_FROM_PRIOR,False,KNOWN_FROM_PRIOR,True,INFERRED,False,INFERRED,True,INFERRED,UNKNOWN,UNKNOWN,False,KNOWN_FROM_PRIOR,False,OBSERVED,True,KNOWN_FROM_PRIOR,True,KNOWN_FROM_PRIOR,UNKNOWN,UNKNOWN,UNKNOWN,UNKNOWN,UNKNOWN,UNKNOWN,True,INFERRED,True,INFERRED,False,KNOWN_FROM_PRIOR,True,KNOWN_FROM_PRIOR,UNKNOWN,UNKNOWN,False,KNOWN_FROM_PRIOR,True,KNOWN_FROM_PRIOR,False,KNOWN_FROM_PRIOR,UNKNOWN,UNKNOWN,UNKNOWN,UNKNOWN,UNKNOWN,UNKNOWN,True,INFERRED,False,INFERRED,False,KNOWN_FROM_PRIOR,True,OBSERVED,True,INFERRED,False,KNOWN_FROM_PRIOR,UNKNOWN,UNKNOWN
INE002A01018_2024,Reliance Industries Limited,INE002A01018,2024,4d7d6038b4d6957981fb422bc501ea893765c24611ea1fa8a5d3cd9425541eae,True,12354677,181,D:\sem_iitk\sem9\thesis\sep_week1\arpipe-0.1.0\live_store\blobs\4d\7d\4d7d6038b4d6957981fb422bc501ea893765c24611ea1fa8a5d3cd9425541eae.pdf (live_store root=D:\sem_iitk\sem9\thesis\sep_week1\arpipe-0.1.0\live_store),INE002A01018_2024_singleton,Adobe PDF Library 17.0,PDF 1.7,False,True,,True,0,False,0,digital,,mda_heading_in_outline=False (n_matches=0) | split=FIT,True,KNOWN_FROM_PRIOR,False,KNOWN_FROM_PRIOR,False,KNOWN_FROM_PRIOR,False,INFERRED,False,INFERRED,False,INFERRED,UNKNOWN,UNKNOWN,False,KNOWN_FROM_PRIOR,False,OBSERVED,True,KNOWN_FROM_PRIOR,True,KNOWN_FROM_PRIOR,UNKNOWN,UNKNOWN,UNKNOWN,UNKNOWN,UNKNOWN,UNKNOWN,True,INFERRED,True,INFERRED,False,KNOWN_FROM_PRIOR,True,KNOWN_FROM_PRIOR,UNKNOWN,UNKNOWN,False,KNOWN_FROM_PRIOR,True,KNOWN_FROM_PRIOR,False,KNOWN_FROM_PRIOR,UNKNOWN,UNKNOWN,UNKNOWN,UNKNOWN,UNKNOWN,UNKNOWN,True,INFERRED,False,INFERRED,False,KNOWN_FROM_PRIOR,True,OBSERVED,False,INFERRED,False,KNOWN_FROM_PRIOR,UNKNOWN,UNKNOWN
INE002A01018_2025,Reliance Industries Limited,INE002A01018,2025,c46ac824ba00bc39d70f66fcaece42dc1af4e32dd91c2a9038fc443618ec2908,True,8858713,174,D:\sem_iitk\sem9\thesis\sep_week1\arpipe-0.1.0\live_store\blobs\c4\6a\c46ac824ba00bc39d70f66fcaece42dc1af4e32dd91c2a9038fc443618ec2908.pdf (live_store root=D:\sem_iitk\sem9\thesis\sep_week1\arpipe-0.1.0\live_store),INE002A01018_2025_singleton,Microsoft® Word 2016,PDF 1.7,False,True,,True,0,False,0,digital,,mda_heading_in_outline=False (n_matches=0) | split=FIT,True,KNOWN_FROM_PRIOR,False,KNOWN_FROM_PRIOR,False,KNOWN_FROM_PRIOR,False,INFERRED,False,INFERRED,False,INFERRED,UNKNOWN,UNKNOWN,False,KNOWN_FROM_PRIOR,False,OBSERVED,True,KNOWN_FROM_PRIOR,True,KNOWN_FROM_PRIOR,UNKNOWN,UNKNOWN,UNKNOWN,UNKNOWN,UNKNOWN,UNKNOWN,True,INFERRED,True,INFERRED,False,KNOWN_FROM_PRIOR,True,KNOWN_FROM_PRIOR,UNKNOWN,UNKNOWN,False,KNOWN_FROM_PRIOR,True,KNOWN_FROM_PRIOR,False,KNOWN_FROM_PRIOR,UNKNOWN,UNKNOWN,UNKNOWN,UNKNOWN,UNKNOWN,UNKNOWN,True,INFERRED,False,INFERRED,False,KNOWN_FROM_PRIOR,True,OBSERVED,False,INFERRED,False,KNOWN_FROM_PRIOR,UNKNOWN,UNKNOWN
INE002B01016_2012,MADALA HOLDINGS LIMITED,INE002B01016,2012,eab8aa48f124b68ab28a362ded5f6e46331154125654bd629c4942aba9aaae2e,True,1621371,77,D:\sem_iitk\sem9\thesis\sep_week1\arpipe-0.1.0\live_store\blobs\ea\b8\eab8aa48f124b68ab28a362ded5f6e46331154125654bd629c4942aba9aaae2e.pdf (live_store root=D:\sem_iitk\sem9\thesis\sep_week1\arpipe-0.1.0\live_store),INE002B01016_2012_singleton,ABBYY FineReader 11,PDF 1.5,False,True,,True,0,False,0,mixed,,mda_heading_in_outline=False (n_matches=0) | split=HOLDOUT,False,KNOWN_FROM_PRIOR,False,KNOWN_FROM_PRIOR,True,KNOWN_FROM_PRIOR,False,INFERRED,True,INFERRED,True,INFERRED,UNKNOWN,UNKNOWN,False,KNOWN_FROM_PRIOR,False,OBSERVED,True,KNOWN_FROM_PRIOR,True,KNOWN_FROM_PRIOR,UNKNOWN,UNKNOWN,UNKNOWN,UNKNOWN,UNKNOWN,UNKNOWN,False,INFERRED,True,INFERRED,False,KNOWN_FROM_PRIOR,True,KNOWN_FROM_PRIOR,UNKNOWN,UNKNOWN,False,KNOWN_FROM_PRIOR,True,KNOWN_FROM_PRIOR,False,KNOWN_FROM_PRIOR,UNKNOWN,UNKNOWN,UNKNOWN,UNKNOWN,UNKNOWN,UNKNOWN,False,INFERRED,False,INFERRED,False,KNOWN_FROM_PRIOR,True,OBSERVED,False,INFERRED,False,KNOWN_FROM_PRIOR,UNKNOWN,UNKNOWN
INE002B01016_2013,MADALA HOLDINGS LIMITED,INE002B01016,2013,e9260e0004a0acea803a172956029d231b7dee6aa184dbf222f582da173ed9ce,True,1642770,79,D:\sem_iitk\sem9\thesis\sep_week1\arpipe-0.1.0\live_store\blobs\e9\26\e9260e0004a0acea803a172956029d231b7dee6aa184dbf222f582da173ed9ce.pdf (live_store root=D:\sem_iitk\sem9\thesis\sep_week1\arpipe-0.1.0\live_store),INE002B01016_2013_singleton,ABBYY FineReader 11,PDF 1.5,False,True,,True,0,False,0,digital,,mda_heading_in_outline=False (n_matches=0) | split=HOLDOUT,True,KNOWN_FROM_PRIOR,False,KNOWN_FROM_PRIOR,False,KNOWN_FROM_PRIOR,False,INFERRED,True,INFERRED,True,INFERRED,UNKNOWN,UNKNOWN,False,KNOWN_FROM_PRIOR,False,OBSERVED,True,KNOWN_FROM_PRIOR,True,KNOWN_FROM_PRIOR,UNKNOWN,UNKNOWN,UNKNOWN,UNKNOWN,UNKNOWN,UNKNOWN,False,INFERRED,True,INFERRED,False,KNOWN_FROM_PRIOR,True,KNOWN_FROM_PRIOR,UNKNOWN,UNKNOWN,False,KNOWN_FROM_PRIOR,True,KNOWN_FROM_PRIOR,False,KNOWN_FROM_PRIOR,UNKNOWN,UNKNOWN,UNKNOWN,UNKNOWN,UNKNOWN,UNKNOWN,False,INFERRED,False,INFERRED,False,KNOWN_FROM_PRIOR,True,OBSERVED,False,INFERRED,False,KNOWN_FROM_PRIOR,UNKNOWN,UNKNOWN
INE002B01016_2017,MADALA HOLDINGS LIMITED,INE002B01016,2017,760754d9348d868700c6afe3a99e365241a5e0bcbe20f2930f9c7b24a417ffdb,True,1098992,113,D:\sem_iitk\sem9\thesis\sep_week1\arpipe-0.1.0\live_store\blobs\76\07\760754d9348d868700c6afe3a99e365241a5e0bcbe20f2930f9c7b24a417ffdb.pdf (live_store root=D:\sem_iitk\sem9\thesis\sep_week1\arpipe-0.1.0\live_store),INE002B01016_2017_singleton,PDFill: Free PDF Writer and Tools,PDF 1.4,False,True,,True,0,False,0,digital,,mda_heading_in_outline=False (n_matches=0) | split=HOLDOUT,True,KNOWN_FROM_PRIOR,False,KNOWN_FROM_PRIOR,False,KNOWN_FROM_PRIOR,False,INFERRED,False,INFERRED,True,INFERRED,UNKNOWN,UNKNOWN,False,KNOWN_FROM_PRIOR,False,OBSERVED,True,KNOWN_FROM_PRIOR,True,KNOWN_FROM_PRIOR,UNKNOWN,UNKNOWN,UNKNOWN,UNKNOWN,UNKNOWN,UNKNOWN,False,INFERRED,True,INFERRED,False,KNOWN_FROM_PRIOR,True,KNOWN_FROM_PRIOR,UNKNOWN,UNKNOWN,False,KNOWN_FROM_PRIOR,True,KNOWN_FROM_PRIOR,False,KNOWN_FROM_PRIOR,UNKNOWN,UNKNOWN,UNKNOWN,UNKNOWN,UNKNOWN,UNKNOWN,False,INFERRED,False,INFERRED,False,KNOWN_FROM_PRIOR,True,OBSERVED,False,INFERRED,False,KNOWN_FROM_PRIOR,UNKNOWN,UNKNOWN
INE002B01016_2018,MADALA HOLDINGS LIMITED,INE002B01016,2018,84dc91e82accd8ec6cd972fc26c149df1a90cd5aaf30c97d3579cb49cf4df2e4,True,1064398,147,D:\sem_iitk\sem9\thesis\sep_week1\arpipe-0.1.0\live_store\blobs\84\dc\84dc91e82accd8ec6cd972fc26c149df1a90cd5aaf30c97d3579cb49cf4df2e4.pdf (live_store root=D:\sem_iitk\sem9\thesis\sep_week1\arpipe-0.1.0\live_store),INE002B01016_2018_singleton,PDFill: Free PDF Writer and Tools,PDF 1.4,False,True,,True,0,True,2,digital,,mda_heading_in_outline=False (n_matches=0) | split=HOLDOUT,True,KNOWN_FROM_PRIOR,False,KNOWN_FROM_PRIOR,False,KNOWN_FROM_PRIOR,False,INFERRED,False,INFERRED,False,INFERRED,UNKNOWN,UNKNOWN,False,KNOWN_FROM_PRIOR,False,OBSERVED,True,KNOWN_FROM_PRIOR,True,KNOWN_FROM_PRIOR,UNKNOWN,UNKNOWN,UNKNOWN,UNKNOWN,UNKNOWN,UNKNOWN,False,INFERRED,True,INFERRED,True,KNOWN_FROM_PRIOR,False,KNOWN_FROM_PRIOR,UNKNOWN,UNKNOWN,True,KNOWN_FROM_PRIOR,False,KNOWN_FROM_PRIOR,False,KNOWN_FROM_PRIOR,False,INFERRED,False,INFERRED,False,INFERRED,False,INFERRED,False,INFERRED,False,KNOWN_FROM_PRIOR,True,OBSERVED,False,INFERRED,False,KNOWN_FROM_PRIOR,False,INFERRED
INE002B01016_2024,MADALA HOLDINGS LIMITED,INE002B01016,2024,dcfb7065c6a6a4ebe2b37309b78689e61025380dc5d0e36a451d925be0be6ab6,True,2777900,169,D:\sem_iitk\sem9\thesis\sep_week1\arpipe-0.1.0\live_store\blobs\dc\fb\dcfb7065c6a6a4ebe2b37309b78689e61025380dc5d0e36a451d925be0be6ab6.pdf (live_store root=D:\sem_iitk\sem9\thesis\sep_week1\arpipe-0.1.0\live_store),INE002B01016_2024_singleton,iLovePDF,PDF 1.7,False,True,,True,0,False,0,digital,,mda_heading_in_outline=False (n_matches=0) | split=HOLDOUT,True,KNOWN_FROM_PRIOR,False,KNOWN_FROM_PRIOR,False,KNOWN_FROM_PRIOR,False,INFERRED,False,INFERRED,False,INFERRED,UNKNOWN,UNKNOWN,False,KNOWN_FROM_PRIOR,False,OBSERVED,True,KNOWN_FROM_PRIOR,True,KNOWN_FROM_PRIOR,UNKNOWN,UNKNOWN,UNKNOWN,UNKNOWN,UNKNOWN,UNKNOWN,True,INFERRED,True,INFERRED,False,KNOWN_FROM_PRIOR,True,KNOWN_FROM_PRIOR,UNKNOWN,UNKNOWN,False,KNOWN_FROM_PRIOR,True,KNOWN_FROM_PRIOR,False,KNOWN_FROM_PRIOR,UNKNOWN,UNKNOWN,UNKNOWN,UNKNOWN,UNKNOWN,UNKNOWN,True,INFERRED,False,INFERRED,False,KNOWN_FROM_PRIOR,True,OBSERVED,False,INFERRED,False,KNOWN_FROM_PRIOR,UNKNOWN,UNKNOWN
INE002B01016_2025,MADALA HOLDINGS LIMITED,INE002B01016,2025,67439158974b6f3dca1e27d73c7272949391b886f8ea55086a4e2b6a66e9acd8,True,2369716,119,D:\sem_iitk\sem9\thesis\sep_week1\arpipe-0.1.0\live_store\blobs\67\43\67439158974b6f3dca1e27d73c7272949391b886f8ea55086a4e2b6a66e9acd8.pdf (live_store root=D:\sem_iitk\sem9\thesis\sep_week1\arpipe-0.1.0\live_store),INE002B01016_2025_singleton,iLovePDF,PDF 1.7,False,True,,True,0,False,0,digital,,mda_heading_in_outline=False (n_matches=0) | split=HOLDOUT,True,KNOWN_FROM_PRIOR,False,KNOWN_FROM_PRIOR,False,KNOWN_FROM_PRIOR,False,INFERRED,False,INFERRED,True,INFERRED,UNKNOWN,UNKNOWN,False,KNOWN_FROM_PRIOR,False,OBSERVED,True,KNOWN_FROM_PRIOR,True,KNOWN_FROM_PRIOR,UNKNOWN,UNKNOWN,UNKNOWN,UNKNOWN,UNKNOWN,UNKNOWN,False,INFERRED,True,INFERRED,False,KNOWN_FROM_PRIOR,True,KNOWN_FROM_PRIOR,UNKNOWN,UNKNOWN,False,KNOWN_FROM_PRIOR,True,KNOWN_FROM_PRIOR,False,KNOWN_FROM_PRIOR,UNKNOWN,UNKNOWN,UNKNOWN,UNKNOWN,UNKNOWN,UNKNOWN,False,INFERRED,False,INFERRED,False,KNOWN_FROM_PRIOR,True,OBSERVED,False,INFERRED,False,KNOWN_FROM_PRIOR,UNKNOWN,UNKNOWN
INE002E01010_2012,Sar  Auto Products Limited,INE002E01010,2012,f14b33e27ee960e8eea8d66e80036ffa45f132194765af3fda617950512b6e25,True,352222,40,D:\sem_iitk\sem9\thesis\sep_week1\arpipe-0.1.0\live_store\blobs\f1\4b\f14b33e27ee960e8eea8d66e80036ffa45f132194765af3fda617950512b6e25.pdf (live_store root=D:\sem_iitk\sem9\thesis\sep_week1\arpipe-0.1.0\live_store),INE002E01010_2012_singleton,Acrobat Distiller 7.0 (Windows),PDF 1.6,False,True,,True,0,False,0,digital,,mda_heading_in_outline=False (n_matches=0) | split=HOLDOUT,True,KNOWN_FROM_PRIOR,False,KNOWN_FROM_PRIOR,False,KNOWN_FROM_PRIOR,False,INFERRED,False,INFERRED,False,INFERRED,UNKNOWN,UNKNOWN,False,KNOWN_FROM_PRIOR,False,OBSERVED,True,KNOWN_FROM_PRIOR,True,KNOWN_FROM_PRIOR,UNKNOWN,UNKNOWN,UNKNOWN,UNKNOWN,UNKNOWN,UNKNOWN,False,INFERRED,False,INFERRED,False,KNOWN_FROM_PRIOR,True,KNOWN_FROM_PRIOR,UNKNOWN,UNKNOWN,False,KNOWN_FROM_PRIOR,True,KNOWN_FROM_PRIOR,False,KNOWN_FROM_PRIOR,UNKNOWN,UNKNOWN,UNKNOWN,UNKNOWN,UNKNOWN,UNKNOWN,False,INFERRED,False,INFERRED,True,KNOWN_FROM_PRIOR,True,OBSERVED,False,INFERRED,False,KNOWN_FROM_PRIOR,UNKNOWN,UNKNOWN
INE002E01010_2013,Sar  Auto Products Limited,INE002E01010,2013,506af41f735e68862997ee112b2a80df1b288149d7bcff69324b822567cc8dab,True,2577707,41,D:\sem_iitk\sem9\thesis\sep_week1\arpipe-0.1.0\live_store\blobs\50\6a\506af41f735e68862997ee112b2a80df1b288149d7bcff69324b822567cc8dab.pdf (live_store root=D:\sem_iitk\sem9\thesis\sep_week1\arpipe-0.1.0\live_store),INE002E01010_2013_singleton,Adobe Acrobat 6.0 Paper Capture,PDF 1.6,False,True,,True,0,False,0,mixed,,mda_heading_in_outline=False (n_matches=0) | split=HOLDOUT,False,KNOWN_FROM_PRIOR,False,KNOWN_FROM_PRIOR,True,KNOWN_FROM_PRIOR,False,INFERRED,True,INFERRED,False,INFERRED,UNKNOWN,UNKNOWN,False,KNOWN_FROM_PRIOR,False,OBSERVED,True,KNOWN_FROM_PRIOR,True,KNOWN_FROM_PRIOR,UNKNOWN,UNKNOWN,UNKNOWN,UNKNOWN,UNKNOWN,UNKNOWN,False,INFERRED,True,INFERRED,False,KNOWN_FROM_PRIOR,True,KNOWN_FROM_PRIOR,UNKNOWN,UNKNOWN,False,KNOWN_FROM_PRIOR,True,KNOWN_FROM_PRIOR,False,KNOWN_FROM_PRIOR,UNKNOWN,UNKNOWN,UNKNOWN,UNKNOWN,UNKNOWN,UNKNOWN,False,INFERRED,False,INFERRED,False,KNOWN_FROM_PRIOR,True,OBSERVED,False,INFERRED,False,KNOWN_FROM_PRIOR,UNKNOWN,UNKNOWN
INE002E01010_2017,Sar  Auto Products Limited,INE002E01010,2017,6d0cb7f7c3148ec7a6dcecfa01e3e5c1711ee64ea09a61f356828fd82b2b704b,True,1463777,81,D:\sem_iitk\sem9\thesis\sep_week1\arpipe-0.1.0\live_store\blobs\6d\0c\6d0cb7f7c3148ec7a6dcecfa01e3e5c1711ee64ea09a61f356828fd82b2b704b.pdf (live_store root=D:\sem_iitk\sem9\thesis\sep_week1\arpipe-0.1.0\live_store),INE002E01010_2017_singleton,,PDF 1.7,False,True,,True,0,True,1,digital,,mda_heading_in_outline=False (n_matches=0) | split=HOLDOUT,True,KNOWN_FROM_PRIOR,False,KNOWN_FROM_PRIOR,False,KNOWN_FROM_PRIOR,False,INFERRED,False,INFERRED,False,INFERRED,UNKNOWN,UNKNOWN,False,KNOWN_FROM_PRIOR,False,OBSERVED,True,KNOWN_FROM_PRIOR,True,KNOWN_FROM_PRIOR,UNKNOWN,UNKNOWN,UNKNOWN,UNKNOWN,UNKNOWN,UNKNOWN,True,INFERRED,True,INFERRED,True,KNOWN_FROM_PRIOR,False,KNOWN_FROM_PRIOR,UNKNOWN,UNKNOWN,True,KNOWN_FROM_PRIOR,False,KNOWN_FROM_PRIOR,False,KNOWN_FROM_PRIOR,False,INFERRED,False,INFERRED,False,INFERRED,False,INFERRED,False,INFERRED,True,KNOWN_FROM_PRIOR,True,OBSERVED,False,INFERRED,False,KNOWN_FROM_PRIOR,False,INFERRED
INE002E01010_2018,Sar  Auto Products Limited,INE002E01010,2018,380487f45c313901f6306e1dd24d44f629d63c071902b2b1e327e4227fd6e0c5,True,3156082,96,D:\sem_iitk\sem9\thesis\sep_week1\arpipe-0.1.0\live_store\blobs\38\04\380487f45c313901f6306e1dd24d44f629d63c071902b2b1e327e4227fd6e0c5.pdf (live_store root=D:\sem_iitk\sem9\thesis\sep_week1\arpipe-0.1.0\live_store),INE002E01010_2018_singleton,,PDF 1.7,False,True,,True,0,True,1,digital,,mda_heading_in_outline=False (n_matches=0) | split=HOLDOUT,True,KNOWN_FROM_PRIOR,False,KNOWN_FROM_PRIOR,False,KNOWN_FROM_PRIOR,False,INFERRED,False,INFERRED,True,INFERRED,UNKNOWN,UNKNOWN,False,KNOWN_FROM_PRIOR,False,OBSERVED,True,KNOWN_FROM_PRIOR,True,KNOWN_FROM_PRIOR,UNKNOWN,UNKNOWN,UNKNOWN,UNKNOWN,UNKNOWN,UNKNOWN,True,INFERRED,True,INFERRED,True,KNOWN_FROM_PRIOR,False,KNOWN_FROM_PRIOR,UNKNOWN,UNKNOWN,True,KNOWN_FROM_PRIOR,False,KNOWN_FROM_PRIOR,False,KNOWN_FROM_PRIOR,False,INFERRED,False,INFERRED,False,INFERRED,False,INFERRED,False,INFERRED,False,KNOWN_FROM_PRIOR,True,OBSERVED,False,INFERRED,False,KNOWN_FROM_PRIOR,False,INFERRED
INE002E01010_2024,Sar  Auto Products Limited,INE002E01010,2024,9cab164dfae58457f4b2ced9e2dfb2b46b2ec493528acf9f50c3906da7324e24,True,2331365,112,D:\sem_iitk\sem9\thesis\sep_week1\arpipe-0.1.0\live_store\blobs\9c\ab\9cab164dfae58457f4b2ced9e2dfb2b46b2ec493528acf9f50c3906da7324e24.pdf (live_store root=D:\sem_iitk\sem9\thesis\sep_week1\arpipe-0.1.0\live_store),INE002E01010_2024_singleton,PDF24,PDF 1.7,False,True,,True,0,False,0,digital,,mda_heading_in_outline=False (n_matches=0) | split=HOLDOUT,True,KNOWN_FROM_PRIOR,False,KNOWN_FROM_PRIOR,False,KNOWN_FROM_PRIOR,False,INFERRED,False,INFERRED,False,INFERRED,UNKNOWN,UNKNOWN,False,KNOWN_FROM_PRIOR,False,OBSERVED,True,KNOWN_FROM_PRIOR,True,KNOWN_FROM_PRIOR,UNKNOWN,UNKNOWN,UNKNOWN,UNKNOWN,UNKNOWN,UNKNOWN,True,INFERRED,True,INFERRED,False,KNOWN_FROM_PRIOR,True,KNOWN_FROM_PRIOR,UNKNOWN,UNKNOWN,False,KNOWN_FROM_PRIOR,True,KNOWN_FROM_PRIOR,False,KNOWN_FROM_PRIOR,UNKNOWN,UNKNOWN,UNKNOWN,UNKNOWN,UNKNOWN,UNKNOWN,False,INFERRED,False,INFERRED,False,KNOWN_FROM_PRIOR,True,OBSERVED,False,INFERRED,False,KNOWN_FROM_PRIOR,UNKNOWN,UNKNOWN
INE002E01010_2025,Sar  Auto Products Limited,INE002E01010,2025,05da41540d2e075326ef41b2c9e264f69f047410b8df041fe942bbf7ab9fe5ac,True,3221619,107,D:\sem_iitk\sem9\thesis\sep_week1\arpipe-0.1.0\live_store\blobs\05\da\05da41540d2e075326ef41b2c9e264f69f047410b8df041fe942bbf7ab9fe5ac.pdf (live_store root=D:\sem_iitk\sem9\thesis\sep_week1\arpipe-0.1.0\live_store),INE002E01010_2025_singleton,PDF24,PDF 1.7,False,True,,True,0,False,0,digital,,mda_heading_in_outline=False (n_matches=0) | split=HOLDOUT,True,KNOWN_FROM_PRIOR,False,KNOWN_FROM_PRIOR,False,KNOWN_FROM_PRIOR,False,INFERRED,False,INFERRED,False,INFERRED,UNKNOWN,UNKNOWN,False,KNOWN_FROM_PRIOR,False,OBSERVED,True,KNOWN_FROM_PRIOR,True,KNOWN_FROM_PRIOR,UNKNOWN,UNKNOWN,UNKNOWN,UNKNOWN,UNKNOWN,UNKNOWN,True,INFERRED,True,INFERRED,False,KNOWN_FROM_PRIOR,True,KNOWN_FROM_PRIOR,UNKNOWN,UNKNOWN,False,KNOWN_FROM_PRIOR,True,KNOWN_FROM_PRIOR,False,KNOWN_FROM_PRIOR,UNKNOWN,UNKNOWN,UNKNOWN,UNKNOWN,UNKNOWN,UNKNOWN,False,INFERRED,False,INFERRED,False,KNOWN_FROM_PRIOR,True,OBSERVED,False,INFERRED,False,KNOWN_FROM_PRIOR,UNKNOWN,UNKNOWN
INE002L01015_2012,SJVN Limited,INE002L01015,2012,5e0a412d4a192774c403daa7956fee178fa3465078f1503e34d34d22003fce51,True,2815594,43,D:\sem_iitk\sem9\thesis\sep_week1\arpipe-0.1.0\live_store\blobs\5e\0a\5e0a412d4a192774c403daa7956fee178fa3465078f1503e34d34d22003fce51.pdf (live_store root=D:\sem_iitk\sem9\thesis\sep_week1\arpipe-0.1.0\live_store),INE002L01015_2012_singleton,Adobe Acrobat 9.0 Image Conversion Plug-in,PDF 1.6,False,True,,True,0,True,1,scanned,,mda_heading_in_outline=False (n_matches=0) | split=HOLDOUT,False,KNOWN_FROM_PRIOR,True,KNOWN_FROM_PRIOR,False,KNOWN_FROM_PRIOR,False,INFERRED,False,INFERRED,False,INFERRED,UNKNOWN,UNKNOWN,False,KNOWN_FROM_PRIOR,False,OBSERVED,False,KNOWN_FROM_PRIOR,False,KNOWN_FROM_PRIOR,UNKNOWN,UNKNOWN,UNKNOWN,UNKNOWN,UNKNOWN,UNKNOWN,False,INFERRED,True,INFERRED,True,KNOWN_FROM_PRIOR,False,KNOWN_FROM_PRIOR,UNKNOWN,UNKNOWN,True,KNOWN_FROM_PRIOR,False,KNOWN_FROM_PRIOR,False,KNOWN_FROM_PRIOR,False,INFERRED,False,INFERRED,False,INFERRED,False,INFERRED,False,INFERRED,False,KNOWN_FROM_PRIOR,True,OBSERVED,False,INFERRED,False,KNOWN_FROM_PRIOR,False,INFERRED
INE002L01015_2013,SJVN Limited,INE002L01015,2013,5d2774e84efc03637c72202dc28782e0178c2f36162b424f2c6a4e147a3e63f4,True,2180829,52,D:\sem_iitk\sem9\thesis\sep_week1\arpipe-0.1.0\live_store\blobs\5d\27\5d2774e84efc03637c72202dc28782e0178c2f36162b424f2c6a4e147a3e63f4.pdf (live_store root=D:\sem_iitk\sem9\thesis\sep_week1\arpipe-0.1.0\live_store),INE002L01015_2013_singleton,Corel PDF Engine Version 14.0.0.653,PDF 1.5,False,True,,True,0,False,0,mixed,,mda_heading_in_outline=False (n_matches=0) | split=HOLDOUT,False,KNOWN_FROM_PRIOR,False,KNOWN_FROM_PRIOR,True,KNOWN_FROM_PRIOR,False,INFERRED,False,INFERRED,False,INFERRED,UNKNOWN,UNKNOWN,False,KNOWN_FROM_PRIOR,False,OBSERVED,True,KNOWN_FROM_PRIOR,True,KNOWN_FROM_PRIOR,UNKNOWN,UNKNOWN,UNKNOWN,UNKNOWN,UNKNOWN,UNKNOWN,False,INFERRED,True,INFERRED,False,KNOWN_FROM_PRIOR,True,KNOWN_FROM_PRIOR,UNKNOWN,UNKNOWN,False,KNOWN_FROM_PRIOR,True,KNOWN_FROM_PRIOR,False,KNOWN_FROM_PRIOR,UNKNOWN,UNKNOWN,UNKNOWN,UNKNOWN,UNKNOWN,UNKNOWN,False,INFERRED,False,INFERRED,False,KNOWN_FROM_PRIOR,False,OBSERVED,False,INFERRED,False,KNOWN_FROM_PRIOR,UNKNOWN,UNKNOWN
INE002L01015_2017,SJVN Limited,INE002L01015,2017,41bf69f3f6ef06c856a0bbdf3fb38abc66de123b7e0f79565fd20c777ed1d65c,True,5490570,242,D:\sem_iitk\sem9\thesis\sep_week1\arpipe-0.1.0\live_store\blobs\41\bf\41bf69f3f6ef06c856a0bbdf3fb38abc66de123b7e0f79565fd20c777ed1d65c.pdf (live_store root=D:\sem_iitk\sem9\thesis\sep_week1\arpipe-0.1.0\live_store),INE002L01015_2017_singleton,Adobe Acrobat Pro 11.0.22,PDF 1.7,False,True,,True,0,True,1,digital,,mda_heading_in_outline=False (n_matches=0) | split=HOLDOUT,True,KNOWN_FROM_PRIOR,False,KNOWN_FROM_PRIOR,False,KNOWN_FROM_PRIOR,False,INFERRED,False,INFERRED,False,INFERRED,UNKNOWN,UNKNOWN,False,KNOWN_FROM_PRIOR,False,OBSERVED,True,KNOWN_FROM_PRIOR,True,KNOWN_FROM_PRIOR,UNKNOWN,UNKNOWN,UNKNOWN,UNKNOWN,UNKNOWN,UNKNOWN,False,INFERRED,True,INFERRED,True,KNOWN_FROM_PRIOR,False,KNOWN_FROM_PRIOR,UNKNOWN,UNKNOWN,True,KNOWN_FROM_PRIOR,False,KNOWN_FROM_PRIOR,False,KNOWN_FROM_PRIOR,False,INFERRED,False,INFERRED,False,INFERRED,True,INFERRED,False,INFERRED,False,KNOWN_FROM_PRIOR,True,OBSERVED,False,INFERRED,True,KNOWN_FROM_PRIOR,False,INFERRED
INE002L01015_2018,SJVN Limited,INE002L01015,2018,9c1ab47a56b86dc7867960b1ff14f8cfa4861fc09fcb09d05597bf2bba3df1ba,True,2811746,229,D:\sem_iitk\sem9\thesis\sep_week1\arpipe-0.1.0\live_store\blobs\9c\1a\9c1ab47a56b86dc7867960b1ff14f8cfa4861fc09fcb09d05597bf2bba3df1ba.pdf (live_store root=D:\sem_iitk\sem9\thesis\sep_week1\arpipe-0.1.0\live_store),INE002L01015_2018_singleton,ilovepdf.com,PDF 1.6,False,True,,True,0,False,0,digital,,mda_heading_in_outline=False (n_matches=0) | split=HOLDOUT,True,KNOWN_FROM_PRIOR,False,KNOWN_FROM_PRIOR,False,KNOWN_FROM_PRIOR,True,INFERRED,False,INFERRED,False,INFERRED,UNKNOWN,UNKNOWN,False,KNOWN_FROM_PRIOR,False,OBSERVED,True,KNOWN_FROM_PRIOR,True,KNOWN_FROM_PRIOR,UNKNOWN,UNKNOWN,UNKNOWN,UNKNOWN,UNKNOWN,UNKNOWN,True,INFERRED,True,INFERRED,False,KNOWN_FROM_PRIOR,True,KNOWN_FROM_PRIOR,UNKNOWN,UNKNOWN,False,KNOWN_FROM_PRIOR,True,KNOWN_FROM_PRIOR,False,KNOWN_FROM_PRIOR,UNKNOWN,UNKNOWN,UNKNOWN,UNKNOWN,UNKNOWN,UNKNOWN,True,INFERRED,False,INFERRED,False,KNOWN_FROM_PRIOR,True,OBSERVED,True,INFERRED,False,KNOWN_FROM_PRIOR,UNKNOWN,UNKNOWN
INE002L01015_2024,SJVN Limited,INE002L01015,2024,730233fd582027ea7c09a53e3df0aee73afc2949e38cbbf8c6f852f9681fe75f,True,6766949,241,D:\sem_iitk\sem9\thesis\sep_week1\arpipe-0.1.0\live_store\blobs\73\02\730233fd582027ea7c09a53e3df0aee73afc2949e38cbbf8c6f852f9681fe75f.pdf (live_store root=D:\sem_iitk\sem9\thesis\sep_week1\arpipe-0.1.0\live_store),INE002L01015_2024_singleton,,PDF 1.7,False,True,,True,4463,False,0,mixed,,mda_heading_in_outline=False (n_matches=0) | split=HOLDOUT,False,KNOWN_FROM_PRIOR,False,KNOWN_FROM_PRIOR,True,KNOWN_FROM_PRIOR,True,INFERRED,False,INFERRED,False,INFERRED,UNKNOWN,UNKNOWN,False,KNOWN_FROM_PRIOR,True,OBSERVED,True,KNOWN_FROM_PRIOR,True,KNOWN_FROM_PRIOR,UNKNOWN,UNKNOWN,UNKNOWN,UNKNOWN,UNKNOWN,UNKNOWN,True,INFERRED,True,INFERRED,False,KNOWN_FROM_PRIOR,True,KNOWN_FROM_PRIOR,UNKNOWN,UNKNOWN,False,KNOWN_FROM_PRIOR,True,KNOWN_FROM_PRIOR,False,KNOWN_FROM_PRIOR,UNKNOWN,UNKNOWN,UNKNOWN,UNKNOWN,UNKNOWN,UNKNOWN,True,INFERRED,False,INFERRED,False,KNOWN_FROM_PRIOR,True,OBSERVED,True,INFERRED,False,KNOWN_FROM_PRIOR,UNKNOWN,UNKNOWN
INE002L01015_2025,SJVN Limited,INE002L01015,2025,1070a70a65c9f05df0de48a7a7484cd1adf6eddd51803209aad362b912db7406,True,26137528,253,D:\sem_iitk\sem9\thesis\sep_week1\arpipe-0.1.0\live_store\blobs\10\70\1070a70a65c9f05df0de48a7a7484cd1adf6eddd51803209aad362b912db7406.pdf (live_store root=D:\sem_iitk\sem9\thesis\sep_week1\arpipe-0.1.0\live_store),INE002L01015_2025_singleton,iLovePDF,PDF 1.7,False,True,,True,0,False,0,digital,,mda_heading_in_outline=False (n_matches=0) | split=HOLDOUT,True,KNOWN_FROM_PRIOR,False,KNOWN_FROM_PRIOR,False,KNOWN_FROM_PRIOR,False,INFERRED,False,INFERRED,True,INFERRED,UNKNOWN,UNKNOWN,False,KNOWN_FROM_PRIOR,True,OBSERVED,True,KNOWN_FROM_PRIOR,True,KNOWN_FROM_PRIOR,UNKNOWN,UNKNOWN,UNKNOWN,UNKNOWN,UNKNOWN,UNKNOWN,False,INFERRED,True,INFERRED,False,KNOWN_FROM_PRIOR,True,KNOWN_FROM_PRIOR,UNKNOWN,UNKNOWN,False,KNOWN_FROM_PRIOR,True,KNOWN_FROM_PRIOR,False,KNOWN_FROM_PRIOR,UNKNOWN,UNKNOWN,UNKNOWN,UNKNOWN,UNKNOWN,UNKNOWN,True,INFERRED,False,INFERRED,False,KNOWN_FROM_PRIOR,True,OBSERVED,False,INFERRED,False,KNOWN_FROM_PRIOR,UNKNOWN,UNKNOWN
INE002S01010_2017,Mahanagar Gas Limited,INE002S01010,2017,4b9cd8aa0e62a3236733e450e4c9fe7a02b13177672f8a824ee351a9d35efe48,True,7261394,173,D:\sem_iitk\sem9\thesis\sep_week1\arpipe-0.1.0\live_store\blobs\4b\9c\4b9cd8aa0e62a3236733e450e4c9fe7a02b13177672f8a824ee351a9d35efe48.pdf (live_store root=D:\sem_iitk\sem9\thesis\sep_week1\arpipe-0.1.0\live_store),INE002S01010_2017_singleton,Adobe PDF Library 15.0,PDF 1.7,False,True,,True,0,True,2,mixed,,mda_heading_in_outline=False (n_matches=0) | split=VALIDATION,False,KNOWN_FROM_PRIOR,False,KNOWN_FROM_PRIOR,True,KNOWN_FROM_PRIOR,True,INFERRED,False,INFERRED,True,INFERRED,UNKNOWN,UNKNOWN,False,KNOWN_FROM_PRIOR,False,OBSERVED,True,KNOWN_FROM_PRIOR,True,KNOWN_FROM_PRIOR,UNKNOWN,UNKNOWN,UNKNOWN,UNKNOWN,UNKNOWN,UNKNOWN,True,INFERRED,True,INFERRED,True,KNOWN_FROM_PRIOR,False,KNOWN_FROM_PRIOR,UNKNOWN,UNKNOWN,True,KNOWN_FROM_PRIOR,False,KNOWN_FROM_PRIOR,False,KNOWN_FROM_PRIOR,False,INFERRED,False,INFERRED,False,INFERRED,True,INFERRED,False,INFERRED,False,KNOWN_FROM_PRIOR,True,OBSERVED,True,INFERRED,False,KNOWN_FROM_PRIOR,False,INFERRED
INE002S01010_2018,Mahanagar Gas Limited,INE002S01010,2018,78e81b08cebe7913b9f1584bef0f449d66d6e404f28c8161d5a88d24dbfd1e65,True,6690816,165,D:\sem_iitk\sem9\thesis\sep_week1\arpipe-0.1.0\live_store\blobs\78\e8\78e81b08cebe7913b9f1584bef0f449d66d6e404f28c8161d5a88d24dbfd1e65.pdf (live_store root=D:\sem_iitk\sem9\thesis\sep_week1\arpipe-0.1.0\live_store),INE002S01010_2018_singleton,OmniPageCSDK18,PDF 1.7,False,True,,True,0,True,1,digital,,mda_heading_in_outline=False (n_matches=0) | split=VALIDATION,True,KNOWN_FROM_PRIOR,False,KNOWN_FROM_PRIOR,False,KNOWN_FROM_PRIOR,False,INFERRED,True,INFERRED,True,INFERRED,UNKNOWN,UNKNOWN,False,KNOWN_FROM_PRIOR,False,OBSERVED,True,KNOWN_FROM_PRIOR,True,KNOWN_FROM_PRIOR,UNKNOWN,UNKNOWN,UNKNOWN,UNKNOWN,UNKNOWN,UNKNOWN,True,INFERRED,True,INFERRED,True,KNOWN_FROM_PRIOR,False,KNOWN_FROM_PRIOR,UNKNOWN,UNKNOWN,True,KNOWN_FROM_PRIOR,False,KNOWN_FROM_PRIOR,False,KNOWN_FROM_PRIOR,False,INFERRED,False,INFERRED,False,INFERRED,True,INFERRED,False,INFERRED,False,KNOWN_FROM_PRIOR,True,OBSERVED,False,INFERRED,False,KNOWN_FROM_PRIOR,False,INFERRED
INE002S01010_2024,Mahanagar Gas Limited,INE002S01010,2024,b0c5d9e610ca5676a1a408a459a8531441816becf9a757471c546262c15f7356,True,15612032,172,D:\sem_iitk\sem9\thesis\sep_week1\arpipe-0.1.0\live_store\blobs\b0\c5\b0c5d9e610ca5676a1a408a459a8531441816becf9a757471c546262c15f7356.pdf (live_store root=D:\sem_iitk\sem9\thesis\sep_week1\arpipe-0.1.0\live_store),INE002S01010_2024_singleton,Adobe PDF Library 24.2.229,PDF 1.7,False,True,,True,61,True,3,digital,,mda_heading_in_outline=False (n_matches=0) | split=VALIDATION,True,KNOWN_FROM_PRIOR,False,KNOWN_FROM_PRIOR,False,KNOWN_FROM_PRIOR,False,INFERRED,False,INFERRED,False,INFERRED,UNKNOWN,UNKNOWN,False,KNOWN_FROM_PRIOR,False,OBSERVED,True,KNOWN_FROM_PRIOR,True,KNOWN_FROM_PRIOR,UNKNOWN,UNKNOWN,UNKNOWN,UNKNOWN,UNKNOWN,UNKNOWN,True,INFERRED,True,INFERRED,True,KNOWN_FROM_PRIOR,False,KNOWN_FROM_PRIOR,UNKNOWN,UNKNOWN,True,KNOWN_FROM_PRIOR,False,KNOWN_FROM_PRIOR,True,KNOWN_FROM_PRIOR,False,INFERRED,False,INFERRED,False,INFERRED,True,INFERRED,False,INFERRED,False,KNOWN_FROM_PRIOR,True,OBSERVED,False,INFERRED,False,KNOWN_FROM_PRIOR,False,INFERRED
INE002S01010_2025,Mahanagar Gas Limited,INE002S01010,2025,da8365dd2657815beed152e56a4f9ada1214e203716f15f09a831c2490cde272,True,20279232,198,D:\sem_iitk\sem9\thesis\sep_week1\arpipe-0.1.0\live_store\blobs\da\83\da8365dd2657815beed152e56a4f9ada1214e203716f15f09a831c2490cde272.pdf (live_store root=D:\sem_iitk\sem9\thesis\sep_week1\arpipe-0.1.0\live_store),INE002S01010_2025_singleton,Adobe PDF Library 25.1.211,PDF 1.7,False,True,,True,0,False,0,digital,,mda_heading_in_outline=False (n_matches=0) | split=VALIDATION,True,KNOWN_FROM_PRIOR,False,KNOWN_FROM_PRIOR,False,KNOWN_FROM_PRIOR,False,INFERRED,False,INFERRED,True,INFERRED,UNKNOWN,UNKNOWN,False,KNOWN_FROM_PRIOR,False,OBSERVED,True,KNOWN_FROM_PRIOR,True,KNOWN_FROM_PRIOR,UNKNOWN,UNKNOWN,UNKNOWN,UNKNOWN,UNKNOWN,UNKNOWN,True,INFERRED,True,INFERRED,False,KNOWN_FROM_PRIOR,True,KNOWN_FROM_PRIOR,UNKNOWN,UNKNOWN,False,KNOWN_FROM_PRIOR,True,KNOWN_FROM_PRIOR,False,KNOWN_FROM_PRIOR,UNKNOWN,UNKNOWN,UNKNOWN,UNKNOWN,UNKNOWN,UNKNOWN,True,INFERRED,False,INFERRED,False,KNOWN_FROM_PRIOR,True,OBSERVED,False,INFERRED,False,KNOWN_FROM_PRIOR,UNKNOWN,UNKNOWN
INE003B01014_2011,Inter State Oil Carrier Ltd,INE003B01014,2011,edc9a15f53d68ac648fad9db5afc2d47906021f98b7a5e3085f8858450075a66,True,1092656,48,D:\sem_iitk\sem9\thesis\sep_week1\arpipe-0.1.0\live_store\blobs\ed\c9\edc9a15f53d68ac648fad9db5afc2d47906021f98b7a5e3085f8858450075a66.pdf (live_store root=D:\sem_iitk\sem9\thesis\sep_week1\arpipe-0.1.0\live_store),INE003B01014_2011_singleton,"5,0,0,255 1236832",PDF 1.5,False,True,,True,0,False,0,scanned,,"KNOWN-FROM-PRIOR historical_ground_truth label: true_start=15 true_end=15 position_bucket=front (frozen labels.csv, not re-derived here; NOT copied into annotation_roster.csv gold fields) | mda_heading_in_outline=False (n_matches=0) | split=FIT",False,KNOWN_FROM_PRIOR,True,KNOWN_FROM_PRIOR,False,KNOWN_FROM_PRIOR,False,INFERRED,False,INFERRED,False,INFERRED,UNKNOWN,UNKNOWN,False,KNOWN_FROM_PRIOR,False,OBSERVED,False,KNOWN_FROM_PRIOR,False,KNOWN_FROM_PRIOR,UNKNOWN,UNKNOWN,UNKNOWN,UNKNOWN,UNKNOWN,UNKNOWN,False,INFERRED,True,INFERRED,False,KNOWN_FROM_PRIOR,True,KNOWN_FROM_PRIOR,UNKNOWN,UNKNOWN,False,KNOWN_FROM_PRIOR,True,KNOWN_FROM_PRIOR,False,KNOWN_FROM_PRIOR,UNKNOWN,UNKNOWN,UNKNOWN,UNKNOWN,UNKNOWN,UNKNOWN,False,INFERRED,False,INFERRED,False,KNOWN_FROM_PRIOR,True,OBSERVED,False,INFERRED,False,KNOWN_FROM_PRIOR,UNKNOWN,UNKNOWN
INE003B01014_2013,Inter State Oil Carrier Ltd,INE003B01014,2013,ac45a5735528f6231356054269077496160bddd78b616fa01823bcf778e232a1,True,434431,53,D:\sem_iitk\sem9\thesis\sep_week1\arpipe-0.1.0\live_store\blobs\ac\45\ac45a5735528f6231356054269077496160bddd78b616fa01823bcf778e232a1.pdf (live_store root=D:\sem_iitk\sem9\thesis\sep_week1\arpipe-0.1.0\live_store),INE003B01014_2013_singleton,GPL Ghostscript 8.64,PDF 1.3,False,True,,True,0,False,0,digital,,mda_heading_in_outline=False (n_matches=0) | split=FIT,True,KNOWN_FROM_PRIOR,False,KNOWN_FROM_PRIOR,False,KNOWN_FROM_PRIOR,False,INFERRED,False,INFERRED,False,INFERRED,UNKNOWN,UNKNOWN,False,KNOWN_FROM_PRIOR,False,OBSERVED,True,KNOWN_FROM_PRIOR,True,KNOWN_FROM_PRIOR,UNKNOWN,UNKNOWN,UNKNOWN,UNKNOWN,UNKNOWN,UNKNOWN,False,INFERRED,False,INFERRED,False,KNOWN_FROM_PRIOR,True,KNOWN_FROM_PRIOR,UNKNOWN,UNKNOWN,False,KNOWN_FROM_PRIOR,True,KNOWN_FROM_PRIOR,False,KNOWN_FROM_PRIOR,UNKNOWN,UNKNOWN,UNKNOWN,UNKNOWN,UNKNOWN,UNKNOWN,False,INFERRED,False,INFERRED,True,KNOWN_FROM_PRIOR,True,OBSERVED,False,INFERRED,False,KNOWN_FROM_PRIOR,UNKNOWN,UNKNOWN
INE003B01014_2017,Inter State Oil Carrier Ltd,INE003B01014,2017,7978d1c86cecaa825d81a8be5ff04531878e88f432a6fcd0432f8bd87b296bb0,True,635880,63,D:\sem_iitk\sem9\thesis\sep_week1\arpipe-0.1.0\live_store\blobs\79\78\7978d1c86cecaa825d81a8be5ff04531878e88f432a6fcd0432f8bd87b296bb0.pdf (live_store root=D:\sem_iitk\sem9\thesis\sep_week1\arpipe-0.1.0\live_store),INE003B01014_2017_singleton,GPL Ghostscript 8.15,PDF 1.4,False,True,,True,0,False,0,digital,,mda_heading_in_outline=False (n_matches=0) | split=FIT,True,KNOWN_FROM_PRIOR,False,KNOWN_FROM_PRIOR,False,KNOWN_FROM_PRIOR,False,INFERRED,False,INFERRED,False,INFERRED,UNKNOWN,UNKNOWN,False,KNOWN_FROM_PRIOR,False,OBSERVED,True,KNOWN_FROM_PRIOR,True,KNOWN_FROM_PRIOR,UNKNOWN,UNKNOWN,UNKNOWN,UNKNOWN,UNKNOWN,UNKNOWN,False,INFERRED,False,INFERRED,False,KNOWN_FROM_PRIOR,True,KNOWN_FROM_PRIOR,UNKNOWN,UNKNOWN,False,KNOWN_FROM_PRIOR,True,KNOWN_FROM_PRIOR,False,KNOWN_FROM_PRIOR,UNKNOWN,UNKNOWN,UNKNOWN,UNKNOWN,UNKNOWN,UNKNOWN,False,INFERRED,False,INFERRED,False,KNOWN_FROM_PRIOR,False,OBSERVED,False,INFERRED,False,KNOWN_FROM_PRIOR,UNKNOWN,UNKNOWN
INE003B01014_2018,Inter State Oil Carrier Ltd,INE003B01014,2018,1407c9446c3b97c2617117cdc5edfe0149680c7bb5812244623430ad4981ac2d,True,784188,74,D:\sem_iitk\sem9\thesis\sep_week1\arpipe-0.1.0\live_store\blobs\14\07\1407c9446c3b97c2617117cdc5edfe0149680c7bb5812244623430ad4981ac2d.pdf (live_store root=D:\sem_iitk\sem9\thesis\sep_week1\arpipe-0.1.0\live_store),INE003B01014_2018_singleton,3-Heights(TM) PDF Merge Split API 4.9.17.0 (http://www.pdf-tools.com),PDF 1.6,False,True,,True,0,False,0,digital,,mda_heading_in_outline=False (n_matches=0) | split=FIT,True,KNOWN_FROM_PRIOR,False,KNOWN_FROM_PRIOR,False,KNOWN_FROM_PRIOR,False,INFERRED,False,INFERRED,True,INFERRED,UNKNOWN,UNKNOWN,False,KNOWN_FROM_PRIOR,False,OBSERVED,True,KNOWN_FROM_PRIOR,True,KNOWN_FROM_PRIOR,UNKNOWN,UNKNOWN,UNKNOWN,UNKNOWN,UNKNOWN,UNKNOWN,True,INFERRED,True,INFERRED,False,KNOWN_FROM_PRIOR,True,KNOWN_FROM_PRIOR,UNKNOWN,UNKNOWN,False,KNOWN_FROM_PRIOR,True,KNOWN_FROM_PRIOR,False,KNOWN_FROM_PRIOR,UNKNOWN,UNKNOWN,UNKNOWN,UNKNOWN,UNKNOWN,UNKNOWN,False,INFERRED,False,INFERRED,False,KNOWN_FROM_PRIOR,True,OBSERVED,False,INFERRED,False,KNOWN_FROM_PRIOR,UNKNOWN,UNKNOWN
INE003B01014_2024,Inter State Oil Carrier Ltd,INE003B01014,2024,880f44f7449c8a8b08536c6ca06318b19e9a74cc096fabd9bf8520f431b0f4ac,True,6614093,125,D:\sem_iitk\sem9\thesis\sep_week1\arpipe-0.1.0\live_store\blobs\88\0f\880f44f7449c8a8b08536c6ca06318b19e9a74cc096fabd9bf8520f431b0f4ac.pdf (live_store root=D:\sem_iitk\sem9\thesis\sep_week1\arpipe-0.1.0\live_store),INE003B01014_2024_singleton,3-Heights(TM) PDF Security Shell 4.8.25.2 (http://www.pdf-tools.com),PDF 1.6,False,True,,True,0,False,0,digital,,mda_heading_in_outline=False (n_matches=0) | split=FIT,True,KNOWN_FROM_PRIOR,False,KNOWN_FROM_PRIOR,False,KNOWN_FROM_PRIOR,False,INFERRED,False,INFERRED,False,INFERRED,UNKNOWN,UNKNOWN,False,KNOWN_FROM_PRIOR,False,OBSERVED,True,KNOWN_FROM_PRIOR,True,KNOWN_FROM_PRIOR,UNKNOWN,UNKNOWN,UNKNOWN,UNKNOWN,UNKNOWN,UNKNOWN,False,INFERRED,False,INFERRED,False,KNOWN_FROM_PRIOR,True,KNOWN_FROM_PRIOR,UNKNOWN,UNKNOWN,False,KNOWN_FROM_PRIOR,True,KNOWN_FROM_PRIOR,False,KNOWN_FROM_PRIOR,UNKNOWN,UNKNOWN,UNKNOWN,UNKNOWN,UNKNOWN,UNKNOWN,False,INFERRED,False,INFERRED,True,KNOWN_FROM_PRIOR,True,OBSERVED,False,INFERRED,False,KNOWN_FROM_PRIOR,UNKNOWN,UNKNOWN
INE003B01014_2025,Inter State Oil Carrier Ltd,INE003B01014,2025,7788c26d0d47f50c0256c1d486f996777e29cb18c9e14b616e3c81a40a0cd169,True,8797100,124,D:\sem_iitk\sem9\thesis\sep_week1\arpipe-0.1.0\live_store\blobs\77\88\7788c26d0d47f50c0256c1d486f996777e29cb18c9e14b616e3c81a40a0cd169.pdf (live_store root=D:\sem_iitk\sem9\thesis\sep_week1\arpipe-0.1.0\live_store),INE003B01014_2025_singleton,iLovePDF,PDF 1.5,False,True,,True,0,False,0,digital,,mda_heading_in_outline=False (n_matches=0) | split=FIT,True,KNOWN_FROM_PRIOR,False,KNOWN_FROM_PRIOR,False,KNOWN_FROM_PRIOR,False,INFERRED,False,INFERRED,False,INFERRED,UNKNOWN,UNKNOWN,False,KNOWN_FROM_PRIOR,False,OBSERVED,True,KNOWN_FROM_PRIOR,True,KNOWN_FROM_PRIOR,UNKNOWN,UNKNOWN,UNKNOWN,UNKNOWN,UNKNOWN,UNKNOWN,False,INFERRED,True,INFERRED,False,KNOWN_FROM_PRIOR,True,KNOWN_FROM_PRIOR,UNKNOWN,UNKNOWN,False,KNOWN_FROM_PRIOR,True,KNOWN_FROM_PRIOR,False,KNOWN_FROM_PRIOR,UNKNOWN,UNKNOWN,UNKNOWN,UNKNOWN,UNKNOWN,UNKNOWN,False,INFERRED,False,INFERRED,False,KNOWN_FROM_PRIOR,True,OBSERVED,False,INFERRED,False,KNOWN_FROM_PRIOR,UNKNOWN,UNKNOWN
INE003F01015_2012,Muller & Phipps (India) Ltd.,INE003F01015,2012,51f9884c026445d0f7687d41414d9193ea16fe637c3b74617fa7d8477f94dbe4,True,237307,45,D:\sem_iitk\sem9\thesis\sep_week1\arpipe-0.1.0\live_store\blobs\51\f9\51f9884c026445d0f7687d41414d9193ea16fe637c3b74617fa7d8477f94dbe4.pdf (live_store root=D:\sem_iitk\sem9\thesis\sep_week1\arpipe-0.1.0\live_store),INE003F01015_2012_singleton,Acrobat Distiller 7.0 (Windows),PDF 1.6,False,True,,True,0,False,0,digital,,mda_heading_in_outline=False (n_matches=0) | split=VALIDATION,True,KNOWN_FROM_PRIOR,False,KNOWN_FROM_PRIOR,False,KNOWN_FROM_PRIOR,False,INFERRED,False,INFERRED,False,INFERRED,UNKNOWN,UNKNOWN,False,KNOWN_FROM_PRIOR,False,OBSERVED,True,KNOWN_FROM_PRIOR,True,KNOWN_FROM_PRIOR,UNKNOWN,UNKNOWN,UNKNOWN,UNKNOWN,UNKNOWN,UNKNOWN,False,INFERRED,False,INFERRED,False,KNOWN_FROM_PRIOR,True,KNOWN_FROM_PRIOR,UNKNOWN,UNKNOWN,False,KNOWN_FROM_PRIOR,True,KNOWN_FROM_PRIOR,False,KNOWN_FROM_PRIOR,UNKNOWN,UNKNOWN,UNKNOWN,UNKNOWN,UNKNOWN,UNKNOWN,False,INFERRED,False,INFERRED,False,KNOWN_FROM_PRIOR,True,OBSERVED,False,INFERRED,False,KNOWN_FROM_PRIOR,UNKNOWN,UNKNOWN
INE003F01015_2013,Muller & Phipps (India) Ltd.,INE003F01015,2013,82dddee265891d2900a0c1029d97d91856a2decb8361a6c52275f49d5053cc9e,True,221077,48,D:\sem_iitk\sem9\thesis\sep_week1\arpipe-0.1.0\live_store\blobs\82\dd\82dddee265891d2900a0c1029d97d91856a2decb8361a6c52275f49d5053cc9e.pdf (live_store root=D:\sem_iitk\sem9\thesis\sep_week1\arpipe-0.1.0\live_store),INE003F01015_2013_singleton,Acrobat Distiller 7.0 (Windows),PDF 1.6,False,True,,True,0,True,2,digital,,mda_heading_in_outline=False (n_matches=0) | split=VALIDATION,True,KNOWN_FROM_PRIOR,False,KNOWN_FROM_PRIOR,False,KNOWN_FROM_PRIOR,False,INFERRED,False,INFERRED,False,INFERRED,UNKNOWN,UNKNOWN,False,KNOWN_FROM_PRIOR,False,OBSERVED,True,KNOWN_FROM_PRIOR,True,KNOWN_FROM_PRIOR,UNKNOWN,UNKNOWN,UNKNOWN,UNKNOWN,UNKNOWN,UNKNOWN,False,INFERRED,False,INFERRED,True,KNOWN_FROM_PRIOR,False,KNOWN_FROM_PRIOR,UNKNOWN,UNKNOWN,True,KNOWN_FROM_PRIOR,False,KNOWN_FROM_PRIOR,False,KNOWN_FROM_PRIOR,False,INFERRED,False,INFERRED,False,INFERRED,False,INFERRED,False,INFERRED,False,KNOWN_FROM_PRIOR,False,OBSERVED,False,INFERRED,False,KNOWN_FROM_PRIOR,False,INFERRED
INE003F01015_2017,Muller & Phipps (India) Ltd.,INE003F01015,2017,ede8a4693046d2182c3a5cbc068c708305be3b5f2c09e30278d63de3e7ef01c8,True,476331,60,D:\sem_iitk\sem9\thesis\sep_week1\arpipe-0.1.0\live_store\blobs\ed\e8\ede8a4693046d2182c3a5cbc068c708305be3b5f2c09e30278d63de3e7ef01c8.pdf (live_store root=D:\sem_iitk\sem9\thesis\sep_week1\arpipe-0.1.0\live_store),INE003F01015_2017_singleton,Adobe PDF Library 9.9,PDF 1.6,False,True,,True,0,True,2,digital,,mda_heading_in_outline=False (n_matches=0) | split=VALIDATION,True,KNOWN_FROM_PRIOR,False,KNOWN_FROM_PRIOR,False,KNOWN_FROM_PRIOR,False,INFERRED,False,INFERRED,False,INFERRED,UNKNOWN,UNKNOWN,False,KNOWN_FROM_PRIOR,False,OBSERVED,True,KNOWN_FROM_PRIOR,True,KNOWN_FROM_PRIOR,UNKNOWN,UNKNOWN,UNKNOWN,UNKNOWN,UNKNOWN,UNKNOWN,False,INFERRED,False,INFERRED,True,KNOWN_FROM_PRIOR,False,KNOWN_FROM_PRIOR,UNKNOWN,UNKNOWN,True,KNOWN_FROM_PRIOR,False,KNOWN_FROM_PRIOR,False,KNOWN_FROM_PRIOR,False,INFERRED,False,INFERRED,False,INFERRED,False,INFERRED,False,INFERRED,False,KNOWN_FROM_PRIOR,False,OBSERVED,False,INFERRED,False,KNOWN_FROM_PRIOR,False,INFERRED
INE003F01015_2018,Muller & Phipps (India) Ltd.,INE003F01015,2018,64c5b3573df779a3a158609b06b5cd3d7e50b83087aaa14d438bf2604cd36872,True,628504,84,D:\sem_iitk\sem9\thesis\sep_week1\arpipe-0.1.0\live_store\blobs\64\c5\64c5b3573df779a3a158609b06b5cd3d7e50b83087aaa14d438bf2604cd36872.pdf (live_store root=D:\sem_iitk\sem9\thesis\sep_week1\arpipe-0.1.0\live_store),INE003F01015_2018_singleton,Adobe PDF Library 9.9,PDF 1.6,False,True,,True,0,True,2,digital,,mda_heading_in_outline=False (n_matches=0) | split=VALIDATION,True,KNOWN_FROM_PRIOR,False,KNOWN_FROM_PRIOR,False,KNOWN_FROM_PRIOR,False,INFERRED,False,INFERRED,False,INFERRED,UNKNOWN,UNKNOWN,False,KNOWN_FROM_PRIOR,False,OBSERVED,True,KNOWN_FROM_PRIOR,True,KNOWN_FROM_PRIOR,UNKNOWN,UNKNOWN,UNKNOWN,UNKNOWN,UNKNOWN,UNKNOWN,False,INFERRED,False,INFERRED,True,KNOWN_FROM_PRIOR,False,KNOWN_FROM_PRIOR,UNKNOWN,UNKNOWN,True,KNOWN_FROM_PRIOR,False,KNOWN_FROM_PRIOR,False,KNOWN_FROM_PRIOR,False,INFERRED,False,INFERRED,False,INFERRED,False,INFERRED,False,INFERRED,False,KNOWN_FROM_PRIOR,False,OBSERVED,False,INFERRED,False,KNOWN_FROM_PRIOR,False,INFERRED
INE003F01015_2024,Muller & Phipps (India) Ltd.,INE003F01015,2024,3c4d0fa1932189e3b3bf9acf1def7603dd909f4bd771dd0a6f9d200ceae9c51b,True,887079,91,D:\sem_iitk\sem9\thesis\sep_week1\arpipe-0.1.0\live_store\blobs\3c\4d\3c4d0fa1932189e3b3bf9acf1def7603dd909f4bd771dd0a6f9d200ceae9c51b.pdf (live_store root=D:\sem_iitk\sem9\thesis\sep_week1\arpipe-0.1.0\live_store),INE003F01015_2024_singleton,,PDF 1.6,False,True,,True,0,True,2,digital,,mda_heading_in_outline=False (n_matches=0) | split=VALIDATION,True,KNOWN_FROM_PRIOR,False,KNOWN_FROM_PRIOR,False,KNOWN_FROM_PRIOR,False,INFERRED,False,INFERRED,False,INFERRED,UNKNOWN,UNKNOWN,False,KNOWN_FROM_PRIOR,False,OBSERVED,True,KNOWN_FROM_PRIOR,True,KNOWN_FROM_PRIOR,UNKNOWN,UNKNOWN,UNKNOWN,UNKNOWN,UNKNOWN,UNKNOWN,False,INFERRED,True,INFERRED,True,KNOWN_FROM_PRIOR,False,KNOWN_FROM_PRIOR,UNKNOWN,UNKNOWN,True,KNOWN_FROM_PRIOR,False,KNOWN_FROM_PRIOR,False,KNOWN_FROM_PRIOR,False,INFERRED,False,INFERRED,False,INFERRED,False,INFERRED,False,INFERRED,False,KNOWN_FROM_PRIOR,True,OBSERVED,False,INFERRED,False,KNOWN_FROM_PRIOR,False,INFERRED
INE003F01015_2025,Muller & Phipps (India) Ltd.,INE003F01015,2025,15a71c45b368a79f9c0a185740eb97876582915dad14cbca7567e8b46ba1b450,True,1925496,89,D:\sem_iitk\sem9\thesis\sep_week1\arpipe-0.1.0\live_store\blobs\15\a7\15a71c45b368a79f9c0a185740eb97876582915dad14cbca7567e8b46ba1b450.pdf (live_store root=D:\sem_iitk\sem9\thesis\sep_week1\arpipe-0.1.0\live_store),INE003F01015_2025_singleton,,PDF 1.6,False,True,,True,0,False,0,digital,,mda_heading_in_outline=False (n_matches=0) | split=VALIDATION,True,KNOWN_FROM_PRIOR,False,KNOWN_FROM_PRIOR,False,KNOWN_FROM_PRIOR,False,INFERRED,False,INFERRED,False,INFERRED,UNKNOWN,UNKNOWN,False,KNOWN_FROM_PRIOR,False,OBSERVED,True,KNOWN_FROM_PRIOR,True,KNOWN_FROM_PRIOR,UNKNOWN,UNKNOWN,UNKNOWN,UNKNOWN,UNKNOWN,UNKNOWN,False,INFERRED,True,INFERRED,False,KNOWN_FROM_PRIOR,True,KNOWN_FROM_PRIOR,UNKNOWN,UNKNOWN,False,KNOWN_FROM_PRIOR,True,KNOWN_FROM_PRIOR,False,KNOWN_FROM_PRIOR,UNKNOWN,UNKNOWN,UNKNOWN,UNKNOWN,UNKNOWN,UNKNOWN,False,INFERRED,False,INFERRED,False,KNOWN_FROM_PRIOR,True,OBSERVED,False,INFERRED,False,KNOWN_FROM_PRIOR,UNKNOWN,UNKNOWN
INE004C01028_2017,Gujarat Cotex Ltd,INE004C01028,2017,73c9aba9314f2a879e5bba9d9bbec279f90505b62c16f97e2d893a89c124612e,True,7767864,63,D:\sem_iitk\sem9\thesis\sep_week1\arpipe-0.1.0\live_store\blobs\73\c9\73c9aba9314f2a879e5bba9d9bbec279f90505b62c16f97e2d893a89c124612e.pdf (live_store root=D:\sem_iitk\sem9\thesis\sep_week1\arpipe-0.1.0\live_store),INE004C01028_2017_singleton,iText by lowagie.com (r1.02b;p128),PDF 1.4,False,True,,True,0,True,1,mixed,,mda_heading_in_outline=False (n_matches=0) | split=FIT,False,KNOWN_FROM_PRIOR,False,KNOWN_FROM_PRIOR,True,KNOWN_FROM_PRIOR,False,INFERRED,False,INFERRED,False,INFERRED,UNKNOWN,UNKNOWN,False,KNOWN_FROM_PRIOR,False,OBSERVED,True,KNOWN_FROM_PRIOR,True,KNOWN_FROM_PRIOR,UNKNOWN,UNKNOWN,UNKNOWN,UNKNOWN,UNKNOWN,UNKNOWN,False,INFERRED,True,INFERRED,True,KNOWN_FROM_PRIOR,False,KNOWN_FROM_PRIOR,UNKNOWN,UNKNOWN,True,KNOWN_FROM_PRIOR,False,KNOWN_FROM_PRIOR,False,KNOWN_FROM_PRIOR,False,INFERRED,False,INFERRED,False,INFERRED,False,INFERRED,False,INFERRED,False,KNOWN_FROM_PRIOR,True,OBSERVED,False,INFERRED,False,KNOWN_FROM_PRIOR,False,INFERRED
INE004C01028_2018,Gujarat Cotex Ltd,INE004C01028,2018,7abb0ef1750e2a916f4f281eb41337a9d9a59510a54f9bb3fa24aa54065edc85,True,3611431,69,D:\sem_iitk\sem9\thesis\sep_week1\arpipe-0.1.0\live_store\blobs\7a\bb\7abb0ef1750e2a916f4f281eb41337a9d9a59510a54f9bb3fa24aa54065edc85.pdf (live_store root=D:\sem_iitk\sem9\thesis\sep_week1\arpipe-0.1.0\live_store),INE004C01028_2018_singleton,iText by lowagie.com (r1.02b;p128),PDF 1.4,False,True,,True,0,True,1,digital,,mda_heading_in_outline=False (n_matches=0) | split=FIT,True,KNOWN_FROM_PRIOR,False,KNOWN_FROM_PRIOR,False,KNOWN_FROM_PRIOR,False,INFERRED,False,INFERRED,False,INFERRED,UNKNOWN,UNKNOWN,False,KNOWN_FROM_PRIOR,False,OBSERVED,True,KNOWN_FROM_PRIOR,True,KNOWN_FROM_PRIOR,UNKNOWN,UNKNOWN,UNKNOWN,UNKNOWN,UNKNOWN,UNKNOWN,True,INFERRED,True,INFERRED,True,KNOWN_FROM_PRIOR,False,KNOWN_FROM_PRIOR,UNKNOWN,UNKNOWN,True,KNOWN_FROM_PRIOR,False,KNOWN_FROM_PRIOR,False,KNOWN_FROM_PRIOR,False,INFERRED,False,INFERRED,False,INFERRED,False,INFERRED,False,INFERRED,False,KNOWN_FROM_PRIOR,True,OBSERVED,False,INFERRED,False,KNOWN_FROM_PRIOR,False,INFERRED
INE004C01028_2024,Gujarat Cotex Ltd,INE004C01028,2024,2077b668cbc7290b91420f4a49abfb0585df84bddfdbc03cd94fac8bc6412914,True,7078540,68,D:\sem_iitk\sem9\thesis\sep_week1\arpipe-0.1.0\live_store\blobs\20\77\2077b668cbc7290b91420f4a49abfb0585df84bddfdbc03cd94fac8bc6412914.pdf (live_store root=D:\sem_iitk\sem9\thesis\sep_week1\arpipe-0.1.0\live_store),INE004C01028_2024_singleton,Nitro Reader 5  (5. 5. 9. 2),PDF 1.6,False,True,,True,0,False,0,scanned,,mda_heading_in_outline=False (n_matches=0) | split=FIT,False,KNOWN_FROM_PRIOR,True,KNOWN_FROM_PRIOR,False,KNOWN_FROM_PRIOR,False,INFERRED,False,INFERRED,False,INFERRED,UNKNOWN,UNKNOWN,False,KNOWN_FROM_PRIOR,False,OBSERVED,True,KNOWN_FROM_PRIOR,False,KNOWN_FROM_PRIOR,UNKNOWN,UNKNOWN,UNKNOWN,UNKNOWN,UNKNOWN,UNKNOWN,False,INFERRED,True,INFERRED,False,KNOWN_FROM_PRIOR,True,KNOWN_FROM_PRIOR,UNKNOWN,UNKNOWN,False,KNOWN_FROM_PRIOR,True,KNOWN_FROM_PRIOR,False,KNOWN_FROM_PRIOR,UNKNOWN,UNKNOWN,UNKNOWN,UNKNOWN,UNKNOWN,UNKNOWN,False,INFERRED,False,INFERRED,False,KNOWN_FROM_PRIOR,True,OBSERVED,False,INFERRED,False,KNOWN_FROM_PRIOR,UNKNOWN,UNKNOWN
INE004C01028_2025,Gujarat Cotex Ltd,INE004C01028,2025,0f1522f3a2dd3ea093d24f6896b42186b7c8e31218edba71d2149e1af38cff2b,True,4473517,60,D:\sem_iitk\sem9\thesis\sep_week1\arpipe-0.1.0\live_store\blobs\0f\15\0f1522f3a2dd3ea093d24f6896b42186b7c8e31218edba71d2149e1af38cff2b.pdf (live_store root=D:\sem_iitk\sem9\thesis\sep_week1\arpipe-0.1.0\live_store),INE004C01028_2025_singleton,Nitro Reader 5  (5. 5. 9. 2),PDF 1.6,False,True,,True,0,False,0,digital,,mda_heading_in_outline=False (n_matches=0) | split=FIT,True,KNOWN_FROM_PRIOR,False,KNOWN_FROM_PRIOR,False,KNOWN_FROM_PRIOR,False,INFERRED,False,INFERRED,True,INFERRED,UNKNOWN,UNKNOWN,False,KNOWN_FROM_PRIOR,False,OBSERVED,True,KNOWN_FROM_PRIOR,True,KNOWN_FROM_PRIOR,UNKNOWN,UNKNOWN,UNKNOWN,UNKNOWN,UNKNOWN,UNKNOWN,False,INFERRED,True,INFERRED,False,KNOWN_FROM_PRIOR,True,KNOWN_FROM_PRIOR,UNKNOWN,UNKNOWN,False,KNOWN_FROM_PRIOR,True,KNOWN_FROM_PRIOR,False,KNOWN_FROM_PRIOR,UNKNOWN,UNKNOWN,UNKNOWN,UNKNOWN,UNKNOWN,UNKNOWN,False,INFERRED,False,INFERRED,False,KNOWN_FROM_PRIOR,True,OBSERVED,False,INFERRED,False,KNOWN_FROM_PRIOR,UNKNOWN,UNKNOWN
INE004E01016_2012,Span Divergent Limited,INE004E01016,2012,eadc5029f16c33a91cf122fa51bc516ba896f37aa9e4b9751aba7efe5d264ba8,True,1818465,76,D:\sem_iitk\sem9\thesis\sep_week1\arpipe-0.1.0\live_store\blobs\ea\dc\eadc5029f16c33a91cf122fa51bc516ba896f37aa9e4b9751aba7efe5d264ba8.pdf (live_store root=D:\sem_iitk\sem9\thesis\sep_week1\arpipe-0.1.0\live_store),INE004E01016_2012_singleton,Corel PDF Engine Version 14.0.0.567,PDF 1.5,False,True,,True,0,False,0,digital,,mda_heading_in_outline=False (n_matches=0) | split=FIT,True,KNOWN_FROM_PRIOR,False,KNOWN_FROM_PRIOR,False,KNOWN_FROM_PRIOR,False,INFERRED,False,INFERRED,False,INFERRED,UNKNOWN,UNKNOWN,False,KNOWN_FROM_PRIOR,False,OBSERVED,True,KNOWN_FROM_PRIOR,True,KNOWN_FROM_PRIOR,UNKNOWN,UNKNOWN,UNKNOWN,UNKNOWN,UNKNOWN,UNKNOWN,True,INFERRED,True,INFERRED,False,KNOWN_FROM_PRIOR,True,KNOWN_FROM_PRIOR,UNKNOWN,UNKNOWN,False,KNOWN_FROM_PRIOR,True,KNOWN_FROM_PRIOR,False,KNOWN_FROM_PRIOR,UNKNOWN,UNKNOWN,UNKNOWN,UNKNOWN,UNKNOWN,UNKNOWN,False,INFERRED,False,INFERRED,False,KNOWN_FROM_PRIOR,False,OBSERVED,False,INFERRED,False,KNOWN_FROM_PRIOR,UNKNOWN,UNKNOWN
INE004E01016_2013,Span Divergent Limited,INE004E01016,2013,bd6ad137a7a3b8e4609c93ff8bc16265aa0efc709233a4dd5b79e54ccc853fbc,True,2874335,81,D:\sem_iitk\sem9\thesis\sep_week1\arpipe-0.1.0\live_store\blobs\bd\6a\bd6ad137a7a3b8e4609c93ff8bc16265aa0efc709233a4dd5b79e54ccc853fbc.pdf (live_store root=D:\sem_iitk\sem9\thesis\sep_week1\arpipe-0.1.0\live_store),INE004E01016_2013_singleton,CutePDF 3.6 (www.cutepdf.com),PDF 1.5,False,True,,True,0,False,0,digital,,mda_heading_in_outline=False (n_matches=0) | split=FIT,True,KNOWN_FROM_PRIOR,False,KNOWN_FROM_PRIOR,False,KNOWN_FROM_PRIOR,False,INFERRED,False,INFERRED,False,INFERRED,UNKNOWN,UNKNOWN,False,KNOWN_FROM_PRIOR,False,OBSERVED,True,KNOWN_FROM_PRIOR,True,KNOWN_FROM_PRIOR,UNKNOWN,UNKNOWN,UNKNOWN,UNKNOWN,UNKNOWN,UNKNOWN,False,INFERRED,True,INFERRED,False,KNOWN_FROM_PRIOR,True,KNOWN_FROM_PRIOR,UNKNOWN,UNKNOWN,False,KNOWN_FROM_PRIOR,True,KNOWN_FROM_PRIOR,False,KNOWN_FROM_PRIOR,UNKNOWN,UNKNOWN,UNKNOWN,UNKNOWN,UNKNOWN,UNKNOWN,False,INFERRED,False,INFERRED,False,KNOWN_FROM_PRIOR,True,OBSERVED,False,INFERRED,False,KNOWN_FROM_PRIOR,UNKNOWN,UNKNOWN
INE004E01016_2017,Span Divergent Limited,INE004E01016,2017,23bfad65fdf36889ddbea27e76b532d2464b3f76eacc70f52e9a8bb7c5ea1002,True,1609827,77,D:\sem_iitk\sem9\thesis\sep_week1\arpipe-0.1.0\live_store\blobs\23\bf\23bfad65fdf36889ddbea27e76b532d2464b3f76eacc70f52e9a8bb7c5ea1002.pdf (live_store root=D:\sem_iitk\sem9\thesis\sep_week1\arpipe-0.1.0\live_store),INE004E01016_2017_singleton,"Marvell Semiconductor, Inc.  -- http://www.marvell.com",PDF 1.6,False,True,,True,0,True,2,digital,,mda_heading_in_outline=False (n_matches=0) | split=FIT,True,KNOWN_FROM_PRIOR,False,KNOWN_FROM_PRIOR,False,KNOWN_FROM_PRIOR,False,INFERRED,False,INFERRED,False,INFERRED,UNKNOWN,UNKNOWN,False,KNOWN_FROM_PRIOR,False,OBSERVED,True,KNOWN_FROM_PRIOR,True,KNOWN_FROM_PRIOR,UNKNOWN,UNKNOWN,UNKNOWN,UNKNOWN,UNKNOWN,UNKNOWN,True,INFERRED,True,INFERRED,True,KNOWN_FROM_PRIOR,False,KNOWN_FROM_PRIOR,UNKNOWN,UNKNOWN,True,KNOWN_FROM_PRIOR,False,KNOWN_FROM_PRIOR,False,KNOWN_FROM_PRIOR,False,INFERRED,False,INFERRED,False,INFERRED,False,INFERRED,False,INFERRED,False,KNOWN_FROM_PRIOR,True,OBSERVED,False,INFERRED,True,KNOWN_FROM_PRIOR,False,INFERRED
INE004E01016_2018,Span Divergent Limited,INE004E01016,2018,8bd164a01b993db8d3ef7c4f70553a3c0aec1581ae70dfea0a3dfe480670d8d3,True,2104631,111,D:\sem_iitk\sem9\thesis\sep_week1\arpipe-0.1.0\live_store\blobs\8b\d1\8bd164a01b993db8d3ef7c4f70553a3c0aec1581ae70dfea0a3dfe480670d8d3.pdf (live_store root=D:\sem_iitk\sem9\thesis\sep_week1\arpipe-0.1.0\live_store),INE004E01016_2018_singleton,doPDF Ver 7.3 Build 391 (unknown Windows version - Version: 10.0.17134 (x64)),PDF 1.6,False,True,,True,0,False,0,digital,,mda_heading_in_outline=False (n_matches=0) | split=FIT,True,KNOWN_FROM_PRIOR,False,KNOWN_FROM_PRIOR,False,KNOWN_FROM_PRIOR,False,INFERRED,False,INFERRED,False,INFERRED,UNKNOWN,UNKNOWN,False,KNOWN_FROM_PRIOR,False,OBSERVED,True,KNOWN_FROM_PRIOR,True,KNOWN_FROM_PRIOR,UNKNOWN,UNKNOWN,UNKNOWN,UNKNOWN,UNKNOWN,UNKNOWN,True,INFERRED,True,INFERRED,False,KNOWN_FROM_PRIOR,True,KNOWN_FROM_PRIOR,UNKNOWN,UNKNOWN,False,KNOWN_FROM_PRIOR,True,KNOWN_FROM_PRIOR,False,KNOWN_FROM_PRIOR,UNKNOWN,UNKNOWN,UNKNOWN,UNKNOWN,UNKNOWN,UNKNOWN,False,INFERRED,False,INFERRED,True,KNOWN_FROM_PRIOR,True,OBSERVED,False,INFERRED,False,KNOWN_FROM_PRIOR,UNKNOWN,UNKNOWN
INE004E01016_2024,Span Divergent Limited,INE004E01016,2024,5df0bb9af53232cc35ffadba97d1ae74fcfbb6b05ba44e004f972287823b0203,True,1794349,98,D:\sem_iitk\sem9\thesis\sep_week1\arpipe-0.1.0\live_store\blobs\5d\f0\5df0bb9af53232cc35ffadba97d1ae74fcfbb6b05ba44e004f972287823b0203.pdf (live_store root=D:\sem_iitk\sem9\thesis\sep_week1\arpipe-0.1.0\live_store),INE004E01016_2024_singleton,iLovePDF,PDF 1.7,False,True,,True,0,False,0,digital,,mda_heading_in_outline=False (n_matches=0) | split=FIT,True,KNOWN_FROM_PRIOR,False,KNOWN_FROM_PRIOR,False,KNOWN_FROM_PRIOR,False,INFERRED,False,INFERRED,True,INFERRED,UNKNOWN,UNKNOWN,False,KNOWN_FROM_PRIOR,False,OBSERVED,True,KNOWN_FROM_PRIOR,True,KNOWN_FROM_PRIOR,UNKNOWN,UNKNOWN,UNKNOWN,UNKNOWN,UNKNOWN,UNKNOWN,True,INFERRED,False,INFERRED,False,KNOWN_FROM_PRIOR,True,KNOWN_FROM_PRIOR,UNKNOWN,UNKNOWN,False,KNOWN_FROM_PRIOR,True,KNOWN_FROM_PRIOR,False,KNOWN_FROM_PRIOR,UNKNOWN,UNKNOWN,UNKNOWN,UNKNOWN,UNKNOWN,UNKNOWN,False,INFERRED,False,INFERRED,False,KNOWN_FROM_PRIOR,True,OBSERVED,False,INFERRED,False,KNOWN_FROM_PRIOR,UNKNOWN,UNKNOWN
INE004E01016_2025,Span Divergent Limited,INE004E01016,2025,8944db14283b448a6e1fe1d873cdad5b01643593bc0d5dbfd043fb82a9aaee3f,True,2432713,95,D:\sem_iitk\sem9\thesis\sep_week1\arpipe-0.1.0\live_store\blobs\89\44\8944db14283b448a6e1fe1d873cdad5b01643593bc0d5dbfd043fb82a9aaee3f.pdf (live_store root=D:\sem_iitk\sem9\thesis\sep_week1\arpipe-0.1.0\live_store),INE004E01016_2025_singleton,iLovePDF,PDF 1.7,False,True,,True,0,False,0,digital,,mda_heading_in_outline=False (n_matches=0) | split=FIT,True,KNOWN_FROM_PRIOR,False,KNOWN_FROM_PRIOR,False,KNOWN_FROM_PRIOR,False,INFERRED,False,INFERRED,True,INFERRED,UNKNOWN,UNKNOWN,False,KNOWN_FROM_PRIOR,False,OBSERVED,True,KNOWN_FROM_PRIOR,True,KNOWN_FROM_PRIOR,UNKNOWN,UNKNOWN,UNKNOWN,UNKNOWN,UNKNOWN,UNKNOWN,True,INFERRED,False,INFERRED,False,KNOWN_FROM_PRIOR,True,KNOWN_FROM_PRIOR,UNKNOWN,UNKNOWN,False,KNOWN_FROM_PRIOR,True,KNOWN_FROM_PRIOR,False,KNOWN_FROM_PRIOR,UNKNOWN,UNKNOWN,UNKNOWN,UNKNOWN,UNKNOWN,UNKNOWN,False,INFERRED,False,INFERRED,False,KNOWN_FROM_PRIOR,True,OBSERVED,False,INFERRED,False,KNOWN_FROM_PRIOR,UNKNOWN,UNKNOWN
INE004Z01011_2024,Mac Hotels Limited,INE004Z01011,2024,ecf45ab9f08aad31c007355d127d13e2ba2097588ee221834fbcedb9ecea8c85,True,2397506,84,D:\sem_iitk\sem9\thesis\sep_week1\arpipe-0.1.0\live_store\blobs\ec\f4\ecf45ab9f08aad31c007355d127d13e2ba2097588ee221834fbcedb9ecea8c85.pdf (live_store root=D:\sem_iitk\sem9\thesis\sep_week1\arpipe-0.1.0\live_store),INE004Z01011_2024_singleton,iLovePDF,PDF 1.5,False,True,,True,0,True,2,digital,,mda_heading_in_outline=False (n_matches=0) | split=FIT,True,KNOWN_FROM_PRIOR,False,KNOWN_FROM_PRIOR,False,KNOWN_FROM_PRIOR,False,INFERRED,False,INFERRED,False,INFERRED,UNKNOWN,UNKNOWN,False,KNOWN_FROM_PRIOR,False,OBSERVED,True,KNOWN_FROM_PRIOR,True,KNOWN_FROM_PRIOR,UNKNOWN,UNKNOWN,UNKNOWN,UNKNOWN,UNKNOWN,UNKNOWN,True,INFERRED,True,INFERRED,True,KNOWN_FROM_PRIOR,False,KNOWN_FROM_PRIOR,UNKNOWN,UNKNOWN,True,KNOWN_FROM_PRIOR,False,KNOWN_FROM_PRIOR,False,KNOWN_FROM_PRIOR,False,INFERRED,False,INFERRED,False,INFERRED,False,INFERRED,False,INFERRED,False,KNOWN_FROM_PRIOR,True,OBSERVED,False,INFERRED,False,KNOWN_FROM_PRIOR,False,INFERRED
INE004Z01011_2025,Mac Hotels Limited,INE004Z01011,2025,7a4f1a963222265043d2cc62f24d525cbd85af2da8342fa248089ecce38296e4,True,2418763,92,D:\sem_iitk\sem9\thesis\sep_week1\arpipe-0.1.0\live_store\blobs\7a\4f\7a4f1a963222265043d2cc62f24d525cbd85af2da8342fa248089ecce38296e4.pdf (live_store root=D:\sem_iitk\sem9\thesis\sep_week1\arpipe-0.1.0\live_store),INE004Z01011_2025_singleton,iLovePDF,PDF 1.5,False,True,,True,0,True,2,digital,,mda_heading_in_outline=False (n_matches=0) | split=FIT,True,KNOWN_FROM_PRIOR,False,KNOWN_FROM_PRIOR,False,KNOWN_FROM_PRIOR,False,INFERRED,False,INFERRED,True,INFERRED,UNKNOWN,UNKNOWN,False,KNOWN_FROM_PRIOR,False,OBSERVED,True,KNOWN_FROM_PRIOR,True,KNOWN_FROM_PRIOR,UNKNOWN,UNKNOWN,UNKNOWN,UNKNOWN,UNKNOWN,UNKNOWN,True,INFERRED,True,INFERRED,True,KNOWN_FROM_PRIOR,False,KNOWN_FROM_PRIOR,UNKNOWN,UNKNOWN,True,KNOWN_FROM_PRIOR,False,KNOWN_FROM_PRIOR,False,KNOWN_FROM_PRIOR,False,INFERRED,False,INFERRED,False,INFERRED,False,INFERRED,False,INFERRED,False,KNOWN_FROM_PRIOR,True,OBSERVED,False,INFERRED,False,KNOWN_FROM_PRIOR,False,INFERRED
INE005E01013_2012,Ekansh Concepts Limited,INE005E01013,2012,dc8bb17c415cf9952bd2c9b545ed733e20fee7e5a9bc61aa612d727035fe8135,True,1899977,74,D:\sem_iitk\sem9\thesis\sep_week1\arpipe-0.1.0\live_store\blobs\dc\8b\dc8bb17c415cf9952bd2c9b545ed733e20fee7e5a9bc61aa612d727035fe8135.pdf (live_store root=D:\sem_iitk\sem9\thesis\sep_week1\arpipe-0.1.0\live_store),INE005E01013_2012_singleton,Corel PDF Engine Version 3.0.0.576,PDF 1.3,False,True,,True,0,True,1,digital,,mda_heading_in_outline=False (n_matches=0) | split=VALIDATION,True,KNOWN_FROM_PRIOR,False,KNOWN_FROM_PRIOR,False,KNOWN_FROM_PRIOR,False,INFERRED,False,INFERRED,True,INFERRED,UNKNOWN,UNKNOWN,False,KNOWN_FROM_PRIOR,False,OBSERVED,True,KNOWN_FROM_PRIOR,True,KNOWN_FROM_PRIOR,UNKNOWN,UNKNOWN,UNKNOWN,UNKNOWN,UNKNOWN,UNKNOWN,True,INFERRED,False,INFERRED,True,KNOWN_FROM_PRIOR,False,KNOWN_FROM_PRIOR,UNKNOWN,UNKNOWN,True,KNOWN_FROM_PRIOR,False,KNOWN_FROM_PRIOR,False,KNOWN_FROM_PRIOR,False,INFERRED,False,INFERRED,False,INFERRED,False,INFERRED,False,INFERRED,False,KNOWN_FROM_PRIOR,False,OBSERVED,False,INFERRED,False,KNOWN_FROM_PRIOR,False,INFERRED
INE005E01013_2013,Ekansh Concepts Limited,INE005E01013,2013,f934459f048686d3c2169322c6b2bc731a83e4ac182dbffa878257222736e386,True,1759209,78,D:\sem_iitk\sem9\thesis\sep_week1\arpipe-0.1.0\live_store\blobs\f9\34\f934459f048686d3c2169322c6b2bc731a83e4ac182dbffa878257222736e386.pdf (live_store root=D:\sem_iitk\sem9\thesis\sep_week1\arpipe-0.1.0\live_store),INE005E01013_2013_singleton,CutePDF 3.6 (www.cutepdf.com),PDF 1.6,False,True,,True,0,True,2,mixed,,"KNOWN-FROM-PRIOR historical_ground_truth label: true_start=19 true_end=36 position_bucket=front (frozen labels.csv, not re-derived here; NOT copied into annotation_roster.csv gold fields) | mda_heading_in_outline=False (n_matches=0) | split=VALIDATION",False,KNOWN_FROM_PRIOR,False,KNOWN_FROM_PRIOR,True,KNOWN_FROM_PRIOR,False,INFERRED,False,INFERRED,True,INFERRED,UNKNOWN,UNKNOWN,False,KNOWN_FROM_PRIOR,False,OBSERVED,True,KNOWN_FROM_PRIOR,True,KNOWN_FROM_PRIOR,UNKNOWN,UNKNOWN,UNKNOWN,UNKNOWN,UNKNOWN,UNKNOWN,True,INFERRED,True,INFERRED,True,KNOWN_FROM_PRIOR,False,KNOWN_FROM_PRIOR,UNKNOWN,UNKNOWN,True,KNOWN_FROM_PRIOR,False,KNOWN_FROM_PRIOR,False,KNOWN_FROM_PRIOR,False,INFERRED,False,INFERRED,False,INFERRED,False,INFERRED,False,INFERRED,True,KNOWN_FROM_PRIOR,True,OBSERVED,False,INFERRED,False,KNOWN_FROM_PRIOR,False,INFERRED
INE005E01013_2017,Ekansh Concepts Limited,INE005E01013,2017,bcbd2c26ca1aacccb1a7b7b68adf3fda2f10b09b27a0fcfbc255dc7072bd9324,True,2024820,90,D:\sem_iitk\sem9\thesis\sep_week1\arpipe-0.1.0\live_store\blobs\bc\bd\bcbd2c26ca1aacccb1a7b7b68adf3fda2f10b09b27a0fcfbc255dc7072bd9324.pdf (live_store root=D:\sem_iitk\sem9\thesis\sep_week1\arpipe-0.1.0\live_store),INE005E01013_2017_singleton,Corel PDF Engine Version 17.6.0.1021,PDF 1.3,False,True,,True,0,False,0,digital,,mda_heading_in_outline=False (n_matches=0) | split=VALIDATION,True,KNOWN_FROM_PRIOR,False,KNOWN_FROM_PRIOR,False,KNOWN_FROM_PRIOR,False,INFERRED,False,INFERRED,True,INFERRED,UNKNOWN,UNKNOWN,False,KNOWN_FROM_PRIOR,False,OBSERVED,True,KNOWN_FROM_PRIOR,True,KNOWN_FROM_PRIOR,UNKNOWN,UNKNOWN,UNKNOWN,UNKNOWN,UNKNOWN,UNKNOWN,False,INFERRED,True,INFERRED,False,KNOWN_FROM_PRIOR,True,KNOWN_FROM_PRIOR,UNKNOWN,UNKNOWN,False,KNOWN_FROM_PRIOR,True,KNOWN_FROM_PRIOR,False,KNOWN_FROM_PRIOR,UNKNOWN,UNKNOWN,UNKNOWN,UNKNOWN,UNKNOWN,UNKNOWN,False,INFERRED,False,INFERRED,False,KNOWN_FROM_PRIOR,False,OBSERVED,False,INFERRED,False,KNOWN_FROM_PRIOR,UNKNOWN,UNKNOWN
INE005E01013_2018,Ekansh Concepts Limited,INE005E01013,2018,a6ea0d82912d6cd21525719b3047b3e2d5907e4f89f2ca8d43eccb0bda4db1c8,True,3660487,132,D:\sem_iitk\sem9\thesis\sep_week1\arpipe-0.1.0\live_store\blobs\a6\ea\a6ea0d82912d6cd21525719b3047b3e2d5907e4f89f2ca8d43eccb0bda4db1c8.pdf (live_store root=D:\sem_iitk\sem9\thesis\sep_week1\arpipe-0.1.0\live_store),INE005E01013_2018_singleton,Corel PDF Engine Version 17.1.0.572,PDF 1.5,False,True,,True,0,True,1,digital,,mda_heading_in_outline=False (n_matches=0) | split=VALIDATION,True,KNOWN_FROM_PRIOR,False,KNOWN_FROM_PRIOR,False,KNOWN_FROM_PRIOR,False,INFERRED,False,INFERRED,True,INFERRED,UNKNOWN,UNKNOWN,False,KNOWN_FROM_PRIOR,False,OBSERVED,True,KNOWN_FROM_PRIOR,True,KNOWN_FROM_PRIOR,UNKNOWN,UNKNOWN,UNKNOWN,UNKNOWN,UNKNOWN,UNKNOWN,True,INFERRED,True,INFERRED,True,KNOWN_FROM_PRIOR,False,KNOWN_FROM_PRIOR,UNKNOWN,UNKNOWN,True,KNOWN_FROM_PRIOR,False,KNOWN_FROM_PRIOR,False,KNOWN_FROM_PRIOR,False,INFERRED,False,INFERRED,False,INFERRED,False,INFERRED,False,INFERRED,False,KNOWN_FROM_PRIOR,False,OBSERVED,False,INFERRED,False,KNOWN_FROM_PRIOR,False,INFERRED
INE005E01013_2024,Ekansh Concepts Limited,INE005E01013,2024,3febf85887da6640e50371d6d726ada073275da379f5406dfcb2a3bb86bfb46f,True,6176583,162,D:\sem_iitk\sem9\thesis\sep_week1\arpipe-0.1.0\live_store\blobs\3f\eb\3febf85887da6640e50371d6d726ada073275da379f5406dfcb2a3bb86bfb46f.pdf (live_store root=D:\sem_iitk\sem9\thesis\sep_week1\arpipe-0.1.0\live_store),INE005E01013_2024_singleton,iLovePDF,PDF 1.6,False,True,,True,0,False,0,mixed,,mda_heading_in_outline=False (n_matches=0) | split=VALIDATION,False,KNOWN_FROM_PRIOR,False,KNOWN_FROM_PRIOR,True,KNOWN_FROM_PRIOR,False,INFERRED,False,INFERRED,True,INFERRED,UNKNOWN,UNKNOWN,False,KNOWN_FROM_PRIOR,False,OBSERVED,True,KNOWN_FROM_PRIOR,True,KNOWN_FROM_PRIOR,UNKNOWN,UNKNOWN,UNKNOWN,UNKNOWN,UNKNOWN,UNKNOWN,True,INFERRED,True,INFERRED,False,KNOWN_FROM_PRIOR,True,KNOWN_FROM_PRIOR,UNKNOWN,UNKNOWN,False,KNOWN_FROM_PRIOR,True,KNOWN_FROM_PRIOR,False,KNOWN_FROM_PRIOR,UNKNOWN,UNKNOWN,UNKNOWN,UNKNOWN,UNKNOWN,UNKNOWN,True,INFERRED,False,INFERRED,False,KNOWN_FROM_PRIOR,True,OBSERVED,False,INFERRED,True,KNOWN_FROM_PRIOR,UNKNOWN,UNKNOWN
INE005E01013_2025,Ekansh Concepts Limited,INE005E01013,2025,22d87e86093fe19cc7250f3a282dc9bff3536ac5fe4b2bde81fca1f73a29e7c5,True,6858308,148,D:\sem_iitk\sem9\thesis\sep_week1\arpipe-0.1.0\live_store\blobs\22\d8\22d87e86093fe19cc7250f3a282dc9bff3536ac5fe4b2bde81fca1f73a29e7c5.pdf (live_store root=D:\sem_iitk\sem9\thesis\sep_week1\arpipe-0.1.0\live_store),INE005E01013_2025_singleton,iLovePDF,PDF 1.7,False,True,,True,0,False,0,mixed,,mda_heading_in_outline=False (n_matches=0) | split=VALIDATION,False,KNOWN_FROM_PRIOR,False,KNOWN_FROM_PRIOR,True,KNOWN_FROM_PRIOR,False,INFERRED,False,INFERRED,True,INFERRED,UNKNOWN,UNKNOWN,False,KNOWN_FROM_PRIOR,False,OBSERVED,True,KNOWN_FROM_PRIOR,True,KNOWN_FROM_PRIOR,UNKNOWN,UNKNOWN,UNKNOWN,UNKNOWN,UNKNOWN,UNKNOWN,True,INFERRED,True,INFERRED,False,KNOWN_FROM_PRIOR,True,KNOWN_FROM_PRIOR,UNKNOWN,UNKNOWN,False,KNOWN_FROM_PRIOR,True,KNOWN_FROM_PRIOR,False,KNOWN_FROM_PRIOR,UNKNOWN,UNKNOWN,UNKNOWN,UNKNOWN,UNKNOWN,UNKNOWN,False,INFERRED,False,INFERRED,False,KNOWN_FROM_PRIOR,True,OBSERVED,False,INFERRED,False,KNOWN_FROM_PRIOR,UNKNOWN,UNKNOWN
INE006C01015_2012,K.Z.Leasing & Finance Ltd.,INE006C01015,2012,2bac9f14c400ea136247d2e16cc9da8826f7b773c31de7e148db1cbd1190a2db,True,715747,31,D:\sem_iitk\sem9\thesis\sep_week1\arpipe-0.1.0\live_store\blobs\2b\ac\2bac9f14c400ea136247d2e16cc9da8826f7b773c31de7e148db1cbd1190a2db.pdf (live_store root=D:\sem_iitk\sem9\thesis\sep_week1\arpipe-0.1.0\live_store),INE006C01015_2012_singleton,ABBYY FineReader 11,PDF 1.5,False,True,,True,0,False,0,mixed,,mda_heading_in_outline=False (n_matches=0) | split=VALIDATION,False,KNOWN_FROM_PRIOR,False,KNOWN_FROM_PRIOR,True,KNOWN_FROM_PRIOR,False,INFERRED,True,INFERRED,True,INFERRED,UNKNOWN,UNKNOWN,False,KNOWN_FROM_PRIOR,False,OBSERVED,True,KNOWN_FROM_PRIOR,True,KNOWN_FROM_PRIOR,UNKNOWN,UNKNOWN,UNKNOWN,UNKNOWN,UNKNOWN,UNKNOWN,False,INFERRED,True,INFERRED,False,KNOWN_FROM_PRIOR,True,KNOWN_FROM_PRIOR,UNKNOWN,UNKNOWN,False,KNOWN_FROM_PRIOR,True,KNOWN_FROM_PRIOR,False,KNOWN_FROM_PRIOR,UNKNOWN,UNKNOWN,UNKNOWN,UNKNOWN,UNKNOWN,UNKNOWN,False,INFERRED,False,INFERRED,False,KNOWN_FROM_PRIOR,True,OBSERVED,False,INFERRED,False,KNOWN_FROM_PRIOR,UNKNOWN,UNKNOWN
INE006C01015_2013,K.Z.Leasing & Finance Ltd.,INE006C01015,2013,1293abc0a3835396a6c82d1dd327d076ae350dc7a64d49bf682dba0602d05fc0,True,772190,31,D:\sem_iitk\sem9\thesis\sep_week1\arpipe-0.1.0\live_store\blobs\12\93\1293abc0a3835396a6c82d1dd327d076ae350dc7a64d49bf682dba0602d05fc0.pdf (live_store root=D:\sem_iitk\sem9\thesis\sep_week1\arpipe-0.1.0\live_store),INE006C01015_2013_singleton,ABBYY FineReader 11,PDF 1.5,False,True,,True,0,False,0,mixed,,mda_heading_in_outline=False (n_matches=0) | split=VALIDATION,False,KNOWN_FROM_PRIOR,False,KNOWN_FROM_PRIOR,True,KNOWN_FROM_PRIOR,False,INFERRED,True,INFERRED,False,INFERRED,UNKNOWN,UNKNOWN,False,KNOWN_FROM_PRIOR,False,OBSERVED,True,KNOWN_FROM_PRIOR,True,KNOWN_FROM_PRIOR,UNKNOWN,UNKNOWN,UNKNOWN,UNKNOWN,UNKNOWN,UNKNOWN,False,INFERRED,True,INFERRED,False,KNOWN_FROM_PRIOR,True,KNOWN_FROM_PRIOR,UNKNOWN,UNKNOWN,False,KNOWN_FROM_PRIOR,True,KNOWN_FROM_PRIOR,False,KNOWN_FROM_PRIOR,UNKNOWN,UNKNOWN,UNKNOWN,UNKNOWN,UNKNOWN,UNKNOWN,False,INFERRED,False,INFERRED,False,KNOWN_FROM_PRIOR,True,OBSERVED,False,INFERRED,False,KNOWN_FROM_PRIOR,UNKNOWN,UNKNOWN
INE006C01015_2017,K.Z.Leasing & Finance Ltd.,INE006C01015,2017,f3b1f24c7beb87cf4e001e452cdaf1e936bc6c632aea1ef3b25885ba90ba9fff,True,1079907,54,D:\sem_iitk\sem9\thesis\sep_week1\arpipe-0.1.0\live_store\blobs\f3\b1\f3b1f24c7beb87cf4e001e452cdaf1e936bc6c632aea1ef3b25885ba90ba9fff.pdf (live_store root=D:\sem_iitk\sem9\thesis\sep_week1\arpipe-0.1.0\live_store),INE006C01015_2017_singleton,3-Heights(TM) PDF Security Shell 4.8.25.2 (http://www.pdf-tools.com) / pdcat (www.pdf-tools.com),PDF 1.4,False,True,,True,0,False,0,digital,,mda_heading_in_outline=False (n_matches=0) | split=VALIDATION,True,KNOWN_FROM_PRIOR,False,KNOWN_FROM_PRIOR,False,KNOWN_FROM_PRIOR,False,INFERRED,False,INFERRED,False,INFERRED,UNKNOWN,UNKNOWN,False,KNOWN_FROM_PRIOR,False,OBSERVED,True,KNOWN_FROM_PRIOR,True,KNOWN_FROM_PRIOR,UNKNOWN,UNKNOWN,UNKNOWN,UNKNOWN,UNKNOWN,UNKNOWN,False,INFERRED,True,INFERRED,False,KNOWN_FROM_PRIOR,True,KNOWN_FROM_PRIOR,UNKNOWN,UNKNOWN,False,KNOWN_FROM_PRIOR,True,KNOWN_FROM_PRIOR,False,KNOWN_FROM_PRIOR,UNKNOWN,UNKNOWN,UNKNOWN,UNKNOWN,UNKNOWN,UNKNOWN,False,INFERRED,False,INFERRED,True,KNOWN_FROM_PRIOR,True,OBSERVED,False,INFERRED,False,KNOWN_FROM_PRIOR,UNKNOWN,UNKNOWN
INE006C01015_2018,K.Z.Leasing & Finance Ltd.,INE006C01015,2018,79ffd006fc0fc6b8d97c28e00fa4f9eae09d63f6b84df1b48d15d2faf19bcfec,True,808464,51,D:\sem_iitk\sem9\thesis\sep_week1\arpipe-0.1.0\live_store\blobs\79\ff\79ffd006fc0fc6b8d97c28e00fa4f9eae09d63f6b84df1b48d15d2faf19bcfec.pdf (live_store root=D:\sem_iitk\sem9\thesis\sep_week1\arpipe-0.1.0\live_store),INE006C01015_2018_singleton,3-Heights(TM) PDF Security Shell 4.8.25.2 (http://www.pdf-tools.com),PDF 1.4,False,True,,True,0,False,0,digital,,mda_heading_in_outline=False (n_matches=0) | split=VALIDATION,True,KNOWN_FROM_PRIOR,False,KNOWN_FROM_PRIOR,False,KNOWN_FROM_PRIOR,False,INFERRED,False,INFERRED,False,INFERRED,UNKNOWN,UNKNOWN,False,KNOWN_FROM_PRIOR,False,OBSERVED,True,KNOWN_FROM_PRIOR,True,KNOWN_FROM_PRIOR,UNKNOWN,UNKNOWN,UNKNOWN,UNKNOWN,UNKNOWN,UNKNOWN,False,INFERRED,True,INFERRED,False,KNOWN_FROM_PRIOR,True,KNOWN_FROM_PRIOR,UNKNOWN,UNKNOWN,False,KNOWN_FROM_PRIOR,True,KNOWN_FROM_PRIOR,False,KNOWN_FROM_PRIOR,UNKNOWN,UNKNOWN,UNKNOWN,UNKNOWN,UNKNOWN,UNKNOWN,False,INFERRED,False,INFERRED,True,KNOWN_FROM_PRIOR,True,OBSERVED,False,INFERRED,False,KNOWN_FROM_PRIOR,UNKNOWN,UNKNOWN
INE006C01015_2024,K.Z.Leasing & Finance Ltd.,INE006C01015,2024,630adfbb19a1f021a2353d6f92831bdb4deec4ac32005be839ac336ba6da8902,True,4508150,62,D:\sem_iitk\sem9\thesis\sep_week1\arpipe-0.1.0\live_store\blobs\63\0a\630adfbb19a1f021a2353d6f92831bdb4deec4ac32005be839ac336ba6da8902.pdf (live_store root=D:\sem_iitk\sem9\thesis\sep_week1\arpipe-0.1.0\live_store),INE006C01015_2024_singleton,iLovePDF,PDF 1.7,False,True,,True,0,False,0,digital,,mda_heading_in_outline=False (n_matches=0) | split=VALIDATION,True,KNOWN_FROM_PRIOR,False,KNOWN_FROM_PRIOR,False,KNOWN_FROM_PRIOR,False,INFERRED,False,INFERRED,False,INFERRED,UNKNOWN,UNKNOWN,False,KNOWN_FROM_PRIOR,False,OBSERVED,True,KNOWN_FROM_PRIOR,True,KNOWN_FROM_PRIOR,UNKNOWN,UNKNOWN,UNKNOWN,UNKNOWN,UNKNOWN,UNKNOWN,True,INFERRED,True,INFERRED,False,KNOWN_FROM_PRIOR,True,KNOWN_FROM_PRIOR,UNKNOWN,UNKNOWN,False,KNOWN_FROM_PRIOR,True,KNOWN_FROM_PRIOR,False,KNOWN_FROM_PRIOR,UNKNOWN,UNKNOWN,UNKNOWN,UNKNOWN,UNKNOWN,UNKNOWN,False,INFERRED,False,INFERRED,False,KNOWN_FROM_PRIOR,True,OBSERVED,False,INFERRED,False,KNOWN_FROM_PRIOR,UNKNOWN,UNKNOWN
INE006C01015_2025,K.Z.Leasing & Finance Ltd.,INE006C01015,2025,445f0d7dc6b77177994abb8d1aecd92c6ddac70f71b7d21bfa232bc6e524610f,True,2690047,63,D:\sem_iitk\sem9\thesis\sep_week1\arpipe-0.1.0\live_store\blobs\44\5f\445f0d7dc6b77177994abb8d1aecd92c6ddac70f71b7d21bfa232bc6e524610f.pdf (live_store root=D:\sem_iitk\sem9\thesis\sep_week1\arpipe-0.1.0\live_store),INE006C01015_2025_singleton,iLovePDF,PDF 1.6,False,True,,True,0,False,0,digital,,mda_heading_in_outline=False (n_matches=0) | split=VALIDATION,True,KNOWN_FROM_PRIOR,False,KNOWN_FROM_PRIOR,False,KNOWN_FROM_PRIOR,False,INFERRED,False,INFERRED,False,INFERRED,UNKNOWN,UNKNOWN,False,KNOWN_FROM_PRIOR,False,OBSERVED,True,KNOWN_FROM_PRIOR,True,KNOWN_FROM_PRIOR,UNKNOWN,UNKNOWN,UNKNOWN,UNKNOWN,UNKNOWN,UNKNOWN,True,INFERRED,True,INFERRED,False,KNOWN_FROM_PRIOR,True,KNOWN_FROM_PRIOR,UNKNOWN,UNKNOWN,False,KNOWN_FROM_PRIOR,True,KNOWN_FROM_PRIOR,False,KNOWN_FROM_PRIOR,UNKNOWN,UNKNOWN,UNKNOWN,UNKNOWN,UNKNOWN,UNKNOWN,False,INFERRED,False,INFERRED,True,KNOWN_FROM_PRIOR,True,OBSERVED,False,INFERRED,False,KNOWN_FROM_PRIOR,UNKNOWN,UNKNOWN
INE006I01046_2012,Astral Limited,INE006I01046,2012,4d7094047ffdcd917b71c6ede5941a036328a3d10cd2f8a03beb2bc517565166,True,3134460,104,D:\sem_iitk\sem9\thesis\sep_week1\arpipe-0.1.0\live_store\blobs\4d\70\4d7094047ffdcd917b71c6ede5941a036328a3d10cd2f8a03beb2bc517565166.pdf (live_store root=D:\sem_iitk\sem9\thesis\sep_week1\arpipe-0.1.0\live_store),INE006I01046_2012_singleton,Corel PDF Engine Version 15.2.0.686,PDF 1.5,False,True,,True,0,False,0,mixed,,mda_heading_in_outline=False (n_matches=0) | split=HOLDOUT,False,KNOWN_FROM_PRIOR,False,KNOWN_FROM_PRIOR,True,KNOWN_FROM_PRIOR,False,INFERRED,False,INFERRED,True,INFERRED,UNKNOWN,UNKNOWN,False,KNOWN_FROM_PRIOR,False,OBSERVED,True,KNOWN_FROM_PRIOR,True,KNOWN_FROM_PRIOR,UNKNOWN,UNKNOWN,UNKNOWN,UNKNOWN,UNKNOWN,UNKNOWN,True,INFERRED,True,INFERRED,False,KNOWN_FROM_PRIOR,True,KNOWN_FROM_PRIOR,UNKNOWN,UNKNOWN,False,KNOWN_FROM_PRIOR,True,KNOWN_FROM_PRIOR,False,KNOWN_FROM_PRIOR,UNKNOWN,UNKNOWN,UNKNOWN,UNKNOWN,UNKNOWN,UNKNOWN,False,INFERRED,False,INFERRED,False,KNOWN_FROM_PRIOR,False,OBSERVED,False,INFERRED,False,KNOWN_FROM_PRIOR,UNKNOWN,UNKNOWN
INE006I01046_2013,Astral Limited,INE006I01046,2013,c2e25d3bba43d69f4e34577ff37ca249b44da3937d60ed947642692b6418790c,True,2968012,112,D:\sem_iitk\sem9\thesis\sep_week1\arpipe-0.1.0\live_store\blobs\c2\e2\c2e25d3bba43d69f4e34577ff37ca249b44da3937d60ed947642692b6418790c.pdf (live_store root=D:\sem_iitk\sem9\thesis\sep_week1\arpipe-0.1.0\live_store),INE006I01046_2013_singleton,Corel PDF Engine Version 15.1.0.588,PDF 1.5,False,True,,True,0,False,0,digital,,mda_heading_in_outline=False (n_matches=0) | split=HOLDOUT,True,KNOWN_FROM_PRIOR,False,KNOWN_FROM_PRIOR,False,KNOWN_FROM_PRIOR,False,INFERRED,False,INFERRED,True,INFERRED,UNKNOWN,UNKNOWN,False,KNOWN_FROM_PRIOR,False,OBSERVED,True,KNOWN_FROM_PRIOR,True,KNOWN_FROM_PRIOR,UNKNOWN,UNKNOWN,UNKNOWN,UNKNOWN,UNKNOWN,UNKNOWN,True,INFERRED,True,INFERRED,False,KNOWN_FROM_PRIOR,True,KNOWN_FROM_PRIOR,UNKNOWN,UNKNOWN,False,KNOWN_FROM_PRIOR,True,KNOWN_FROM_PRIOR,False,KNOWN_FROM_PRIOR,UNKNOWN,UNKNOWN,UNKNOWN,UNKNOWN,UNKNOWN,UNKNOWN,False,INFERRED,False,INFERRED,False,KNOWN_FROM_PRIOR,False,OBSERVED,False,INFERRED,False,KNOWN_FROM_PRIOR,UNKNOWN,UNKNOWN
INE006I01046_2017,Astral Limited,INE006I01046,2017,c6e3283c6a5cf247244f996de7ec23d79309e2bc5e08a64909e28616bba56dd0,True,3797287,165,D:\sem_iitk\sem9\thesis\sep_week1\arpipe-0.1.0\live_store\blobs\c6\e3\c6e3283c6a5cf247244f996de7ec23d79309e2bc5e08a64909e28616bba56dd0.pdf (live_store root=D:\sem_iitk\sem9\thesis\sep_week1\arpipe-0.1.0\live_store),INE006I01046_2017_singleton,Adobe Acrobat Pro 10.1.1,PDF 1.6,False,True,,True,0,True,2,digital,,mda_heading_in_outline=False (n_matches=0) | split=HOLDOUT,True,KNOWN_FROM_PRIOR,False,KNOWN_FROM_PRIOR,False,KNOWN_FROM_PRIOR,False,INFERRED,False,INFERRED,False,INFERRED,UNKNOWN,UNKNOWN,False,KNOWN_FROM_PRIOR,False,OBSERVED,True,KNOWN_FROM_PRIOR,True,KNOWN_FROM_PRIOR,UNKNOWN,UNKNOWN,UNKNOWN,UNKNOWN,UNKNOWN,UNKNOWN,True,INFERRED,True,INFERRED,True,KNOWN_FROM_PRIOR,False,KNOWN_FROM_PRIOR,UNKNOWN,UNKNOWN,True,KNOWN_FROM_PRIOR,False,KNOWN_FROM_PRIOR,False,KNOWN_FROM_PRIOR,False,INFERRED,False,INFERRED,False,INFERRED,True,INFERRED,False,INFERRED,True,KNOWN_FROM_PRIOR,True,OBSERVED,False,INFERRED,False,KNOWN_FROM_PRIOR,False,INFERRED
INE006I01046_2018,Astral Limited,INE006I01046,2018,209b84f6166675b8879329e7e5a56c0a15d834c6fe97e2f572aeee4fe971bc56,True,4889372,145,D:\sem_iitk\sem9\thesis\sep_week1\arpipe-0.1.0\live_store\blobs\20\9b\209b84f6166675b8879329e7e5a56c0a15d834c6fe97e2f572aeee4fe971bc56.pdf (live_store root=D:\sem_iitk\sem9\thesis\sep_week1\arpipe-0.1.0\live_store),INE006I01046_2018_singleton,Adobe Acrobat 10.0 Paper Capture Plug-in,PDF 1.6,False,True,,True,0,False,0,digital,,mda_heading_in_outline=False (n_matches=0) | split=HOLDOUT,True,KNOWN_FROM_PRIOR,False,KNOWN_FROM_PRIOR,False,KNOWN_FROM_PRIOR,False,INFERRED,True,INFERRED,True,INFERRED,UNKNOWN,UNKNOWN,False,KNOWN_FROM_PRIOR,False,OBSERVED,True,KNOWN_FROM_PRIOR,True,KNOWN_FROM_PRIOR,UNKNOWN,UNKNOWN,UNKNOWN,UNKNOWN,UNKNOWN,UNKNOWN,True,INFERRED,True,INFERRED,False,KNOWN_FROM_PRIOR,True,KNOWN_FROM_PRIOR,UNKNOWN,UNKNOWN,False,KNOWN_FROM_PRIOR,True,KNOWN_FROM_PRIOR,False,KNOWN_FROM_PRIOR,UNKNOWN,UNKNOWN,UNKNOWN,UNKNOWN,UNKNOWN,UNKNOWN,False,INFERRED,False,INFERRED,False,KNOWN_FROM_PRIOR,True,OBSERVED,False,INFERRED,True,KNOWN_FROM_PRIOR,UNKNOWN,UNKNOWN
INE006I01046_2024,Astral Limited,INE006I01046,2024,e1f48191c3aa007a4d2c0bd3f72076e67359fb7df62e6d2e3074cd381c566c71,True,17960965,252,D:\sem_iitk\sem9\thesis\sep_week1\arpipe-0.1.0\live_store\blobs\e1\f4\e1f48191c3aa007a4d2c0bd3f72076e67359fb7df62e6d2e3074cd381c566c71.pdf (live_store root=D:\sem_iitk\sem9\thesis\sep_week1\arpipe-0.1.0\live_store),INE006I01046_2024_singleton,3-Heights(TM) PDF Security Shell 4.8.25.2 (http://www.pdf-tools.com),PDF 1.6,False,True,,True,0,False,0,digital,,mda_heading_in_outline=False (n_matches=0) | split=HOLDOUT,True,KNOWN_FROM_PRIOR,False,KNOWN_FROM_PRIOR,False,KNOWN_FROM_PRIOR,False,INFERRED,False,INFERRED,True,INFERRED,UNKNOWN,UNKNOWN,False,KNOWN_FROM_PRIOR,False,OBSERVED,True,KNOWN_FROM_PRIOR,True,KNOWN_FROM_PRIOR,UNKNOWN,UNKNOWN,UNKNOWN,UNKNOWN,UNKNOWN,UNKNOWN,True,INFERRED,True,INFERRED,False,KNOWN_FROM_PRIOR,True,KNOWN_FROM_PRIOR,UNKNOWN,UNKNOWN,False,KNOWN_FROM_PRIOR,True,KNOWN_FROM_PRIOR,False,KNOWN_FROM_PRIOR,UNKNOWN,UNKNOWN,UNKNOWN,UNKNOWN,UNKNOWN,UNKNOWN,True,INFERRED,False,INFERRED,False,KNOWN_FROM_PRIOR,True,OBSERVED,False,INFERRED,False,KNOWN_FROM_PRIOR,UNKNOWN,UNKNOWN
INE006I01046_2025,Astral Limited,INE006I01046,2025,3b08080af3d1d69a27620c06a97784b3bbb8fb5187a24b9c02f252a9ade6d6bf,True,20990728,239,D:\sem_iitk\sem9\thesis\sep_week1\arpipe-0.1.0\live_store\blobs\3b\08\3b08080af3d1d69a27620c06a97784b3bbb8fb5187a24b9c02f252a9ade6d6bf.pdf (live_store root=D:\sem_iitk\sem9\thesis\sep_week1\arpipe-0.1.0\live_store),INE006I01046_2025_singleton,Adobe PDF Library 25.1.97,PDF 1.7,False,True,,True,0,False,0,digital,,mda_heading_in_outline=False (n_matches=0) | split=HOLDOUT,True,KNOWN_FROM_PRIOR,False,KNOWN_FROM_PRIOR,False,KNOWN_FROM_PRIOR,True,INFERRED,False,INFERRED,False,INFERRED,UNKNOWN,UNKNOWN,False,KNOWN_FROM_PRIOR,False,OBSERVED,True,KNOWN_FROM_PRIOR,True,KNOWN_FROM_PRIOR,UNKNOWN,UNKNOWN,UNKNOWN,UNKNOWN,UNKNOWN,UNKNOWN,True,INFERRED,True,INFERRED,False,KNOWN_FROM_PRIOR,True,KNOWN_FROM_PRIOR,UNKNOWN,UNKNOWN,False,KNOWN_FROM_PRIOR,True,KNOWN_FROM_PRIOR,False,KNOWN_FROM_PRIOR,UNKNOWN,UNKNOWN,UNKNOWN,UNKNOWN,UNKNOWN,UNKNOWN,True,INFERRED,False,INFERRED,False,KNOWN_FROM_PRIOR,True,OBSERVED,True,INFERRED,False,KNOWN_FROM_PRIOR,UNKNOWN,UNKNOWN
INE007A01025_2012,Crisil Limited,INE007A01025,2012,4c64fbf7aec3f61bfa8e421e8e642ea4b52d0af92e2083e9c58ab39d867fd51b,True,4677201,164,D:\sem_iitk\sem9\thesis\sep_week1\arpipe-0.1.0\live_store\blobs\4c\64\4c64fbf7aec3f61bfa8e421e8e642ea4b52d0af92e2083e9c58ab39d867fd51b.pdf (live_store root=D:\sem_iitk\sem9\thesis\sep_week1\arpipe-0.1.0\live_store),INE007A01025_2012_singleton,Adobe PDF Library 9.9,PDF 1.6,False,True,,True,88,True,2,mixed,,mda_heading_in_outline=False (n_matches=0) | split=FIT,False,KNOWN_FROM_PRIOR,False,KNOWN_FROM_PRIOR,True,KNOWN_FROM_PRIOR,False,INFERRED,False,INFERRED,True,INFERRED,UNKNOWN,UNKNOWN,False,KNOWN_FROM_PRIOR,False,OBSERVED,True,KNOWN_FROM_PRIOR,True,KNOWN_FROM_PRIOR,UNKNOWN,UNKNOWN,UNKNOWN,UNKNOWN,UNKNOWN,UNKNOWN,True,INFERRED,True,INFERRED,True,KNOWN_FROM_PRIOR,False,KNOWN_FROM_PRIOR,UNKNOWN,UNKNOWN,True,KNOWN_FROM_PRIOR,False,KNOWN_FROM_PRIOR,False,KNOWN_FROM_PRIOR,False,INFERRED,False,INFERRED,False,INFERRED,True,INFERRED,False,INFERRED,False,KNOWN_FROM_PRIOR,True,OBSERVED,False,INFERRED,False,KNOWN_FROM_PRIOR,False,INFERRED
INE007A01025_2013,Crisil Limited,INE007A01025,2013,419ba79d4446909585bb873d122982ec626bab8417ea7ee877d5a93e1beb4ffc,True,4995394,188,D:\sem_iitk\sem9\thesis\sep_week1\arpipe-0.1.0\live_store\blobs\41\9b\419ba79d4446909585bb873d122982ec626bab8417ea7ee877d5a93e1beb4ffc.pdf (live_store root=D:\sem_iitk\sem9\thesis\sep_week1\arpipe-0.1.0\live_store),INE007A01025_2013_singleton,Acrobat Distiller 10.0.0 (Windows),PDF 1.6,False,True,,True,0,False,0,mixed,,mda_heading_in_outline=False (n_matches=0) | split=FIT,False,KNOWN_FROM_PRIOR,False,KNOWN_FROM_PRIOR,True,KNOWN_FROM_PRIOR,False,INFERRED,False,INFERRED,True,INFERRED,UNKNOWN,UNKNOWN,False,KNOWN_FROM_PRIOR,False,OBSERVED,True,KNOWN_FROM_PRIOR,True,KNOWN_FROM_PRIOR,UNKNOWN,UNKNOWN,UNKNOWN,UNKNOWN,UNKNOWN,UNKNOWN,True,INFERRED,True,INFERRED,False,KNOWN_FROM_PRIOR,True,KNOWN_FROM_PRIOR,UNKNOWN,UNKNOWN,False,KNOWN_FROM_PRIOR,True,KNOWN_FROM_PRIOR,False,KNOWN_FROM_PRIOR,UNKNOWN,UNKNOWN,UNKNOWN,UNKNOWN,UNKNOWN,UNKNOWN,True,INFERRED,False,INFERRED,False,KNOWN_FROM_PRIOR,False,OBSERVED,False,INFERRED,False,KNOWN_FROM_PRIOR,UNKNOWN,UNKNOWN
INE007A01025_2017,Crisil Limited,INE007A01025,2017,eef4c6eec79325d71fcf4e4808347f30f0947430425c49376debec4bf3e6ffac,True,3662200,276,D:\sem_iitk\sem9\thesis\sep_week1\arpipe-0.1.0\live_store\blobs\ee\f4\eef4c6eec79325d71fcf4e4808347f30f0947430425c49376debec4bf3e6ffac.pdf (live_store root=D:\sem_iitk\sem9\thesis\sep_week1\arpipe-0.1.0\live_store),INE007A01025_2017_singleton,Adobe Acrobat 9.0 Paper Capture Plug-in,PDF 1.6,False,True,,True,0,True,1,digital,,mda_heading_in_outline=False (n_matches=0) | split=FIT,True,KNOWN_FROM_PRIOR,False,KNOWN_FROM_PRIOR,False,KNOWN_FROM_PRIOR,False,INFERRED,True,INFERRED,True,INFERRED,UNKNOWN,UNKNOWN,False,KNOWN_FROM_PRIOR,False,OBSERVED,True,KNOWN_FROM_PRIOR,True,KNOWN_FROM_PRIOR,UNKNOWN,UNKNOWN,UNKNOWN,UNKNOWN,UNKNOWN,UNKNOWN,True,INFERRED,True,INFERRED,True,KNOWN_FROM_PRIOR,False,KNOWN_FROM_PRIOR,UNKNOWN,UNKNOWN,True,KNOWN_FROM_PRIOR,False,KNOWN_FROM_PRIOR,False,KNOWN_FROM_PRIOR,False,INFERRED,False,INFERRED,False,INFERRED,True,INFERRED,False,INFERRED,False,KNOWN_FROM_PRIOR,True,OBSERVED,False,INFERRED,False,KNOWN_FROM_PRIOR,False,INFERRED
INE007A01025_2018,Crisil Limited,INE007A01025,2018,f3870645c3d4c599bf761f37a76bbafbeed7a4ea95f67ae561e4ac5d4ccfd53d,True,5731752,250,D:\sem_iitk\sem9\thesis\sep_week1\arpipe-0.1.0\live_store\blobs\f3\87\f3870645c3d4c599bf761f37a76bbafbeed7a4ea95f67ae561e4ac5d4ccfd53d.pdf (live_store root=D:\sem_iitk\sem9\thesis\sep_week1\arpipe-0.1.0\live_store),INE007A01025_2018_singleton,Adobe PDF Library 15.0,PDF 1.7,False,True,,True,0,False,0,digital,,mda_heading_in_outline=False (n_matches=0) | split=FIT,True,KNOWN_FROM_PRIOR,False,KNOWN_FROM_PRIOR,False,KNOWN_FROM_PRIOR,False,INFERRED,False,INFERRED,False,INFERRED,UNKNOWN,UNKNOWN,False,KNOWN_FROM_PRIOR,False,OBSERVED,True,KNOWN_FROM_PRIOR,True,KNOWN_FROM_PRIOR,UNKNOWN,UNKNOWN,UNKNOWN,UNKNOWN,UNKNOWN,UNKNOWN,True,INFERRED,True,INFERRED,False,KNOWN_FROM_PRIOR,True,KNOWN_FROM_PRIOR,UNKNOWN,UNKNOWN,False,KNOWN_FROM_PRIOR,True,KNOWN_FROM_PRIOR,False,KNOWN_FROM_PRIOR,UNKNOWN,UNKNOWN,UNKNOWN,UNKNOWN,UNKNOWN,UNKNOWN,True,INFERRED,False,INFERRED,False,KNOWN_FROM_PRIOR,True,OBSERVED,False,INFERRED,False,KNOWN_FROM_PRIOR,UNKNOWN,UNKNOWN
INE007A01025_2024,Crisil Limited,INE007A01025,2024,ba5ca28c77ae87453fbf869451bc15b09a14dfc6dbaee8cce13aed08c9767838,True,17491017,435,D:\sem_iitk\sem9\thesis\sep_week1\arpipe-0.1.0\live_store\blobs\ba\5c\ba5ca28c77ae87453fbf869451bc15b09a14dfc6dbaee8cce13aed08c9767838.pdf (live_store root=D:\sem_iitk\sem9\thesis\sep_week1\arpipe-0.1.0\live_store),INE007A01025_2024_singleton,Adobe PDF Library 25.1.211,PDF 1.7,False,True,,True,0,False,0,digital,,mda_heading_in_outline=False (n_matches=0) | split=FIT,True,KNOWN_FROM_PRIOR,False,KNOWN_FROM_PRIOR,False,KNOWN_FROM_PRIOR,True,INFERRED,False,INFERRED,True,INFERRED,UNKNOWN,UNKNOWN,False,KNOWN_FROM_PRIOR,False,OBSERVED,True,KNOWN_FROM_PRIOR,True,KNOWN_FROM_PRIOR,UNKNOWN,UNKNOWN,UNKNOWN,UNKNOWN,UNKNOWN,UNKNOWN,True,INFERRED,True,INFERRED,False,KNOWN_FROM_PRIOR,True,KNOWN_FROM_PRIOR,UNKNOWN,UNKNOWN,False,KNOWN_FROM_PRIOR,True,KNOWN_FROM_PRIOR,False,KNOWN_FROM_PRIOR,UNKNOWN,UNKNOWN,UNKNOWN,UNKNOWN,UNKNOWN,UNKNOWN,True,INFERRED,False,INFERRED,True,KNOWN_FROM_PRIOR,True,OBSERVED,True,INFERRED,False,KNOWN_FROM_PRIOR,UNKNOWN,UNKNOWN
INE007A01025_2025,Crisil Limited,INE007A01025,2025,4e65d79ed0c336f5a97ae1664f18af9db7fbefbef30fafd35595dea0925c746a,True,14387768,373,D:\sem_iitk\sem9\thesis\sep_week1\arpipe-0.1.0\live_store\blobs\4e\65\4e65d79ed0c336f5a97ae1664f18af9db7fbefbef30fafd35595dea0925c746a.pdf (live_store root=D:\sem_iitk\sem9\thesis\sep_week1\arpipe-0.1.0\live_store),INE007A01025_2025_singleton,Adobe PDF Library 25.1.192,PDF 1.7,False,True,,True,0,True,2,digital,,mda_heading_in_outline=False (n_matches=0) | split=FIT,True,KNOWN_FROM_PRIOR,False,KNOWN_FROM_PRIOR,False,KNOWN_FROM_PRIOR,False,INFERRED,False,INFERRED,True,INFERRED,UNKNOWN,UNKNOWN,False,KNOWN_FROM_PRIOR,False,OBSERVED,True,KNOWN_FROM_PRIOR,True,KNOWN_FROM_PRIOR,UNKNOWN,UNKNOWN,UNKNOWN,UNKNOWN,UNKNOWN,UNKNOWN,True,INFERRED,True,INFERRED,True,KNOWN_FROM_PRIOR,False,KNOWN_FROM_PRIOR,UNKNOWN,UNKNOWN,True,KNOWN_FROM_PRIOR,False,KNOWN_FROM_PRIOR,False,KNOWN_FROM_PRIOR,False,INFERRED,False,INFERRED,False,INFERRED,True,INFERRED,False,INFERRED,False,KNOWN_FROM_PRIOR,True,OBSERVED,False,INFERRED,False,KNOWN_FROM_PRIOR,False,INFERRED
INE008A01015_2012,IDBI Bank Limited,INE008A01015,2012,a8bcd04d6ec38da4f503aa9c4abf9c51c264a617b4b6b18f56215224234695a0,True,1407370,229,D:\sem_iitk\sem9\thesis\sep_week1\arpipe-0.1.0\live_store\blobs\a8\bc\a8bcd04d6ec38da4f503aa9c4abf9c51c264a617b4b6b18f56215224234695a0.pdf (live_store root=D:\sem_iitk\sem9\thesis\sep_week1\arpipe-0.1.0\live_store),INE008A01015_2012_singleton,Acrobat Distiller 10.1.3 (Windows),PDF 1.6,False,True,,True,76,False,0,mixed,,mda_heading_in_outline=False (n_matches=0) | split=FIT,False,KNOWN_FROM_PRIOR,False,KNOWN_FROM_PRIOR,True,KNOWN_FROM_PRIOR,True,INFERRED,False,INFERRED,False,INFERRED,UNKNOWN,UNKNOWN,False,KNOWN_FROM_PRIOR,False,OBSERVED,True,KNOWN_FROM_PRIOR,True,KNOWN_FROM_PRIOR,UNKNOWN,UNKNOWN,UNKNOWN,UNKNOWN,UNKNOWN,UNKNOWN,False,INFERRED,False,INFERRED,False,KNOWN_FROM_PRIOR,True,KNOWN_FROM_PRIOR,UNKNOWN,UNKNOWN,False,KNOWN_FROM_PRIOR,True,KNOWN_FROM_PRIOR,False,KNOWN_FROM_PRIOR,UNKNOWN,UNKNOWN,UNKNOWN,UNKNOWN,UNKNOWN,UNKNOWN,True,INFERRED,False,INFERRED,False,KNOWN_FROM_PRIOR,False,OBSERVED,True,INFERRED,False,KNOWN_FROM_PRIOR,UNKNOWN,UNKNOWN
INE008A01015_2013,IDBI Bank Limited,INE008A01015,2013,41e7e3720ea2060b23a5c0aa91bafe3ab1f4bf165150f93f2195e4f5c6a54f4e,True,7141926,202,D:\sem_iitk\sem9\thesis\sep_week1\arpipe-0.1.0\live_store\blobs\41\e7\41e7e3720ea2060b23a5c0aa91bafe3ab1f4bf165150f93f2195e4f5c6a54f4e.pdf (live_store root=D:\sem_iitk\sem9\thesis\sep_week1\arpipe-0.1.0\live_store),INE008A01015_2013_singleton,Adobe PDF Library 10.0.1,PDF 1.6,False,True,,True,87,True,2,digital,,mda_heading_in_outline=False (n_matches=0) | split=FIT,True,KNOWN_FROM_PRIOR,False,KNOWN_FROM_PRIOR,False,KNOWN_FROM_PRIOR,False,INFERRED,False,INFERRED,True,INFERRED,UNKNOWN,UNKNOWN,False,KNOWN_FROM_PRIOR,False,OBSERVED,True,KNOWN_FROM_PRIOR,True,KNOWN_FROM_PRIOR,UNKNOWN,UNKNOWN,UNKNOWN,UNKNOWN,UNKNOWN,UNKNOWN,True,INFERRED,True,INFERRED,True,KNOWN_FROM_PRIOR,False,KNOWN_FROM_PRIOR,UNKNOWN,UNKNOWN,True,KNOWN_FROM_PRIOR,False,KNOWN_FROM_PRIOR,False,KNOWN_FROM_PRIOR,False,INFERRED,False,INFERRED,False,INFERRED,True,INFERRED,False,INFERRED,False,KNOWN_FROM_PRIOR,True,OBSERVED,False,INFERRED,False,KNOWN_FROM_PRIOR,False,INFERRED
INE008A01015_2017,IDBI Bank Limited,INE008A01015,2017,06c8df4d32962c388909c765f4554c12635fd7fe3c2279b1ea51e08cbcc1210d,True,15727707,390,D:\sem_iitk\sem9\thesis\sep_week1\arpipe-0.1.0\live_store\blobs\06\c8\06c8df4d32962c388909c765f4554c12635fd7fe3c2279b1ea51e08cbcc1210d.pdf (live_store root=D:\sem_iitk\sem9\thesis\sep_week1\arpipe-0.1.0\live_store),INE008A01015_2017_singleton,Adobe Acrobat Pro 10.0.0,PDF 1.7,False,True,,True,0,True,4,digital,,mda_heading_in_outline=False (n_matches=0) | split=FIT,True,KNOWN_FROM_PRIOR,False,KNOWN_FROM_PRIOR,False,KNOWN_FROM_PRIOR,False,INFERRED,False,INFERRED,True,INFERRED,UNKNOWN,UNKNOWN,False,KNOWN_FROM_PRIOR,False,OBSERVED,True,KNOWN_FROM_PRIOR,True,KNOWN_FROM_PRIOR,UNKNOWN,UNKNOWN,UNKNOWN,UNKNOWN,UNKNOWN,UNKNOWN,True,INFERRED,True,INFERRED,True,KNOWN_FROM_PRIOR,False,KNOWN_FROM_PRIOR,UNKNOWN,UNKNOWN,True,KNOWN_FROM_PRIOR,False,KNOWN_FROM_PRIOR,True,KNOWN_FROM_PRIOR,False,INFERRED,False,INFERRED,False,INFERRED,True,INFERRED,False,INFERRED,False,KNOWN_FROM_PRIOR,True,OBSERVED,False,INFERRED,False,KNOWN_FROM_PRIOR,False,INFERRED
INE008A01015_2018,IDBI Bank Limited,INE008A01015,2018,63dbce38652ba5a68ae68554303ea8e99478c7cd79450576e1f44535418f9345,True,12080134,348,D:\sem_iitk\sem9\thesis\sep_week1\arpipe-0.1.0\live_store\blobs\63\db\63dbce38652ba5a68ae68554303ea8e99478c7cd79450576e1f44535418f9345.pdf (live_store root=D:\sem_iitk\sem9\thesis\sep_week1\arpipe-0.1.0\live_store),INE008A01015_2018_singleton,Adobe Acrobat Pro 10.0.0,PDF 1.6,False,True,,True,0,True,3,digital,,mda_heading_in_outline=False (n_matches=0) | split=FIT,True,KNOWN_FROM_PRIOR,False,KNOWN_FROM_PRIOR,False,KNOWN_FROM_PRIOR,False,INFERRED,False,INFERRED,True,INFERRED,UNKNOWN,UNKNOWN,False,KNOWN_FROM_PRIOR,False,OBSERVED,True,KNOWN_FROM_PRIOR,True,KNOWN_FROM_PRIOR,UNKNOWN,UNKNOWN,UNKNOWN,UNKNOWN,UNKNOWN,UNKNOWN,True,INFERRED,True,INFERRED,True,KNOWN_FROM_PRIOR,False,KNOWN_FROM_PRIOR,UNKNOWN,UNKNOWN,True,KNOWN_FROM_PRIOR,False,KNOWN_FROM_PRIOR,True,KNOWN_FROM_PRIOR,False,INFERRED,False,INFERRED,False,INFERRED,True,INFERRED,False,INFERRED,False,KNOWN_FROM_PRIOR,True,OBSERVED,False,INFERRED,False,KNOWN_FROM_PRIOR,False,INFERRED
INE008A01015_2024,IDBI Bank Limited,INE008A01015,2024,f79ba9e881edaa6cfb4a5b2b620e06ef589bc49d8d292000c0a1fc3571b0bdf2,True,22895858,629,D:\sem_iitk\sem9\thesis\sep_week1\arpipe-0.1.0\live_store\blobs\f7\9b\f79ba9e881edaa6cfb4a5b2b620e06ef589bc49d8d292000c0a1fc3571b0bdf2.pdf (live_store root=D:\sem_iitk\sem9\thesis\sep_week1\arpipe-0.1.0\live_store),INE008A01015_2024_singleton,OmniPageCSDK18,PDF 1.7,False,True,,True,46,True,1,digital,,mda_heading_in_outline=False (n_matches=0) | split=FIT,True,KNOWN_FROM_PRIOR,False,KNOWN_FROM_PRIOR,False,KNOWN_FROM_PRIOR,False,INFERRED,True,INFERRED,False,INFERRED,UNKNOWN,UNKNOWN,False,KNOWN_FROM_PRIOR,False,OBSERVED,True,KNOWN_FROM_PRIOR,True,KNOWN_FROM_PRIOR,UNKNOWN,UNKNOWN,UNKNOWN,UNKNOWN,UNKNOWN,UNKNOWN,True,INFERRED,True,INFERRED,True,KNOWN_FROM_PRIOR,False,KNOWN_FROM_PRIOR,UNKNOWN,UNKNOWN,True,KNOWN_FROM_PRIOR,False,KNOWN_FROM_PRIOR,False,KNOWN_FROM_PRIOR,False,INFERRED,False,INFERRED,False,INFERRED,True,INFERRED,False,INFERRED,False,KNOWN_FROM_PRIOR,True,OBSERVED,False,INFERRED,False,KNOWN_FROM_PRIOR,False,INFERRED
INE008A01015_2025,IDBI Bank Limited,INE008A01015,2025,79b590350451bb6eedb98984b4bacd91b31380c85a6526816e55af8b97cd55b5,True,30204610,661,D:\sem_iitk\sem9\thesis\sep_week1\arpipe-0.1.0\live_store\blobs\79\b5\79b590350451bb6eedb98984b4bacd91b31380c85a6526816e55af8b97cd55b5.pdf (live_store root=D:\sem_iitk\sem9\thesis\sep_week1\arpipe-0.1.0\live_store),INE008A01015_2025_singleton,OmniPageCSDK18,PDF 1.7,False,True,,True,46,True,1,mixed,,mda_heading_in_outline=False (n_matches=0) | split=FIT,False,KNOWN_FROM_PRIOR,False,KNOWN_FROM_PRIOR,True,KNOWN_FROM_PRIOR,True,INFERRED,True,INFERRED,False,INFERRED,UNKNOWN,UNKNOWN,False,KNOWN_FROM_PRIOR,False,OBSERVED,True,KNOWN_FROM_PRIOR,True,KNOWN_FROM_PRIOR,UNKNOWN,UNKNOWN,UNKNOWN,UNKNOWN,UNKNOWN,UNKNOWN,True,INFERRED,True,INFERRED,True,KNOWN_FROM_PRIOR,False,KNOWN_FROM_PRIOR,UNKNOWN,UNKNOWN,True,KNOWN_FROM_PRIOR,False,KNOWN_FROM_PRIOR,False,KNOWN_FROM_PRIOR,False,INFERRED,False,INFERRED,False,INFERRED,True,INFERRED,False,INFERRED,False,KNOWN_FROM_PRIOR,True,OBSERVED,True,INFERRED,False,KNOWN_FROM_PRIOR,False,INFERRED
INE009A01021_2012,Infosys Limited,INE009A01021,2012,7b7beda2e37b28d73a39a4250118c8ab04894fd7440a6abb6de203aede9eb576,True,3963939,110,D:\sem_iitk\sem9\thesis\sep_week1\arpipe-0.1.0\live_store\blobs\7b\7b\7b7beda2e37b28d73a39a4250118c8ab04894fd7440a6abb6de203aede9eb576.pdf (live_store root=D:\sem_iitk\sem9\thesis\sep_week1\arpipe-0.1.0\live_store),INE009A01021_2012_singleton,Adobe PDF Library 9.9,PDF 1.6,False,True,,True,0,True,2,digital,,mda_heading_in_outline=True (n_matches=1) | split=VALIDATION,True,KNOWN_FROM_PRIOR,False,KNOWN_FROM_PRIOR,False,KNOWN_FROM_PRIOR,False,INFERRED,False,INFERRED,False,INFERRED,UNKNOWN,UNKNOWN,False,KNOWN_FROM_PRIOR,False,OBSERVED,True,KNOWN_FROM_PRIOR,True,KNOWN_FROM_PRIOR,UNKNOWN,UNKNOWN,UNKNOWN,UNKNOWN,UNKNOWN,UNKNOWN,True,INFERRED,True,INFERRED,True,KNOWN_FROM_PRIOR,False,KNOWN_FROM_PRIOR,UNKNOWN,UNKNOWN,True,KNOWN_FROM_PRIOR,False,KNOWN_FROM_PRIOR,False,KNOWN_FROM_PRIOR,True,INFERRED,False,INFERRED,False,INFERRED,False,INFERRED,False,INFERRED,True,KNOWN_FROM_PRIOR,True,OBSERVED,False,INFERRED,False,KNOWN_FROM_PRIOR,False,INFERRED
INE009A01021_2013,Infosys Limited,INE009A01021,2013,a6253e70f855ebedb03d9c5745f15b371c107a270fb9d1bff9952eb22fc15178,True,8608682,159,D:\sem_iitk\sem9\thesis\sep_week1\arpipe-0.1.0\live_store\blobs\a6\25\a6253e70f855ebedb03d9c5745f15b371c107a270fb9d1bff9952eb22fc15178.pdf (live_store root=D:\sem_iitk\sem9\thesis\sep_week1\arpipe-0.1.0\live_store),INE009A01021_2013_singleton,Microsoft® Word 2010,PDF 1.5,False,True,,True,0,False,0,scanned,,mda_heading_in_outline=False (n_matches=0) | split=VALIDATION,False,KNOWN_FROM_PRIOR,True,KNOWN_FROM_PRIOR,False,KNOWN_FROM_PRIOR,False,INFERRED,False,INFERRED,False,INFERRED,UNKNOWN,UNKNOWN,False,KNOWN_FROM_PRIOR,False,OBSERVED,False,KNOWN_FROM_PRIOR,False,KNOWN_FROM_PRIOR,UNKNOWN,UNKNOWN,UNKNOWN,UNKNOWN,UNKNOWN,UNKNOWN,False,INFERRED,True,INFERRED,False,KNOWN_FROM_PRIOR,True,KNOWN_FROM_PRIOR,UNKNOWN,UNKNOWN,False,KNOWN_FROM_PRIOR,True,KNOWN_FROM_PRIOR,False,KNOWN_FROM_PRIOR,UNKNOWN,UNKNOWN,UNKNOWN,UNKNOWN,UNKNOWN,UNKNOWN,True,INFERRED,False,INFERRED,False,KNOWN_FROM_PRIOR,False,OBSERVED,False,INFERRED,False,KNOWN_FROM_PRIOR,UNKNOWN,UNKNOWN
INE009A01021_2017,Infosys Limited,INE009A01021,2017,5378aa22c774a2be796fbf6490844f0fc1fd31632d5b149897894614cc6dfbf7,True,5160520,261,D:\sem_iitk\sem9\thesis\sep_week1\arpipe-0.1.0\live_store\blobs\53\78\5378aa22c774a2be796fbf6490844f0fc1fd31632d5b149897894614cc6dfbf7.pdf (live_store root=D:\sem_iitk\sem9\thesis\sep_week1\arpipe-0.1.0\live_store),INE009A01021_2017_singleton,Adobe PDF Library 15.0,PDF 1.6,False,True,,True,0,True,3,digital,,mda_heading_in_outline=False (n_matches=0) | split=VALIDATION,True,KNOWN_FROM_PRIOR,False,KNOWN_FROM_PRIOR,False,KNOWN_FROM_PRIOR,False,INFERRED,False,INFERRED,False,INFERRED,UNKNOWN,UNKNOWN,False,KNOWN_FROM_PRIOR,False,OBSERVED,True,KNOWN_FROM_PRIOR,True,KNOWN_FROM_PRIOR,UNKNOWN,UNKNOWN,UNKNOWN,UNKNOWN,UNKNOWN,UNKNOWN,True,INFERRED,True,INFERRED,True,KNOWN_FROM_PRIOR,False,KNOWN_FROM_PRIOR,UNKNOWN,UNKNOWN,True,KNOWN_FROM_PRIOR,False,KNOWN_FROM_PRIOR,True,KNOWN_FROM_PRIOR,True,INFERRED,False,INFERRED,False,INFERRED,True,INFERRED,False,INFERRED,True,KNOWN_FROM_PRIOR,True,OBSERVED,False,INFERRED,False,KNOWN_FROM_PRIOR,False,INFERRED
INE009A01021_2018,Infosys Limited,INE009A01021,2018,e7c871f5fd43287bbaa1627774e509472ae44372075a6179135a8fd80dd487d7,True,18524497,119,D:\sem_iitk\sem9\thesis\sep_week1\arpipe-0.1.0\live_store\blobs\e7\c8\e7c871f5fd43287bbaa1627774e509472ae44372075a6179135a8fd80dd487d7.pdf (live_store root=D:\sem_iitk\sem9\thesis\sep_week1\arpipe-0.1.0\live_store),INE009A01021_2018_singleton,Adobe PDF Library 15.0,PDF 1.6,False,True,,True,88,True,3,mixed,,mda_heading_in_outline=False (n_matches=0) | split=VALIDATION,False,KNOWN_FROM_PRIOR,False,KNOWN_FROM_PRIOR,True,KNOWN_FROM_PRIOR,False,INFERRED,False,INFERRED,True,INFERRED,UNKNOWN,UNKNOWN,False,KNOWN_FROM_PRIOR,False,OBSERVED,True,KNOWN_FROM_PRIOR,True,KNOWN_FROM_PRIOR,UNKNOWN,UNKNOWN,UNKNOWN,UNKNOWN,UNKNOWN,UNKNOWN,True,INFERRED,True,INFERRED,True,KNOWN_FROM_PRIOR,False,KNOWN_FROM_PRIOR,UNKNOWN,UNKNOWN,True,KNOWN_FROM_PRIOR,False,KNOWN_FROM_PRIOR,True,KNOWN_FROM_PRIOR,True,INFERRED,False,INFERRED,False,INFERRED,False,INFERRED,False,INFERRED,True,KNOWN_FROM_PRIOR,True,OBSERVED,False,INFERRED,True,KNOWN_FROM_PRIOR,False,INFERRED
INE009A01021_2024,Infosys Limited,INE009A01021,2024,b0a9bb9e802aff5f09733b8c78c88e9878732ac46e0fb29754c6da87ad47326a,True,11441269,353,D:\sem_iitk\sem9\thesis\sep_week1\arpipe-0.1.0\live_store\blobs\b0\a9\b0a9bb9e802aff5f09733b8c78c88e9878732ac46e0fb29754c6da87ad47326a.pdf (live_store root=D:\sem_iitk\sem9\thesis\sep_week1\arpipe-0.1.0\live_store),INE009A01021_2024_singleton,Adobe PDF Library 17.0,PDF 1.6,False,True,,True,0,True,3,digital,,mda_heading_in_outline=True (n_matches=1) | split=VALIDATION,True,KNOWN_FROM_PRIOR,False,KNOWN_FROM_PRIOR,False,KNOWN_FROM_PRIOR,False,INFERRED,False,INFERRED,True,INFERRED,UNKNOWN,UNKNOWN,False,KNOWN_FROM_PRIOR,False,OBSERVED,True,KNOWN_FROM_PRIOR,True,KNOWN_FROM_PRIOR,UNKNOWN,UNKNOWN,UNKNOWN,UNKNOWN,UNKNOWN,UNKNOWN,True,INFERRED,True,INFERRED,True,KNOWN_FROM_PRIOR,False,KNOWN_FROM_PRIOR,UNKNOWN,UNKNOWN,True,KNOWN_FROM_PRIOR,False,KNOWN_FROM_PRIOR,True,KNOWN_FROM_PRIOR,True,INFERRED,False,INFERRED,True,INFERRED,True,INFERRED,False,INFERRED,True,KNOWN_FROM_PRIOR,True,OBSERVED,False,INFERRED,False,KNOWN_FROM_PRIOR,False,INFERRED
INE009A01021_2025,Infosys Limited,INE009A01021,2025,6224d11244d3f44f7e95901428a8ff23164f383cd1960e02a47483c48612a3c5,True,7591441,370,D:\sem_iitk\sem9\thesis\sep_week1\arpipe-0.1.0\live_store\blobs\62\24\6224d11244d3f44f7e95901428a8ff23164f383cd1960e02a47483c48612a3c5.pdf (live_store root=D:\sem_iitk\sem9\thesis\sep_week1\arpipe-0.1.0\live_store),INE009A01021_2025_singleton,Adobe Acrobat 25.1.20476,PDF 1.6,False,True,,True,0,True,3,digital,,mda_heading_in_outline=True (n_matches=1) | split=VALIDATION,True,KNOWN_FROM_PRIOR,False,KNOWN_FROM_PRIOR,False,KNOWN_FROM_PRIOR,False,INFERRED,False,INFERRED,True,INFERRED,UNKNOWN,UNKNOWN,False,KNOWN_FROM_PRIOR,False,OBSERVED,True,KNOWN_FROM_PRIOR,True,KNOWN_FROM_PRIOR,UNKNOWN,UNKNOWN,UNKNOWN,UNKNOWN,UNKNOWN,UNKNOWN,True,INFERRED,True,INFERRED,True,KNOWN_FROM_PRIOR,False,KNOWN_FROM_PRIOR,UNKNOWN,UNKNOWN,True,KNOWN_FROM_PRIOR,False,KNOWN_FROM_PRIOR,True,KNOWN_FROM_PRIOR,False,INFERRED,False,INFERRED,True,INFERRED,True,INFERRED,False,INFERRED,True,KNOWN_FROM_PRIOR,True,OBSERVED,False,INFERRED,False,KNOWN_FROM_PRIOR,False,INFERRED
INE00E101023_2024,Bikaji Foods International Limited,INE00E101023,2024,0791d7e713c37c45a13249c4e9214d03419500fbd80d0436ca3183b1f9effde3,True,17103609,170,D:\sem_iitk\sem9\thesis\sep_week1\arpipe-0.1.0\live_store\blobs\07\91\0791d7e713c37c45a13249c4e9214d03419500fbd80d0436ca3183b1f9effde3.pdf (live_store root=D:\sem_iitk\sem9\thesis\sep_week1\arpipe-0.1.0\live_store),INE00E101023_2024_singleton,Adobe Acrobat Pro (64-bit) 24.3.20054,PDF 1.7,False,True,,True,61,True,2,digital,,mda_heading_in_outline=False (n_matches=0) | split=FIT,True,KNOWN_FROM_PRIOR,False,KNOWN_FROM_PRIOR,False,KNOWN_FROM_PRIOR,False,INFERRED,False,INFERRED,False,INFERRED,UNKNOWN,UNKNOWN,False,KNOWN_FROM_PRIOR,False,OBSERVED,True,KNOWN_FROM_PRIOR,True,KNOWN_FROM_PRIOR,UNKNOWN,UNKNOWN,UNKNOWN,UNKNOWN,UNKNOWN,UNKNOWN,True,INFERRED,True,INFERRED,True,KNOWN_FROM_PRIOR,False,KNOWN_FROM_PRIOR,UNKNOWN,UNKNOWN,True,KNOWN_FROM_PRIOR,False,KNOWN_FROM_PRIOR,False,KNOWN_FROM_PRIOR,False,INFERRED,False,INFERRED,False,INFERRED,True,INFERRED,False,INFERRED,False,KNOWN_FROM_PRIOR,True,OBSERVED,False,INFERRED,False,KNOWN_FROM_PRIOR,False,INFERRED
INE00E101023_2025,Bikaji Foods International Limited,INE00E101023,2025,9b8c4a3c89885f392061f293f0afe18128be2bcbec5666f62255ea974937ba57,True,21578809,354,D:\sem_iitk\sem9\thesis\sep_week1\arpipe-0.1.0\live_store\blobs\9b\8c\9b8c4a3c89885f392061f293f0afe18128be2bcbec5666f62255ea974937ba57.pdf (live_store root=D:\sem_iitk\sem9\thesis\sep_week1\arpipe-0.1.0\live_store),INE00E101023_2025_singleton,Adobe Acrobat (64-bit) 25.1.20630,PDF 1.7,False,True,,True,0,True,2,digital,,mda_heading_in_outline=False (n_matches=0) | split=FIT,True,KNOWN_FROM_PRIOR,False,KNOWN_FROM_PRIOR,False,KNOWN_FROM_PRIOR,False,INFERRED,False,INFERRED,False,INFERRED,UNKNOWN,UNKNOWN,False,KNOWN_FROM_PRIOR,False,OBSERVED,True,KNOWN_FROM_PRIOR,True,KNOWN_FROM_PRIOR,UNKNOWN,UNKNOWN,UNKNOWN,UNKNOWN,UNKNOWN,UNKNOWN,True,INFERRED,True,INFERRED,True,KNOWN_FROM_PRIOR,False,KNOWN_FROM_PRIOR,UNKNOWN,UNKNOWN,True,KNOWN_FROM_PRIOR,False,KNOWN_FROM_PRIOR,False,KNOWN_FROM_PRIOR,False,INFERRED,False,INFERRED,False,INFERRED,True,INFERRED,False,INFERRED,False,KNOWN_FROM_PRIOR,True,OBSERVED,False,INFERRED,False,KNOWN_FROM_PRIOR,False,INFERRED
INE00FF01025_2015,Acutaas Chemicals Limited,INE00FF01025,2015,ad5579d7193f5bff7e97d9e05e7711e0b030fa42fb874971032c13a0ef84ca0c,True,435405,1,D:\sem_iitk\sem9\thesis\sep_week1\arpipe-0.1.0\live_store\blobs\ad\55\ad5579d7193f5bff7e97d9e05e7711e0b030fa42fb874971032c13a0ef84ca0c.pdf (live_store root=D:\sem_iitk\sem9\thesis\sep_week1\arpipe-0.1.0\live_store),INE00FF01025_2015_singleton,iLovePDF,PDF 1.6,False,True,,True,0,False,0,digital,,mda_heading_in_outline=False (n_matches=0) | split=FIT,True,KNOWN_FROM_PRIOR,False,KNOWN_FROM_PRIOR,False,KNOWN_FROM_PRIOR,False,INFERRED,False,INFERRED,False,INFERRED,UNKNOWN,UNKNOWN,False,KNOWN_FROM_PRIOR,False,OBSERVED,False,KNOWN_FROM_PRIOR,False,KNOWN_FROM_PRIOR,UNKNOWN,UNKNOWN,UNKNOWN,UNKNOWN,UNKNOWN,UNKNOWN,False,INFERRED,True,INFERRED,False,KNOWN_FROM_PRIOR,True,KNOWN_FROM_PRIOR,UNKNOWN,UNKNOWN,False,KNOWN_FROM_PRIOR,True,KNOWN_FROM_PRIOR,False,KNOWN_FROM_PRIOR,UNKNOWN,UNKNOWN,UNKNOWN,UNKNOWN,UNKNOWN,UNKNOWN,False,INFERRED,True,INFERRED,False,KNOWN_FROM_PRIOR,False,OBSERVED,False,INFERRED,False,KNOWN_FROM_PRIOR,UNKNOWN,UNKNOWN
INE00FF01025_2024,Acutaas Chemicals Limited,INE00FF01025,2024,d137843e94954d0ce3f16ea0f28600688501af03bf75a18ed04e230d4d7d9f13,True,7529336,235,D:\sem_iitk\sem9\thesis\sep_week1\arpipe-0.1.0\live_store\blobs\d1\37\d137843e94954d0ce3f16ea0f28600688501af03bf75a18ed04e230d4d7d9f13.pdf (live_store root=D:\sem_iitk\sem9\thesis\sep_week1\arpipe-0.1.0\live_store),INE00FF01025_2024_singleton,,PDF 1.7,False,True,,True,170,True,2,digital,,mda_heading_in_outline=False (n_matches=0) | split=FIT,True,KNOWN_FROM_PRIOR,False,KNOWN_FROM_PRIOR,False,KNOWN_FROM_PRIOR,False,INFERRED,False,INFERRED,True,INFERRED,UNKNOWN,UNKNOWN,False,KNOWN_FROM_PRIOR,False,OBSERVED,True,KNOWN_FROM_PRIOR,True,KNOWN_FROM_PRIOR,UNKNOWN,UNKNOWN,UNKNOWN,UNKNOWN,UNKNOWN,UNKNOWN,True,INFERRED,True,INFERRED,True,KNOWN_FROM_PRIOR,False,KNOWN_FROM_PRIOR,UNKNOWN,UNKNOWN,True,KNOWN_FROM_PRIOR,False,KNOWN_FROM_PRIOR,False,KNOWN_FROM_PRIOR,False,INFERRED,False,INFERRED,False,INFERRED,True,INFERRED,False,INFERRED,False,KNOWN_FROM_PRIOR,True,OBSERVED,False,INFERRED,False,KNOWN_FROM_PRIOR,False,INFERRED
INE00FF01025_2025,Acutaas Chemicals Limited,INE00FF01025,2025,0cd2d75144a18f342cc451f489feaacd6ee6dfe5304b268f4d485267f43051c2,True,8262208,241,D:\sem_iitk\sem9\thesis\sep_week1\arpipe-0.1.0\live_store\blobs\0c\d2\0cd2d75144a18f342cc451f489feaacd6ee6dfe5304b268f4d485267f43051c2.pdf (live_store root=D:\sem_iitk\sem9\thesis\sep_week1\arpipe-0.1.0\live_store),INE00FF01025_2025_singleton,iLovePDF,PDF 1.7,False,True,,True,0,False,0,digital,,mda_heading_in_outline=False (n_matches=0) | split=FIT,True,KNOWN_FROM_PRIOR,False,KNOWN_FROM_PRIOR,False,KNOWN_FROM_PRIOR,False,INFERRED,False,INFERRED,True,INFERRED,UNKNOWN,UNKNOWN,False,KNOWN_FROM_PRIOR,False,OBSERVED,True,KNOWN_FROM_PRIOR,True,KNOWN_FROM_PRIOR,UNKNOWN,UNKNOWN,UNKNOWN,UNKNOWN,UNKNOWN,UNKNOWN,True,INFERRED,True,INFERRED,False,KNOWN_FROM_PRIOR,True,KNOWN_FROM_PRIOR,UNKNOWN,UNKNOWN,False,KNOWN_FROM_PRIOR,True,KNOWN_FROM_PRIOR,False,KNOWN_FROM_PRIOR,UNKNOWN,UNKNOWN,UNKNOWN,UNKNOWN,UNKNOWN,UNKNOWN,True,INFERRED,False,INFERRED,False,KNOWN_FROM_PRIOR,True,OBSERVED,False,INFERRED,False,KNOWN_FROM_PRIOR,UNKNOWN,UNKNOWN
INE00LO01017_2015,Craftsman Automation Limited,INE00LO01017,2015,7026f85eaacc0f30795ed78351afdeb6c3637cdf4b460cf91d5acaa8f3c2a0fd,True,297906,2,D:\sem_iitk\sem9\thesis\sep_week1\arpipe-0.1.0\live_store\blobs\70\26\7026f85eaacc0f30795ed78351afdeb6c3637cdf4b460cf91d5acaa8f3c2a0fd.pdf (live_store root=D:\sem_iitk\sem9\thesis\sep_week1\arpipe-0.1.0\live_store),INE00LO01017_2015_singleton,Adobe PDF Library 26.1.29,PDF 1.6,False,True,,True,0,False,0,digital,,mda_heading_in_outline=False (n_matches=0) | split=FIT,True,KNOWN_FROM_PRIOR,False,KNOWN_FROM_PRIOR,False,KNOWN_FROM_PRIOR,False,INFERRED,False,INFERRED,False,INFERRED,UNKNOWN,UNKNOWN,False,KNOWN_FROM_PRIOR,False,OBSERVED,False,KNOWN_FROM_PRIOR,False,KNOWN_FROM_PRIOR,UNKNOWN,UNKNOWN,UNKNOWN,UNKNOWN,UNKNOWN,UNKNOWN,False,INFERRED,False,INFERRED,False,KNOWN_FROM_PRIOR,True,KNOWN_FROM_PRIOR,UNKNOWN,UNKNOWN,False,KNOWN_FROM_PRIOR,True,KNOWN_FROM_PRIOR,False,KNOWN_FROM_PRIOR,UNKNOWN,UNKNOWN,UNKNOWN,UNKNOWN,UNKNOWN,UNKNOWN,False,INFERRED,True,INFERRED,False,KNOWN_FROM_PRIOR,False,OBSERVED,False,INFERRED,False,KNOWN_FROM_PRIOR,UNKNOWN,UNKNOWN
INE00LO01017_2024,Craftsman Automation Limited,INE00LO01017,2024,bbc5156db65cead9890e170eba069390b43aad1948b69ef52fa8b42d594f765e,True,8063974,129,D:\sem_iitk\sem9\thesis\sep_week1\arpipe-0.1.0\live_store\blobs\bb\c5\bbc5156db65cead9890e170eba069390b43aad1948b69ef52fa8b42d594f765e.pdf (live_store root=D:\sem_iitk\sem9\thesis\sep_week1\arpipe-0.1.0\live_store),INE00LO01017_2024_singleton,Microsoft® Word 2019,PDF 1.7,False,True,,True,0,True,3,digital,,mda_heading_in_outline=False (n_matches=0) | split=FIT,True,KNOWN_FROM_PRIOR,False,KNOWN_FROM_PRIOR,False,KNOWN_FROM_PRIOR,False,INFERRED,False,INFERRED,False,INFERRED,UNKNOWN,UNKNOWN,False,KNOWN_FROM_PRIOR,False,OBSERVED,True,KNOWN_FROM_PRIOR,True,KNOWN_FROM_PRIOR,UNKNOWN,UNKNOWN,UNKNOWN,UNKNOWN,UNKNOWN,UNKNOWN,True,INFERRED,True,INFERRED,True,KNOWN_FROM_PRIOR,False,KNOWN_FROM_PRIOR,UNKNOWN,UNKNOWN,True,KNOWN_FROM_PRIOR,False,KNOWN_FROM_PRIOR,True,KNOWN_FROM_PRIOR,False,INFERRED,False,INFERRED,False,INFERRED,False,INFERRED,False,INFERRED,False,KNOWN_FROM_PRIOR,True,OBSERVED,False,INFERRED,False,KNOWN_FROM_PRIOR,False,INFERRED
INE00LO01017_2025,Craftsman Automation Limited,INE00LO01017,2025,ba9e95a54851c5b23f503df932bcde1943dda492b2369c0b0d82d26e6f18d14b,True,3548025,243,D:\sem_iitk\sem9\thesis\sep_week1\arpipe-0.1.0\live_store\blobs\ba\9e\ba9e95a54851c5b23f503df932bcde1943dda492b2369c0b0d82d26e6f18d14b.pdf (live_store root=D:\sem_iitk\sem9\thesis\sep_week1\arpipe-0.1.0\live_store),INE00LO01017_2025_singleton,Microsoft® Word 2019,PDF 1.7,False,True,,True,0,True,2,digital,,mda_heading_in_outline=False (n_matches=0) | split=FIT,True,KNOWN_FROM_PRIOR,False,KNOWN_FROM_PRIOR,False,KNOWN_FROM_PRIOR,False,INFERRED,False,INFERRED,False,INFERRED,UNKNOWN,UNKNOWN,False,KNOWN_FROM_PRIOR,False,OBSERVED,True,KNOWN_FROM_PRIOR,True,KNOWN_FROM_PRIOR,UNKNOWN,UNKNOWN,UNKNOWN,UNKNOWN,UNKNOWN,UNKNOWN,True,INFERRED,False,INFERRED,True,KNOWN_FROM_PRIOR,False,KNOWN_FROM_PRIOR,UNKNOWN,UNKNOWN,True,KNOWN_FROM_PRIOR,False,KNOWN_FROM_PRIOR,False,KNOWN_FROM_PRIOR,False,INFERRED,False,INFERRED,False,INFERRED,True,INFERRED,False,INFERRED,False,KNOWN_FROM_PRIOR,False,OBSERVED,False,INFERRED,False,KNOWN_FROM_PRIOR,False,INFERRED
INE00WC01027_2024,Affle 3i Limited,INE00WC01027,2024,62fc13523833027d7db9a50ca50ab6444b03b8377ec13938ba01e32691194293,True,22090168,208,D:\sem_iitk\sem9\thesis\sep_week1\arpipe-0.1.0\live_store\blobs\62\fc\62fc13523833027d7db9a50ca50ab6444b03b8377ec13938ba01e32691194293.pdf (live_store root=D:\sem_iitk\sem9\thesis\sep_week1\arpipe-0.1.0\live_store),INE00WC01027_2024_singleton,iLovePDF,PDF 1.7,False,True,,True,37,True,1,digital,,mda_heading_in_outline=False (n_matches=0) | split=VALIDATION,True,KNOWN_FROM_PRIOR,False,KNOWN_FROM_PRIOR,False,KNOWN_FROM_PRIOR,False,INFERRED,False,INFERRED,False,INFERRED,UNKNOWN,UNKNOWN,False,KNOWN_FROM_PRIOR,False,OBSERVED,True,KNOWN_FROM_PRIOR,True,KNOWN_FROM_PRIOR,UNKNOWN,UNKNOWN,UNKNOWN,UNKNOWN,UNKNOWN,UNKNOWN,True,INFERRED,True,INFERRED,True,KNOWN_FROM_PRIOR,False,KNOWN_FROM_PRIOR,UNKNOWN,UNKNOWN,True,KNOWN_FROM_PRIOR,False,KNOWN_FROM_PRIOR,False,KNOWN_FROM_PRIOR,False,INFERRED,False,INFERRED,False,INFERRED,True,INFERRED,False,INFERRED,False,KNOWN_FROM_PRIOR,True,OBSERVED,False,INFERRED,False,KNOWN_FROM_PRIOR,False,INFERRED
INE00WC01027_2025,Affle 3i Limited,INE00WC01027,2025,b62c63aa43a4309b297fe13958b0995c8497b8eca0829cb0ea83446a8bfd8bb8,True,10642925,209,D:\sem_iitk\sem9\thesis\sep_week1\arpipe-0.1.0\live_store\blobs\b6\2c\b62c63aa43a4309b297fe13958b0995c8497b8eca0829cb0ea83446a8bfd8bb8.pdf (live_store root=D:\sem_iitk\sem9\thesis\sep_week1\arpipe-0.1.0\live_store),INE00WC01027_2025_singleton,iLovePDF,PDF 1.7,False,True,,True,0,True,1,digital,,mda_heading_in_outline=False (n_matches=0) | split=VALIDATION,True,KNOWN_FROM_PRIOR,False,KNOWN_FROM_PRIOR,False,KNOWN_FROM_PRIOR,False,INFERRED,False,INFERRED,False,INFERRED,UNKNOWN,UNKNOWN,False,KNOWN_FROM_PRIOR,False,OBSERVED,True,KNOWN_FROM_PRIOR,True,KNOWN_FROM_PRIOR,UNKNOWN,UNKNOWN,UNKNOWN,UNKNOWN,UNKNOWN,UNKNOWN,True,INFERRED,True,INFERRED,True,KNOWN_FROM_PRIOR,False,KNOWN_FROM_PRIOR,UNKNOWN,UNKNOWN,True,KNOWN_FROM_PRIOR,False,KNOWN_FROM_PRIOR,False,KNOWN_FROM_PRIOR,False,INFERRED,False,INFERRED,False,INFERRED,True,INFERRED,False,INFERRED,False,KNOWN_FROM_PRIOR,True,OBSERVED,False,INFERRED,False,KNOWN_FROM_PRIOR,False,INFERRED
INE040A01034_2012,HDFC Bank Limited,INE040A01034,2012,54115ccf3bf53dec4626c618a136125eeee2815941427982d677cae7b89baf23,True,4485008,164,D:\sem_iitk\sem9\thesis\sep_week1\arpipe-0.1.0\live_store\blobs\54\11\54115ccf3bf53dec4626c618a136125eeee2815941427982d677cae7b89baf23.pdf (live_store root=D:\sem_iitk\sem9\thesis\sep_week1\arpipe-0.1.0\live_store),INE040A01034_2012_singleton,Acrobat Distiller 9.0.0 (Windows),PDF 1.6,False,True,,True,0,False,0,digital,,mda_heading_in_outline=False (n_matches=0) | split=FIT,True,KNOWN_FROM_PRIOR,False,KNOWN_FROM_PRIOR,False,KNOWN_FROM_PRIOR,False,INFERRED,False,INFERRED,False,INFERRED,UNKNOWN,UNKNOWN,False,KNOWN_FROM_PRIOR,False,OBSERVED,True,KNOWN_FROM_PRIOR,True,KNOWN_FROM_PRIOR,UNKNOWN,UNKNOWN,UNKNOWN,UNKNOWN,UNKNOWN,UNKNOWN,True,INFERRED,True,INFERRED,False,KNOWN_FROM_PRIOR,True,KNOWN_FROM_PRIOR,UNKNOWN,UNKNOWN,False,KNOWN_FROM_PRIOR,True,KNOWN_FROM_PRIOR,False,KNOWN_FROM_PRIOR,UNKNOWN,UNKNOWN,UNKNOWN,UNKNOWN,UNKNOWN,UNKNOWN,True,INFERRED,False,INFERRED,False,KNOWN_FROM_PRIOR,True,OBSERVED,False,INFERRED,False,KNOWN_FROM_PRIOR,UNKNOWN,UNKNOWN
INE040A01034_2013,HDFC Bank Limited,INE040A01034,2013,fc8290a6faf39e34385fd09d52462e08b0b554162d5b78ca730551a52c6cacc6,True,5213881,180,D:\sem_iitk\sem9\thesis\sep_week1\arpipe-0.1.0\live_store\blobs\fc\82\fc8290a6faf39e34385fd09d52462e08b0b554162d5b78ca730551a52c6cacc6.pdf (live_store root=D:\sem_iitk\sem9\thesis\sep_week1\arpipe-0.1.0\live_store),INE040A01034_2013_singleton,Acrobat Distiller 7.0 (Windows),PDF 1.4,False,True,,True,0,False,0,mixed,,mda_heading_in_outline=False (n_matches=0) | split=FIT,False,KNOWN_FROM_PRIOR,False,KNOWN_FROM_PRIOR,True,KNOWN_FROM_PRIOR,True,INFERRED,False,INFERRED,True,INFERRED,UNKNOWN,UNKNOWN,False,KNOWN_FROM_PRIOR,False,OBSERVED,True,KNOWN_FROM_PRIOR,True,KNOWN_FROM_PRIOR,UNKNOWN,UNKNOWN,UNKNOWN,UNKNOWN,UNKNOWN,UNKNOWN,True,INFERRED,True,INFERRED,False,KNOWN_FROM_PRIOR,True,KNOWN_FROM_PRIOR,UNKNOWN,UNKNOWN,False,KNOWN_FROM_PRIOR,True,KNOWN_FROM_PRIOR,False,KNOWN_FROM_PRIOR,UNKNOWN,UNKNOWN,UNKNOWN,UNKNOWN,UNKNOWN,UNKNOWN,True,INFERRED,False,INFERRED,False,KNOWN_FROM_PRIOR,False,OBSERVED,True,INFERRED,True,KNOWN_FROM_PRIOR,UNKNOWN,UNKNOWN
INE040A01034_2017,HDFC Bank Limited,INE040A01034,2017,528fb52b970812d51d621216b9667115fa35c499e980b8dc6d119b1972e8006d,True,7230114,220,D:\sem_iitk\sem9\thesis\sep_week1\arpipe-0.1.0\live_store\blobs\52\8f\528fb52b970812d51d621216b9667115fa35c499e980b8dc6d119b1972e8006d.pdf (live_store root=D:\sem_iitk\sem9\thesis\sep_week1\arpipe-0.1.0\live_store),INE040A01034_2017_singleton,Acrobat Distiller 10.1.16 (Windows),PDF 1.6,False,True,,True,0,False,0,mixed,,mda_heading_in_outline=False (n_matches=0) | split=FIT,False,KNOWN_FROM_PRIOR,False,KNOWN_FROM_PRIOR,True,KNOWN_FROM_PRIOR,True,INFERRED,False,INFERRED,False,INFERRED,UNKNOWN,UNKNOWN,False,KNOWN_FROM_PRIOR,False,OBSERVED,True,KNOWN_FROM_PRIOR,True,KNOWN_FROM_PRIOR,UNKNOWN,UNKNOWN,UNKNOWN,UNKNOWN,UNKNOWN,UNKNOWN,True,INFERRED,True,INFERRED,False,KNOWN_FROM_PRIOR,True,KNOWN_FROM_PRIOR,UNKNOWN,UNKNOWN,False,KNOWN_FROM_PRIOR,True,KNOWN_FROM_PRIOR,False,KNOWN_FROM_PRIOR,UNKNOWN,UNKNOWN,UNKNOWN,UNKNOWN,UNKNOWN,UNKNOWN,True,INFERRED,False,INFERRED,False,KNOWN_FROM_PRIOR,True,OBSERVED,True,INFERRED,True,KNOWN_FROM_PRIOR,UNKNOWN,UNKNOWN
INE040A01034_2018,HDFC Bank Limited,INE040A01034,2018,98012b40f1bb58d93cca9dfa643da9216e1bab8467da924eccb034d113b33bc5,True,2916055,244,D:\sem_iitk\sem9\thesis\sep_week1\arpipe-0.1.0\live_store\blobs\98\01\98012b40f1bb58d93cca9dfa643da9216e1bab8467da924eccb034d113b33bc5.pdf (live_store root=D:\sem_iitk\sem9\thesis\sep_week1\arpipe-0.1.0\live_store),INE040A01034_2018_singleton,Acrobat Distiller 10.1.16 (Windows),PDF 1.6,False,True,,True,0,False,0,mixed,,mda_heading_in_outline=False (n_matches=0) | split=FIT,False,KNOWN_FROM_PRIOR,False,KNOWN_FROM_PRIOR,True,KNOWN_FROM_PRIOR,True,INFERRED,False,INFERRED,True,INFERRED,UNKNOWN,UNKNOWN,False,KNOWN_FROM_PRIOR,False,OBSERVED,True,KNOWN_FROM_PRIOR,True,KNOWN_FROM_PRIOR,UNKNOWN,UNKNOWN,UNKNOWN,UNKNOWN,UNKNOWN,UNKNOWN,True,INFERRED,True,INFERRED,False,KNOWN_FROM_PRIOR,True,KNOWN_FROM_PRIOR,UNKNOWN,UNKNOWN,False,KNOWN_FROM_PRIOR,True,KNOWN_FROM_PRIOR,False,KNOWN_FROM_PRIOR,UNKNOWN,UNKNOWN,UNKNOWN,UNKNOWN,UNKNOWN,UNKNOWN,True,INFERRED,False,INFERRED,False,KNOWN_FROM_PRIOR,False,OBSERVED,True,INFERRED,False,KNOWN_FROM_PRIOR,UNKNOWN,UNKNOWN
INE040A01034_2024,HDFC Bank Limited,INE040A01034,2024,fcd7ef37de26997fed3bcf2b7cfb9eb90f08d4e2617f5f3f967a1ac621c2a73e,True,17350949,610,D:\sem_iitk\sem9\thesis\sep_week1\arpipe-0.1.0\live_store\blobs\fc\d7\fcd7ef37de26997fed3bcf2b7cfb9eb90f08d4e2617f5f3f967a1ac621c2a73e.pdf (live_store root=D:\sem_iitk\sem9\thesis\sep_week1\arpipe-0.1.0\live_store),INE040A01034_2024_singleton,Microsoft: Print To PDF,PDF 1.7,False,True,,True,88,True,3,digital,,mda_heading_in_outline=False (n_matches=0) | split=FIT,True,KNOWN_FROM_PRIOR,False,KNOWN_FROM_PRIOR,False,KNOWN_FROM_PRIOR,False,INFERRED,False,INFERRED,True,INFERRED,UNKNOWN,UNKNOWN,False,KNOWN_FROM_PRIOR,False,OBSERVED,True,KNOWN_FROM_PRIOR,True,KNOWN_FROM_PRIOR,UNKNOWN,UNKNOWN,UNKNOWN,UNKNOWN,UNKNOWN,UNKNOWN,True,INFERRED,True,INFERRED,True,KNOWN_FROM_PRIOR,False,KNOWN_FROM_PRIOR,UNKNOWN,UNKNOWN,True,KNOWN_FROM_PRIOR,False,KNOWN_FROM_PRIOR,True,KNOWN_FROM_PRIOR,True,INFERRED,False,INFERRED,False,INFERRED,True,INFERRED,False,INFERRED,False,KNOWN_FROM_PRIOR,True,OBSERVED,False,INFERRED,False,KNOWN_FROM_PRIOR,False,INFERRED
INE040A01034_2025,HDFC Bank Limited,INE040A01034,2025,875360e8667a46c33d0e33859b4cf363a6cdf68754e3220db9ce77b62fae434a,True,11762184,591,D:\sem_iitk\sem9\thesis\sep_week1\arpipe-0.1.0\live_store\blobs\87\53\875360e8667a46c33d0e33859b4cf363a6cdf68754e3220db9ce77b62fae434a.pdf (live_store root=D:\sem_iitk\sem9\thesis\sep_week1\arpipe-0.1.0\live_store),INE040A01034_2025_singleton,Microsoft® Word 2019,PDF 1.7,False,True,,True,0,True,2,digital,,mda_heading_in_outline=False (n_matches=0) | split=FIT,True,KNOWN_FROM_PRIOR,False,KNOWN_FROM_PRIOR,False,KNOWN_FROM_PRIOR,False,INFERRED,False,INFERRED,True,INFERRED,UNKNOWN,UNKNOWN,False,KNOWN_FROM_PRIOR,False,OBSERVED,True,KNOWN_FROM_PRIOR,True,KNOWN_FROM_PRIOR,UNKNOWN,UNKNOWN,UNKNOWN,UNKNOWN,UNKNOWN,UNKNOWN,True,INFERRED,True,INFERRED,True,KNOWN_FROM_PRIOR,False,KNOWN_FROM_PRIOR,UNKNOWN,UNKNOWN,True,KNOWN_FROM_PRIOR,False,KNOWN_FROM_PRIOR,False,KNOWN_FROM_PRIOR,False,INFERRED,False,INFERRED,False,INFERRED,True,INFERRED,False,INFERRED,False,KNOWN_FROM_PRIOR,True,OBSERVED,False,INFERRED,False,KNOWN_FROM_PRIOR,False,INFERRED
INE044A01036_2012,Sun Pharmaceutical Industries Limited,INE044A01036,2012,71a1ee5d35cdbc4654c0f314f92cf58e94cf72ed43c6044530bf9b9db5010149,True,1979923,128,D:\sem_iitk\sem9\thesis\sep_week1\arpipe-0.1.0\live_store\blobs\71\a1\71a1ee5d35cdbc4654c0f314f92cf58e94cf72ed43c6044530bf9b9db5010149.pdf (live_store root=D:\sem_iitk\sem9\thesis\sep_week1\arpipe-0.1.0\live_store),INE044A01036_2012_singleton,CutePDF Demo (www.cutepdf.com),PDF 1.4,False,True,,True,0,False,0,mixed,,mda_heading_in_outline=False (n_matches=0) | split=HOLDOUT,False,KNOWN_FROM_PRIOR,False,KNOWN_FROM_PRIOR,True,KNOWN_FROM_PRIOR,True,INFERRED,False,INFERRED,False,INFERRED,UNKNOWN,UNKNOWN,False,KNOWN_FROM_PRIOR,False,OBSERVED,True,KNOWN_FROM_PRIOR,True,KNOWN_FROM_PRIOR,UNKNOWN,UNKNOWN,UNKNOWN,UNKNOWN,UNKNOWN,UNKNOWN,True,INFERRED,True,INFERRED,False,KNOWN_FROM_PRIOR,True,KNOWN_FROM_PRIOR,UNKNOWN,UNKNOWN,False,KNOWN_FROM_PRIOR,True,KNOWN_FROM_PRIOR,False,KNOWN_FROM_PRIOR,UNKNOWN,UNKNOWN,UNKNOWN,UNKNOWN,UNKNOWN,UNKNOWN,False,INFERRED,False,INFERRED,False,KNOWN_FROM_PRIOR,True,OBSERVED,True,INFERRED,False,KNOWN_FROM_PRIOR,UNKNOWN,UNKNOWN
INE044A01036_2013,Sun Pharmaceutical Industries Limited,INE044A01036,2013,ed03112a1847f9eda8b621bf22377bfa5612d21d10467eea05979a6d0faa0ab0,True,3422023,132,D:\sem_iitk\sem9\thesis\sep_week1\arpipe-0.1.0\live_store\blobs\ed\03\ed03112a1847f9eda8b621bf22377bfa5612d21d10467eea05979a6d0faa0ab0.pdf (live_store root=D:\sem_iitk\sem9\thesis\sep_week1\arpipe-0.1.0\live_store),INE044A01036_2013_singleton,Adobe PDF Library 10.0.1,PDF 1.6,False,True,,True,0,False,0,digital,,mda_heading_in_outline=False (n_matches=0) | split=HOLDOUT,True,KNOWN_FROM_PRIOR,False,KNOWN_FROM_PRIOR,False,KNOWN_FROM_PRIOR,False,INFERRED,False,INFERRED,False,INFERRED,UNKNOWN,UNKNOWN,False,KNOWN_FROM_PRIOR,False,OBSERVED,True,KNOWN_FROM_PRIOR,True,KNOWN_FROM_PRIOR,UNKNOWN,UNKNOWN,UNKNOWN,UNKNOWN,UNKNOWN,UNKNOWN,True,INFERRED,True,INFERRED,False,KNOWN_FROM_PRIOR,True,KNOWN_FROM_PRIOR,UNKNOWN,UNKNOWN,False,KNOWN_FROM_PRIOR,True,KNOWN_FROM_PRIOR,False,KNOWN_FROM_PRIOR,UNKNOWN,UNKNOWN,UNKNOWN,UNKNOWN,UNKNOWN,UNKNOWN,False,INFERRED,False,INFERRED,False,KNOWN_FROM_PRIOR,True,OBSERVED,False,INFERRED,True,KNOWN_FROM_PRIOR,UNKNOWN,UNKNOWN
INE044A01036_2017,Sun Pharmaceutical Industries Limited,INE044A01036,2017,72ffe7dd0038b00a2a95ddcc0f22e6b626b472de8633713313b090ec02493914,True,4176924,313,D:\sem_iitk\sem9\thesis\sep_week1\arpipe-0.1.0\live_store\blobs\72\ff\72ffe7dd0038b00a2a95ddcc0f22e6b626b472de8633713313b090ec02493914.pdf (live_store root=D:\sem_iitk\sem9\thesis\sep_week1\arpipe-0.1.0\live_store),INE044A01036_2017_singleton,ilovepdf.com,PDF 1.6,False,True,,True,0,True,1,digital,,mda_heading_in_outline=False (n_matches=0) | split=HOLDOUT,True,KNOWN_FROM_PRIOR,False,KNOWN_FROM_PRIOR,False,KNOWN_FROM_PRIOR,False,INFERRED,False,INFERRED,True,INFERRED,UNKNOWN,UNKNOWN,False,KNOWN_FROM_PRIOR,False,OBSERVED,True,KNOWN_FROM_PRIOR,True,KNOWN_FROM_PRIOR,UNKNOWN,UNKNOWN,UNKNOWN,UNKNOWN,UNKNOWN,UNKNOWN,True,INFERRED,True,INFERRED,True,KNOWN_FROM_PRIOR,False,KNOWN_FROM_PRIOR,UNKNOWN,UNKNOWN,True,KNOWN_FROM_PRIOR,False,KNOWN_FROM_PRIOR,False,KNOWN_FROM_PRIOR,False,INFERRED,False,INFERRED,False,INFERRED,True,INFERRED,False,INFERRED,True,KNOWN_FROM_PRIOR,True,OBSERVED,False,INFERRED,False,KNOWN_FROM_PRIOR,False,INFERRED
INE044A01036_2018,Sun Pharmaceutical Industries Limited,INE044A01036,2018,8e699f31caa074fa14ff605e281acc3dc14de73336e0cb7bd0bce7b59d964a61,True,3050947,261,D:\sem_iitk\sem9\thesis\sep_week1\arpipe-0.1.0\live_store\blobs\8e\69\8e699f31caa074fa14ff605e281acc3dc14de73336e0cb7bd0bce7b59d964a61.pdf (live_store root=D:\sem_iitk\sem9\thesis\sep_week1\arpipe-0.1.0\live_store),INE044A01036_2018_singleton,Adobe PDF Library 15.0,PDF 1.6,False,True,,True,0,True,1,digital,,mda_heading_in_outline=False (n_matches=0) | split=HOLDOUT,True,KNOWN_FROM_PRIOR,False,KNOWN_FROM_PRIOR,False,KNOWN_FROM_PRIOR,False,INFERRED,False,INFERRED,False,INFERRED,UNKNOWN,UNKNOWN,False,KNOWN_FROM_PRIOR,False,OBSERVED,True,KNOWN_FROM_PRIOR,True,KNOWN_FROM_PRIOR,UNKNOWN,UNKNOWN,UNKNOWN,UNKNOWN,UNKNOWN,UNKNOWN,True,INFERRED,True,INFERRED,True,KNOWN_FROM_PRIOR,False,KNOWN_FROM_PRIOR,UNKNOWN,UNKNOWN,True,KNOWN_FROM_PRIOR,False,KNOWN_FROM_PRIOR,False,KNOWN_FROM_PRIOR,False,INFERRED,False,INFERRED,False,INFERRED,True,INFERRED,False,INFERRED,False,KNOWN_FROM_PRIOR,True,OBSERVED,False,INFERRED,False,KNOWN_FROM_PRIOR,False,INFERRED
INE044A01036_2024,Sun Pharmaceutical Industries Limited,INE044A01036,2024,dbb9d8021b365cc095ef9e5c6917e4ec4fe7cca079672ece3beb6284128c9343,True,10123693,313,D:\sem_iitk\sem9\thesis\sep_week1\arpipe-0.1.0\live_store\blobs\db\b9\dbb9d8021b365cc095ef9e5c6917e4ec4fe7cca079672ece3beb6284128c9343.pdf (live_store root=D:\sem_iitk\sem9\thesis\sep_week1\arpipe-0.1.0\live_store),INE044A01036_2024_singleton,Adobe PDF Library 24.2.159,PDF 1.7,False,True,,True,0,False,0,digital,,mda_heading_in_outline=False (n_matches=0) | split=HOLDOUT,True,KNOWN_FROM_PRIOR,False,KNOWN_FROM_PRIOR,False,KNOWN_FROM_PRIOR,True,INFERRED,False,INFERRED,True,INFERRED,UNKNOWN,UNKNOWN,False,KNOWN_FROM_PRIOR,False,OBSERVED,True,KNOWN_FROM_PRIOR,True,KNOWN_FROM_PRIOR,UNKNOWN,UNKNOWN,UNKNOWN,UNKNOWN,UNKNOWN,UNKNOWN,True,INFERRED,True,INFERRED,False,KNOWN_FROM_PRIOR,True,KNOWN_FROM_PRIOR,UNKNOWN,UNKNOWN,False,KNOWN_FROM_PRIOR,True,KNOWN_FROM_PRIOR,False,KNOWN_FROM_PRIOR,UNKNOWN,UNKNOWN,UNKNOWN,UNKNOWN,UNKNOWN,UNKNOWN,True,INFERRED,False,INFERRED,False,KNOWN_FROM_PRIOR,False,OBSERVED,True,INFERRED,False,KNOWN_FROM_PRIOR,UNKNOWN,UNKNOWN
INE044A01036_2025,Sun Pharmaceutical Industries Limited,INE044A01036,2025,abc0664bb0f83fc60b54898aef71b5554ae95a8eeb7fbe8a3a854309bd84224b,True,16239706,327,D:\sem_iitk\sem9\thesis\sep_week1\arpipe-0.1.0\live_store\blobs\ab\c0\abc0664bb0f83fc60b54898aef71b5554ae95a8eeb7fbe8a3a854309bd84224b.pdf (live_store root=D:\sem_iitk\sem9\thesis\sep_week1\arpipe-0.1.0\live_store),INE044A01036_2025_singleton,Adobe Acrobat (64-bit) 25.1.20531,PDF 1.7,False,True,,True,0,True,1,digital,,mda_heading_in_outline=False (n_matches=0) | split=HOLDOUT,True,KNOWN_FROM_PRIOR,False,KNOWN_FROM_PRIOR,False,KNOWN_FROM_PRIOR,True,INFERRED,False,INFERRED,True,INFERRED,UNKNOWN,UNKNOWN,False,KNOWN_FROM_PRIOR,False,OBSERVED,True,KNOWN_FROM_PRIOR,True,KNOWN_FROM_PRIOR,UNKNOWN,UNKNOWN,UNKNOWN,UNKNOWN,UNKNOWN,UNKNOWN,True,INFERRED,True,INFERRED,True,KNOWN_FROM_PRIOR,False,KNOWN_FROM_PRIOR,UNKNOWN,UNKNOWN,True,KNOWN_FROM_PRIOR,False,KNOWN_FROM_PRIOR,False,KNOWN_FROM_PRIOR,False,INFERRED,False,INFERRED,False,INFERRED,True,INFERRED,False,INFERRED,False,KNOWN_FROM_PRIOR,False,OBSERVED,True,INFERRED,False,KNOWN_FROM_PRIOR,False,INFERRED
INE081A01020_2012,Tata Steel Limited,INE081A01020,2012,dc0e15483617c2e785a26c800be32b6cfd74339495025866b9b31573a40229a4,True,6055029,252,D:\sem_iitk\sem9\thesis\sep_week1\arpipe-0.1.0\live_store\blobs\dc\0e\dc0e15483617c2e785a26c800be32b6cfd74339495025866b9b31573a40229a4.pdf (live_store root=D:\sem_iitk\sem9\thesis\sep_week1\arpipe-0.1.0\live_store),INE081A01020_2012_singleton,Adobe PDF Library 8.0,PDF 1.6,False,True,,True,70,True,2,digital,,"KNOWN-FROM-PRIOR historical_ground_truth label: true_start=88 true_end=142 position_bucket=middle (frozen labels.csv, not re-derived here; NOT copied into annotation_roster.csv gold fields) | mda_heading_in_outline=False (n_matches=0) | split=FIT",True,KNOWN_FROM_PRIOR,False,KNOWN_FROM_PRIOR,False,KNOWN_FROM_PRIOR,False,INFERRED,False,INFERRED,True,INFERRED,UNKNOWN,UNKNOWN,False,KNOWN_FROM_PRIOR,False,OBSERVED,True,KNOWN_FROM_PRIOR,True,KNOWN_FROM_PRIOR,UNKNOWN,UNKNOWN,UNKNOWN,UNKNOWN,UNKNOWN,UNKNOWN,True,INFERRED,True,INFERRED,True,KNOWN_FROM_PRIOR,False,KNOWN_FROM_PRIOR,UNKNOWN,UNKNOWN,True,KNOWN_FROM_PRIOR,False,KNOWN_FROM_PRIOR,False,KNOWN_FROM_PRIOR,False,INFERRED,False,INFERRED,False,INFERRED,True,INFERRED,False,INFERRED,False,KNOWN_FROM_PRIOR,True,OBSERVED,False,INFERRED,False,KNOWN_FROM_PRIOR,False,INFERRED
INE081A01020_2013,Tata Steel Limited,INE081A01020,2013,3e58ef4edf7239d3fe4e101d7f5a6eebec2d31e6190f7032d58b0ded3e3dffec,True,6146923,228,D:\sem_iitk\sem9\thesis\sep_week1\arpipe-0.1.0\live_store\blobs\3e\58\3e58ef4edf7239d3fe4e101d7f5a6eebec2d31e6190f7032d58b0ded3e3dffec.pdf (live_store root=D:\sem_iitk\sem9\thesis\sep_week1\arpipe-0.1.0\live_store),INE081A01020_2013_singleton,Acrobat Distiller 8.1.0 (Windows),PDF 1.4,False,True,,True,73,False,0,digital,,mda_heading_in_outline=False (n_matches=0) | split=FIT,True,KNOWN_FROM_PRIOR,False,KNOWN_FROM_PRIOR,False,KNOWN_FROM_PRIOR,True,INFERRED,False,INFERRED,False,INFERRED,UNKNOWN,UNKNOWN,False,KNOWN_FROM_PRIOR,False,OBSERVED,True,KNOWN_FROM_PRIOR,True,KNOWN_FROM_PRIOR,UNKNOWN,UNKNOWN,UNKNOWN,UNKNOWN,UNKNOWN,UNKNOWN,True,INFERRED,True,INFERRED,False,KNOWN_FROM_PRIOR,True,KNOWN_FROM_PRIOR,UNKNOWN,UNKNOWN,False,KNOWN_FROM_PRIOR,True,KNOWN_FROM_PRIOR,False,KNOWN_FROM_PRIOR,UNKNOWN,UNKNOWN,UNKNOWN,UNKNOWN,UNKNOWN,UNKNOWN,True,INFERRED,False,INFERRED,False,KNOWN_FROM_PRIOR,True,OBSERVED,True,INFERRED,False,KNOWN_FROM_PRIOR,UNKNOWN,UNKNOWN
INE081A01020_2017,Tata Steel Limited,INE081A01020,2017,b588fbff20f69bf75cbd0dd1207e4ad48b616875218fb58488a4b047a40c4208,True,7667599,381,D:\sem_iitk\sem9\thesis\sep_week1\arpipe-0.1.0\live_store\blobs\b5\88\b588fbff20f69bf75cbd0dd1207e4ad48b616875218fb58488a4b047a40c4208.pdf (live_store root=D:\sem_iitk\sem9\thesis\sep_week1\arpipe-0.1.0\live_store),INE081A01020_2017_singleton,Adobe PSL 1.2e for Canon ,PDF 1.4,False,True,,True,0,True,4,digital,,mda_heading_in_outline=False (n_matches=0) | split=FIT,True,KNOWN_FROM_PRIOR,False,KNOWN_FROM_PRIOR,False,KNOWN_FROM_PRIOR,False,INFERRED,False,INFERRED,True,INFERRED,UNKNOWN,UNKNOWN,False,KNOWN_FROM_PRIOR,False,OBSERVED,True,KNOWN_FROM_PRIOR,True,KNOWN_FROM_PRIOR,UNKNOWN,UNKNOWN,UNKNOWN,UNKNOWN,UNKNOWN,UNKNOWN,True,INFERRED,True,INFERRED,True,KNOWN_FROM_PRIOR,False,KNOWN_FROM_PRIOR,UNKNOWN,UNKNOWN,True,KNOWN_FROM_PRIOR,False,KNOWN_FROM_PRIOR,True,KNOWN_FROM_PRIOR,False,INFERRED,False,INFERRED,False,INFERRED,True,INFERRED,False,INFERRED,True,KNOWN_FROM_PRIOR,True,OBSERVED,False,INFERRED,False,KNOWN_FROM_PRIOR,False,INFERRED
INE081A01020_2018,Tata Steel Limited,INE081A01020,2018,b9d52ac73af11d751b6996d38a1f95897f0fec87046e3cb8af53109ae02e0fe7,True,6567259,413,D:\sem_iitk\sem9\thesis\sep_week1\arpipe-0.1.0\live_store\blobs\b9\d5\b9d52ac73af11d751b6996d38a1f95897f0fec87046e3cb8af53109ae02e0fe7.pdf (live_store root=D:\sem_iitk\sem9\thesis\sep_week1\arpipe-0.1.0\live_store),INE081A01020_2018_singleton,Adobe PDF Library 15.0,PDF 1.6,False,True,,True,0,True,4,digital,,mda_heading_in_outline=False (n_matches=0) | split=FIT,True,KNOWN_FROM_PRIOR,False,KNOWN_FROM_PRIOR,False,KNOWN_FROM_PRIOR,False,INFERRED,False,INFERRED,True,INFERRED,UNKNOWN,UNKNOWN,False,KNOWN_FROM_PRIOR,False,OBSERVED,True,KNOWN_FROM_PRIOR,True,KNOWN_FROM_PRIOR,UNKNOWN,UNKNOWN,UNKNOWN,UNKNOWN,UNKNOWN,UNKNOWN,True,INFERRED,True,INFERRED,True,KNOWN_FROM_PRIOR,False,KNOWN_FROM_PRIOR,UNKNOWN,UNKNOWN,True,KNOWN_FROM_PRIOR,False,KNOWN_FROM_PRIOR,True,KNOWN_FROM_PRIOR,False,INFERRED,False,INFERRED,False,INFERRED,True,INFERRED,False,INFERRED,False,KNOWN_FROM_PRIOR,True,OBSERVED,False,INFERRED,False,KNOWN_FROM_PRIOR,False,INFERRED
INE081A01020_2024,Tata Steel Limited,INE081A01020,2024,870be0ca867c1c562337a5319d09cac353a85dbb7907dce7c13ee47ad7af3e21,True,26006738,582,D:\sem_iitk\sem9\thesis\sep_week1\arpipe-0.1.0\live_store\blobs\87\0b\870be0ca867c1c562337a5319d09cac353a85dbb7907dce7c13ee47ad7af3e21.pdf (live_store root=D:\sem_iitk\sem9\thesis\sep_week1\arpipe-0.1.0\live_store),INE081A01020_2024_singleton,Adobe PDF Library 17.0,PDF 1.7,False,True,,True,0,False,0,digital,,mda_heading_in_outline=False (n_matches=0) | split=FIT,True,KNOWN_FROM_PRIOR,False,KNOWN_FROM_PRIOR,False,KNOWN_FROM_PRIOR,False,INFERRED,False,INFERRED,True,INFERRED,UNKNOWN,UNKNOWN,False,KNOWN_FROM_PRIOR,False,OBSERVED,True,KNOWN_FROM_PRIOR,True,KNOWN_FROM_PRIOR,UNKNOWN,UNKNOWN,UNKNOWN,UNKNOWN,UNKNOWN,UNKNOWN,True,INFERRED,True,INFERRED,False,KNOWN_FROM_PRIOR,True,KNOWN_FROM_PRIOR,UNKNOWN,UNKNOWN,False,KNOWN_FROM_PRIOR,True,KNOWN_FROM_PRIOR,False,KNOWN_FROM_PRIOR,UNKNOWN,UNKNOWN,UNKNOWN,UNKNOWN,UNKNOWN,UNKNOWN,True,INFERRED,False,INFERRED,False,KNOWN_FROM_PRIOR,True,OBSERVED,False,INFERRED,False,KNOWN_FROM_PRIOR,UNKNOWN,UNKNOWN
INE081A01020_2025,Tata Steel Limited,INE081A01020,2025,7631720e90f7e7623b993c5d4109f008966516a7f08c193d5c6ba16e7f0af480,True,9801841,554,D:\sem_iitk\sem9\thesis\sep_week1\arpipe-0.1.0\live_store\blobs\76\31\7631720e90f7e7623b993c5d4109f008966516a7f08c193d5c6ba16e7f0af480.pdf (live_store root=D:\sem_iitk\sem9\thesis\sep_week1\arpipe-0.1.0\live_store),INE081A01020_2025_singleton,,PDF 1.7,False,True,,True,0,True,1,digital,,mda_heading_in_outline=False (n_matches=0) | split=FIT,True,KNOWN_FROM_PRIOR,False,KNOWN_FROM_PRIOR,False,KNOWN_FROM_PRIOR,False,INFERRED,False,INFERRED,True,INFERRED,UNKNOWN,UNKNOWN,False,KNOWN_FROM_PRIOR,False,OBSERVED,True,KNOWN_FROM_PRIOR,True,KNOWN_FROM_PRIOR,UNKNOWN,UNKNOWN,UNKNOWN,UNKNOWN,UNKNOWN,UNKNOWN,True,INFERRED,True,INFERRED,True,KNOWN_FROM_PRIOR,False,KNOWN_FROM_PRIOR,UNKNOWN,UNKNOWN,True,KNOWN_FROM_PRIOR,False,KNOWN_FROM_PRIOR,False,KNOWN_FROM_PRIOR,False,INFERRED,False,INFERRED,False,INFERRED,True,INFERRED,False,INFERRED,False,KNOWN_FROM_PRIOR,True,OBSERVED,False,INFERRED,False,KNOWN_FROM_PRIOR,False,INFERRED
INE119A01028_2012,Balrampur Chini Mills Limited,INE119A01028,2012,1e61c8f8f1b707d33ce30dc89c031246cbe2f81f59d4353e596d53d151f2d252,True,1587601,132,D:\sem_iitk\sem9\thesis\sep_week1\arpipe-0.1.0\live_store\blobs\1e\61\1e61c8f8f1b707d33ce30dc89c031246cbe2f81f59d4353e596d53d151f2d252.pdf (live_store root=D:\sem_iitk\sem9\thesis\sep_week1\arpipe-0.1.0\live_store),INE119A01028_2012_singleton,Acrobat Distiller 6.0 (Windows),PDF 1.4,False,True,,True,51,False,0,mixed,,mda_heading_in_outline=False (n_matches=0) | split=HOLDOUT,False,KNOWN_FROM_PRIOR,False,KNOWN_FROM_PRIOR,True,KNOWN_FROM_PRIOR,False,INFERRED,False,INFERRED,True,INFERRED,UNKNOWN,UNKNOWN,False,KNOWN_FROM_PRIOR,False,OBSERVED,True,KNOWN_FROM_PRIOR,True,KNOWN_FROM_PRIOR,UNKNOWN,UNKNOWN,UNKNOWN,UNKNOWN,UNKNOWN,UNKNOWN,True,INFERRED,True,INFERRED,False,KNOWN_FROM_PRIOR,True,KNOWN_FROM_PRIOR,UNKNOWN,UNKNOWN,False,KNOWN_FROM_PRIOR,True,KNOWN_FROM_PRIOR,False,KNOWN_FROM_PRIOR,UNKNOWN,UNKNOWN,UNKNOWN,UNKNOWN,UNKNOWN,UNKNOWN,False,INFERRED,False,INFERRED,False,KNOWN_FROM_PRIOR,False,OBSERVED,False,INFERRED,False,KNOWN_FROM_PRIOR,UNKNOWN,UNKNOWN
INE119A01028_2013,Balrampur Chini Mills Limited,INE119A01028,2013,ffeb15ba2d5dce924fa35d1c00a56ec981f5e740f36fbb288d23c3db5ccad6b5,True,2872334,140,D:\sem_iitk\sem9\thesis\sep_week1\arpipe-0.1.0\live_store\blobs\ff\eb\ffeb15ba2d5dce924fa35d1c00a56ec981f5e740f36fbb288d23c3db5ccad6b5.pdf (live_store root=D:\sem_iitk\sem9\thesis\sep_week1\arpipe-0.1.0\live_store),INE119A01028_2013_singleton,Acrobat Distiller 8.0.0 (Macintosh),PDF 1.5,False,True,,True,284,False,0,mixed,,mda_heading_in_outline=False (n_matches=0) | split=HOLDOUT,False,KNOWN_FROM_PRIOR,False,KNOWN_FROM_PRIOR,True,KNOWN_FROM_PRIOR,False,INFERRED,False,INFERRED,True,INFERRED,UNKNOWN,UNKNOWN,False,KNOWN_FROM_PRIOR,False,OBSERVED,True,KNOWN_FROM_PRIOR,True,KNOWN_FROM_PRIOR,UNKNOWN,UNKNOWN,UNKNOWN,UNKNOWN,UNKNOWN,UNKNOWN,False,INFERRED,True,INFERRED,False,KNOWN_FROM_PRIOR,True,KNOWN_FROM_PRIOR,UNKNOWN,UNKNOWN,False,KNOWN_FROM_PRIOR,True,KNOWN_FROM_PRIOR,False,KNOWN_FROM_PRIOR,UNKNOWN,UNKNOWN,UNKNOWN,UNKNOWN,UNKNOWN,UNKNOWN,False,INFERRED,False,INFERRED,False,KNOWN_FROM_PRIOR,True,OBSERVED,False,INFERRED,False,KNOWN_FROM_PRIOR,UNKNOWN,UNKNOWN
INE119A01028_2017,Balrampur Chini Mills Limited,INE119A01028,2017,d62ee8c61f4e885b97ac3f8491f23b8a7db55b8d8807e7d01f9e7f104bbb60f7,True,3665565,301,D:\sem_iitk\sem9\thesis\sep_week1\arpipe-0.1.0\live_store\blobs\d6\2e\d62ee8c61f4e885b97ac3f8491f23b8a7db55b8d8807e7d01f9e7f104bbb60f7.pdf (live_store root=D:\sem_iitk\sem9\thesis\sep_week1\arpipe-0.1.0\live_store),INE119A01028_2017_singleton,Adobe PDF Library 15.0,PDF 1.7,False,True,,True,0,True,1,digital,,mda_heading_in_outline=False (n_matches=0) | split=HOLDOUT,True,KNOWN_FROM_PRIOR,False,KNOWN_FROM_PRIOR,False,KNOWN_FROM_PRIOR,False,INFERRED,False,INFERRED,True,INFERRED,UNKNOWN,UNKNOWN,False,KNOWN_FROM_PRIOR,False,OBSERVED,True,KNOWN_FROM_PRIOR,True,KNOWN_FROM_PRIOR,UNKNOWN,UNKNOWN,UNKNOWN,UNKNOWN,UNKNOWN,UNKNOWN,True,INFERRED,True,INFERRED,True,KNOWN_FROM_PRIOR,False,KNOWN_FROM_PRIOR,UNKNOWN,UNKNOWN,True,KNOWN_FROM_PRIOR,False,KNOWN_FROM_PRIOR,False,KNOWN_FROM_PRIOR,False,INFERRED,False,INFERRED,False,INFERRED,True,INFERRED,False,INFERRED,False,KNOWN_FROM_PRIOR,True,OBSERVED,False,INFERRED,False,KNOWN_FROM_PRIOR,False,INFERRED
INE119A01028_2018,Balrampur Chini Mills Limited,INE119A01028,2018,29781cdde4c132519a7ac8a70bf633d7b409249ca665611fec76c945b3f89e37,True,4698804,257,D:\sem_iitk\sem9\thesis\sep_week1\arpipe-0.1.0\live_store\blobs\29\78\29781cdde4c132519a7ac8a70bf633d7b409249ca665611fec76c945b3f89e37.pdf (live_store root=D:\sem_iitk\sem9\thesis\sep_week1\arpipe-0.1.0\live_store),INE119A01028_2018_singleton,Microsoft® Word 2010,PDF 1.7,False,True,,True,0,True,4,digital,,mda_heading_in_outline=False (n_matches=0) | split=HOLDOUT,True,KNOWN_FROM_PRIOR,False,KNOWN_FROM_PRIOR,False,KNOWN_FROM_PRIOR,False,INFERRED,False,INFERRED,True,INFERRED,UNKNOWN,UNKNOWN,False,KNOWN_FROM_PRIOR,False,OBSERVED,True,KNOWN_FROM_PRIOR,True,KNOWN_FROM_PRIOR,UNKNOWN,UNKNOWN,UNKNOWN,UNKNOWN,UNKNOWN,UNKNOWN,True,INFERRED,True,INFERRED,True,KNOWN_FROM_PRIOR,False,KNOWN_FROM_PRIOR,UNKNOWN,UNKNOWN,True,KNOWN_FROM_PRIOR,False,KNOWN_FROM_PRIOR,True,KNOWN_FROM_PRIOR,False,INFERRED,False,INFERRED,False,INFERRED,True,INFERRED,False,INFERRED,False,KNOWN_FROM_PRIOR,True,OBSERVED,False,INFERRED,False,KNOWN_FROM_PRIOR,False,INFERRED
INE119A01028_2024,Balrampur Chini Mills Limited,INE119A01028,2024,1d26601c877ba57cf163f9454174ce45cfdb803b777345c44bf7e7a3103586f2,True,5001257,414,D:\sem_iitk\sem9\thesis\sep_week1\arpipe-0.1.0\live_store\blobs\1d\26\1d26601c877ba57cf163f9454174ce45cfdb803b777345c44bf7e7a3103586f2.pdf (live_store root=D:\sem_iitk\sem9\thesis\sep_week1\arpipe-0.1.0\live_store),INE119A01028_2024_singleton,iLovePDF,PDF 1.7,False,True,,True,0,False,0,digital,,mda_heading_in_outline=False (n_matches=0) | split=HOLDOUT,True,KNOWN_FROM_PRIOR,False,KNOWN_FROM_PRIOR,False,KNOWN_FROM_PRIOR,False,INFERRED,False,INFERRED,True,INFERRED,UNKNOWN,UNKNOWN,False,KNOWN_FROM_PRIOR,False,OBSERVED,True,KNOWN_FROM_PRIOR,True,KNOWN_FROM_PRIOR,UNKNOWN,UNKNOWN,UNKNOWN,UNKNOWN,UNKNOWN,UNKNOWN,True,INFERRED,True,INFERRED,False,KNOWN_FROM_PRIOR,True,KNOWN_FROM_PRIOR,UNKNOWN,UNKNOWN,False,KNOWN_FROM_PRIOR,True,KNOWN_FROM_PRIOR,False,KNOWN_FROM_PRIOR,UNKNOWN,UNKNOWN,UNKNOWN,UNKNOWN,UNKNOWN,UNKNOWN,True,INFERRED,False,INFERRED,False,KNOWN_FROM_PRIOR,True,OBSERVED,False,INFERRED,False,KNOWN_FROM_PRIOR,UNKNOWN,UNKNOWN
INE119A01028_2025,Balrampur Chini Mills Limited,INE119A01028,2025,c649947487fb9b43909572987333bddab11b0227b33c0a7094d7c50654eef657,True,6436266,482,D:\sem_iitk\sem9\thesis\sep_week1\arpipe-0.1.0\live_store\blobs\c6\49\c649947487fb9b43909572987333bddab11b0227b33c0a7094d7c50654eef657.pdf (live_store root=D:\sem_iitk\sem9\thesis\sep_week1\arpipe-0.1.0\live_store),INE119A01028_2025_singleton,Microsoft: Print To PDF,PDF 1.7,False,True,,True,0,False,0,mixed,,mda_heading_in_outline=False (n_matches=0) | split=HOLDOUT,False,KNOWN_FROM_PRIOR,False,KNOWN_FROM_PRIOR,True,KNOWN_FROM_PRIOR,False,INFERRED,False,INFERRED,True,INFERRED,UNKNOWN,UNKNOWN,False,KNOWN_FROM_PRIOR,False,OBSERVED,True,KNOWN_FROM_PRIOR,True,KNOWN_FROM_PRIOR,UNKNOWN,UNKNOWN,UNKNOWN,UNKNOWN,UNKNOWN,UNKNOWN,True,INFERRED,True,INFERRED,False,KNOWN_FROM_PRIOR,True,KNOWN_FROM_PRIOR,UNKNOWN,UNKNOWN,False,KNOWN_FROM_PRIOR,True,KNOWN_FROM_PRIOR,False,KNOWN_FROM_PRIOR,UNKNOWN,UNKNOWN,UNKNOWN,UNKNOWN,UNKNOWN,UNKNOWN,True,INFERRED,False,INFERRED,False,KNOWN_FROM_PRIOR,True,OBSERVED,False,INFERRED,False,KNOWN_FROM_PRIOR,UNKNOWN,UNKNOWN
INE151A01013_2012,Tata Communications Limited,INE151A01013,2012,29b68699a9c265cc5df77a46b11d0e1507ac272c86b9db8c480351b314134ad0,True,811943,149,D:\sem_iitk\sem9\thesis\sep_week1\arpipe-0.1.0\live_store\blobs\29\b6\29b68699a9c265cc5df77a46b11d0e1507ac272c86b9db8c480351b314134ad0.pdf (live_store root=D:\sem_iitk\sem9\thesis\sep_week1\arpipe-0.1.0\live_store),INE151A01013_2012_singleton,Acrobat Distiller 9.2.0 (Windows),PDF 1.5,False,True,,True,0,False,0,digital,,mda_heading_in_outline=False (n_matches=0) | split=FIT,True,KNOWN_FROM_PRIOR,False,KNOWN_FROM_PRIOR,False,KNOWN_FROM_PRIOR,False,INFERRED,False,INFERRED,True,INFERRED,UNKNOWN,UNKNOWN,False,KNOWN_FROM_PRIOR,False,OBSERVED,True,KNOWN_FROM_PRIOR,True,KNOWN_FROM_PRIOR,UNKNOWN,UNKNOWN,UNKNOWN,UNKNOWN,UNKNOWN,UNKNOWN,True,INFERRED,False,INFERRED,False,KNOWN_FROM_PRIOR,True,KNOWN_FROM_PRIOR,UNKNOWN,UNKNOWN,False,KNOWN_FROM_PRIOR,True,KNOWN_FROM_PRIOR,False,KNOWN_FROM_PRIOR,UNKNOWN,UNKNOWN,UNKNOWN,UNKNOWN,UNKNOWN,UNKNOWN,False,INFERRED,False,INFERRED,False,KNOWN_FROM_PRIOR,False,OBSERVED,False,INFERRED,False,KNOWN_FROM_PRIOR,UNKNOWN,UNKNOWN
INE151A01013_2013,Tata Communications Limited,INE151A01013,2013,37a21f8e4f7cc3c811a2a8b270b75a1ed60ac4b210e9fc9d0aabcde7eb78ecab,True,2328048,158,D:\sem_iitk\sem9\thesis\sep_week1\arpipe-0.1.0\live_store\blobs\37\a2\37a21f8e4f7cc3c811a2a8b270b75a1ed60ac4b210e9fc9d0aabcde7eb78ecab.pdf (live_store root=D:\sem_iitk\sem9\thesis\sep_week1\arpipe-0.1.0\live_store),INE151A01013_2013_singleton,Acrobat Distiller 10.0.0 (Windows),PDF 1.6,False,True,,True,0,False,0,digital,,mda_heading_in_outline=False (n_matches=0) | split=FIT,True,KNOWN_FROM_PRIOR,False,KNOWN_FROM_PRIOR,False,KNOWN_FROM_PRIOR,False,INFERRED,False,INFERRED,False,INFERRED,UNKNOWN,UNKNOWN,False,KNOWN_FROM_PRIOR,False,OBSERVED,True,KNOWN_FROM_PRIOR,True,KNOWN_FROM_PRIOR,UNKNOWN,UNKNOWN,UNKNOWN,UNKNOWN,UNKNOWN,UNKNOWN,True,INFERRED,True,INFERRED,False,KNOWN_FROM_PRIOR,True,KNOWN_FROM_PRIOR,UNKNOWN,UNKNOWN,False,KNOWN_FROM_PRIOR,True,KNOWN_FROM_PRIOR,False,KNOWN_FROM_PRIOR,UNKNOWN,UNKNOWN,UNKNOWN,UNKNOWN,UNKNOWN,UNKNOWN,True,INFERRED,False,INFERRED,False,KNOWN_FROM_PRIOR,True,OBSERVED,False,INFERRED,False,KNOWN_FROM_PRIOR,UNKNOWN,UNKNOWN
INE151A01013_2017,Tata Communications Limited,INE151A01013,2017,c65d2ada7910502e7ccc83992c98f68ad4bade44b0e1cd58a55b3bd1775d5803,True,2511768,300,D:\sem_iitk\sem9\thesis\sep_week1\arpipe-0.1.0\live_store\blobs\c6\5d\c65d2ada7910502e7ccc83992c98f68ad4bade44b0e1cd58a55b3bd1775d5803.pdf (live_store root=D:\sem_iitk\sem9\thesis\sep_week1\arpipe-0.1.0\live_store),INE151A01013_2017_singleton,Adobe PDF Library 10.0.1,PDF 1.6,False,True,,True,0,True,2,digital,,mda_heading_in_outline=False (n_matches=0) | split=FIT,True,KNOWN_FROM_PRIOR,False,KNOWN_FROM_PRIOR,False,KNOWN_FROM_PRIOR,False,INFERRED,False,INFERRED,True,INFERRED,UNKNOWN,UNKNOWN,False,KNOWN_FROM_PRIOR,False,OBSERVED,True,KNOWN_FROM_PRIOR,True,KNOWN_FROM_PRIOR,UNKNOWN,UNKNOWN,UNKNOWN,UNKNOWN,UNKNOWN,UNKNOWN,True,INFERRED,True,INFERRED,True,KNOWN_FROM_PRIOR,False,KNOWN_FROM_PRIOR,UNKNOWN,UNKNOWN,True,KNOWN_FROM_PRIOR,False,KNOWN_FROM_PRIOR,False,KNOWN_FROM_PRIOR,False,INFERRED,False,INFERRED,False,INFERRED,True,INFERRED,False,INFERRED,False,KNOWN_FROM_PRIOR,False,OBSERVED,False,INFERRED,True,KNOWN_FROM_PRIOR,False,INFERRED
INE151A01013_2018,Tata Communications Limited,INE151A01013,2018,1b050de55772f50d63f6e8ccf5ab97a49db64ff5caadb39b8b01325e5f9acf6b,True,6582109,348,D:\sem_iitk\sem9\thesis\sep_week1\arpipe-0.1.0\live_store\blobs\1b\05\1b050de55772f50d63f6e8ccf5ab97a49db64ff5caadb39b8b01325e5f9acf6b.pdf (live_store root=D:\sem_iitk\sem9\thesis\sep_week1\arpipe-0.1.0\live_store),INE151A01013_2018_singleton,Acrobat Distiller 18.0 (Windows),PDF 1.5,False,True,,True,0,False,0,digital,,mda_heading_in_outline=False (n_matches=0) | split=FIT,True,KNOWN_FROM_PRIOR,False,KNOWN_FROM_PRIOR,False,KNOWN_FROM_PRIOR,False,INFERRED,False,INFERRED,True,INFERRED,UNKNOWN,UNKNOWN,False,KNOWN_FROM_PRIOR,False,OBSERVED,True,KNOWN_FROM_PRIOR,True,KNOWN_FROM_PRIOR,UNKNOWN,UNKNOWN,UNKNOWN,UNKNOWN,UNKNOWN,UNKNOWN,True,INFERRED,True,INFERRED,False,KNOWN_FROM_PRIOR,True,KNOWN_FROM_PRIOR,UNKNOWN,UNKNOWN,False,KNOWN_FROM_PRIOR,True,KNOWN_FROM_PRIOR,False,KNOWN_FROM_PRIOR,UNKNOWN,UNKNOWN,UNKNOWN,UNKNOWN,UNKNOWN,UNKNOWN,True,INFERRED,False,INFERRED,False,KNOWN_FROM_PRIOR,False,OBSERVED,False,INFERRED,False,KNOWN_FROM_PRIOR,UNKNOWN,UNKNOWN
INE151A01013_2024,Tata Communications Limited,INE151A01013,2024,8d50b3dacf0a39d2e58cacad0375beb7d2a23f8899472c598eea915405d35e30,True,7348159,195,D:\sem_iitk\sem9\thesis\sep_week1\arpipe-0.1.0\live_store\blobs\8d\50\8d50b3dacf0a39d2e58cacad0375beb7d2a23f8899472c598eea915405d35e30.pdf (live_store root=D:\sem_iitk\sem9\thesis\sep_week1\arpipe-0.1.0\live_store),INE151A01013_2024_singleton,Adobe Acrobat Pro (64-bit) 24.2.20857,PDF 1.7,False,True,,True,0,True,3,digital,,mda_heading_in_outline=False (n_matches=0) | split=FIT,True,KNOWN_FROM_PRIOR,False,KNOWN_FROM_PRIOR,False,KNOWN_FROM_PRIOR,False,INFERRED,False,INFERRED,True,INFERRED,UNKNOWN,UNKNOWN,False,KNOWN_FROM_PRIOR,False,OBSERVED,True,KNOWN_FROM_PRIOR,True,KNOWN_FROM_PRIOR,UNKNOWN,UNKNOWN,UNKNOWN,UNKNOWN,UNKNOWN,UNKNOWN,True,INFERRED,True,INFERRED,True,KNOWN_FROM_PRIOR,False,KNOWN_FROM_PRIOR,UNKNOWN,UNKNOWN,True,KNOWN_FROM_PRIOR,False,KNOWN_FROM_PRIOR,True,KNOWN_FROM_PRIOR,False,INFERRED,False,INFERRED,False,INFERRED,True,INFERRED,False,INFERRED,False,KNOWN_FROM_PRIOR,True,OBSERVED,False,INFERRED,True,KNOWN_FROM_PRIOR,False,INFERRED
INE151A01013_2025,Tata Communications Limited,INE151A01013,2025,9bcbcecb4113f4a7ee5360e55d869880c779d66dbefa19007ae1c8ab220b305b,True,9309811,202,D:\sem_iitk\sem9\thesis\sep_week1\arpipe-0.1.0\live_store\blobs\9b\cb\9bcbcecb4113f4a7ee5360e55d869880c779d66dbefa19007ae1c8ab220b305b.pdf (live_store root=D:\sem_iitk\sem9\thesis\sep_week1\arpipe-0.1.0\live_store),INE151A01013_2025_singleton,Microsoft® Word for Microsoft 365,PDF 1.7,False,True,,True,0,False,0,digital,,mda_heading_in_outline=False (n_matches=0) | split=FIT,True,KNOWN_FROM_PRIOR,False,KNOWN_FROM_PRIOR,False,KNOWN_FROM_PRIOR,False,INFERRED,False,INFERRED,True,INFERRED,UNKNOWN,UNKNOWN,False,KNOWN_FROM_PRIOR,False,OBSERVED,True,KNOWN_FROM_PRIOR,True,KNOWN_FROM_PRIOR,UNKNOWN,UNKNOWN,UNKNOWN,UNKNOWN,UNKNOWN,UNKNOWN,True,INFERRED,True,INFERRED,False,KNOWN_FROM_PRIOR,True,KNOWN_FROM_PRIOR,UNKNOWN,UNKNOWN,False,KNOWN_FROM_PRIOR,True,KNOWN_FROM_PRIOR,False,KNOWN_FROM_PRIOR,UNKNOWN,UNKNOWN,UNKNOWN,UNKNOWN,UNKNOWN,UNKNOWN,True,INFERRED,False,INFERRED,False,KNOWN_FROM_PRIOR,True,OBSERVED,False,INFERRED,False,KNOWN_FROM_PRIOR,UNKNOWN,UNKNOWN
INE154A01025_2012,ITC Limited,INE154A01025,2012,ac5529d7cf0757abfc755cf6a93e56b5e2379b82384ede37590b3854428ebbc5,True,3199205,212,D:\sem_iitk\sem9\thesis\sep_week1\arpipe-0.1.0\live_store\blobs\ac\55\ac5529d7cf0757abfc755cf6a93e56b5e2379b82384ede37590b3854428ebbc5.pdf (live_store root=D:\sem_iitk\sem9\thesis\sep_week1\arpipe-0.1.0\live_store),INE154A01025_2012_singleton,Acrobat Distiller 10.1.3 (Windows),PDF 1.5,False,True,,True,0,False,0,mixed,,mda_heading_in_outline=False (n_matches=0) | split=VALIDATION,False,KNOWN_FROM_PRIOR,False,KNOWN_FROM_PRIOR,True,KNOWN_FROM_PRIOR,True,INFERRED,False,INFERRED,False,INFERRED,UNKNOWN,UNKNOWN,False,KNOWN_FROM_PRIOR,False,OBSERVED,True,KNOWN_FROM_PRIOR,True,KNOWN_FROM_PRIOR,UNKNOWN,UNKNOWN,UNKNOWN,UNKNOWN,UNKNOWN,UNKNOWN,True,INFERRED,True,INFERRED,False,KNOWN_FROM_PRIOR,True,KNOWN_FROM_PRIOR,UNKNOWN,UNKNOWN,False,KNOWN_FROM_PRIOR,True,KNOWN_FROM_PRIOR,False,KNOWN_FROM_PRIOR,UNKNOWN,UNKNOWN,UNKNOWN,UNKNOWN,UNKNOWN,UNKNOWN,True,INFERRED,False,INFERRED,False,KNOWN_FROM_PRIOR,False,OBSERVED,True,INFERRED,False,KNOWN_FROM_PRIOR,UNKNOWN,UNKNOWN
INE154A01025_2013,ITC Limited,INE154A01025,2013,616ed821eb51e80de32cfad964e6a1451187fac8ccff7e6813361c549a70f7ce,True,5015596,238,D:\sem_iitk\sem9\thesis\sep_week1\arpipe-0.1.0\live_store\blobs\61\6e\616ed821eb51e80de32cfad964e6a1451187fac8ccff7e6813361c549a70f7ce.pdf (live_store root=D:\sem_iitk\sem9\thesis\sep_week1\arpipe-0.1.0\live_store),INE154A01025_2013_singleton,Adobe Acrobat 10.1.3,PDF 1.6,False,True,,True,0,True,3,digital,,mda_heading_in_outline=False (n_matches=0) | split=VALIDATION,True,KNOWN_FROM_PRIOR,False,KNOWN_FROM_PRIOR,False,KNOWN_FROM_PRIOR,False,INFERRED,False,INFERRED,False,INFERRED,UNKNOWN,UNKNOWN,False,KNOWN_FROM_PRIOR,False,OBSERVED,True,KNOWN_FROM_PRIOR,True,KNOWN_FROM_PRIOR,UNKNOWN,UNKNOWN,UNKNOWN,UNKNOWN,UNKNOWN,UNKNOWN,True,INFERRED,True,INFERRED,True,KNOWN_FROM_PRIOR,False,KNOWN_FROM_PRIOR,UNKNOWN,UNKNOWN,True,KNOWN_FROM_PRIOR,False,KNOWN_FROM_PRIOR,True,KNOWN_FROM_PRIOR,False,INFERRED,False,INFERRED,False,INFERRED,True,INFERRED,False,INFERRED,False,KNOWN_FROM_PRIOR,True,OBSERVED,False,INFERRED,False,KNOWN_FROM_PRIOR,False,INFERRED
INE154A01025_2017,ITC Limited,INE154A01025,2017,a194d6ff73fc9975bb0095c3269d2c63480a802eebd0919ceef5bd389da6e42e,True,6616687,344,D:\sem_iitk\sem9\thesis\sep_week1\arpipe-0.1.0\live_store\blobs\a1\94\a194d6ff73fc9975bb0095c3269d2c63480a802eebd0919ceef5bd389da6e42e.pdf (live_store root=D:\sem_iitk\sem9\thesis\sep_week1\arpipe-0.1.0\live_store),INE154A01025_2017_singleton,Adobe Acrobat Pro 10.0.0,PDF 1.6,False,True,,True,0,True,2,digital,,mda_heading_in_outline=False (n_matches=0) | split=VALIDATION,True,KNOWN_FROM_PRIOR,False,KNOWN_FROM_PRIOR,False,KNOWN_FROM_PRIOR,False,INFERRED,False,INFERRED,True,INFERRED,UNKNOWN,UNKNOWN,False,KNOWN_FROM_PRIOR,False,OBSERVED,True,KNOWN_FROM_PRIOR,True,KNOWN_FROM_PRIOR,UNKNOWN,UNKNOWN,UNKNOWN,UNKNOWN,UNKNOWN,UNKNOWN,True,INFERRED,True,INFERRED,True,KNOWN_FROM_PRIOR,False,KNOWN_FROM_PRIOR,UNKNOWN,UNKNOWN,True,KNOWN_FROM_PRIOR,False,KNOWN_FROM_PRIOR,False,KNOWN_FROM_PRIOR,False,INFERRED,False,INFERRED,False,INFERRED,True,INFERRED,False,INFERRED,True,KNOWN_FROM_PRIOR,True,OBSERVED,False,INFERRED,True,KNOWN_FROM_PRIOR,False,INFERRED
INE154A01025_2018,ITC Limited,INE154A01025,2018,65f9f2569702dee3187aa6a57caeba1c295e5c97eab21570990cd900716f4796,True,8161776,334,D:\sem_iitk\sem9\thesis\sep_week1\arpipe-0.1.0\live_store\blobs\65\f9\65f9f2569702dee3187aa6a57caeba1c295e5c97eab21570990cd900716f4796.pdf (live_store root=D:\sem_iitk\sem9\thesis\sep_week1\arpipe-0.1.0\live_store),INE154A01025_2018_singleton,iText 2.1.7 by 1T3XT,PDF 1.5,False,True,,True,0,True,2,digital,,mda_heading_in_outline=False (n_matches=0) | split=VALIDATION,True,KNOWN_FROM_PRIOR,False,KNOWN_FROM_PRIOR,False,KNOWN_FROM_PRIOR,False,INFERRED,False,INFERRED,False,INFERRED,UNKNOWN,UNKNOWN,False,KNOWN_FROM_PRIOR,False,OBSERVED,True,KNOWN_FROM_PRIOR,True,KNOWN_FROM_PRIOR,UNKNOWN,UNKNOWN,UNKNOWN,UNKNOWN,UNKNOWN,UNKNOWN,True,INFERRED,True,INFERRED,True,KNOWN_FROM_PRIOR,False,KNOWN_FROM_PRIOR,UNKNOWN,UNKNOWN,True,KNOWN_FROM_PRIOR,False,KNOWN_FROM_PRIOR,False,KNOWN_FROM_PRIOR,False,INFERRED,False,INFERRED,False,INFERRED,True,INFERRED,False,INFERRED,True,KNOWN_FROM_PRIOR,True,OBSERVED,False,INFERRED,False,KNOWN_FROM_PRIOR,False,INFERRED
INE154A01025_2024,ITC Limited,INE154A01025,2024,cef9cf09cefa71094985018a88b936733ff2c3a02b7cc6cd772fdeb8b75a9c97,True,24199409,456,D:\sem_iitk\sem9\thesis\sep_week1\arpipe-0.1.0\live_store\blobs\ce\f9\cef9cf09cefa71094985018a88b936733ff2c3a02b7cc6cd772fdeb8b75a9c97.pdf (live_store root=D:\sem_iitk\sem9\thesis\sep_week1\arpipe-0.1.0\live_store),INE154A01025_2024_singleton,Microsoft® Word LTSC,PDF 1.7,False,True,,True,0,True,4,digital,,mda_heading_in_outline=False (n_matches=0) | split=VALIDATION,True,KNOWN_FROM_PRIOR,False,KNOWN_FROM_PRIOR,False,KNOWN_FROM_PRIOR,False,INFERRED,False,INFERRED,False,INFERRED,UNKNOWN,UNKNOWN,False,KNOWN_FROM_PRIOR,False,OBSERVED,True,KNOWN_FROM_PRIOR,True,KNOWN_FROM_PRIOR,UNKNOWN,UNKNOWN,UNKNOWN,UNKNOWN,UNKNOWN,UNKNOWN,True,INFERRED,True,INFERRED,True,KNOWN_FROM_PRIOR,False,KNOWN_FROM_PRIOR,UNKNOWN,UNKNOWN,True,KNOWN_FROM_PRIOR,False,KNOWN_FROM_PRIOR,True,KNOWN_FROM_PRIOR,False,INFERRED,False,INFERRED,False,INFERRED,True,INFERRED,False,INFERRED,False,KNOWN_FROM_PRIOR,True,OBSERVED,False,INFERRED,False,KNOWN_FROM_PRIOR,False,INFERRED
INE154A01025_2025,ITC Limited,INE154A01025,2025,6b4cb6251ee52c35e7b2d0744089f7dcaba4da86f64a522ff249d0aa376e0925,True,23564884,428,D:\sem_iitk\sem9\thesis\sep_week1\arpipe-0.1.0\live_store\blobs\6b\4c\6b4cb6251ee52c35e7b2d0744089f7dcaba4da86f64a522ff249d0aa376e0925.pdf (live_store root=D:\sem_iitk\sem9\thesis\sep_week1\arpipe-0.1.0\live_store),INE154A01025_2025_singleton,Microsoft® Word LTSC,PDF 1.7,False,True,,True,0,True,3,digital,,mda_heading_in_outline=False (n_matches=0) | split=VALIDATION,True,KNOWN_FROM_PRIOR,False,KNOWN_FROM_PRIOR,False,KNOWN_FROM_PRIOR,False,INFERRED,False,INFERRED,True,INFERRED,UNKNOWN,UNKNOWN,False,KNOWN_FROM_PRIOR,False,OBSERVED,True,KNOWN_FROM_PRIOR,True,KNOWN_FROM_PRIOR,UNKNOWN,UNKNOWN,UNKNOWN,UNKNOWN,UNKNOWN,UNKNOWN,True,INFERRED,True,INFERRED,True,KNOWN_FROM_PRIOR,False,KNOWN_FROM_PRIOR,UNKNOWN,UNKNOWN,True,KNOWN_FROM_PRIOR,False,KNOWN_FROM_PRIOR,True,KNOWN_FROM_PRIOR,False,INFERRED,False,INFERRED,False,INFERRED,True,INFERRED,False,INFERRED,False,KNOWN_FROM_PRIOR,True,OBSERVED,False,INFERRED,False,KNOWN_FROM_PRIOR,False,INFERRED
INE171A01029_2012,The Federal Bank  Limited,INE171A01029,2012,e86db8c8662456ca12b99c9afb18c30dd0b717413d4335c599f5ceadec773076,True,1982243,204,D:\sem_iitk\sem9\thesis\sep_week1\arpipe-0.1.0\live_store\blobs\e8\6d\e86db8c8662456ca12b99c9afb18c30dd0b717413d4335c599f5ceadec773076.pdf (live_store root=D:\sem_iitk\sem9\thesis\sep_week1\arpipe-0.1.0\live_store),INE171A01029_2012_singleton,Adobe PDF Library 8.0,PDF 1.4,False,True,,True,0,False,0,mixed,,mda_heading_in_outline=False (n_matches=0) | split=HOLDOUT,False,KNOWN_FROM_PRIOR,False,KNOWN_FROM_PRIOR,True,KNOWN_FROM_PRIOR,False,INFERRED,False,INFERRED,False,INFERRED,UNKNOWN,UNKNOWN,False,KNOWN_FROM_PRIOR,False,OBSERVED,True,KNOWN_FROM_PRIOR,True,KNOWN_FROM_PRIOR,UNKNOWN,UNKNOWN,UNKNOWN,UNKNOWN,UNKNOWN,UNKNOWN,True,INFERRED,False,INFERRED,False,KNOWN_FROM_PRIOR,True,KNOWN_FROM_PRIOR,UNKNOWN,UNKNOWN,False,KNOWN_FROM_PRIOR,True,KNOWN_FROM_PRIOR,False,KNOWN_FROM_PRIOR,UNKNOWN,UNKNOWN,UNKNOWN,UNKNOWN,UNKNOWN,UNKNOWN,True,INFERRED,False,INFERRED,False,KNOWN_FROM_PRIOR,False,OBSERVED,False,INFERRED,False,KNOWN_FROM_PRIOR,UNKNOWN,UNKNOWN
INE171A01029_2013,The Federal Bank  Limited,INE171A01029,2013,6b4f799f452c9c8bccfe514aec03cc440aaaf164880f92dedd309e9d89963062,True,4384119,192,D:\sem_iitk\sem9\thesis\sep_week1\arpipe-0.1.0\live_store\blobs\6b\4f\6b4f799f452c9c8bccfe514aec03cc440aaaf164880f92dedd309e9d89963062.pdf (live_store root=D:\sem_iitk\sem9\thesis\sep_week1\arpipe-0.1.0\live_store),INE171A01029_2013_singleton,Adobe PDF Library 10.0.1,PDF 1.6,False,True,,True,0,False,0,mixed,,mda_heading_in_outline=False (n_matches=0) | split=HOLDOUT,False,KNOWN_FROM_PRIOR,False,KNOWN_FROM_PRIOR,True,KNOWN_FROM_PRIOR,False,INFERRED,False,INFERRED,True,INFERRED,UNKNOWN,UNKNOWN,False,KNOWN_FROM_PRIOR,False,OBSERVED,True,KNOWN_FROM_PRIOR,True,KNOWN_FROM_PRIOR,UNKNOWN,UNKNOWN,UNKNOWN,UNKNOWN,UNKNOWN,UNKNOWN,True,INFERRED,True,INFERRED,False,KNOWN_FROM_PRIOR,True,KNOWN_FROM_PRIOR,UNKNOWN,UNKNOWN,False,KNOWN_FROM_PRIOR,True,KNOWN_FROM_PRIOR,False,KNOWN_FROM_PRIOR,UNKNOWN,UNKNOWN,UNKNOWN,UNKNOWN,UNKNOWN,UNKNOWN,True,INFERRED,False,INFERRED,False,KNOWN_FROM_PRIOR,True,OBSERVED,False,INFERRED,False,KNOWN_FROM_PRIOR,UNKNOWN,UNKNOWN
INE171A01029_2017,The Federal Bank  Limited,INE171A01029,2017,0eff7ba82b8e5811a09d2ead5189605ce1cfbca072bee5b0f57f003b91b08769,True,5573938,335,D:\sem_iitk\sem9\thesis\sep_week1\arpipe-0.1.0\live_store\blobs\0e\ff\0eff7ba82b8e5811a09d2ead5189605ce1cfbca072bee5b0f57f003b91b08769.pdf (live_store root=D:\sem_iitk\sem9\thesis\sep_week1\arpipe-0.1.0\live_store),INE171A01029_2017_singleton,iText 2.1.7 by 1T3XT,PDF 1.5,False,True,,True,0,True,1,digital,,mda_heading_in_outline=False (n_matches=0) | split=HOLDOUT,True,KNOWN_FROM_PRIOR,False,KNOWN_FROM_PRIOR,False,KNOWN_FROM_PRIOR,False,INFERRED,False,INFERRED,False,INFERRED,UNKNOWN,UNKNOWN,False,KNOWN_FROM_PRIOR,False,OBSERVED,True,KNOWN_FROM_PRIOR,True,KNOWN_FROM_PRIOR,UNKNOWN,UNKNOWN,UNKNOWN,UNKNOWN,UNKNOWN,UNKNOWN,True,INFERRED,True,INFERRED,True,KNOWN_FROM_PRIOR,False,KNOWN_FROM_PRIOR,UNKNOWN,UNKNOWN,True,KNOWN_FROM_PRIOR,False,KNOWN_FROM_PRIOR,False,KNOWN_FROM_PRIOR,False,INFERRED,False,INFERRED,False,INFERRED,True,INFERRED,False,INFERRED,False,KNOWN_FROM_PRIOR,True,OBSERVED,False,INFERRED,True,KNOWN_FROM_PRIOR,False,INFERRED
INE171A01029_2018,The Federal Bank  Limited,INE171A01029,2018,d1b6a479cc7e28829f2f786ac2e46208b2b2f4d4a59ec0b30cb47421a3aeeaa0,True,3963727,240,D:\sem_iitk\sem9\thesis\sep_week1\arpipe-0.1.0\live_store\blobs\d1\b6\d1b6a479cc7e28829f2f786ac2e46208b2b2f4d4a59ec0b30cb47421a3aeeaa0.pdf (live_store root=D:\sem_iitk\sem9\thesis\sep_week1\arpipe-0.1.0\live_store),INE171A01029_2018_singleton,iText 2.1.7 by 1T3XT,PDF 1.5,False,True,,True,0,False,0,mixed,,mda_heading_in_outline=False (n_matches=0) | split=HOLDOUT,False,KNOWN_FROM_PRIOR,False,KNOWN_FROM_PRIOR,True,KNOWN_FROM_PRIOR,False,INFERRED,False,INFERRED,False,INFERRED,UNKNOWN,UNKNOWN,False,KNOWN_FROM_PRIOR,False,OBSERVED,True,KNOWN_FROM_PRIOR,True,KNOWN_FROM_PRIOR,UNKNOWN,UNKNOWN,UNKNOWN,UNKNOWN,UNKNOWN,UNKNOWN,True,INFERRED,True,INFERRED,False,KNOWN_FROM_PRIOR,True,KNOWN_FROM_PRIOR,UNKNOWN,UNKNOWN,False,KNOWN_FROM_PRIOR,True,KNOWN_FROM_PRIOR,False,KNOWN_FROM_PRIOR,UNKNOWN,UNKNOWN,UNKNOWN,UNKNOWN,UNKNOWN,UNKNOWN,True,INFERRED,False,INFERRED,False,KNOWN_FROM_PRIOR,True,OBSERVED,False,INFERRED,True,KNOWN_FROM_PRIOR,UNKNOWN,UNKNOWN
INE171A01029_2024,The Federal Bank  Limited,INE171A01029,2024,f3b76769d526798f8db2e84d197469be97b24c070ddcf1bde2506e6d4205ef59,True,9937055,246,D:\sem_iitk\sem9\thesis\sep_week1\arpipe-0.1.0\live_store\blobs\f3\b7\f3b76769d526798f8db2e84d197469be97b24c070ddcf1bde2506e6d4205ef59.pdf (live_store root=D:\sem_iitk\sem9\thesis\sep_week1\arpipe-0.1.0\live_store),INE171A01029_2024_singleton,Microsoft® Word for Microsoft 365,PDF 1.7,False,True,,True,0,False,0,digital,,mda_heading_in_outline=False (n_matches=0) | split=HOLDOUT,True,KNOWN_FROM_PRIOR,False,KNOWN_FROM_PRIOR,False,KNOWN_FROM_PRIOR,False,INFERRED,False,INFERRED,True,INFERRED,UNKNOWN,UNKNOWN,False,KNOWN_FROM_PRIOR,False,OBSERVED,True,KNOWN_FROM_PRIOR,True,KNOWN_FROM_PRIOR,UNKNOWN,UNKNOWN,UNKNOWN,UNKNOWN,UNKNOWN,UNKNOWN,True,INFERRED,True,INFERRED,False,KNOWN_FROM_PRIOR,True,KNOWN_FROM_PRIOR,UNKNOWN,UNKNOWN,False,KNOWN_FROM_PRIOR,True,KNOWN_FROM_PRIOR,False,KNOWN_FROM_PRIOR,UNKNOWN,UNKNOWN,UNKNOWN,UNKNOWN,UNKNOWN,UNKNOWN,True,INFERRED,False,INFERRED,False,KNOWN_FROM_PRIOR,True,OBSERVED,False,INFERRED,False,KNOWN_FROM_PRIOR,UNKNOWN,UNKNOWN
INE171A01029_2025,The Federal Bank  Limited,INE171A01029,2025,9eea027a8f86f6f5bc196f6e14bc07b67db2c56c9cd4d6d137334b06b9634bbf,True,17854909,421,D:\sem_iitk\sem9\thesis\sep_week1\arpipe-0.1.0\live_store\blobs\9e\ea\9eea027a8f86f6f5bc196f6e14bc07b67db2c56c9cd4d6d137334b06b9634bbf.pdf (live_store root=D:\sem_iitk\sem9\thesis\sep_week1\arpipe-0.1.0\live_store),INE171A01029_2025_singleton,Microsoft® Word for Microsoft 365,PDF 1.7,False,True,,True,0,True,2,digital,,mda_heading_in_outline=False (n_matches=0) | split=HOLDOUT,True,KNOWN_FROM_PRIOR,False,KNOWN_FROM_PRIOR,False,KNOWN_FROM_PRIOR,False,INFERRED,False,INFERRED,False,INFERRED,UNKNOWN,UNKNOWN,False,KNOWN_FROM_PRIOR,False,OBSERVED,True,KNOWN_FROM_PRIOR,True,KNOWN_FROM_PRIOR,UNKNOWN,UNKNOWN,UNKNOWN,UNKNOWN,UNKNOWN,UNKNOWN,True,INFERRED,True,INFERRED,True,KNOWN_FROM_PRIOR,False,KNOWN_FROM_PRIOR,UNKNOWN,UNKNOWN,True,KNOWN_FROM_PRIOR,False,KNOWN_FROM_PRIOR,False,KNOWN_FROM_PRIOR,False,INFERRED,False,INFERRED,False,INFERRED,True,INFERRED,False,INFERRED,False,KNOWN_FROM_PRIOR,True,OBSERVED,False,INFERRED,False,KNOWN_FROM_PRIOR,False,INFERRED
INE191H01014_2012,PVR INOX Limited,INE191H01014,2012,f97f93eef3bb87fced844242ac7789d10002e30f27ea2fe92f51e30f11344ead,True,494666,104,D:\sem_iitk\sem9\thesis\sep_week1\arpipe-0.1.0\live_store\blobs\f9\7f\f97f93eef3bb87fced844242ac7789d10002e30f27ea2fe92f51e30f11344ead.pdf (live_store root=D:\sem_iitk\sem9\thesis\sep_week1\arpipe-0.1.0\live_store),INE191H01014_2012_singleton,Acrobat Distiller 6.0 (Windows),PDF 1.4,False,True,,True,0,False,0,digital,,mda_heading_in_outline=False (n_matches=0) | split=FIT,True,KNOWN_FROM_PRIOR,False,KNOWN_FROM_PRIOR,False,KNOWN_FROM_PRIOR,False,INFERRED,False,INFERRED,False,INFERRED,UNKNOWN,UNKNOWN,False,KNOWN_FROM_PRIOR,False,OBSERVED,True,KNOWN_FROM_PRIOR,True,KNOWN_FROM_PRIOR,UNKNOWN,UNKNOWN,UNKNOWN,UNKNOWN,UNKNOWN,UNKNOWN,True,INFERRED,True,INFERRED,False,KNOWN_FROM_PRIOR,True,KNOWN_FROM_PRIOR,UNKNOWN,UNKNOWN,False,KNOWN_FROM_PRIOR,True,KNOWN_FROM_PRIOR,False,KNOWN_FROM_PRIOR,UNKNOWN,UNKNOWN,UNKNOWN,UNKNOWN,UNKNOWN,UNKNOWN,False,INFERRED,False,INFERRED,False,KNOWN_FROM_PRIOR,False,OBSERVED,False,INFERRED,False,KNOWN_FROM_PRIOR,UNKNOWN,UNKNOWN
INE191H01014_2013,PVR INOX Limited,INE191H01014,2013,e68cb02ddc41f4b53977b367c337add55a834facbbc907bb8505a5d22bc0bd96,True,940486,110,D:\sem_iitk\sem9\thesis\sep_week1\arpipe-0.1.0\live_store\blobs\e6\8c\e68cb02ddc41f4b53977b367c337add55a834facbbc907bb8505a5d22bc0bd96.pdf (live_store root=D:\sem_iitk\sem9\thesis\sep_week1\arpipe-0.1.0\live_store),INE191H01014_2013_singleton,Acrobat Distiller 6.0 (Windows),PDF 1.4,False,True,,True,0,False,0,digital,,mda_heading_in_outline=False (n_matches=0) | split=FIT,True,KNOWN_FROM_PRIOR,False,KNOWN_FROM_PRIOR,False,KNOWN_FROM_PRIOR,False,INFERRED,False,INFERRED,False,INFERRED,UNKNOWN,UNKNOWN,False,KNOWN_FROM_PRIOR,False,OBSERVED,True,KNOWN_FROM_PRIOR,True,KNOWN_FROM_PRIOR,UNKNOWN,UNKNOWN,UNKNOWN,UNKNOWN,UNKNOWN,UNKNOWN,False,INFERRED,True,INFERRED,False,KNOWN_FROM_PRIOR,True,KNOWN_FROM_PRIOR,UNKNOWN,UNKNOWN,False,KNOWN_FROM_PRIOR,True,KNOWN_FROM_PRIOR,False,KNOWN_FROM_PRIOR,UNKNOWN,UNKNOWN,UNKNOWN,UNKNOWN,UNKNOWN,UNKNOWN,False,INFERRED,False,INFERRED,False,KNOWN_FROM_PRIOR,False,OBSERVED,False,INFERRED,False,KNOWN_FROM_PRIOR,UNKNOWN,UNKNOWN
INE191H01014_2017,PVR INOX Limited,INE191H01014,2017,141e69522edec37b5823a058ed210412a3774fd9f125548d6683e38cefdeb765,True,2789692,219,D:\sem_iitk\sem9\thesis\sep_week1\arpipe-0.1.0\live_store\blobs\14\1e\141e69522edec37b5823a058ed210412a3774fd9f125548d6683e38cefdeb765.pdf (live_store root=D:\sem_iitk\sem9\thesis\sep_week1\arpipe-0.1.0\live_store),INE191H01014_2017_singleton,Adobe PDF Library 10.0.1,PDF 1.6,False,True,,True,0,True,1,digital,,mda_heading_in_outline=False (n_matches=0) | split=FIT,True,KNOWN_FROM_PRIOR,False,KNOWN_FROM_PRIOR,False,KNOWN_FROM_PRIOR,False,INFERRED,False,INFERRED,True,INFERRED,UNKNOWN,UNKNOWN,False,KNOWN_FROM_PRIOR,False,OBSERVED,True,KNOWN_FROM_PRIOR,True,KNOWN_FROM_PRIOR,UNKNOWN,UNKNOWN,UNKNOWN,UNKNOWN,UNKNOWN,UNKNOWN,True,INFERRED,True,INFERRED,True,KNOWN_FROM_PRIOR,False,KNOWN_FROM_PRIOR,UNKNOWN,UNKNOWN,True,KNOWN_FROM_PRIOR,False,KNOWN_FROM_PRIOR,False,KNOWN_FROM_PRIOR,False,INFERRED,False,INFERRED,False,INFERRED,True,INFERRED,False,INFERRED,False,KNOWN_FROM_PRIOR,True,OBSERVED,False,INFERRED,True,KNOWN_FROM_PRIOR,False,INFERRED
INE191H01014_2018,PVR INOX Limited,INE191H01014,2018,28ed7b6a3053aa475dcfe8e587417fdbd25c4f7dfaaf670e76eb30595b7bee81,True,7282688,218,D:\sem_iitk\sem9\thesis\sep_week1\arpipe-0.1.0\live_store\blobs\28\ed\28ed7b6a3053aa475dcfe8e587417fdbd25c4f7dfaaf670e76eb30595b7bee81.pdf (live_store root=D:\sem_iitk\sem9\thesis\sep_week1\arpipe-0.1.0\live_store),INE191H01014_2018_singleton,Adobe PDF Library 15.0,PDF 1.5,False,True,,True,0,False,0,digital,,mda_heading_in_outline=False (n_matches=0) | split=FIT,True,KNOWN_FROM_PRIOR,False,KNOWN_FROM_PRIOR,False,KNOWN_FROM_PRIOR,False,INFERRED,False,INFERRED,True,INFERRED,UNKNOWN,UNKNOWN,False,KNOWN_FROM_PRIOR,False,OBSERVED,True,KNOWN_FROM_PRIOR,True,KNOWN_FROM_PRIOR,UNKNOWN,UNKNOWN,UNKNOWN,UNKNOWN,UNKNOWN,UNKNOWN,True,INFERRED,True,INFERRED,False,KNOWN_FROM_PRIOR,True,KNOWN_FROM_PRIOR,UNKNOWN,UNKNOWN,False,KNOWN_FROM_PRIOR,True,KNOWN_FROM_PRIOR,False,KNOWN_FROM_PRIOR,UNKNOWN,UNKNOWN,UNKNOWN,UNKNOWN,UNKNOWN,UNKNOWN,True,INFERRED,False,INFERRED,False,KNOWN_FROM_PRIOR,True,OBSERVED,False,INFERRED,False,KNOWN_FROM_PRIOR,UNKNOWN,UNKNOWN
INE191H01014_2024,PVR INOX Limited,INE191H01014,2024,b59ae03a8541538b39baae54453536722f03b6c4ebe9dc62208bd450ed901c2b,True,9261595,172,D:\sem_iitk\sem9\thesis\sep_week1\arpipe-0.1.0\live_store\blobs\b5\9a\b59ae03a8541538b39baae54453536722f03b6c4ebe9dc62208bd450ed901c2b.pdf (live_store root=D:\sem_iitk\sem9\thesis\sep_week1\arpipe-0.1.0\live_store),INE191H01014_2024_singleton,Microsoft® Word 2016,PDF 1.6,False,True,,True,61,False,0,digital,,mda_heading_in_outline=False (n_matches=0) | split=FIT,True,KNOWN_FROM_PRIOR,False,KNOWN_FROM_PRIOR,False,KNOWN_FROM_PRIOR,False,INFERRED,False,INFERRED,True,INFERRED,UNKNOWN,UNKNOWN,False,KNOWN_FROM_PRIOR,False,OBSERVED,True,KNOWN_FROM_PRIOR,True,KNOWN_FROM_PRIOR,UNKNOWN,UNKNOWN,UNKNOWN,UNKNOWN,UNKNOWN,UNKNOWN,True,INFERRED,True,INFERRED,False,KNOWN_FROM_PRIOR,True,KNOWN_FROM_PRIOR,UNKNOWN,UNKNOWN,False,KNOWN_FROM_PRIOR,True,KNOWN_FROM_PRIOR,False,KNOWN_FROM_PRIOR,UNKNOWN,UNKNOWN,UNKNOWN,UNKNOWN,UNKNOWN,UNKNOWN,True,INFERRED,False,INFERRED,False,KNOWN_FROM_PRIOR,True,OBSERVED,False,INFERRED,False,KNOWN_FROM_PRIOR,UNKNOWN,UNKNOWN
INE191H01014_2025,PVR INOX Limited,INE191H01014,2025,f51fa2ce953846c8906a5e2fb6f2e7e9766ac305a7e3ddc2e4482e51039169db,True,9000760,309,D:\sem_iitk\sem9\thesis\sep_week1\arpipe-0.1.0\live_store\blobs\f5\1f\f51fa2ce953846c8906a5e2fb6f2e7e9766ac305a7e3ddc2e4482e51039169db.pdf (live_store root=D:\sem_iitk\sem9\thesis\sep_week1\arpipe-0.1.0\live_store),INE191H01014_2025_singleton,Microsoft® Word 2016,PDF 1.6,False,True,,True,0,True,2,digital,,mda_heading_in_outline=False (n_matches=0) | split=FIT,True,KNOWN_FROM_PRIOR,False,KNOWN_FROM_PRIOR,False,KNOWN_FROM_PRIOR,False,INFERRED,False,INFERRED,True,INFERRED,UNKNOWN,UNKNOWN,False,KNOWN_FROM_PRIOR,False,OBSERVED,True,KNOWN_FROM_PRIOR,True,KNOWN_FROM_PRIOR,UNKNOWN,UNKNOWN,UNKNOWN,UNKNOWN,UNKNOWN,UNKNOWN,True,INFERRED,True,INFERRED,True,KNOWN_FROM_PRIOR,False,KNOWN_FROM_PRIOR,UNKNOWN,UNKNOWN,True,KNOWN_FROM_PRIOR,False,KNOWN_FROM_PRIOR,False,KNOWN_FROM_PRIOR,False,INFERRED,False,INFERRED,False,INFERRED,True,INFERRED,False,INFERRED,False,KNOWN_FROM_PRIOR,True,OBSERVED,False,INFERRED,False,KNOWN_FROM_PRIOR,False,INFERRED
INE192B01031_2012,Welspun Living Limited,INE192B01031,2012,4e62913a8863fab4f45c90c7f4ee328b232124ec02071cf61b1e4864cf850606,True,3927131,150,D:\sem_iitk\sem9\thesis\sep_week1\arpipe-0.1.0\live_store\blobs\4e\62\4e62913a8863fab4f45c90c7f4ee328b232124ec02071cf61b1e4864cf850606.pdf (live_store root=D:\sem_iitk\sem9\thesis\sep_week1\arpipe-0.1.0\live_store),INE192B01031_2012_singleton,GPL Ghostscript 8.64,PDF 1.3,False,True,,True,0,False,0,digital,,mda_heading_in_outline=False (n_matches=0) | split=FIT,True,KNOWN_FROM_PRIOR,False,KNOWN_FROM_PRIOR,False,KNOWN_FROM_PRIOR,True,INFERRED,False,INFERRED,True,INFERRED,UNKNOWN,UNKNOWN,False,KNOWN_FROM_PRIOR,False,OBSERVED,True,KNOWN_FROM_PRIOR,True,KNOWN_FROM_PRIOR,UNKNOWN,UNKNOWN,UNKNOWN,UNKNOWN,UNKNOWN,UNKNOWN,True,INFERRED,True,INFERRED,False,KNOWN_FROM_PRIOR,True,KNOWN_FROM_PRIOR,UNKNOWN,UNKNOWN,False,KNOWN_FROM_PRIOR,True,KNOWN_FROM_PRIOR,False,KNOWN_FROM_PRIOR,UNKNOWN,UNKNOWN,UNKNOWN,UNKNOWN,UNKNOWN,UNKNOWN,True,INFERRED,False,INFERRED,False,KNOWN_FROM_PRIOR,False,OBSERVED,True,INFERRED,False,KNOWN_FROM_PRIOR,UNKNOWN,UNKNOWN
INE192B01031_2013,Welspun Living Limited,INE192B01031,2013,1711171ff8edc5051f62c21869c885059481311309757f85954f6fa35df94f3d,True,1904509,121,D:\sem_iitk\sem9\thesis\sep_week1\arpipe-0.1.0\live_store\blobs\17\11\1711171ff8edc5051f62c21869c885059481311309757f85954f6fa35df94f3d.pdf (live_store root=D:\sem_iitk\sem9\thesis\sep_week1\arpipe-0.1.0\live_store),INE192B01031_2013_singleton,Adobe PDF Library 10.0.1,PDF 1.6,False,True,,True,0,False,0,digital,,mda_heading_in_outline=False (n_matches=0) | split=FIT,True,KNOWN_FROM_PRIOR,False,KNOWN_FROM_PRIOR,False,KNOWN_FROM_PRIOR,False,INFERRED,False,INFERRED,False,INFERRED,UNKNOWN,UNKNOWN,False,KNOWN_FROM_PRIOR,False,OBSERVED,True,KNOWN_FROM_PRIOR,True,KNOWN_FROM_PRIOR,UNKNOWN,UNKNOWN,UNKNOWN,UNKNOWN,UNKNOWN,UNKNOWN,False,INFERRED,True,INFERRED,False,KNOWN_FROM_PRIOR,True,KNOWN_FROM_PRIOR,UNKNOWN,UNKNOWN,False,KNOWN_FROM_PRIOR,True,KNOWN_FROM_PRIOR,False,KNOWN_FROM_PRIOR,UNKNOWN,UNKNOWN,UNKNOWN,UNKNOWN,UNKNOWN,UNKNOWN,False,INFERRED,False,INFERRED,False,KNOWN_FROM_PRIOR,True,OBSERVED,False,INFERRED,False,KNOWN_FROM_PRIOR,UNKNOWN,UNKNOWN
INE192B01031_2017,Welspun Living Limited,INE192B01031,2017,52b4f4ced950788a3c852bd9474f83c092f8a58fe9181c2cf7acb6dcfc612a6c,True,3555665,289,D:\sem_iitk\sem9\thesis\sep_week1\arpipe-0.1.0\live_store\blobs\52\b4\52b4f4ced950788a3c852bd9474f83c092f8a58fe9181c2cf7acb6dcfc612a6c.pdf (live_store root=D:\sem_iitk\sem9\thesis\sep_week1\arpipe-0.1.0\live_store),INE192B01031_2017_singleton,ilovepdf.com,PDF 1.6,False,True,,True,0,True,1,digital,,mda_heading_in_outline=False (n_matches=0) | split=FIT,True,KNOWN_FROM_PRIOR,False,KNOWN_FROM_PRIOR,False,KNOWN_FROM_PRIOR,True,INFERRED,False,INFERRED,False,INFERRED,UNKNOWN,UNKNOWN,False,KNOWN_FROM_PRIOR,False,OBSERVED,True,KNOWN_FROM_PRIOR,True,KNOWN_FROM_PRIOR,UNKNOWN,UNKNOWN,UNKNOWN,UNKNOWN,UNKNOWN,UNKNOWN,True,INFERRED,True,INFERRED,True,KNOWN_FROM_PRIOR,False,KNOWN_FROM_PRIOR,UNKNOWN,UNKNOWN,True,KNOWN_FROM_PRIOR,False,KNOWN_FROM_PRIOR,False,KNOWN_FROM_PRIOR,False,INFERRED,False,INFERRED,False,INFERRED,True,INFERRED,False,INFERRED,True,KNOWN_FROM_PRIOR,True,OBSERVED,True,INFERRED,False,KNOWN_FROM_PRIOR,False,INFERRED
INE192B01031_2018,Welspun Living Limited,INE192B01031,2018,8626ed2609023d2906a47e8bcefc91749a4945e797ac4e3e861f68794f8ed54d,True,4834175,244,D:\sem_iitk\sem9\thesis\sep_week1\arpipe-0.1.0\live_store\blobs\86\26\8626ed2609023d2906a47e8bcefc91749a4945e797ac4e3e861f68794f8ed54d.pdf (live_store root=D:\sem_iitk\sem9\thesis\sep_week1\arpipe-0.1.0\live_store),INE192B01031_2018_singleton,Acrobat Distiller 10.1.1 (Windows),PDF 1.5,False,True,,True,0,False,0,mixed,,mda_heading_in_outline=False (n_matches=0) | split=FIT,False,KNOWN_FROM_PRIOR,False,KNOWN_FROM_PRIOR,True,KNOWN_FROM_PRIOR,True,INFERRED,False,INFERRED,True,INFERRED,UNKNOWN,UNKNOWN,False,KNOWN_FROM_PRIOR,False,OBSERVED,True,KNOWN_FROM_PRIOR,True,KNOWN_FROM_PRIOR,UNKNOWN,UNKNOWN,UNKNOWN,UNKNOWN,UNKNOWN,UNKNOWN,True,INFERRED,True,INFERRED,False,KNOWN_FROM_PRIOR,True,KNOWN_FROM_PRIOR,UNKNOWN,UNKNOWN,False,KNOWN_FROM_PRIOR,True,KNOWN_FROM_PRIOR,False,KNOWN_FROM_PRIOR,UNKNOWN,UNKNOWN,UNKNOWN,UNKNOWN,UNKNOWN,UNKNOWN,True,INFERRED,False,INFERRED,False,KNOWN_FROM_PRIOR,True,OBSERVED,True,INFERRED,False,KNOWN_FROM_PRIOR,UNKNOWN,UNKNOWN
INE192B01031_2024,Welspun Living Limited,INE192B01031,2024,814886152ee1e682bc610e861e41d1806f6531eef5bd1c9f472c5abfc75972cc,True,13445307,435,D:\sem_iitk\sem9\thesis\sep_week1\arpipe-0.1.0\live_store\blobs\81\48\814886152ee1e682bc610e861e41d1806f6531eef5bd1c9f472c5abfc75972cc.pdf (live_store root=D:\sem_iitk\sem9\thesis\sep_week1\arpipe-0.1.0\live_store),INE192B01031_2024_singleton,Adobe Acrobat Pro (64-bit) 24.3.20054,PDF 1.7,False,True,,True,0,True,1,digital,,mda_heading_in_outline=False (n_matches=0) | split=FIT,True,KNOWN_FROM_PRIOR,False,KNOWN_FROM_PRIOR,False,KNOWN_FROM_PRIOR,False,INFERRED,False,INFERRED,True,INFERRED,UNKNOWN,UNKNOWN,False,KNOWN_FROM_PRIOR,False,OBSERVED,True,KNOWN_FROM_PRIOR,True,KNOWN_FROM_PRIOR,UNKNOWN,UNKNOWN,UNKNOWN,UNKNOWN,UNKNOWN,UNKNOWN,True,INFERRED,True,INFERRED,True,KNOWN_FROM_PRIOR,False,KNOWN_FROM_PRIOR,UNKNOWN,UNKNOWN,True,KNOWN_FROM_PRIOR,False,KNOWN_FROM_PRIOR,False,KNOWN_FROM_PRIOR,False,INFERRED,False,INFERRED,False,INFERRED,True,INFERRED,False,INFERRED,False,KNOWN_FROM_PRIOR,False,OBSERVED,False,INFERRED,False,KNOWN_FROM_PRIOR,False,INFERRED
INE192B01031_2025,Welspun Living Limited,INE192B01031,2025,07ecda71317e04d48499e654f42b294123694064ac48948f19d88c60f34bcd8f,True,12393584,463,D:\sem_iitk\sem9\thesis\sep_week1\arpipe-0.1.0\live_store\blobs\07\ec\07ecda71317e04d48499e654f42b294123694064ac48948f19d88c60f34bcd8f.pdf (live_store root=D:\sem_iitk\sem9\thesis\sep_week1\arpipe-0.1.0\live_store),INE192B01031_2025_singleton,Microsoft: Print To PDF,PDF 1.7,False,True,,True,0,False,0,mixed,,mda_heading_in_outline=False (n_matches=0) | split=FIT,False,KNOWN_FROM_PRIOR,False,KNOWN_FROM_PRIOR,True,KNOWN_FROM_PRIOR,False,INFERRED,False,INFERRED,True,INFERRED,UNKNOWN,UNKNOWN,False,KNOWN_FROM_PRIOR,False,OBSERVED,True,KNOWN_FROM_PRIOR,True,KNOWN_FROM_PRIOR,UNKNOWN,UNKNOWN,UNKNOWN,UNKNOWN,UNKNOWN,UNKNOWN,True,INFERRED,True,INFERRED,False,KNOWN_FROM_PRIOR,True,KNOWN_FROM_PRIOR,UNKNOWN,UNKNOWN,False,KNOWN_FROM_PRIOR,True,KNOWN_FROM_PRIOR,False,KNOWN_FROM_PRIOR,UNKNOWN,UNKNOWN,UNKNOWN,UNKNOWN,UNKNOWN,UNKNOWN,True,INFERRED,False,INFERRED,False,KNOWN_FROM_PRIOR,True,OBSERVED,False,INFERRED,False,KNOWN_FROM_PRIOR,UNKNOWN,UNKNOWN
INE226A01021_2012,Voltas Limited,INE226A01021,2012,d79a05fd419ea504728658a5dbba78ea5ca806a67115c27e41548555eadb4b06,True,486149,116,D:\sem_iitk\sem9\thesis\sep_week1\arpipe-0.1.0\live_store\blobs\d7\9a\d79a05fd419ea504728658a5dbba78ea5ca806a67115c27e41548555eadb4b06.pdf (live_store root=D:\sem_iitk\sem9\thesis\sep_week1\arpipe-0.1.0\live_store),INE226A01021_2012_singleton,Acrobat Distiller 10.0.0 (Windows),PDF 1.5,False,True,,True,0,False,0,digital,,mda_heading_in_outline=False (n_matches=0) | split=HOLDOUT,True,KNOWN_FROM_PRIOR,False,KNOWN_FROM_PRIOR,False,KNOWN_FROM_PRIOR,True,INFERRED,False,INFERRED,False,INFERRED,UNKNOWN,UNKNOWN,False,KNOWN_FROM_PRIOR,False,OBSERVED,True,KNOWN_FROM_PRIOR,True,KNOWN_FROM_PRIOR,UNKNOWN,UNKNOWN,UNKNOWN,UNKNOWN,UNKNOWN,UNKNOWN,False,INFERRED,False,INFERRED,False,KNOWN_FROM_PRIOR,True,KNOWN_FROM_PRIOR,UNKNOWN,UNKNOWN,False,KNOWN_FROM_PRIOR,True,KNOWN_FROM_PRIOR,False,KNOWN_FROM_PRIOR,UNKNOWN,UNKNOWN,UNKNOWN,UNKNOWN,UNKNOWN,UNKNOWN,False,INFERRED,False,INFERRED,False,KNOWN_FROM_PRIOR,False,OBSERVED,True,INFERRED,False,KNOWN_FROM_PRIOR,UNKNOWN,UNKNOWN
INE226A01021_2013,Voltas Limited,INE226A01021,2013,e21553df4c21f11c35ecbc9ae0fdbb7891057bcf2c93a874d06438c7448e3901,True,2700625,136,D:\sem_iitk\sem9\thesis\sep_week1\arpipe-0.1.0\live_store\blobs\e2\15\e21553df4c21f11c35ecbc9ae0fdbb7891057bcf2c93a874d06438c7448e3901.pdf (live_store root=D:\sem_iitk\sem9\thesis\sep_week1\arpipe-0.1.0\live_store),INE226A01021_2013_singleton,Adobe PDF Library 10.0.1,PDF 1.6,False,True,,True,0,True,1,digital,,mda_heading_in_outline=False (n_matches=0) | split=HOLDOUT,True,KNOWN_FROM_PRIOR,False,KNOWN_FROM_PRIOR,False,KNOWN_FROM_PRIOR,False,INFERRED,False,INFERRED,True,INFERRED,UNKNOWN,UNKNOWN,False,KNOWN_FROM_PRIOR,False,OBSERVED,True,KNOWN_FROM_PRIOR,True,KNOWN_FROM_PRIOR,UNKNOWN,UNKNOWN,UNKNOWN,UNKNOWN,UNKNOWN,UNKNOWN,False,INFERRED,True,INFERRED,True,KNOWN_FROM_PRIOR,False,KNOWN_FROM_PRIOR,UNKNOWN,UNKNOWN,True,KNOWN_FROM_PRIOR,False,KNOWN_FROM_PRIOR,False,KNOWN_FROM_PRIOR,False,INFERRED,False,INFERRED,False,INFERRED,False,INFERRED,False,INFERRED,False,KNOWN_FROM_PRIOR,True,OBSERVED,False,INFERRED,False,KNOWN_FROM_PRIOR,False,INFERRED
INE226A01021_2017,Voltas Limited,INE226A01021,2017,4dff5dd592bd347194798f9e25e96f3531db7a5d0961fb6434544a4f0234e6bf,True,2813172,213,D:\sem_iitk\sem9\thesis\sep_week1\arpipe-0.1.0\live_store\blobs\4d\ff\4dff5dd592bd347194798f9e25e96f3531db7a5d0961fb6434544a4f0234e6bf.pdf (live_store root=D:\sem_iitk\sem9\thesis\sep_week1\arpipe-0.1.0\live_store),INE226A01021_2017_singleton,,PDF 1.6,False,True,,True,0,False,0,mixed,,mda_heading_in_outline=False (n_matches=0) | split=HOLDOUT,False,KNOWN_FROM_PRIOR,False,KNOWN_FROM_PRIOR,True,KNOWN_FROM_PRIOR,False,INFERRED,False,INFERRED,False,INFERRED,UNKNOWN,UNKNOWN,False,KNOWN_FROM_PRIOR,False,OBSERVED,True,KNOWN_FROM_PRIOR,True,KNOWN_FROM_PRIOR,UNKNOWN,UNKNOWN,UNKNOWN,UNKNOWN,UNKNOWN,UNKNOWN,True,INFERRED,True,INFERRED,False,KNOWN_FROM_PRIOR,True,KNOWN_FROM_PRIOR,UNKNOWN,UNKNOWN,False,KNOWN_FROM_PRIOR,True,KNOWN_FROM_PRIOR,False,KNOWN_FROM_PRIOR,UNKNOWN,UNKNOWN,UNKNOWN,UNKNOWN,UNKNOWN,UNKNOWN,True,INFERRED,False,INFERRED,False,KNOWN_FROM_PRIOR,True,OBSERVED,False,INFERRED,True,KNOWN_FROM_PRIOR,UNKNOWN,UNKNOWN
INE226A01021_2018,Voltas Limited,INE226A01021,2018,c8d336a0196c0ad223fee41601386b8f512a7a4829d98c7db8368a9ff2abda7e,True,4343238,221,D:\sem_iitk\sem9\thesis\sep_week1\arpipe-0.1.0\live_store\blobs\c8\d3\c8d336a0196c0ad223fee41601386b8f512a7a4829d98c7db8368a9ff2abda7e.pdf (live_store root=D:\sem_iitk\sem9\thesis\sep_week1\arpipe-0.1.0\live_store),INE226A01021_2018_singleton,OmniPage CSDK 16,PDF 1.6,False,True,,True,0,True,2,digital,,mda_heading_in_outline=True (n_matches=1) | split=HOLDOUT,True,KNOWN_FROM_PRIOR,False,KNOWN_FROM_PRIOR,False,KNOWN_FROM_PRIOR,False,INFERRED,True,INFERRED,True,INFERRED,UNKNOWN,UNKNOWN,False,KNOWN_FROM_PRIOR,False,OBSERVED,True,KNOWN_FROM_PRIOR,True,KNOWN_FROM_PRIOR,UNKNOWN,UNKNOWN,UNKNOWN,UNKNOWN,UNKNOWN,UNKNOWN,True,INFERRED,True,INFERRED,True,KNOWN_FROM_PRIOR,False,KNOWN_FROM_PRIOR,UNKNOWN,UNKNOWN,True,KNOWN_FROM_PRIOR,False,KNOWN_FROM_PRIOR,False,KNOWN_FROM_PRIOR,False,INFERRED,False,INFERRED,False,INFERRED,True,INFERRED,False,INFERRED,False,KNOWN_FROM_PRIOR,True,OBSERVED,False,INFERRED,False,KNOWN_FROM_PRIOR,False,INFERRED
INE226A01021_2024,Voltas Limited,INE226A01021,2024,1894487aceade75f001e04e7e39ed74fb44381b25927f7c05c9e424c42ba1b40,True,10921119,460,D:\sem_iitk\sem9\thesis\sep_week1\arpipe-0.1.0\live_store\blobs\18\94\1894487aceade75f001e04e7e39ed74fb44381b25927f7c05c9e424c42ba1b40.pdf (live_store root=D:\sem_iitk\sem9\thesis\sep_week1\arpipe-0.1.0\live_store),INE226A01021_2024_singleton,,PDF 1.7,False,True,,True,46,False,0,digital,,mda_heading_in_outline=False (n_matches=0) | split=HOLDOUT,True,KNOWN_FROM_PRIOR,False,KNOWN_FROM_PRIOR,False,KNOWN_FROM_PRIOR,False,INFERRED,False,INFERRED,True,INFERRED,UNKNOWN,UNKNOWN,False,KNOWN_FROM_PRIOR,False,OBSERVED,True,KNOWN_FROM_PRIOR,True,KNOWN_FROM_PRIOR,UNKNOWN,UNKNOWN,UNKNOWN,UNKNOWN,UNKNOWN,UNKNOWN,True,INFERRED,True,INFERRED,False,KNOWN_FROM_PRIOR,True,KNOWN_FROM_PRIOR,UNKNOWN,UNKNOWN,False,KNOWN_FROM_PRIOR,True,KNOWN_FROM_PRIOR,False,KNOWN_FROM_PRIOR,UNKNOWN,UNKNOWN,UNKNOWN,UNKNOWN,UNKNOWN,UNKNOWN,True,INFERRED,False,INFERRED,False,KNOWN_FROM_PRIOR,True,OBSERVED,False,INFERRED,False,KNOWN_FROM_PRIOR,UNKNOWN,UNKNOWN
INE226A01021_2025,Voltas Limited,INE226A01021,2025,dd2809d9995af9172a3c9bdfb93fa60752f244998703362a444a4e15dc559c7f,True,16079024,499,D:\sem_iitk\sem9\thesis\sep_week1\arpipe-0.1.0\live_store\blobs\dd\28\dd2809d9995af9172a3c9bdfb93fa60752f244998703362a444a4e15dc559c7f.pdf (live_store root=D:\sem_iitk\sem9\thesis\sep_week1\arpipe-0.1.0\live_store),INE226A01021_2025_singleton,Adobe PDF Library 24.3.212,PDF 1.7,False,True,,True,0,True,5,digital,,mda_heading_in_outline=True (n_matches=1) | split=HOLDOUT,True,KNOWN_FROM_PRIOR,False,KNOWN_FROM_PRIOR,False,KNOWN_FROM_PRIOR,False,INFERRED,False,INFERRED,True,INFERRED,UNKNOWN,UNKNOWN,False,KNOWN_FROM_PRIOR,False,OBSERVED,True,KNOWN_FROM_PRIOR,True,KNOWN_FROM_PRIOR,UNKNOWN,UNKNOWN,UNKNOWN,UNKNOWN,UNKNOWN,UNKNOWN,True,INFERRED,True,INFERRED,True,KNOWN_FROM_PRIOR,False,KNOWN_FROM_PRIOR,UNKNOWN,UNKNOWN,True,KNOWN_FROM_PRIOR,False,KNOWN_FROM_PRIOR,True,KNOWN_FROM_PRIOR,False,INFERRED,False,INFERRED,False,INFERRED,True,INFERRED,False,INFERRED,False,KNOWN_FROM_PRIOR,True,OBSERVED,False,INFERRED,False,KNOWN_FROM_PRIOR,False,INFERRED
INE482A01020_2012,CEAT Limited,INE482A01020,2012,ac056f0de39913579ff7e3546c78ea784492f46b256e0e86be69aa5736162557,True,1305891,116,D:\sem_iitk\sem9\thesis\sep_week1\arpipe-0.1.0\live_store\blobs\ac\05\ac056f0de39913579ff7e3546c78ea784492f46b256e0e86be69aa5736162557.pdf (live_store root=D:\sem_iitk\sem9\thesis\sep_week1\arpipe-0.1.0\live_store),INE482A01020_2012_singleton,Adobe PDF Library 9.9,PDF 1.6,False,True,,True,87,False,0,digital,,mda_heading_in_outline=False (n_matches=0) | split=VALIDATION,True,KNOWN_FROM_PRIOR,False,KNOWN_FROM_PRIOR,False,KNOWN_FROM_PRIOR,False,INFERRED,False,INFERRED,False,INFERRED,UNKNOWN,UNKNOWN,False,KNOWN_FROM_PRIOR,False,OBSERVED,True,KNOWN_FROM_PRIOR,True,KNOWN_FROM_PRIOR,UNKNOWN,UNKNOWN,UNKNOWN,UNKNOWN,UNKNOWN,UNKNOWN,True,INFERRED,True,INFERRED,False,KNOWN_FROM_PRIOR,True,KNOWN_FROM_PRIOR,UNKNOWN,UNKNOWN,False,KNOWN_FROM_PRIOR,True,KNOWN_FROM_PRIOR,False,KNOWN_FROM_PRIOR,UNKNOWN,UNKNOWN,UNKNOWN,UNKNOWN,UNKNOWN,UNKNOWN,False,INFERRED,False,INFERRED,False,KNOWN_FROM_PRIOR,False,OBSERVED,False,INFERRED,False,KNOWN_FROM_PRIOR,UNKNOWN,UNKNOWN
INE482A01020_2013,CEAT Limited,INE482A01020,2013,43eb0d49e59d7fee138022b874d8e303e671a683d9763a8864c3c9747656f518,True,2280520,136,D:\sem_iitk\sem9\thesis\sep_week1\arpipe-0.1.0\live_store\blobs\43\eb\43eb0d49e59d7fee138022b874d8e303e671a683d9763a8864c3c9747656f518.pdf (live_store root=D:\sem_iitk\sem9\thesis\sep_week1\arpipe-0.1.0\live_store),INE482A01020_2013_singleton,Adobe PDF Library 10.0.1,PDF 1.6,False,True,,True,0,True,1,digital,,mda_heading_in_outline=False (n_matches=0) | split=VALIDATION,True,KNOWN_FROM_PRIOR,False,KNOWN_FROM_PRIOR,False,KNOWN_FROM_PRIOR,False,INFERRED,False,INFERRED,False,INFERRED,UNKNOWN,UNKNOWN,False,KNOWN_FROM_PRIOR,False,OBSERVED,True,KNOWN_FROM_PRIOR,True,KNOWN_FROM_PRIOR,UNKNOWN,UNKNOWN,UNKNOWN,UNKNOWN,UNKNOWN,UNKNOWN,True,INFERRED,True,INFERRED,True,KNOWN_FROM_PRIOR,False,KNOWN_FROM_PRIOR,UNKNOWN,UNKNOWN,True,KNOWN_FROM_PRIOR,False,KNOWN_FROM_PRIOR,False,KNOWN_FROM_PRIOR,False,INFERRED,False,INFERRED,False,INFERRED,False,INFERRED,False,INFERRED,False,KNOWN_FROM_PRIOR,False,OBSERVED,False,INFERRED,False,KNOWN_FROM_PRIOR,False,INFERRED
INE482A01020_2017,CEAT Limited,INE482A01020,2017,be4593eab67359eebfc4aa6749168e343b04c2699b1879fbb1ebb26340c08c07,True,4649788,317,D:\sem_iitk\sem9\thesis\sep_week1\arpipe-0.1.0\live_store\blobs\be\45\be4593eab67359eebfc4aa6749168e343b04c2699b1879fbb1ebb26340c08c07.pdf (live_store root=D:\sem_iitk\sem9\thesis\sep_week1\arpipe-0.1.0\live_store),INE482A01020_2017_singleton,Adobe PDF Library 15.0,PDF 1.6,False,True,,True,0,True,3,digital,,mda_heading_in_outline=False (n_matches=0) | split=VALIDATION,True,KNOWN_FROM_PRIOR,False,KNOWN_FROM_PRIOR,False,KNOWN_FROM_PRIOR,False,INFERRED,False,INFERRED,True,INFERRED,UNKNOWN,UNKNOWN,False,KNOWN_FROM_PRIOR,False,OBSERVED,True,KNOWN_FROM_PRIOR,True,KNOWN_FROM_PRIOR,UNKNOWN,UNKNOWN,UNKNOWN,UNKNOWN,UNKNOWN,UNKNOWN,True,INFERRED,True,INFERRED,True,KNOWN_FROM_PRIOR,False,KNOWN_FROM_PRIOR,UNKNOWN,UNKNOWN,True,KNOWN_FROM_PRIOR,False,KNOWN_FROM_PRIOR,True,KNOWN_FROM_PRIOR,False,INFERRED,False,INFERRED,False,INFERRED,True,INFERRED,False,INFERRED,False,KNOWN_FROM_PRIOR,True,OBSERVED,False,INFERRED,False,KNOWN_FROM_PRIOR,False,INFERRED
INE482A01020_2018,CEAT Limited,INE482A01020,2018,177d0e4dc477f822973a7fe7cad58523f93ed89967280340d6bf452421ca5189,True,5403512,285,D:\sem_iitk\sem9\thesis\sep_week1\arpipe-0.1.0\live_store\blobs\17\7d\177d0e4dc477f822973a7fe7cad58523f93ed89967280340d6bf452421ca5189.pdf (live_store root=D:\sem_iitk\sem9\thesis\sep_week1\arpipe-0.1.0\live_store),INE482A01020_2018_singleton,Adobe Acrobat Pro DC 15 Paper Capture Plug-in,PDF 1.6,False,True,,True,46,True,1,digital,,mda_heading_in_outline=False (n_matches=0) | split=VALIDATION,True,KNOWN_FROM_PRIOR,False,KNOWN_FROM_PRIOR,False,KNOWN_FROM_PRIOR,False,INFERRED,True,INFERRED,True,INFERRED,UNKNOWN,UNKNOWN,False,KNOWN_FROM_PRIOR,False,OBSERVED,True,KNOWN_FROM_PRIOR,True,KNOWN_FROM_PRIOR,UNKNOWN,UNKNOWN,UNKNOWN,UNKNOWN,UNKNOWN,UNKNOWN,True,INFERRED,True,INFERRED,True,KNOWN_FROM_PRIOR,False,KNOWN_FROM_PRIOR,UNKNOWN,UNKNOWN,True,KNOWN_FROM_PRIOR,False,KNOWN_FROM_PRIOR,False,KNOWN_FROM_PRIOR,False,INFERRED,False,INFERRED,False,INFERRED,True,INFERRED,False,INFERRED,False,KNOWN_FROM_PRIOR,True,OBSERVED,False,INFERRED,False,KNOWN_FROM_PRIOR,False,INFERRED
INE482A01020_2024,CEAT Limited,INE482A01020,2024,26e9064031e3684c4f86b78f829f090e6fff185bc74c9d1ddb5458477b56433a,True,18778517,168,D:\sem_iitk\sem9\thesis\sep_week1\arpipe-0.1.0\live_store\blobs\26\e9\26e9064031e3684c4f86b78f829f090e6fff185bc74c9d1ddb5458477b56433a.pdf (live_store root=D:\sem_iitk\sem9\thesis\sep_week1\arpipe-0.1.0\live_store),INE482A01020_2024_singleton,Adobe Acrobat Pro (64-bit) 24.2.20965,PDF 1.7,False,True,,True,0,True,2,digital,,mda_heading_in_outline=False (n_matches=0) | split=VALIDATION,True,KNOWN_FROM_PRIOR,False,KNOWN_FROM_PRIOR,False,KNOWN_FROM_PRIOR,False,INFERRED,False,INFERRED,True,INFERRED,UNKNOWN,UNKNOWN,False,KNOWN_FROM_PRIOR,False,OBSERVED,True,KNOWN_FROM_PRIOR,True,KNOWN_FROM_PRIOR,UNKNOWN,UNKNOWN,UNKNOWN,UNKNOWN,UNKNOWN,UNKNOWN,True,INFERRED,True,INFERRED,True,KNOWN_FROM_PRIOR,False,KNOWN_FROM_PRIOR,UNKNOWN,UNKNOWN,True,KNOWN_FROM_PRIOR,False,KNOWN_FROM_PRIOR,False,KNOWN_FROM_PRIOR,False,INFERRED,False,INFERRED,False,INFERRED,True,INFERRED,False,INFERRED,False,KNOWN_FROM_PRIOR,True,OBSERVED,False,INFERRED,False,KNOWN_FROM_PRIOR,False,INFERRED
INE482A01020_2025,CEAT Limited,INE482A01020,2025,599fa0156caf55027fa2a482979b5288311ed46e5c2b0464f812146540f35e6d,True,17248347,187,D:\sem_iitk\sem9\thesis\sep_week1\arpipe-0.1.0\live_store\blobs\59\9f\599fa0156caf55027fa2a482979b5288311ed46e5c2b0464f812146540f35e6d.pdf (live_store root=D:\sem_iitk\sem9\thesis\sep_week1\arpipe-0.1.0\live_store),INE482A01020_2025_singleton,Adobe Acrobat (64-bit) 25 Paper Capture Plug-in,PDF 1.7,False,True,,True,0,True,4,digital,,mda_heading_in_outline=False (n_matches=0) | split=VALIDATION,True,KNOWN_FROM_PRIOR,False,KNOWN_FROM_PRIOR,False,KNOWN_FROM_PRIOR,False,INFERRED,True,INFERRED,True,INFERRED,UNKNOWN,UNKNOWN,False,KNOWN_FROM_PRIOR,False,OBSERVED,True,KNOWN_FROM_PRIOR,True,KNOWN_FROM_PRIOR,UNKNOWN,UNKNOWN,UNKNOWN,UNKNOWN,UNKNOWN,UNKNOWN,True,INFERRED,True,INFERRED,True,KNOWN_FROM_PRIOR,False,KNOWN_FROM_PRIOR,UNKNOWN,UNKNOWN,True,KNOWN_FROM_PRIOR,False,KNOWN_FROM_PRIOR,True,KNOWN_FROM_PRIOR,False,INFERRED,False,INFERRED,False,INFERRED,True,INFERRED,False,INFERRED,False,KNOWN_FROM_PRIOR,True,OBSERVED,False,INFERRED,False,KNOWN_FROM_PRIOR,False,INFERRED
INE761H01022_2012,Page Industries Limited,INE761H01022,2012,3fadc2ee4bc3a2e6afe0c81cc5110982b27324e5fd1ffa5a5e36dfd2efa1442a,True,905525,76,D:\sem_iitk\sem9\thesis\sep_week1\arpipe-0.1.0\live_store\blobs\3f\ad\3fadc2ee4bc3a2e6afe0c81cc5110982b27324e5fd1ffa5a5e36dfd2efa1442a.pdf (live_store root=D:\sem_iitk\sem9\thesis\sep_week1\arpipe-0.1.0\live_store),INE761H01022_2012_singleton,Acrobat Distiller 5.0.5 (Windows),PDF 1.2,False,True,,True,33,False,0,mixed,,mda_heading_in_outline=False (n_matches=0) | split=FIT,False,KNOWN_FROM_PRIOR,False,KNOWN_FROM_PRIOR,True,KNOWN_FROM_PRIOR,False,INFERRED,False,INFERRED,False,INFERRED,UNKNOWN,UNKNOWN,False,KNOWN_FROM_PRIOR,False,OBSERVED,True,KNOWN_FROM_PRIOR,True,KNOWN_FROM_PRIOR,UNKNOWN,UNKNOWN,UNKNOWN,UNKNOWN,UNKNOWN,UNKNOWN,True,INFERRED,True,INFERRED,False,KNOWN_FROM_PRIOR,True,KNOWN_FROM_PRIOR,UNKNOWN,UNKNOWN,False,KNOWN_FROM_PRIOR,True,KNOWN_FROM_PRIOR,False,KNOWN_FROM_PRIOR,UNKNOWN,UNKNOWN,UNKNOWN,UNKNOWN,UNKNOWN,UNKNOWN,False,INFERRED,False,INFERRED,False,KNOWN_FROM_PRIOR,False,OBSERVED,False,INFERRED,False,KNOWN_FROM_PRIOR,UNKNOWN,UNKNOWN
INE761H01022_2013,Page Industries Limited,INE761H01022,2013,e75eb3c9e6a3a73f18f96a2906419a4221c8e9406c713ca976cc82306110de45,True,2452171,84,D:\sem_iitk\sem9\thesis\sep_week1\arpipe-0.1.0\live_store\blobs\e7\5e\e75eb3c9e6a3a73f18f96a2906419a4221c8e9406c713ca976cc82306110de45.pdf (live_store root=D:\sem_iitk\sem9\thesis\sep_week1\arpipe-0.1.0\live_store),INE761H01022_2013_singleton,Acrobat Distiller 5.0.5 (Windows),PDF 1.5,False,True,,True,0,True,2,mixed,,mda_heading_in_outline=False (n_matches=0) | split=FIT,False,KNOWN_FROM_PRIOR,False,KNOWN_FROM_PRIOR,True,KNOWN_FROM_PRIOR,False,INFERRED,False,INFERRED,False,INFERRED,UNKNOWN,UNKNOWN,False,KNOWN_FROM_PRIOR,False,OBSERVED,True,KNOWN_FROM_PRIOR,True,KNOWN_FROM_PRIOR,UNKNOWN,UNKNOWN,UNKNOWN,UNKNOWN,UNKNOWN,UNKNOWN,True,INFERRED,True,INFERRED,True,KNOWN_FROM_PRIOR,False,KNOWN_FROM_PRIOR,UNKNOWN,UNKNOWN,True,KNOWN_FROM_PRIOR,False,KNOWN_FROM_PRIOR,False,KNOWN_FROM_PRIOR,False,INFERRED,False,INFERRED,False,INFERRED,False,INFERRED,False,INFERRED,False,KNOWN_FROM_PRIOR,True,OBSERVED,False,INFERRED,False,KNOWN_FROM_PRIOR,False,INFERRED
INE761H01022_2017,Page Industries Limited,INE761H01022,2017,8480ff44472d387fa845563745e4539989bb0a8ae6c4f1c79b44e7908f7fadb0,True,5553225,115,D:\sem_iitk\sem9\thesis\sep_week1\arpipe-0.1.0\live_store\blobs\84\80\8480ff44472d387fa845563745e4539989bb0a8ae6c4f1c79b44e7908f7fadb0.pdf (live_store root=D:\sem_iitk\sem9\thesis\sep_week1\arpipe-0.1.0\live_store),INE761H01022_2017_singleton,RICOH MP 4054,PDF 1.6,False,True,,True,0,False,0,digital,,mda_heading_in_outline=False (n_matches=0) | split=FIT,True,KNOWN_FROM_PRIOR,False,KNOWN_FROM_PRIOR,False,KNOWN_FROM_PRIOR,False,INFERRED,False,INFERRED,False,INFERRED,UNKNOWN,UNKNOWN,False,KNOWN_FROM_PRIOR,False,OBSERVED,True,KNOWN_FROM_PRIOR,True,KNOWN_FROM_PRIOR,UNKNOWN,UNKNOWN,UNKNOWN,UNKNOWN,UNKNOWN,UNKNOWN,True,INFERRED,True,INFERRED,False,KNOWN_FROM_PRIOR,True,KNOWN_FROM_PRIOR,UNKNOWN,UNKNOWN,False,KNOWN_FROM_PRIOR,True,KNOWN_FROM_PRIOR,False,KNOWN_FROM_PRIOR,UNKNOWN,UNKNOWN,UNKNOWN,UNKNOWN,UNKNOWN,UNKNOWN,False,INFERRED,False,INFERRED,True,KNOWN_FROM_PRIOR,True,OBSERVED,False,INFERRED,True,KNOWN_FROM_PRIOR,UNKNOWN,UNKNOWN
INE761H01022_2018,Page Industries Limited,INE761H01022,2018,caae2c5d920664fb02ac91e33083635ee91b3671f03a8e73ca63990bd6c4dfc8,True,4227798,115,D:\sem_iitk\sem9\thesis\sep_week1\arpipe-0.1.0\live_store\blobs\ca\ae\caae2c5d920664fb02ac91e33083635ee91b3671f03a8e73ca63990bd6c4dfc8.pdf (live_store root=D:\sem_iitk\sem9\thesis\sep_week1\arpipe-0.1.0\live_store),INE761H01022_2018_singleton,Adobe Acrobat Pro DC 18 Paper Capture Plug-in,PDF 1.6,False,True,,True,0,True,3,digital,,mda_heading_in_outline=False (n_matches=0) | split=FIT,True,KNOWN_FROM_PRIOR,False,KNOWN_FROM_PRIOR,False,KNOWN_FROM_PRIOR,False,INFERRED,True,INFERRED,False,INFERRED,UNKNOWN,UNKNOWN,False,KNOWN_FROM_PRIOR,False,OBSERVED,True,KNOWN_FROM_PRIOR,True,KNOWN_FROM_PRIOR,UNKNOWN,UNKNOWN,UNKNOWN,UNKNOWN,UNKNOWN,UNKNOWN,True,INFERRED,True,INFERRED,True,KNOWN_FROM_PRIOR,False,KNOWN_FROM_PRIOR,UNKNOWN,UNKNOWN,True,KNOWN_FROM_PRIOR,False,KNOWN_FROM_PRIOR,True,KNOWN_FROM_PRIOR,False,INFERRED,False,INFERRED,False,INFERRED,False,INFERRED,False,INFERRED,True,KNOWN_FROM_PRIOR,True,OBSERVED,False,INFERRED,False,KNOWN_FROM_PRIOR,False,INFERRED
INE761H01022_2024,Page Industries Limited,INE761H01022,2024,d9fb425a6fa53e873fbd3ef4930fde251f54f9f276a0ee03d7be3877e1e2869e,True,17889880,198,D:\sem_iitk\sem9\thesis\sep_week1\arpipe-0.1.0\live_store\blobs\d9\fb\d9fb425a6fa53e873fbd3ef4930fde251f54f9f276a0ee03d7be3877e1e2869e.pdf (live_store root=D:\sem_iitk\sem9\thesis\sep_week1\arpipe-0.1.0\live_store),INE761H01022_2024_singleton,Acrobat Distiller 24.0 (Windows),PDF 1.7,False,True,,True,0,False,0,digital,,mda_heading_in_outline=False (n_matches=0) | split=FIT,True,KNOWN_FROM_PRIOR,False,KNOWN_FROM_PRIOR,False,KNOWN_FROM_PRIOR,False,INFERRED,False,INFERRED,True,INFERRED,UNKNOWN,UNKNOWN,False,KNOWN_FROM_PRIOR,False,OBSERVED,True,KNOWN_FROM_PRIOR,True,KNOWN_FROM_PRIOR,UNKNOWN,UNKNOWN,UNKNOWN,UNKNOWN,UNKNOWN,UNKNOWN,True,INFERRED,True,INFERRED,False,KNOWN_FROM_PRIOR,True,KNOWN_FROM_PRIOR,UNKNOWN,UNKNOWN,False,KNOWN_FROM_PRIOR,True,KNOWN_FROM_PRIOR,False,KNOWN_FROM_PRIOR,UNKNOWN,UNKNOWN,UNKNOWN,UNKNOWN,UNKNOWN,UNKNOWN,True,INFERRED,False,INFERRED,False,KNOWN_FROM_PRIOR,True,OBSERVED,False,INFERRED,False,KNOWN_FROM_PRIOR,UNKNOWN,UNKNOWN
INE761H01022_2025,Page Industries Limited,INE761H01022,2025,e2027f21bb684518e643f74b01ba21eb54e8c5f42696af3cc255ed4f241ba47e,True,14883706,202,D:\sem_iitk\sem9\thesis\sep_week1\arpipe-0.1.0\live_store\blobs\e2\02\e2027f21bb684518e643f74b01ba21eb54e8c5f42696af3cc255ed4f241ba47e.pdf (live_store root=D:\sem_iitk\sem9\thesis\sep_week1\arpipe-0.1.0\live_store),INE761H01022_2025_singleton,Acrobat Distiller 25.0 (Windows),PDF 1.7,False,True,,True,46,False,0,digital,,mda_heading_in_outline=False (n_matches=0) | split=FIT,True,KNOWN_FROM_PRIOR,False,KNOWN_FROM_PRIOR,False,KNOWN_FROM_PRIOR,False,INFERRED,False,INFERRED,True,INFERRED,UNKNOWN,UNKNOWN,False,KNOWN_FROM_PRIOR,False,OBSERVED,True,KNOWN_FROM_PRIOR,True,KNOWN_FROM_PRIOR,UNKNOWN,UNKNOWN,UNKNOWN,UNKNOWN,UNKNOWN,UNKNOWN,False,INFERRED,True,INFERRED,False,KNOWN_FROM_PRIOR,True,KNOWN_FROM_PRIOR,UNKNOWN,UNKNOWN,False,KNOWN_FROM_PRIOR,True,KNOWN_FROM_PRIOR,False,KNOWN_FROM_PRIOR,UNKNOWN,UNKNOWN,UNKNOWN,UNKNOWN,UNKNOWN,UNKNOWN,True,INFERRED,False,INFERRED,False,KNOWN_FROM_PRIOR,True,OBSERVED,False,INFERRED,False,KNOWN_FROM_PRIOR,UNKNOWN,UNKNOWN
INE797F01020_2012,Jubilant Foodworks Limited,INE797F01020,2012,b8939a3dff730b9112d76029ab17c09f2646e41ce40fd4c503cbc7dcc73393a7,True,2805972,103,D:\sem_iitk\sem9\thesis\sep_week1\arpipe-0.1.0\live_store\blobs\b8\93\b8939a3dff730b9112d76029ab17c09f2646e41ce40fd4c503cbc7dcc73393a7.pdf (live_store root=D:\sem_iitk\sem9\thesis\sep_week1\arpipe-0.1.0\live_store),INE797F01020_2012_singleton,Adobe Acrobat Pro 10.1.3,PDF 1.6,False,True,,True,0,True,3,digital,,mda_heading_in_outline=True (n_matches=1) | split=FIT,True,KNOWN_FROM_PRIOR,False,KNOWN_FROM_PRIOR,False,KNOWN_FROM_PRIOR,False,INFERRED,False,INFERRED,False,INFERRED,UNKNOWN,UNKNOWN,False,KNOWN_FROM_PRIOR,False,OBSERVED,True,KNOWN_FROM_PRIOR,True,KNOWN_FROM_PRIOR,UNKNOWN,UNKNOWN,UNKNOWN,UNKNOWN,UNKNOWN,UNKNOWN,True,INFERRED,True,INFERRED,True,KNOWN_FROM_PRIOR,False,KNOWN_FROM_PRIOR,UNKNOWN,UNKNOWN,True,KNOWN_FROM_PRIOR,False,KNOWN_FROM_PRIOR,True,KNOWN_FROM_PRIOR,False,INFERRED,False,INFERRED,False,INFERRED,False,INFERRED,False,INFERRED,False,KNOWN_FROM_PRIOR,True,OBSERVED,False,INFERRED,False,KNOWN_FROM_PRIOR,False,INFERRED
INE797F01020_2013,Jubilant Foodworks Limited,INE797F01020,2013,e3aa3b9f3bad935331d44fa9942bda156f3f7bc98c04427117bfd86ae89306fb,True,6053618,109,D:\sem_iitk\sem9\thesis\sep_week1\arpipe-0.1.0\live_store\blobs\e3\aa\e3aa3b9f3bad935331d44fa9942bda156f3f7bc98c04427117bfd86ae89306fb.pdf (live_store root=D:\sem_iitk\sem9\thesis\sep_week1\arpipe-0.1.0\live_store),INE797F01020_2013_singleton,Adobe Acrobat Pro 9.0.0,PDF 1.6,False,True,,True,0,True,5,mixed,,mda_heading_in_outline=True (n_matches=1) | split=FIT,False,KNOWN_FROM_PRIOR,False,KNOWN_FROM_PRIOR,True,KNOWN_FROM_PRIOR,True,INFERRED,False,INFERRED,True,INFERRED,UNKNOWN,UNKNOWN,False,KNOWN_FROM_PRIOR,False,OBSERVED,True,KNOWN_FROM_PRIOR,True,KNOWN_FROM_PRIOR,UNKNOWN,UNKNOWN,UNKNOWN,UNKNOWN,UNKNOWN,UNKNOWN,True,INFERRED,True,INFERRED,True,KNOWN_FROM_PRIOR,False,KNOWN_FROM_PRIOR,UNKNOWN,UNKNOWN,True,KNOWN_FROM_PRIOR,False,KNOWN_FROM_PRIOR,True,KNOWN_FROM_PRIOR,False,INFERRED,False,INFERRED,False,INFERRED,False,INFERRED,False,INFERRED,False,KNOWN_FROM_PRIOR,True,OBSERVED,True,INFERRED,False,KNOWN_FROM_PRIOR,False,INFERRED
INE797F01020_2017,Jubilant Foodworks Limited,INE797F01020,2017,c4061954a05c44aef57c01c894a0b3ca4a199c9df53167adea6c97ca223238bb,True,5005741,197,D:\sem_iitk\sem9\thesis\sep_week1\arpipe-0.1.0\live_store\blobs\c4\06\c4061954a05c44aef57c01c894a0b3ca4a199c9df53167adea6c97ca223238bb.pdf (live_store root=D:\sem_iitk\sem9\thesis\sep_week1\arpipe-0.1.0\live_store),INE797F01020_2017_singleton,3-Heights(TM) PDF Merge Split API 4.9.17.0 (http://www.pdf-tools.com),PDF 1.6,False,True,,True,0,True,2,digital,,mda_heading_in_outline=False (n_matches=0) | split=FIT,True,KNOWN_FROM_PRIOR,False,KNOWN_FROM_PRIOR,False,KNOWN_FROM_PRIOR,False,INFERRED,False,INFERRED,True,INFERRED,UNKNOWN,UNKNOWN,False,KNOWN_FROM_PRIOR,False,OBSERVED,True,KNOWN_FROM_PRIOR,True,KNOWN_FROM_PRIOR,UNKNOWN,UNKNOWN,UNKNOWN,UNKNOWN,UNKNOWN,UNKNOWN,True,INFERRED,True,INFERRED,True,KNOWN_FROM_PRIOR,False,KNOWN_FROM_PRIOR,UNKNOWN,UNKNOWN,True,KNOWN_FROM_PRIOR,False,KNOWN_FROM_PRIOR,False,KNOWN_FROM_PRIOR,False,INFERRED,False,INFERRED,False,INFERRED,True,INFERRED,False,INFERRED,False,KNOWN_FROM_PRIOR,True,OBSERVED,False,INFERRED,False,KNOWN_FROM_PRIOR,False,INFERRED
INE797F01020_2018,Jubilant Foodworks Limited,INE797F01020,2018,1796908df6c06c13b1ce4e5c04f39c8c876d0494262d36f3aab705482ce1e06b,True,15374952,193,D:\sem_iitk\sem9\thesis\sep_week1\arpipe-0.1.0\live_store\blobs\17\96\1796908df6c06c13b1ce4e5c04f39c8c876d0494262d36f3aab705482ce1e06b.pdf (live_store root=D:\sem_iitk\sem9\thesis\sep_week1\arpipe-0.1.0\live_store),INE797F01020_2018_singleton,Adobe Acrobat 9.0 Paper Capture Plug-in,PDF 1.6,False,True,,True,0,True,3,digital,,mda_heading_in_outline=True (n_matches=1) | split=FIT,True,KNOWN_FROM_PRIOR,False,KNOWN_FROM_PRIOR,False,KNOWN_FROM_PRIOR,False,INFERRED,True,INFERRED,False,INFERRED,UNKNOWN,UNKNOWN,False,KNOWN_FROM_PRIOR,False,OBSERVED,True,KNOWN_FROM_PRIOR,True,KNOWN_FROM_PRIOR,UNKNOWN,UNKNOWN,UNKNOWN,UNKNOWN,UNKNOWN,UNKNOWN,True,INFERRED,True,INFERRED,True,KNOWN_FROM_PRIOR,False,KNOWN_FROM_PRIOR,UNKNOWN,UNKNOWN,True,KNOWN_FROM_PRIOR,False,KNOWN_FROM_PRIOR,True,KNOWN_FROM_PRIOR,False,INFERRED,False,INFERRED,False,INFERRED,True,INFERRED,False,INFERRED,False,KNOWN_FROM_PRIOR,True,OBSERVED,False,INFERRED,False,KNOWN_FROM_PRIOR,False,INFERRED
INE797F01020_2024,Jubilant Foodworks Limited,INE797F01020,2024,fbcb4a73b67620f6bfd0dad541e76e11bfb2c6adf2b8bddf72ca6eb1134fb581,True,13109287,297,D:\sem_iitk\sem9\thesis\sep_week1\arpipe-0.1.0\live_store\blobs\fb\cb\fbcb4a73b67620f6bfd0dad541e76e11bfb2c6adf2b8bddf72ca6eb1134fb581.pdf (live_store root=D:\sem_iitk\sem9\thesis\sep_week1\arpipe-0.1.0\live_store),INE797F01020_2024_singleton,Adobe Acrobat Pro (64-bit) 24.2.20965,PDF 1.7,False,True,,True,61,True,4,digital,,mda_heading_in_outline=False (n_matches=0) | split=FIT,True,KNOWN_FROM_PRIOR,False,KNOWN_FROM_PRIOR,False,KNOWN_FROM_PRIOR,False,INFERRED,False,INFERRED,True,INFERRED,UNKNOWN,UNKNOWN,False,KNOWN_FROM_PRIOR,False,OBSERVED,True,KNOWN_FROM_PRIOR,True,KNOWN_FROM_PRIOR,UNKNOWN,UNKNOWN,UNKNOWN,UNKNOWN,UNKNOWN,UNKNOWN,True,INFERRED,True,INFERRED,True,KNOWN_FROM_PRIOR,False,KNOWN_FROM_PRIOR,UNKNOWN,UNKNOWN,True,KNOWN_FROM_PRIOR,False,KNOWN_FROM_PRIOR,True,KNOWN_FROM_PRIOR,False,INFERRED,False,INFERRED,False,INFERRED,True,INFERRED,False,INFERRED,False,KNOWN_FROM_PRIOR,True,OBSERVED,False,INFERRED,False,KNOWN_FROM_PRIOR,False,INFERRED
INE797F01020_2025,Jubilant Foodworks Limited,INE797F01020,2025,0931a7abc8ca646c5dc6afde716db8fbda9223e5f30f1a1f4f14bf59daf55ed6,True,30371731,164,D:\sem_iitk\sem9\thesis\sep_week1\arpipe-0.1.0\live_store\blobs\09\31\0931a7abc8ca646c5dc6afde716db8fbda9223e5f30f1a1f4f14bf59daf55ed6.pdf (live_store root=D:\sem_iitk\sem9\thesis\sep_week1\arpipe-0.1.0\live_store),INE797F01020_2025_singleton,Adobe Acrobat (64-bit) 25.1.20577,PDF 1.7,False,True,,True,0,True,2,digital,,mda_heading_in_outline=False (n_matches=0) | split=FIT,True,KNOWN_FROM_PRIOR,False,KNOWN_FROM_PRIOR,False,KNOWN_FROM_PRIOR,False,INFERRED,False,INFERRED,True,INFERRED,UNKNOWN,UNKNOWN,False,KNOWN_FROM_PRIOR,False,OBSERVED,True,KNOWN_FROM_PRIOR,True,KNOWN_FROM_PRIOR,UNKNOWN,UNKNOWN,UNKNOWN,UNKNOWN,UNKNOWN,UNKNOWN,True,INFERRED,True,INFERRED,True,KNOWN_FROM_PRIOR,False,KNOWN_FROM_PRIOR,UNKNOWN,UNKNOWN,True,KNOWN_FROM_PRIOR,False,KNOWN_FROM_PRIOR,False,KNOWN_FROM_PRIOR,False,INFERRED,False,INFERRED,False,INFERRED,True,INFERRED,False,INFERRED,False,KNOWN_FROM_PRIOR,True,OBSERVED,False,INFERRED,False,KNOWN_FROM_PRIOR,False,INFERRED
INE114A01011_2011_MISSING,Steel Authority of India Limited,INE114A01011,2011,08c7f73f5bc4e6a9b8ae5429e12fa18abfba25ff95ea5d5d1849482ed75e9e70,False,0,128,MISSING: no file at this sha256 anywhere under live_store/,INE114A01011_2011_singleton,,,False,False,PDF bytes not present in live_store,,0,,0,,,"MISSING_FROM_LIVE_STORE: this sha256 has a historical_ground_truth row in labels.csv (true_start=29, true_end=36) but no PDF bytes are present anywhere in the local live_store/ -- a pre-existing acquisition/store gap, not investigated or repaired in T0 (STRICTLY LOCAL rule: not re-fetched). | no live_store/profiles.jsonl entry for this sha256 | not split-assigned: excluded from FIT/VALIDATION/HOLDOUT (no local PDF)",UNKNOWN,UNKNOWN,UNKNOWN,UNKNOWN,UNKNOWN,UNKNOWN,UNKNOWN,UNKNOWN,UNKNOWN,UNKNOWN,UNKNOWN,UNKNOWN,UNKNOWN,UNKNOWN,UNKNOWN,UNKNOWN,UNKNOWN,UNKNOWN,UNKNOWN,UNKNOWN,UNKNOWN,UNKNOWN,UNKNOWN,UNKNOWN,UNKNOWN,UNKNOWN,UNKNOWN,UNKNOWN,UNKNOWN,UNKNOWN,UNKNOWN,UNKNOWN,UNKNOWN,UNKNOWN,UNKNOWN,UNKNOWN,UNKNOWN,UNKNOWN,UNKNOWN,UNKNOWN,UNKNOWN,UNKNOWN,UNKNOWN,UNKNOWN,UNKNOWN,UNKNOWN,UNKNOWN,UNKNOWN,UNKNOWN,UNKNOWN,UNKNOWN,UNKNOWN,UNKNOWN,UNKNOWN,UNKNOWN,UNKNOWN,UNKNOWN,UNKNOWN,UNKNOWN,UNKNOWN,UNKNOWN,UNKNOWN,UNKNOWN,UNKNOWN
INE257A01026_2012_MISSING,Bharat Heavy Electricals Limited,INE257A01026,2012,b5a2f02942595027f7e3c07ab96ce3aa2385cad97a0e0024d91275b603a8ae9d,False,0,284,MISSING: no file at this sha256 anywhere under live_store/,INE257A01026_2012_singleton,,,False,False,PDF bytes not present in live_store,,0,,0,,,"MISSING_FROM_LIVE_STORE: this sha256 has a historical_ground_truth row in labels.csv (true_start=28, true_end=29) but no PDF bytes are present anywhere in the local live_store/ -- a pre-existing acquisition/store gap, not investigated or repaired in T0 (STRICTLY LOCAL rule: not re-fetched). | no live_store/profiles.jsonl entry for this sha256 | not split-assigned: excluded from FIT/VALIDATION/HOLDOUT (no local PDF)",UNKNOWN,UNKNOWN,UNKNOWN,UNKNOWN,UNKNOWN,UNKNOWN,UNKNOWN,UNKNOWN,UNKNOWN,UNKNOWN,UNKNOWN,UNKNOWN,UNKNOWN,UNKNOWN,UNKNOWN,UNKNOWN,UNKNOWN,UNKNOWN,UNKNOWN,UNKNOWN,UNKNOWN,UNKNOWN,UNKNOWN,UNKNOWN,UNKNOWN,UNKNOWN,UNKNOWN,UNKNOWN,UNKNOWN,UNKNOWN,UNKNOWN,UNKNOWN,UNKNOWN,UNKNOWN,UNKNOWN,UNKNOWN,UNKNOWN,UNKNOWN,UNKNOWN,UNKNOWN,UNKNOWN,UNKNOWN,UNKNOWN,UNKNOWN,UNKNOWN,UNKNOWN,UNKNOWN,UNKNOWN,UNKNOWN,UNKNOWN,UNKNOWN,UNKNOWN,UNKNOWN,UNKNOWN,UNKNOWN,UNKNOWN,UNKNOWN,UNKNOWN,UNKNOWN,UNKNOWN,UNKNOWN,UNKNOWN,UNKNOWN,UNKNOWN
INE733E01010_2014_MISSING,NTPC Limited,INE733E01010,2014,b237251a6a35622748dd3512b6e23d8a992669781cd2debc6b3287a394f4275b,False,0,261,MISSING: no file at this sha256 anywhere under live_store/,INE733E01010_2014_singleton,,,False,False,PDF bytes not present in live_store,,0,,0,,,"MISSING_FROM_LIVE_STORE: this sha256 has a historical_ground_truth row in labels.csv (true_start=43, true_end=68) but no PDF bytes are present anywhere in the local live_store/ -- a pre-existing acquisition/store gap, not investigated or repaired in T0 (STRICTLY LOCAL rule: not re-fetched). | no live_store/profiles.jsonl entry for this sha256 | not split-assigned: excluded from FIT/VALIDATION/HOLDOUT (no local PDF)",UNKNOWN,UNKNOWN,UNKNOWN,UNKNOWN,UNKNOWN,UNKNOWN,UNKNOWN,UNKNOWN,UNKNOWN,UNKNOWN,UNKNOWN,UNKNOWN,UNKNOWN,UNKNOWN,UNKNOWN,UNKNOWN,UNKNOWN,UNKNOWN,UNKNOWN,UNKNOWN,UNKNOWN,UNKNOWN,UNKNOWN,UNKNOWN,UNKNOWN,UNKNOWN,UNKNOWN,UNKNOWN,UNKNOWN,UNKNOWN,UNKNOWN,UNKNOWN,UNKNOWN,UNKNOWN,UNKNOWN,UNKNOWN,UNKNOWN,UNKNOWN,UNKNOWN,UNKNOWN,UNKNOWN,UNKNOWN,UNKNOWN,UNKNOWN,UNKNOWN,UNKNOWN,UNKNOWN,UNKNOWN,UNKNOWN,UNKNOWN,UNKNOWN,UNKNOWN,UNKNOWN,UNKNOWN,UNKNOWN,UNKNOWN,UNKNOWN,UNKNOWN,UNKNOWN,UNKNOWN,UNKNOWN,UNKNOWN,UNKNOWN,UNKNOWN
INE213A01029_2013_MISSING,Oil & Natural Gas Corporation Limited,INE213A01029,2013,b80d764cd5c41c8fbc377fd7541d0cdfd3e53130482317f2e84bd49271552c76,False,0,147,MISSING: no file at this sha256 anywhere under live_store/,INE213A01029_2013_singleton,,,False,False,PDF bytes not present in live_store,,0,,0,,,"MISSING_FROM_LIVE_STORE: this sha256 has a historical_ground_truth row in labels.csv (true_start=42, true_end=49) but no PDF bytes are present anywhere in the local live_store/ -- a pre-existing acquisition/store gap, not investigated or repaired in T0 (STRICTLY LOCAL rule: not re-fetched). | no live_store/profiles.jsonl entry for this sha256 | not split-assigned: excluded from FIT/VALIDATION/HOLDOUT (no local PDF)",UNKNOWN,UNKNOWN,UNKNOWN,UNKNOWN,UNKNOWN,UNKNOWN,UNKNOWN,UNKNOWN,UNKNOWN,UNKNOWN,UNKNOWN,UNKNOWN,UNKNOWN,UNKNOWN,UNKNOWN,UNKNOWN,UNKNOWN,UNKNOWN,UNKNOWN,UNKNOWN,UNKNOWN,UNKNOWN,UNKNOWN,UNKNOWN,UNKNOWN,UNKNOWN,UNKNOWN,UNKNOWN,UNKNOWN,UNKNOWN,UNKNOWN,UNKNOWN,UNKNOWN,UNKNOWN,UNKNOWN,UNKNOWN,UNKNOWN,UNKNOWN,UNKNOWN,UNKNOWN,UNKNOWN,UNKNOWN,UNKNOWN,UNKNOWN,UNKNOWN,UNKNOWN,UNKNOWN,UNKNOWN,UNKNOWN,UNKNOWN,UNKNOWN,UNKNOWN,UNKNOWN,UNKNOWN,UNKNOWN,UNKNOWN,UNKNOWN,UNKNOWN,UNKNOWN,UNKNOWN,UNKNOWN,UNKNOWN,UNKNOWN,UNKNOWN
INE522F01014_2012_MISSING,Coal India Limited,INE522F01014,2012,c9f69c2dd47a384f3ac694e295c2f25a91e95f37de96c82a344831ba6ff0666c,False,0,234,MISSING: no file at this sha256 anywhere under live_store/,INE522F01014_2012_singleton,,,False,False,PDF bytes not present in live_store,,0,,0,,,"MISSING_FROM_LIVE_STORE: this sha256 has a historical_ground_truth row in labels.csv (true_start=120, true_end=137) but no PDF bytes are present anywhere in the local live_store/ -- a pre-existing acquisition/store gap, not investigated or repaired in T0 (STRICTLY LOCAL rule: not re-fetched). | no live_store/profiles.jsonl entry for this sha256 | not split-assigned: excluded from FIT/VALIDATION/HOLDOUT (no local PDF)",UNKNOWN,UNKNOWN,UNKNOWN,UNKNOWN,UNKNOWN,UNKNOWN,UNKNOWN,UNKNOWN,UNKNOWN,UNKNOWN,UNKNOWN,UNKNOWN,UNKNOWN,UNKNOWN,UNKNOWN,UNKNOWN,UNKNOWN,UNKNOWN,UNKNOWN,UNKNOWN,UNKNOWN,UNKNOWN,UNKNOWN,UNKNOWN,UNKNOWN,UNKNOWN,UNKNOWN,UNKNOWN,UNKNOWN,UNKNOWN,UNKNOWN,UNKNOWN,UNKNOWN,UNKNOWN,UNKNOWN,UNKNOWN,UNKNOWN,UNKNOWN,UNKNOWN,UNKNOWN,UNKNOWN,UNKNOWN,UNKNOWN,UNKNOWN,UNKNOWN,UNKNOWN,UNKNOWN,UNKNOWN,UNKNOWN,UNKNOWN,UNKNOWN,UNKNOWN,UNKNOWN,UNKNOWN,UNKNOWN,UNKNOWN,UNKNOWN,UNKNOWN,UNKNOWN,UNKNOWN,UNKNOWN,UNKNOWN,UNKNOWN,UNKNOWN
INE154A01025_2014_MISSING,ITC Limited,INE154A01025,2014,d7685d1ac37ba440d468d6180b99e12120d96cb8ffe84104faed7ca787fac555,False,0,250,MISSING: no file at this sha256 anywhere under live_store/,INE154A01025_2014_singleton,,,False,False,PDF bytes not present in live_store,,0,,0,,,"MISSING_FROM_LIVE_STORE: this sha256 has a historical_ground_truth row in labels.csv (true_start=63, true_end=100) but no PDF bytes are present anywhere in the local live_store/ -- a pre-existing acquisition/store gap, not investigated or repaired in T0 (STRICTLY LOCAL rule: not re-fetched). | no live_store/profiles.jsonl entry for this sha256 | not split-assigned: excluded from FIT/VALIDATION/HOLDOUT (no local PDF)",UNKNOWN,UNKNOWN,UNKNOWN,UNKNOWN,UNKNOWN,UNKNOWN,UNKNOWN,UNKNOWN,UNKNOWN,UNKNOWN,UNKNOWN,UNKNOWN,UNKNOWN,UNKNOWN,UNKNOWN,UNKNOWN,UNKNOWN,UNKNOWN,UNKNOWN,UNKNOWN,UNKNOWN,UNKNOWN,UNKNOWN,UNKNOWN,UNKNOWN,UNKNOWN,UNKNOWN,UNKNOWN,UNKNOWN,UNKNOWN,UNKNOWN,UNKNOWN,UNKNOWN,UNKNOWN,UNKNOWN,UNKNOWN,UNKNOWN,UNKNOWN,UNKNOWN,UNKNOWN,UNKNOWN,UNKNOWN,UNKNOWN,UNKNOWN,UNKNOWN,UNKNOWN,UNKNOWN,UNKNOWN,UNKNOWN,UNKNOWN,UNKNOWN,UNKNOWN,UNKNOWN,UNKNOWN,UNKNOWN,UNKNOWN,UNKNOWN,UNKNOWN,UNKNOWN,UNKNOWN,UNKNOWN,UNKNOWN,UNKNOWN,UNKNOWN
INE009A01021_2011_MISSING,Infosys Limited,INE009A01021,2011,6311804bbf48c551eb0ccba89ca372a8cbd10ff6f2f54862b529a8a2552245e9,False,0,214,MISSING: no file at this sha256 anywhere under live_store/,INE009A01021_2011_singleton,,,False,False,PDF bytes not present in live_store,,0,,0,,,"MISSING_FROM_LIVE_STORE: this sha256 has a historical_ground_truth row in labels.csv (true_start=39, true_end=59) but no PDF bytes are present anywhere in the local live_store/ -- a pre-existing acquisition/store gap, not investigated or repaired in T0 (STRICTLY LOCAL rule: not re-fetched). | no live_store/profiles.jsonl entry for this sha256 | not split-assigned: excluded from FIT/VALIDATION/HOLDOUT (no local PDF)",UNKNOWN,UNKNOWN,UNKNOWN,UNKNOWN,UNKNOWN,UNKNOWN,UNKNOWN,UNKNOWN,UNKNOWN,UNKNOWN,UNKNOWN,UNKNOWN,UNKNOWN,UNKNOWN,UNKNOWN,UNKNOWN,UNKNOWN,UNKNOWN,UNKNOWN,UNKNOWN,UNKNOWN,UNKNOWN,UNKNOWN,UNKNOWN,UNKNOWN,UNKNOWN,UNKNOWN,UNKNOWN,UNKNOWN,UNKNOWN,UNKNOWN,UNKNOWN,UNKNOWN,UNKNOWN,UNKNOWN,UNKNOWN,UNKNOWN,UNKNOWN,UNKNOWN,UNKNOWN,UNKNOWN,UNKNOWN,UNKNOWN,UNKNOWN,UNKNOWN,UNKNOWN,UNKNOWN,UNKNOWN,UNKNOWN,UNKNOWN,UNKNOWN,UNKNOWN,UNKNOWN,UNKNOWN,UNKNOWN,UNKNOWN,UNKNOWN,UNKNOWN,UNKNOWN,UNKNOWN,UNKNOWN,UNKNOWN,UNKNOWN,UNKNOWN
INE714B01016_2014_MISSING,Andhra Petrochemicals Ltd.,INE714B01016,2014,b261b2932470e172246c535803ce1586dd99a4442f16a3aaf1f62bdfc3e4316d,False,0,34,MISSING: no file at this sha256 anywhere under live_store/,INE714B01016_2014_singleton,,,False,False,PDF bytes not present in live_store,,0,,0,,,"MISSING_FROM_LIVE_STORE: this sha256 has a historical_ground_truth row in labels.csv (true_start=7, true_end=7) but no PDF bytes are present anywhere in the local live_store/ -- a pre-existing acquisition/store gap, not investigated or repaired in T0 (STRICTLY LOCAL rule: not re-fetched). | no live_store/profiles.jsonl entry for this sha256 | not split-assigned: excluded from FIT/VALIDATION/HOLDOUT (no local PDF)",UNKNOWN,UNKNOWN,UNKNOWN,UNKNOWN,UNKNOWN,UNKNOWN,UNKNOWN,UNKNOWN,UNKNOWN,UNKNOWN,UNKNOWN,UNKNOWN,UNKNOWN,UNKNOWN,UNKNOWN,UNKNOWN,UNKNOWN,UNKNOWN,UNKNOWN,UNKNOWN,UNKNOWN,UNKNOWN,UNKNOWN,UNKNOWN,UNKNOWN,UNKNOWN,UNKNOWN,UNKNOWN,UNKNOWN,UNKNOWN,UNKNOWN,UNKNOWN,UNKNOWN,UNKNOWN,UNKNOWN,UNKNOWN,UNKNOWN,UNKNOWN,UNKNOWN,UNKNOWN,UNKNOWN,UNKNOWN,UNKNOWN,UNKNOWN,UNKNOWN,UNKNOWN,UNKNOWN,UNKNOWN,UNKNOWN,UNKNOWN,UNKNOWN,UNKNOWN,UNKNOWN,UNKNOWN,UNKNOWN,UNKNOWN,UNKNOWN,UNKNOWN,UNKNOWN,UNKNOWN,UNKNOWN,UNKNOWN,UNKNOWN,UNKNOWN
INE467B01029_2010_MISSING,Tata Consultancy Services Limited,INE467B01029,2010,80ccfbc21011deedd4aefaece72db7f1f18df2ddca8232ca9603da0cd630fc0d,False,0,187,MISSING: no file at this sha256 anywhere under live_store/,INE467B01029_2010_singleton,,,False,False,PDF bytes not present in live_store,,0,,0,,,"MISSING_FROM_LIVE_STORE: this sha256 has a historical_ground_truth row in labels.csv (true_start=37, true_end=94) but no PDF bytes are present anywhere in the local live_store/ -- a pre-existing acquisition/store gap, not investigated or repaired in T0 (STRICTLY LOCAL rule: not re-fetched). | no live_store/profiles.jsonl entry for this sha256 | not split-assigned: excluded from FIT/VALIDATION/HOLDOUT (no local PDF)",UNKNOWN,UNKNOWN,UNKNOWN,UNKNOWN,UNKNOWN,UNKNOWN,UNKNOWN,UNKNOWN,UNKNOWN,UNKNOWN,UNKNOWN,UNKNOWN,UNKNOWN,UNKNOWN,UNKNOWN,UNKNOWN,UNKNOWN,UNKNOWN,UNKNOWN,UNKNOWN,UNKNOWN,UNKNOWN,UNKNOWN,UNKNOWN,UNKNOWN,UNKNOWN,UNKNOWN,UNKNOWN,UNKNOWN,UNKNOWN,UNKNOWN,UNKNOWN,UNKNOWN,UNKNOWN,UNKNOWN,UNKNOWN,UNKNOWN,UNKNOWN,UNKNOWN,UNKNOWN,UNKNOWN,UNKNOWN,UNKNOWN,UNKNOWN,UNKNOWN,UNKNOWN,UNKNOWN,UNKNOWN,UNKNOWN,UNKNOWN,UNKNOWN,UNKNOWN,UNKNOWN,UNKNOWN,UNKNOWN,UNKNOWN,UNKNOWN,UNKNOWN,UNKNOWN,UNKNOWN,UNKNOWN,UNKNOWN,UNKNOWN,UNKNOWN
INE004E01016_2010_MISSING,Span Divergent Limited,INE004E01016,2010,36d04a8c986ba4e1d1df3bb63d855238a4fdba2923b17829880dfc01c9a25b5e,False,0,84,MISSING: no file at this sha256 anywhere under live_store/,INE004E01016_2010_singleton,,,False,False,PDF bytes not present in live_store,,0,,0,,,"MISSING_FROM_LIVE_STORE: this sha256 has a historical_ground_truth row in labels.csv (true_start=4, true_end=10) but no PDF bytes are present anywhere in the local live_store/ -- a pre-existing acquisition/store gap, not investigated or repaired in T0 (STRICTLY LOCAL rule: not re-fetched). | no live_store/profiles.jsonl entry for this sha256 | not split-assigned: excluded from FIT/VALIDATION/HOLDOUT (no local PDF)",UNKNOWN,UNKNOWN,UNKNOWN,UNKNOWN,UNKNOWN,UNKNOWN,UNKNOWN,UNKNOWN,UNKNOWN,UNKNOWN,UNKNOWN,UNKNOWN,UNKNOWN,UNKNOWN,UNKNOWN,UNKNOWN,UNKNOWN,UNKNOWN,UNKNOWN,UNKNOWN,UNKNOWN,UNKNOWN,UNKNOWN,UNKNOWN,UNKNOWN,UNKNOWN,UNKNOWN,UNKNOWN,UNKNOWN,UNKNOWN,UNKNOWN,UNKNOWN,UNKNOWN,UNKNOWN,UNKNOWN,UNKNOWN,UNKNOWN,UNKNOWN,UNKNOWN,UNKNOWN,UNKNOWN,UNKNOWN,UNKNOWN,UNKNOWN,UNKNOWN,UNKNOWN,UNKNOWN,UNKNOWN,UNKNOWN,UNKNOWN,UNKNOWN,UNKNOWN,UNKNOWN,UNKNOWN,UNKNOWN,UNKNOWN,UNKNOWN,UNKNOWN,UNKNOWN,UNKNOWN,UNKNOWN,UNKNOWN,UNKNOWN,UNKNOWN
INE001B01026_2014_MISSING,KRBL Limited,INE001B01026,2014,fc3571e80cc578381676fdf3626f518a3f5138e1d28cd77482dc4e235911a8d0,False,0,112,MISSING: no file at this sha256 anywhere under live_store/,INE001B01026_2014_singleton,,,False,False,PDF bytes not present in live_store,,0,,0,,,"MISSING_FROM_LIVE_STORE: this sha256 has a historical_ground_truth row in labels.csv (true_start=8, true_end=21) but no PDF bytes are present anywhere in the local live_store/ -- a pre-existing acquisition/store gap, not investigated or repaired in T0 (STRICTLY LOCAL rule: not re-fetched). | no live_store/profiles.jsonl entry for this sha256 | not split-assigned: excluded from FIT/VALIDATION/HOLDOUT (no local PDF)",UNKNOWN,UNKNOWN,UNKNOWN,UNKNOWN,UNKNOWN,UNKNOWN,UNKNOWN,UNKNOWN,UNKNOWN,UNKNOWN,UNKNOWN,UNKNOWN,UNKNOWN,UNKNOWN,UNKNOWN,UNKNOWN,UNKNOWN,UNKNOWN,UNKNOWN,UNKNOWN,UNKNOWN,UNKNOWN,UNKNOWN,UNKNOWN,UNKNOWN,UNKNOWN,UNKNOWN,UNKNOWN,UNKNOWN,UNKNOWN,UNKNOWN,UNKNOWN,UNKNOWN,UNKNOWN,UNKNOWN,UNKNOWN,UNKNOWN,UNKNOWN,UNKNOWN,UNKNOWN,UNKNOWN,UNKNOWN,UNKNOWN,UNKNOWN,UNKNOWN,UNKNOWN,UNKNOWN,UNKNOWN,UNKNOWN,UNKNOWN,UNKNOWN,UNKNOWN,UNKNOWN,UNKNOWN,UNKNOWN,UNKNOWN,UNKNOWN,UNKNOWN,UNKNOWN,UNKNOWN,UNKNOWN,UNKNOWN,UNKNOWN,UNKNOWN
INE004C01028_2014_MISSING,Gujarat Cotex Ltd,INE004C01028,2014,a04c6b953a65534c863be31c88a387cb75ad7d7810baa0040e3a7c26aea9e028,False,0,37,MISSING: no file at this sha256 anywhere under live_store/,INE004C01028_2014_singleton,,,False,False,PDF bytes not present in live_store,,0,,0,,,"MISSING_FROM_LIVE_STORE: this sha256 has a historical_ground_truth row in labels.csv (true_start=13, true_end=13) but no PDF bytes are present anywhere in the local live_store/ -- a pre-existing acquisition/store gap, not investigated or repaired in T0 (STRICTLY LOCAL rule: not re-fetched). | no live_store/profiles.jsonl entry for this sha256 | not split-assigned: excluded from FIT/VALIDATION/HOLDOUT (no local PDF)",UNKNOWN,UNKNOWN,UNKNOWN,UNKNOWN,UNKNOWN,UNKNOWN,UNKNOWN,UNKNOWN,UNKNOWN,UNKNOWN,UNKNOWN,UNKNOWN,UNKNOWN,UNKNOWN,UNKNOWN,UNKNOWN,UNKNOWN,UNKNOWN,UNKNOWN,UNKNOWN,UNKNOWN,UNKNOWN,UNKNOWN,UNKNOWN,UNKNOWN,UNKNOWN,UNKNOWN,UNKNOWN,UNKNOWN,UNKNOWN,UNKNOWN,UNKNOWN,UNKNOWN,UNKNOWN,UNKNOWN,UNKNOWN,UNKNOWN,UNKNOWN,UNKNOWN,UNKNOWN,UNKNOWN,UNKNOWN,UNKNOWN,UNKNOWN,UNKNOWN,UNKNOWN,UNKNOWN,UNKNOWN,UNKNOWN,UNKNOWN,UNKNOWN,UNKNOWN,UNKNOWN,UNKNOWN,UNKNOWN,UNKNOWN,UNKNOWN,UNKNOWN,UNKNOWN,UNKNOWN,UNKNOWN,UNKNOWN,UNKNOWN,UNKNOWN
INE175A01038_2011_MISSING,Jain Irrigation Systems Limited,INE175A01038,2011,86326cd1589be403ed993e45ca699c92b945d81887261a1aac7c718c2990da36,False,0,144,MISSING: no file at this sha256 anywhere under live_store/,INE175A01038_2011_singleton,,,False,False,PDF bytes not present in live_store,,0,,0,,,"MISSING_FROM_LIVE_STORE: this sha256 has a historical_ground_truth row in labels.csv (true_start=47, true_end=62) but no PDF bytes are present anywhere in the local live_store/ -- a pre-existing acquisition/store gap, not investigated or repaired in T0 (STRICTLY LOCAL rule: not re-fetched). | no live_store/profiles.jsonl entry for this sha256 | not split-assigned: excluded from FIT/VALIDATION/HOLDOUT (no local PDF)",UNKNOWN,UNKNOWN,UNKNOWN,UNKNOWN,UNKNOWN,UNKNOWN,UNKNOWN,UNKNOWN,UNKNOWN,UNKNOWN,UNKNOWN,UNKNOWN,UNKNOWN,UNKNOWN,UNKNOWN,UNKNOWN,UNKNOWN,UNKNOWN,UNKNOWN,UNKNOWN,UNKNOWN,UNKNOWN,UNKNOWN,UNKNOWN,UNKNOWN,UNKNOWN,UNKNOWN,UNKNOWN,UNKNOWN,UNKNOWN,UNKNOWN,UNKNOWN,UNKNOWN,UNKNOWN,UNKNOWN,UNKNOWN,UNKNOWN,UNKNOWN,UNKNOWN,UNKNOWN,UNKNOWN,UNKNOWN,UNKNOWN,UNKNOWN,UNKNOWN,UNKNOWN,UNKNOWN,UNKNOWN,UNKNOWN,UNKNOWN,UNKNOWN,UNKNOWN,UNKNOWN,UNKNOWN,UNKNOWN,UNKNOWN,UNKNOWN,UNKNOWN,UNKNOWN,UNKNOWN,UNKNOWN,UNKNOWN,UNKNOWN,UNKNOWN
INE006C01015_2010_MISSING,K.Z.Leasing & Finance Ltd.,INE006C01015,2010,c1bc59575b9407e17e8d266464ec2e92c7eee600744abd5494089f4dcc4207c8,False,0,26,MISSING: no file at this sha256 anywhere under live_store/,INE006C01015_2010_singleton,,,False,False,PDF bytes not present in live_store,,0,,0,,,"MISSING_FROM_LIVE_STORE: this sha256 has a historical_ground_truth row in labels.csv (true_start=, true_end=) but no PDF bytes are present anywhere in the local live_store/ -- a pre-existing acquisition/store gap, not investigated or repaired in T0 (STRICTLY LOCAL rule: not re-fetched). | no live_store/profiles.jsonl entry for this sha256 | not split-assigned: excluded from FIT/VALIDATION/HOLDOUT (no local PDF)",UNKNOWN,UNKNOWN,UNKNOWN,UNKNOWN,UNKNOWN,UNKNOWN,UNKNOWN,UNKNOWN,UNKNOWN,UNKNOWN,UNKNOWN,UNKNOWN,UNKNOWN,UNKNOWN,UNKNOWN,UNKNOWN,UNKNOWN,UNKNOWN,UNKNOWN,UNKNOWN,UNKNOWN,UNKNOWN,UNKNOWN,UNKNOWN,UNKNOWN,UNKNOWN,UNKNOWN,UNKNOWN,UNKNOWN,UNKNOWN,UNKNOWN,UNKNOWN,UNKNOWN,UNKNOWN,UNKNOWN,UNKNOWN,UNKNOWN,UNKNOWN,UNKNOWN,UNKNOWN,UNKNOWN,UNKNOWN,UNKNOWN,UNKNOWN,UNKNOWN,UNKNOWN,UNKNOWN,UNKNOWN,UNKNOWN,UNKNOWN,UNKNOWN,UNKNOWN,UNKNOWN,UNKNOWN,UNKNOWN,UNKNOWN,UNKNOWN,UNKNOWN,UNKNOWN,UNKNOWN,UNKNOWN,UNKNOWN,UNKNOWN,UNKNOWN
