dimension,category,document_id,issuer,fiscal_year,split,source_artifact,source_row_identifier
document_representation,native,INE001F01019_2012,Modern Steels Limited,2012,FIT,dataset/corpus_gap_audit/reconciled/gap_audit_document_reconciled.csv,document_id=INE001F01019_2012
document_representation,native,INE001F01019_2013,Modern Steels Limited,2013,FIT,dataset/corpus_gap_audit/reconciled/gap_audit_document_reconciled.csv,document_id=INE001F01019_2013
document_representation,native,INE001F01019_2017,Modern Steels Limited,2017,FIT,dataset/corpus_gap_audit/reconciled/gap_audit_document_reconciled.csv,document_id=INE001F01019_2017
document_representation,native,INE001F01019_2024,Modern Steels Limited,2024,FIT,dataset/corpus_gap_audit/reconciled/gap_audit_document_reconciled.csv,document_id=INE001F01019_2024
document_representation,native,INE001F01019_2025,Modern Steels Limited,2025,FIT,dataset/corpus_gap_audit/reconciled/gap_audit_document_reconciled.csv,document_id=INE001F01019_2025
document_representation,native,INE001O01029_2012,Risa International Limited,2012,HOLDOUT,dataset/corpus_gap_audit/reconciled/gap_audit_document_reconciled.csv,document_id=INE001O01029_2012
document_representation,native,INE001O01029_2018,Risa International Limited,2018,HOLDOUT,dataset/corpus_gap_audit/reconciled/gap_audit_document_reconciled.csv,document_id=INE001O01029_2018
document_representation,native,INE002A01018_2024,Reliance Industries Limited,2024,FIT,dataset/corpus_gap_audit/reconciled/gap_audit_document_reconciled.csv,document_id=INE002A01018_2024
document_representation,native,INE002A01018_2025,Reliance Industries Limited,2025,FIT,dataset/corpus_gap_audit/reconciled/gap_audit_document_reconciled.csv,document_id=INE002A01018_2025
document_representation,native,INE002B01016_2018,MADALA HOLDINGS LIMITED,2018,HOLDOUT,dataset/corpus_gap_audit/reconciled/gap_audit_document_reconciled.csv,document_id=INE002B01016_2018
document_representation,native,INE002B01016_2024,MADALA HOLDINGS LIMITED,2024,HOLDOUT,dataset/corpus_gap_audit/reconciled/gap_audit_document_reconciled.csv,document_id=INE002B01016_2024
document_representation,native,INE002E01010_2012,Sar  Auto Products Limited,2012,HOLDOUT,dataset/corpus_gap_audit/reconciled/gap_audit_document_reconciled.csv,document_id=INE002E01010_2012
document_representation,native,INE002E01010_2017,Sar  Auto Products Limited,2017,HOLDOUT,dataset/corpus_gap_audit/reconciled/gap_audit_document_reconciled.csv,document_id=INE002E01010_2017
document_representation,native,INE002E01010_2024,Sar  Auto Products Limited,2024,HOLDOUT,dataset/corpus_gap_audit/reconciled/gap_audit_document_reconciled.csv,document_id=INE002E01010_2024
document_representation,native,INE002E01010_2025,Sar  Auto Products Limited,2025,HOLDOUT,dataset/corpus_gap_audit/reconciled/gap_audit_document_reconciled.csv,document_id=INE002E01010_2025
document_representation,native,INE002L01015_2024,SJVN Limited,2024,HOLDOUT,dataset/corpus_gap_audit/reconciled/gap_audit_document_reconciled.csv,document_id=INE002L01015_2024
document_representation,native,INE003B01014_2013,Inter State Oil Carrier Ltd,2013,FIT,dataset/corpus_gap_audit/reconciled/gap_audit_document_reconciled.csv,document_id=INE003B01014_2013
document_representation,native,INE003B01014_2017,Inter State Oil Carrier Ltd,2017,FIT,dataset/corpus_gap_audit/reconciled/gap_audit_document_reconciled.csv,document_id=INE003B01014_2017
document_representation,native,INE003B01014_2024,Inter State Oil Carrier Ltd,2024,FIT,dataset/corpus_gap_audit/reconciled/gap_audit_document_reconciled.csv,document_id=INE003B01014_2024
document_representation,native,INE003B01014_2025,Inter State Oil Carrier Ltd,2025,FIT,dataset/corpus_gap_audit/reconciled/gap_audit_document_reconciled.csv,document_id=INE003B01014_2025
document_representation,native,INE003F01015_2012,Muller & Phipps (India) Ltd.,2012,VALIDATION,dataset/corpus_gap_audit/reconciled/gap_audit_document_reconciled.csv,document_id=INE003F01015_2012
document_representation,native,INE003F01015_2013,Muller & Phipps (India) Ltd.,2013,VALIDATION,dataset/corpus_gap_audit/reconciled/gap_audit_document_reconciled.csv,document_id=INE003F01015_2013
document_representation,native,INE003F01015_2017,Muller & Phipps (India) Ltd.,2017,VALIDATION,dataset/corpus_gap_audit/reconciled/gap_audit_document_reconciled.csv,document_id=INE003F01015_2017
document_representation,native,INE003F01015_2018,Muller & Phipps (India) Ltd.,2018,VALIDATION,dataset/corpus_gap_audit/reconciled/gap_audit_document_reconciled.csv,document_id=INE003F01015_2018
document_representation,native,INE004C01028_2017,Gujarat Cotex Ltd,2017,FIT,dataset/corpus_gap_audit/reconciled/gap_audit_document_reconciled.csv,document_id=INE004C01028_2017
document_representation,native,INE004C01028_2018,Gujarat Cotex Ltd,2018,FIT,dataset/corpus_gap_audit/reconciled/gap_audit_document_reconciled.csv,document_id=INE004C01028_2018
document_representation,native,INE004E01016_2012,Span Divergent Limited,2012,FIT,dataset/corpus_gap_audit/reconciled/gap_audit_document_reconciled.csv,document_id=INE004E01016_2012
document_representation,native,INE004Z01011_2024,Mac Hotels Limited,2024,FIT,dataset/corpus_gap_audit/reconciled/gap_audit_document_reconciled.csv,document_id=INE004Z01011_2024
document_representation,native,INE006C01015_2013,K.Z.Leasing & Finance Ltd.,2013,VALIDATION,dataset/corpus_gap_audit/reconciled/gap_audit_document_reconciled.csv,document_id=INE006C01015_2013
document_representation,native,INE006C01015_2018,K.Z.Leasing & Finance Ltd.,2018,VALIDATION,dataset/corpus_gap_audit/reconciled/gap_audit_document_reconciled.csv,document_id=INE006C01015_2018
document_representation,native,INE006C01015_2024,K.Z.Leasing & Finance Ltd.,2024,VALIDATION,dataset/corpus_gap_audit/reconciled/gap_audit_document_reconciled.csv,document_id=INE006C01015_2024
document_representation,native,INE006C01015_2025,K.Z.Leasing & Finance Ltd.,2025,VALIDATION,dataset/corpus_gap_audit/reconciled/gap_audit_document_reconciled.csv,document_id=INE006C01015_2025
document_representation,native,INE006I01046_2025,Astral Limited,2025,HOLDOUT,dataset/corpus_gap_audit/reconciled/gap_audit_document_reconciled.csv,document_id=INE006I01046_2025
document_representation,native,INE007A01025_2018,Crisil Limited,2018,FIT,dataset/corpus_gap_audit/reconciled/gap_audit_document_reconciled.csv,document_id=INE007A01025_2018
document_representation,native,INE008A01015_2012,IDBI Bank Limited,2012,FIT,dataset/corpus_gap_audit/reconciled/gap_audit_document_reconciled.csv,document_id=INE008A01015_2012
document_representation,native,INE009A01021_2013,Infosys Limited,2013,VALIDATION,dataset/corpus_gap_audit/reconciled/gap_audit_document_reconciled.csv,document_id=INE009A01021_2013
document_representation,native,INE009A01021_2017,Infosys Limited,2017,VALIDATION,dataset/corpus_gap_audit/reconciled/gap_audit_document_reconciled.csv,document_id=INE009A01021_2017
document_representation,native,INE00E101023_2024,Bikaji Foods International Limited,2024,FIT,dataset/corpus_gap_audit/reconciled/gap_audit_document_reconciled.csv,document_id=INE00E101023_2024
document_representation,native,INE00FF01025_2015,Acutaas Chemicals Limited,2015,FIT,dataset/corpus_gap_audit/reconciled/gap_audit_document_reconciled.csv,document_id=INE00FF01025_2015
document_representation,native,INE00LO01017_2015,Craftsman Automation Limited,2015,FIT,dataset/corpus_gap_audit/reconciled/gap_audit_document_reconciled.csv,document_id=INE00LO01017_2015
document_representation,native,INE00LO01017_2024,Craftsman Automation Limited,2024,FIT,dataset/corpus_gap_audit/reconciled/gap_audit_document_reconciled.csv,document_id=INE00LO01017_2024
document_representation,native,INE00LO01017_2025,Craftsman Automation Limited,2025,FIT,dataset/corpus_gap_audit/reconciled/gap_audit_document_reconciled.csv,document_id=INE00LO01017_2025
document_representation,native,INE00WC01027_2024,Affle 3i Limited,2024,VALIDATION,dataset/corpus_gap_audit/reconciled/gap_audit_document_reconciled.csv,document_id=INE00WC01027_2024
document_representation,native,INE00WC01027_2025,Affle 3i Limited,2025,VALIDATION,dataset/corpus_gap_audit/reconciled/gap_audit_document_reconciled.csv,document_id=INE00WC01027_2025
document_representation,native,INE044A01036_2012,Sun Pharmaceutical Industries Limited,2012,HOLDOUT,dataset/corpus_gap_audit/reconciled/gap_audit_document_reconciled.csv,document_id=INE044A01036_2012
document_representation,native,INE044A01036_2013,Sun Pharmaceutical Industries Limited,2013,HOLDOUT,dataset/corpus_gap_audit/reconciled/gap_audit_document_reconciled.csv,document_id=INE044A01036_2013
document_representation,native,INE081A01020_2013,Tata Steel Limited,2013,FIT,dataset/corpus_gap_audit/reconciled/gap_audit_document_reconciled.csv,document_id=INE081A01020_2013
document_representation,native,INE151A01013_2013,Tata Communications Limited,2013,FIT,dataset/corpus_gap_audit/reconciled/gap_audit_document_reconciled.csv,document_id=INE151A01013_2013
document_representation,native,INE154A01025_2012,ITC Limited,2012,VALIDATION,dataset/corpus_gap_audit/reconciled/gap_audit_document_reconciled.csv,document_id=INE154A01025_2012
document_representation,native,INE154A01025_2013,ITC Limited,2013,VALIDATION,dataset/corpus_gap_audit/reconciled/gap_audit_document_reconciled.csv,document_id=INE154A01025_2013
document_representation,native,INE154A01025_2018,ITC Limited,2018,VALIDATION,dataset/corpus_gap_audit/reconciled/gap_audit_document_reconciled.csv,document_id=INE154A01025_2018
document_representation,native,INE154A01025_2024,ITC Limited,2024,VALIDATION,dataset/corpus_gap_audit/reconciled/gap_audit_document_reconciled.csv,document_id=INE154A01025_2024
document_representation,native,INE171A01029_2012,The Federal Bank  Limited,2012,HOLDOUT,dataset/corpus_gap_audit/reconciled/gap_audit_document_reconciled.csv,document_id=INE171A01029_2012
document_representation,native,INE192B01031_2013,Welspun Living Limited,2013,FIT,dataset/corpus_gap_audit/reconciled/gap_audit_document_reconciled.csv,document_id=INE192B01031_2013
document_representation,native,INE226A01021_2012,Voltas Limited,2012,HOLDOUT,dataset/corpus_gap_audit/reconciled/gap_audit_document_reconciled.csv,document_id=INE226A01021_2012
document_representation,native,INE761H01022_2012,Page Industries Limited,2012,FIT,dataset/corpus_gap_audit/reconciled/gap_audit_document_reconciled.csv,document_id=INE761H01022_2012
document_representation,native,INE761H01022_2013,Page Industries Limited,2013,FIT,dataset/corpus_gap_audit/reconciled/gap_audit_document_reconciled.csv,document_id=INE761H01022_2013
document_representation,native,INE761H01022_2018,Page Industries Limited,2018,FIT,dataset/corpus_gap_audit/reconciled/gap_audit_document_reconciled.csv,document_id=INE761H01022_2018
document_representation,native,INE797F01020_2012,Jubilant Foodworks Limited,2012,FIT,dataset/corpus_gap_audit/reconciled/gap_audit_document_reconciled.csv,document_id=INE797F01020_2012
document_representation,native,INE797F01020_2018,Jubilant Foodworks Limited,2018,FIT,dataset/corpus_gap_audit/reconciled/gap_audit_document_reconciled.csv,document_id=INE797F01020_2018
document_representation,mixed,INE001B01026_2012,KRBL Limited,2012,VALIDATION,dataset/corpus_gap_audit/reconciled/gap_audit_document_reconciled.csv,document_id=INE001B01026_2012
document_representation,mixed,INE001B01026_2013,KRBL Limited,2013,VALIDATION,dataset/corpus_gap_audit/reconciled/gap_audit_document_reconciled.csv,document_id=INE001B01026_2013
document_representation,mixed,INE001B01026_2017,KRBL Limited,2017,VALIDATION,dataset/corpus_gap_audit/reconciled/gap_audit_document_reconciled.csv,document_id=INE001B01026_2017
document_representation,mixed,INE001B01026_2018,KRBL Limited,2018,VALIDATION,dataset/corpus_gap_audit/reconciled/gap_audit_document_reconciled.csv,document_id=INE001B01026_2018
document_representation,mixed,INE001B01026_2024,KRBL Limited,2024,VALIDATION,dataset/corpus_gap_audit/reconciled/gap_audit_document_reconciled.csv,document_id=INE001B01026_2024
document_representation,mixed,INE001B01026_2025,KRBL Limited,2025,VALIDATION,dataset/corpus_gap_audit/reconciled/gap_audit_document_reconciled.csv,document_id=INE001B01026_2025
document_representation,mixed,INE001F01019_2018,Modern Steels Limited,2018,FIT,dataset/corpus_gap_audit/reconciled/gap_audit_document_reconciled.csv,document_id=INE001F01019_2018
document_representation,mixed,INE001O01029_2013,Risa International Limited,2013,HOLDOUT,dataset/corpus_gap_audit/reconciled/gap_audit_document_reconciled.csv,document_id=INE001O01029_2013
document_representation,mixed,INE001O01029_2017,Risa International Limited,2017,HOLDOUT,dataset/corpus_gap_audit/reconciled/gap_audit_document_reconciled.csv,document_id=INE001O01029_2017
document_representation,mixed,INE001O01029_2024,Risa International Limited,2024,HOLDOUT,dataset/corpus_gap_audit/reconciled/gap_audit_document_reconciled.csv,document_id=INE001O01029_2024
document_representation,mixed,INE001O01029_2025,Risa International Limited,2025,HOLDOUT,dataset/corpus_gap_audit/reconciled/gap_audit_document_reconciled.csv,document_id=INE001O01029_2025
document_representation,mixed,INE002A01018_2012,Reliance Industries Limited,2012,FIT,dataset/corpus_gap_audit/reconciled/gap_audit_document_reconciled.csv,document_id=INE002A01018_2012
document_representation,mixed,INE002A01018_2013,Reliance Industries Limited,2013,FIT,dataset/corpus_gap_audit/reconciled/gap_audit_document_reconciled.csv,document_id=INE002A01018_2013
document_representation,mixed,INE002A01018_2017,Reliance Industries Limited,2017,FIT,dataset/corpus_gap_audit/reconciled/gap_audit_document_reconciled.csv,document_id=INE002A01018_2017
document_representation,mixed,INE002A01018_2018,Reliance Industries Limited,2018,FIT,dataset/corpus_gap_audit/reconciled/gap_audit_document_reconciled.csv,document_id=INE002A01018_2018
document_representation,mixed,INE002B01016_2012,MADALA HOLDINGS LIMITED,2012,HOLDOUT,dataset/corpus_gap_audit/reconciled/gap_audit_document_reconciled.csv,document_id=INE002B01016_2012
document_representation,mixed,INE002B01016_2013,MADALA HOLDINGS LIMITED,2013,HOLDOUT,dataset/corpus_gap_audit/reconciled/gap_audit_document_reconciled.csv,document_id=INE002B01016_2013
document_representation,mixed,INE002B01016_2017,MADALA HOLDINGS LIMITED,2017,HOLDOUT,dataset/corpus_gap_audit/reconciled/gap_audit_document_reconciled.csv,document_id=INE002B01016_2017
document_representation,mixed,INE002B01016_2025,MADALA HOLDINGS LIMITED,2025,HOLDOUT,dataset/corpus_gap_audit/reconciled/gap_audit_document_reconciled.csv,document_id=INE002B01016_2025
document_representation,mixed,INE002E01010_2013,Sar  Auto Products Limited,2013,HOLDOUT,dataset/corpus_gap_audit/reconciled/gap_audit_document_reconciled.csv,document_id=INE002E01010_2013
document_representation,mixed,INE002E01010_2018,Sar  Auto Products Limited,2018,HOLDOUT,dataset/corpus_gap_audit/reconciled/gap_audit_document_reconciled.csv,document_id=INE002E01010_2018
document_representation,mixed,INE002L01015_2013,SJVN Limited,2013,HOLDOUT,dataset/corpus_gap_audit/reconciled/gap_audit_document_reconciled.csv,document_id=INE002L01015_2013
document_representation,mixed,INE002L01015_2017,SJVN Limited,2017,HOLDOUT,dataset/corpus_gap_audit/reconciled/gap_audit_document_reconciled.csv,document_id=INE002L01015_2017
document_representation,mixed,INE002L01015_2018,SJVN Limited,2018,HOLDOUT,dataset/corpus_gap_audit/reconciled/gap_audit_document_reconciled.csv,document_id=INE002L01015_2018
document_representation,mixed,INE002L01015_2025,SJVN Limited,2025,HOLDOUT,dataset/corpus_gap_audit/reconciled/gap_audit_document_reconciled.csv,document_id=INE002L01015_2025
document_representation,mixed,INE002S01010_2017,Mahanagar Gas Limited,2017,VALIDATION,dataset/corpus_gap_audit/reconciled/gap_audit_document_reconciled.csv,document_id=INE002S01010_2017
document_representation,mixed,INE002S01010_2018,Mahanagar Gas Limited,2018,VALIDATION,dataset/corpus_gap_audit/reconciled/gap_audit_document_reconciled.csv,document_id=INE002S01010_2018
document_representation,mixed,INE002S01010_2024,Mahanagar Gas Limited,2024,VALIDATION,dataset/corpus_gap_audit/reconciled/gap_audit_document_reconciled.csv,document_id=INE002S01010_2024
document_representation,mixed,INE002S01010_2025,Mahanagar Gas Limited,2025,VALIDATION,dataset/corpus_gap_audit/reconciled/gap_audit_document_reconciled.csv,document_id=INE002S01010_2025
document_representation,mixed,INE003B01014_2018,Inter State Oil Carrier Ltd,2018,FIT,dataset/corpus_gap_audit/reconciled/gap_audit_document_reconciled.csv,document_id=INE003B01014_2018
document_representation,mixed,INE003F01015_2024,Muller & Phipps (India) Ltd.,2024,VALIDATION,dataset/corpus_gap_audit/reconciled/gap_audit_document_reconciled.csv,document_id=INE003F01015_2024
document_representation,mixed,INE003F01015_2025,Muller & Phipps (India) Ltd.,2025,VALIDATION,dataset/corpus_gap_audit/reconciled/gap_audit_document_reconciled.csv,document_id=INE003F01015_2025
document_representation,mixed,INE004C01028_2024,Gujarat Cotex Ltd,2024,FIT,dataset/corpus_gap_audit/reconciled/gap_audit_document_reconciled.csv,document_id=INE004C01028_2024
document_representation,mixed,INE004C01028_2025,Gujarat Cotex Ltd,2025,FIT,dataset/corpus_gap_audit/reconciled/gap_audit_document_reconciled.csv,document_id=INE004C01028_2025
document_representation,mixed,INE004E01016_2013,Span Divergent Limited,2013,FIT,dataset/corpus_gap_audit/reconciled/gap_audit_document_reconciled.csv,document_id=INE004E01016_2013
document_representation,mixed,INE004E01016_2017,Span Divergent Limited,2017,FIT,dataset/corpus_gap_audit/reconciled/gap_audit_document_reconciled.csv,document_id=INE004E01016_2017
document_representation,mixed,INE004E01016_2018,Span Divergent Limited,2018,FIT,dataset/corpus_gap_audit/reconciled/gap_audit_document_reconciled.csv,document_id=INE004E01016_2018
document_representation,mixed,INE004E01016_2024,Span Divergent Limited,2024,FIT,dataset/corpus_gap_audit/reconciled/gap_audit_document_reconciled.csv,document_id=INE004E01016_2024
document_representation,mixed,INE004E01016_2025,Span Divergent Limited,2025,FIT,dataset/corpus_gap_audit/reconciled/gap_audit_document_reconciled.csv,document_id=INE004E01016_2025
document_representation,mixed,INE004Z01011_2025,Mac Hotels Limited,2025,FIT,dataset/corpus_gap_audit/reconciled/gap_audit_document_reconciled.csv,document_id=INE004Z01011_2025
document_representation,mixed,INE005E01013_2012,Ekansh Concepts Limited,2012,VALIDATION,dataset/corpus_gap_audit/reconciled/gap_audit_document_reconciled.csv,document_id=INE005E01013_2012
document_representation,mixed,INE005E01013_2013,Ekansh Concepts Limited,2013,VALIDATION,dataset/corpus_gap_audit/reconciled/gap_audit_document_reconciled.csv,document_id=INE005E01013_2013
document_representation,mixed,INE005E01013_2017,Ekansh Concepts Limited,2017,VALIDATION,dataset/corpus_gap_audit/reconciled/gap_audit_document_reconciled.csv,document_id=INE005E01013_2017
document_representation,mixed,INE005E01013_2018,Ekansh Concepts Limited,2018,VALIDATION,dataset/corpus_gap_audit/reconciled/gap_audit_document_reconciled.csv,document_id=INE005E01013_2018
document_representation,mixed,INE005E01013_2024,Ekansh Concepts Limited,2024,VALIDATION,dataset/corpus_gap_audit/reconciled/gap_audit_document_reconciled.csv,document_id=INE005E01013_2024
document_representation,mixed,INE005E01013_2025,Ekansh Concepts Limited,2025,VALIDATION,dataset/corpus_gap_audit/reconciled/gap_audit_document_reconciled.csv,document_id=INE005E01013_2025
document_representation,mixed,INE006C01015_2012,K.Z.Leasing & Finance Ltd.,2012,VALIDATION,dataset/corpus_gap_audit/reconciled/gap_audit_document_reconciled.csv,document_id=INE006C01015_2012
document_representation,mixed,INE006C01015_2017,K.Z.Leasing & Finance Ltd.,2017,VALIDATION,dataset/corpus_gap_audit/reconciled/gap_audit_document_reconciled.csv,document_id=INE006C01015_2017
document_representation,mixed,INE006I01046_2012,Astral Limited,2012,HOLDOUT,dataset/corpus_gap_audit/reconciled/gap_audit_document_reconciled.csv,document_id=INE006I01046_2012
document_representation,mixed,INE006I01046_2013,Astral Limited,2013,HOLDOUT,dataset/corpus_gap_audit/reconciled/gap_audit_document_reconciled.csv,document_id=INE006I01046_2013
document_representation,mixed,INE006I01046_2017,Astral Limited,2017,HOLDOUT,dataset/corpus_gap_audit/reconciled/gap_audit_document_reconciled.csv,document_id=INE006I01046_2017
document_representation,mixed,INE006I01046_2018,Astral Limited,2018,HOLDOUT,dataset/corpus_gap_audit/reconciled/gap_audit_document_reconciled.csv,document_id=INE006I01046_2018
document_representation,mixed,INE006I01046_2024,Astral Limited,2024,HOLDOUT,dataset/corpus_gap_audit/reconciled/gap_audit_document_reconciled.csv,document_id=INE006I01046_2024
document_representation,mixed,INE007A01025_2012,Crisil Limited,2012,FIT,dataset/corpus_gap_audit/reconciled/gap_audit_document_reconciled.csv,document_id=INE007A01025_2012
document_representation,mixed,INE007A01025_2013,Crisil Limited,2013,FIT,dataset/corpus_gap_audit/reconciled/gap_audit_document_reconciled.csv,document_id=INE007A01025_2013
document_representation,mixed,INE007A01025_2017,Crisil Limited,2017,FIT,dataset/corpus_gap_audit/reconciled/gap_audit_document_reconciled.csv,document_id=INE007A01025_2017
document_representation,mixed,INE007A01025_2024,Crisil Limited,2024,FIT,dataset/corpus_gap_audit/reconciled/gap_audit_document_reconciled.csv,document_id=INE007A01025_2024
document_representation,mixed,INE007A01025_2025,Crisil Limited,2025,FIT,dataset/corpus_gap_audit/reconciled/gap_audit_document_reconciled.csv,document_id=INE007A01025_2025
document_representation,mixed,INE008A01015_2013,IDBI Bank Limited,2013,FIT,dataset/corpus_gap_audit/reconciled/gap_audit_document_reconciled.csv,document_id=INE008A01015_2013
document_representation,mixed,INE008A01015_2017,IDBI Bank Limited,2017,FIT,dataset/corpus_gap_audit/reconciled/gap_audit_document_reconciled.csv,document_id=INE008A01015_2017
document_representation,mixed,INE008A01015_2018,IDBI Bank Limited,2018,FIT,dataset/corpus_gap_audit/reconciled/gap_audit_document_reconciled.csv,document_id=INE008A01015_2018
document_representation,mixed,INE008A01015_2024,IDBI Bank Limited,2024,FIT,dataset/corpus_gap_audit/reconciled/gap_audit_document_reconciled.csv,document_id=INE008A01015_2024
document_representation,mixed,INE008A01015_2025,IDBI Bank Limited,2025,FIT,dataset/corpus_gap_audit/reconciled/gap_audit_document_reconciled.csv,document_id=INE008A01015_2025
document_representation,mixed,INE009A01021_2012,Infosys Limited,2012,VALIDATION,dataset/corpus_gap_audit/reconciled/gap_audit_document_reconciled.csv,document_id=INE009A01021_2012
document_representation,mixed,INE009A01021_2018,Infosys Limited,2018,VALIDATION,dataset/corpus_gap_audit/reconciled/gap_audit_document_reconciled.csv,document_id=INE009A01021_2018
document_representation,mixed,INE009A01021_2024,Infosys Limited,2024,VALIDATION,dataset/corpus_gap_audit/reconciled/gap_audit_document_reconciled.csv,document_id=INE009A01021_2024
document_representation,mixed,INE009A01021_2025,Infosys Limited,2025,VALIDATION,dataset/corpus_gap_audit/reconciled/gap_audit_document_reconciled.csv,document_id=INE009A01021_2025
document_representation,mixed,INE00E101023_2025,Bikaji Foods International Limited,2025,FIT,dataset/corpus_gap_audit/reconciled/gap_audit_document_reconciled.csv,document_id=INE00E101023_2025
document_representation,mixed,INE00FF01025_2024,Acutaas Chemicals Limited,2024,FIT,dataset/corpus_gap_audit/reconciled/gap_audit_document_reconciled.csv,document_id=INE00FF01025_2024
document_representation,mixed,INE00FF01025_2025,Acutaas Chemicals Limited,2025,FIT,dataset/corpus_gap_audit/reconciled/gap_audit_document_reconciled.csv,document_id=INE00FF01025_2025
document_representation,mixed,INE040A01034_2012,HDFC Bank Limited,2012,FIT,dataset/corpus_gap_audit/reconciled/gap_audit_document_reconciled.csv,document_id=INE040A01034_2012
document_representation,mixed,INE040A01034_2013,HDFC Bank Limited,2013,FIT,dataset/corpus_gap_audit/reconciled/gap_audit_document_reconciled.csv,document_id=INE040A01034_2013
document_representation,mixed,INE040A01034_2017,HDFC Bank Limited,2017,FIT,dataset/corpus_gap_audit/reconciled/gap_audit_document_reconciled.csv,document_id=INE040A01034_2017
document_representation,mixed,INE040A01034_2018,HDFC Bank Limited,2018,FIT,dataset/corpus_gap_audit/reconciled/gap_audit_document_reconciled.csv,document_id=INE040A01034_2018
document_representation,mixed,INE040A01034_2024,HDFC Bank Limited,2024,FIT,dataset/corpus_gap_audit/reconciled/gap_audit_document_reconciled.csv,document_id=INE040A01034_2024
document_representation,mixed,INE040A01034_2025,HDFC Bank Limited,2025,FIT,dataset/corpus_gap_audit/reconciled/gap_audit_document_reconciled.csv,document_id=INE040A01034_2025
document_representation,mixed,INE044A01036_2017,Sun Pharmaceutical Industries Limited,2017,HOLDOUT,dataset/corpus_gap_audit/reconciled/gap_audit_document_reconciled.csv,document_id=INE044A01036_2017
document_representation,mixed,INE044A01036_2018,Sun Pharmaceutical Industries Limited,2018,HOLDOUT,dataset/corpus_gap_audit/reconciled/gap_audit_document_reconciled.csv,document_id=INE044A01036_2018
document_representation,mixed,INE044A01036_2024,Sun Pharmaceutical Industries Limited,2024,HOLDOUT,dataset/corpus_gap_audit/reconciled/gap_audit_document_reconciled.csv,document_id=INE044A01036_2024
document_representation,mixed,INE044A01036_2025,Sun Pharmaceutical Industries Limited,2025,HOLDOUT,dataset/corpus_gap_audit/reconciled/gap_audit_document_reconciled.csv,document_id=INE044A01036_2025
document_representation,mixed,INE081A01020_2012,Tata Steel Limited,2012,FIT,dataset/corpus_gap_audit/reconciled/gap_audit_document_reconciled.csv,document_id=INE081A01020_2012
document_representation,mixed,INE081A01020_2017,Tata Steel Limited,2017,FIT,dataset/corpus_gap_audit/reconciled/gap_audit_document_reconciled.csv,document_id=INE081A01020_2017
document_representation,mixed,INE081A01020_2018,Tata Steel Limited,2018,FIT,dataset/corpus_gap_audit/reconciled/gap_audit_document_reconciled.csv,document_id=INE081A01020_2018
document_representation,mixed,INE081A01020_2024,Tata Steel Limited,2024,FIT,dataset/corpus_gap_audit/reconciled/gap_audit_document_reconciled.csv,document_id=INE081A01020_2024
document_representation,mixed,INE081A01020_2025,Tata Steel Limited,2025,FIT,dataset/corpus_gap_audit/reconciled/gap_audit_document_reconciled.csv,document_id=INE081A01020_2025
document_representation,mixed,INE119A01028_2012,Balrampur Chini Mills Limited,2012,HOLDOUT,dataset/corpus_gap_audit/reconciled/gap_audit_document_reconciled.csv,document_id=INE119A01028_2012
document_representation,mixed,INE119A01028_2013,Balrampur Chini Mills Limited,2013,HOLDOUT,dataset/corpus_gap_audit/reconciled/gap_audit_document_reconciled.csv,document_id=INE119A01028_2013
document_representation,mixed,INE119A01028_2017,Balrampur Chini Mills Limited,2017,HOLDOUT,dataset/corpus_gap_audit/reconciled/gap_audit_document_reconciled.csv,document_id=INE119A01028_2017
document_representation,mixed,INE119A01028_2018,Balrampur Chini Mills Limited,2018,HOLDOUT,dataset/corpus_gap_audit/reconciled/gap_audit_document_reconciled.csv,document_id=INE119A01028_2018
document_representation,mixed,INE119A01028_2024,Balrampur Chini Mills Limited,2024,HOLDOUT,dataset/corpus_gap_audit/reconciled/gap_audit_document_reconciled.csv,document_id=INE119A01028_2024
document_representation,mixed,INE119A01028_2025,Balrampur Chini Mills Limited,2025,HOLDOUT,dataset/corpus_gap_audit/reconciled/gap_audit_document_reconciled.csv,document_id=INE119A01028_2025
document_representation,mixed,INE151A01013_2012,Tata Communications Limited,2012,FIT,dataset/corpus_gap_audit/reconciled/gap_audit_document_reconciled.csv,document_id=INE151A01013_2012
document_representation,mixed,INE151A01013_2017,Tata Communications Limited,2017,FIT,dataset/corpus_gap_audit/reconciled/gap_audit_document_reconciled.csv,document_id=INE151A01013_2017
document_representation,mixed,INE151A01013_2018,Tata Communications Limited,2018,FIT,dataset/corpus_gap_audit/reconciled/gap_audit_document_reconciled.csv,document_id=INE151A01013_2018
document_representation,mixed,INE151A01013_2024,Tata Communications Limited,2024,FIT,dataset/corpus_gap_audit/reconciled/gap_audit_document_reconciled.csv,document_id=INE151A01013_2024
document_representation,mixed,INE151A01013_2025,Tata Communications Limited,2025,FIT,dataset/corpus_gap_audit/reconciled/gap_audit_document_reconciled.csv,document_id=INE151A01013_2025
document_representation,mixed,INE154A01025_2017,ITC Limited,2017,VALIDATION,dataset/corpus_gap_audit/reconciled/gap_audit_document_reconciled.csv,document_id=INE154A01025_2017
document_representation,mixed,INE154A01025_2025,ITC Limited,2025,VALIDATION,dataset/corpus_gap_audit/reconciled/gap_audit_document_reconciled.csv,document_id=INE154A01025_2025
document_representation,mixed,INE171A01029_2013,The Federal Bank  Limited,2013,HOLDOUT,dataset/corpus_gap_audit/reconciled/gap_audit_document_reconciled.csv,document_id=INE171A01029_2013
document_representation,mixed,INE171A01029_2017,The Federal Bank  Limited,2017,HOLDOUT,dataset/corpus_gap_audit/reconciled/gap_audit_document_reconciled.csv,document_id=INE171A01029_2017
document_representation,mixed,INE171A01029_2018,The Federal Bank  Limited,2018,HOLDOUT,dataset/corpus_gap_audit/reconciled/gap_audit_document_reconciled.csv,document_id=INE171A01029_2018
document_representation,mixed,INE171A01029_2024,The Federal Bank  Limited,2024,HOLDOUT,dataset/corpus_gap_audit/reconciled/gap_audit_document_reconciled.csv,document_id=INE171A01029_2024
document_representation,mixed,INE171A01029_2025,The Federal Bank  Limited,2025,HOLDOUT,dataset/corpus_gap_audit/reconciled/gap_audit_document_reconciled.csv,document_id=INE171A01029_2025
document_representation,mixed,INE191H01014_2012,PVR INOX Limited,2012,FIT,dataset/corpus_gap_audit/reconciled/gap_audit_document_reconciled.csv,document_id=INE191H01014_2012
document_representation,mixed,INE191H01014_2013,PVR INOX Limited,2013,FIT,dataset/corpus_gap_audit/reconciled/gap_audit_document_reconciled.csv,document_id=INE191H01014_2013
document_representation,mixed,INE191H01014_2017,PVR INOX Limited,2017,FIT,dataset/corpus_gap_audit/reconciled/gap_audit_document_reconciled.csv,document_id=INE191H01014_2017
document_representation,mixed,INE191H01014_2018,PVR INOX Limited,2018,FIT,dataset/corpus_gap_audit/reconciled/gap_audit_document_reconciled.csv,document_id=INE191H01014_2018
document_representation,mixed,INE191H01014_2024,PVR INOX Limited,2024,FIT,dataset/corpus_gap_audit/reconciled/gap_audit_document_reconciled.csv,document_id=INE191H01014_2024
document_representation,mixed,INE191H01014_2025,PVR INOX Limited,2025,FIT,dataset/corpus_gap_audit/reconciled/gap_audit_document_reconciled.csv,document_id=INE191H01014_2025
document_representation,mixed,INE192B01031_2012,Welspun Living Limited,2012,FIT,dataset/corpus_gap_audit/reconciled/gap_audit_document_reconciled.csv,document_id=INE192B01031_2012
document_representation,mixed,INE192B01031_2017,Welspun Living Limited,2017,FIT,dataset/corpus_gap_audit/reconciled/gap_audit_document_reconciled.csv,document_id=INE192B01031_2017
document_representation,mixed,INE192B01031_2018,Welspun Living Limited,2018,FIT,dataset/corpus_gap_audit/reconciled/gap_audit_document_reconciled.csv,document_id=INE192B01031_2018
document_representation,mixed,INE192B01031_2024,Welspun Living Limited,2024,FIT,dataset/corpus_gap_audit/reconciled/gap_audit_document_reconciled.csv,document_id=INE192B01031_2024
document_representation,mixed,INE192B01031_2025,Welspun Living Limited,2025,FIT,dataset/corpus_gap_audit/reconciled/gap_audit_document_reconciled.csv,document_id=INE192B01031_2025
document_representation,mixed,INE226A01021_2013,Voltas Limited,2013,HOLDOUT,dataset/corpus_gap_audit/reconciled/gap_audit_document_reconciled.csv,document_id=INE226A01021_2013
document_representation,mixed,INE226A01021_2017,Voltas Limited,2017,HOLDOUT,dataset/corpus_gap_audit/reconciled/gap_audit_document_reconciled.csv,document_id=INE226A01021_2017
document_representation,mixed,INE226A01021_2018,Voltas Limited,2018,HOLDOUT,dataset/corpus_gap_audit/reconciled/gap_audit_document_reconciled.csv,document_id=INE226A01021_2018
document_representation,mixed,INE226A01021_2024,Voltas Limited,2024,HOLDOUT,dataset/corpus_gap_audit/reconciled/gap_audit_document_reconciled.csv,document_id=INE226A01021_2024
document_representation,mixed,INE226A01021_2025,Voltas Limited,2025,HOLDOUT,dataset/corpus_gap_audit/reconciled/gap_audit_document_reconciled.csv,document_id=INE226A01021_2025
document_representation,mixed,INE482A01020_2012,CEAT Limited,2012,VALIDATION,dataset/corpus_gap_audit/reconciled/gap_audit_document_reconciled.csv,document_id=INE482A01020_2012
document_representation,mixed,INE482A01020_2013,CEAT Limited,2013,VALIDATION,dataset/corpus_gap_audit/reconciled/gap_audit_document_reconciled.csv,document_id=INE482A01020_2013
document_representation,mixed,INE482A01020_2017,CEAT Limited,2017,VALIDATION,dataset/corpus_gap_audit/reconciled/gap_audit_document_reconciled.csv,document_id=INE482A01020_2017
document_representation,mixed,INE482A01020_2018,CEAT Limited,2018,VALIDATION,dataset/corpus_gap_audit/reconciled/gap_audit_document_reconciled.csv,document_id=INE482A01020_2018
document_representation,mixed,INE482A01020_2024,CEAT Limited,2024,VALIDATION,dataset/corpus_gap_audit/reconciled/gap_audit_document_reconciled.csv,document_id=INE482A01020_2024
document_representation,mixed,INE482A01020_2025,CEAT Limited,2025,VALIDATION,dataset/corpus_gap_audit/reconciled/gap_audit_document_reconciled.csv,document_id=INE482A01020_2025
document_representation,mixed,INE761H01022_2017,Page Industries Limited,2017,FIT,dataset/corpus_gap_audit/reconciled/gap_audit_document_reconciled.csv,document_id=INE761H01022_2017
document_representation,mixed,INE761H01022_2024,Page Industries Limited,2024,FIT,dataset/corpus_gap_audit/reconciled/gap_audit_document_reconciled.csv,document_id=INE761H01022_2024
document_representation,mixed,INE761H01022_2025,Page Industries Limited,2025,FIT,dataset/corpus_gap_audit/reconciled/gap_audit_document_reconciled.csv,document_id=INE761H01022_2025
document_representation,mixed,INE797F01020_2013,Jubilant Foodworks Limited,2013,FIT,dataset/corpus_gap_audit/reconciled/gap_audit_document_reconciled.csv,document_id=INE797F01020_2013
document_representation,mixed,INE797F01020_2017,Jubilant Foodworks Limited,2017,FIT,dataset/corpus_gap_audit/reconciled/gap_audit_document_reconciled.csv,document_id=INE797F01020_2017
document_representation,mixed,INE797F01020_2024,Jubilant Foodworks Limited,2024,FIT,dataset/corpus_gap_audit/reconciled/gap_audit_document_reconciled.csv,document_id=INE797F01020_2024
document_representation,mixed,INE797F01020_2025,Jubilant Foodworks Limited,2025,FIT,dataset/corpus_gap_audit/reconciled/gap_audit_document_reconciled.csv,document_id=INE797F01020_2025
document_representation,scanned,INE002L01015_2012,SJVN Limited,2012,HOLDOUT,dataset/corpus_gap_audit/reconciled/gap_audit_document_reconciled.csv,document_id=INE002L01015_2012
document_representation,scanned,INE003B01014_2011,Inter State Oil Carrier Ltd,2011,FIT,dataset/corpus_gap_audit/reconciled/gap_audit_document_reconciled.csv,document_id=INE003B01014_2011
fully_scanned_vs_mixed,fully_scanned_document,INE002L01015_2012,SJVN Limited,2012,HOLDOUT,dataset/corpus_gap_audit/reconciled/gap_audit_document_reconciled.csv,document_id=INE002L01015_2012
fully_scanned_vs_mixed,fully_scanned_document,INE003B01014_2011,Inter State Oil Carrier Ltd,2011,FIT,dataset/corpus_gap_audit/reconciled/gap_audit_document_reconciled.csv,document_id=INE003B01014_2011
fully_scanned_vs_mixed,mixed_scanned_pages,INE001B01026_2013,KRBL Limited,2013,VALIDATION,dataset/corpus_gap_audit/reconciled/gap_audit_document_reconciled.csv,document_id=INE001B01026_2013
fully_scanned_vs_mixed,mixed_scanned_pages,INE001B01026_2017,KRBL Limited,2017,VALIDATION,dataset/corpus_gap_audit/reconciled/gap_audit_document_reconciled.csv,document_id=INE001B01026_2017
fully_scanned_vs_mixed,mixed_scanned_pages,INE001B01026_2018,KRBL Limited,2018,VALIDATION,dataset/corpus_gap_audit/reconciled/gap_audit_document_reconciled.csv,document_id=INE001B01026_2018
fully_scanned_vs_mixed,mixed_scanned_pages,INE001B01026_2025,KRBL Limited,2025,VALIDATION,dataset/corpus_gap_audit/reconciled/gap_audit_document_reconciled.csv,document_id=INE001B01026_2025
fully_scanned_vs_mixed,mixed_scanned_pages,INE001F01019_2018,Modern Steels Limited,2018,FIT,dataset/corpus_gap_audit/reconciled/gap_audit_document_reconciled.csv,document_id=INE001F01019_2018
fully_scanned_vs_mixed,mixed_scanned_pages,INE001O01029_2013,Risa International Limited,2013,HOLDOUT,dataset/corpus_gap_audit/reconciled/gap_audit_document_reconciled.csv,document_id=INE001O01029_2013
fully_scanned_vs_mixed,mixed_scanned_pages,INE001O01029_2017,Risa International Limited,2017,HOLDOUT,dataset/corpus_gap_audit/reconciled/gap_audit_document_reconciled.csv,document_id=INE001O01029_2017
fully_scanned_vs_mixed,mixed_scanned_pages,INE002A01018_2013,Reliance Industries Limited,2013,FIT,dataset/corpus_gap_audit/reconciled/gap_audit_document_reconciled.csv,document_id=INE002A01018_2013
fully_scanned_vs_mixed,mixed_scanned_pages,INE002A01018_2017,Reliance Industries Limited,2017,FIT,dataset/corpus_gap_audit/reconciled/gap_audit_document_reconciled.csv,document_id=INE002A01018_2017
fully_scanned_vs_mixed,mixed_scanned_pages,INE002B01016_2012,MADALA HOLDINGS LIMITED,2012,HOLDOUT,dataset/corpus_gap_audit/reconciled/gap_audit_document_reconciled.csv,document_id=INE002B01016_2012
fully_scanned_vs_mixed,mixed_scanned_pages,INE002E01010_2013,Sar  Auto Products Limited,2013,HOLDOUT,dataset/corpus_gap_audit/reconciled/gap_audit_document_reconciled.csv,document_id=INE002E01010_2013
fully_scanned_vs_mixed,mixed_scanned_pages,INE002L01015_2013,SJVN Limited,2013,HOLDOUT,dataset/corpus_gap_audit/reconciled/gap_audit_document_reconciled.csv,document_id=INE002L01015_2013
fully_scanned_vs_mixed,mixed_scanned_pages,INE002L01015_2017,SJVN Limited,2017,HOLDOUT,dataset/corpus_gap_audit/reconciled/gap_audit_document_reconciled.csv,document_id=INE002L01015_2017
fully_scanned_vs_mixed,mixed_scanned_pages,INE002L01015_2018,SJVN Limited,2018,HOLDOUT,dataset/corpus_gap_audit/reconciled/gap_audit_document_reconciled.csv,document_id=INE002L01015_2018
fully_scanned_vs_mixed,mixed_scanned_pages,INE002L01015_2025,SJVN Limited,2025,HOLDOUT,dataset/corpus_gap_audit/reconciled/gap_audit_document_reconciled.csv,document_id=INE002L01015_2025
fully_scanned_vs_mixed,mixed_scanned_pages,INE002S01010_2017,Mahanagar Gas Limited,2017,VALIDATION,dataset/corpus_gap_audit/reconciled/gap_audit_document_reconciled.csv,document_id=INE002S01010_2017
fully_scanned_vs_mixed,mixed_scanned_pages,INE002S01010_2024,Mahanagar Gas Limited,2024,VALIDATION,dataset/corpus_gap_audit/reconciled/gap_audit_document_reconciled.csv,document_id=INE002S01010_2024
fully_scanned_vs_mixed,mixed_scanned_pages,INE003F01015_2024,Muller & Phipps (India) Ltd.,2024,VALIDATION,dataset/corpus_gap_audit/reconciled/gap_audit_document_reconciled.csv,document_id=INE003F01015_2024
fully_scanned_vs_mixed,mixed_scanned_pages,INE003F01015_2025,Muller & Phipps (India) Ltd.,2025,VALIDATION,dataset/corpus_gap_audit/reconciled/gap_audit_document_reconciled.csv,document_id=INE003F01015_2025
fully_scanned_vs_mixed,mixed_scanned_pages,INE004C01028_2024,Gujarat Cotex Ltd,2024,FIT,dataset/corpus_gap_audit/reconciled/gap_audit_document_reconciled.csv,document_id=INE004C01028_2024
fully_scanned_vs_mixed,mixed_scanned_pages,INE004E01016_2013,Span Divergent Limited,2013,FIT,dataset/corpus_gap_audit/reconciled/gap_audit_document_reconciled.csv,document_id=INE004E01016_2013
fully_scanned_vs_mixed,mixed_scanned_pages,INE004E01016_2017,Span Divergent Limited,2017,FIT,dataset/corpus_gap_audit/reconciled/gap_audit_document_reconciled.csv,document_id=INE004E01016_2017
fully_scanned_vs_mixed,mixed_scanned_pages,INE004E01016_2018,Span Divergent Limited,2018,FIT,dataset/corpus_gap_audit/reconciled/gap_audit_document_reconciled.csv,document_id=INE004E01016_2018
fully_scanned_vs_mixed,mixed_scanned_pages,INE005E01013_2025,Ekansh Concepts Limited,2025,VALIDATION,dataset/corpus_gap_audit/reconciled/gap_audit_document_reconciled.csv,document_id=INE005E01013_2025
fully_scanned_vs_mixed,mixed_scanned_pages,INE006C01015_2017,K.Z.Leasing & Finance Ltd.,2017,VALIDATION,dataset/corpus_gap_audit/reconciled/gap_audit_document_reconciled.csv,document_id=INE006C01015_2017
fully_scanned_vs_mixed,mixed_scanned_pages,INE006I01046_2017,Astral Limited,2017,HOLDOUT,dataset/corpus_gap_audit/reconciled/gap_audit_document_reconciled.csv,document_id=INE006I01046_2017
fully_scanned_vs_mixed,mixed_scanned_pages,INE008A01015_2017,IDBI Bank Limited,2017,FIT,dataset/corpus_gap_audit/reconciled/gap_audit_document_reconciled.csv,document_id=INE008A01015_2017
fully_scanned_vs_mixed,mixed_scanned_pages,INE008A01015_2018,IDBI Bank Limited,2018,FIT,dataset/corpus_gap_audit/reconciled/gap_audit_document_reconciled.csv,document_id=INE008A01015_2018
fully_scanned_vs_mixed,mixed_scanned_pages,INE008A01015_2024,IDBI Bank Limited,2024,FIT,dataset/corpus_gap_audit/reconciled/gap_audit_document_reconciled.csv,document_id=INE008A01015_2024
fully_scanned_vs_mixed,mixed_scanned_pages,INE008A01015_2025,IDBI Bank Limited,2025,FIT,dataset/corpus_gap_audit/reconciled/gap_audit_document_reconciled.csv,document_id=INE008A01015_2025
fully_scanned_vs_mixed,mixed_scanned_pages,INE009A01021_2012,Infosys Limited,2012,VALIDATION,dataset/corpus_gap_audit/reconciled/gap_audit_document_reconciled.csv,document_id=INE009A01021_2012
fully_scanned_vs_mixed,mixed_scanned_pages,INE00E101023_2025,Bikaji Foods International Limited,2025,FIT,dataset/corpus_gap_audit/reconciled/gap_audit_document_reconciled.csv,document_id=INE00E101023_2025
fully_scanned_vs_mixed,mixed_scanned_pages,INE040A01034_2012,HDFC Bank Limited,2012,FIT,dataset/corpus_gap_audit/reconciled/gap_audit_document_reconciled.csv,document_id=INE040A01034_2012
fully_scanned_vs_mixed,mixed_scanned_pages,INE040A01034_2013,HDFC Bank Limited,2013,FIT,dataset/corpus_gap_audit/reconciled/gap_audit_document_reconciled.csv,document_id=INE040A01034_2013
fully_scanned_vs_mixed,mixed_scanned_pages,INE040A01034_2017,HDFC Bank Limited,2017,FIT,dataset/corpus_gap_audit/reconciled/gap_audit_document_reconciled.csv,document_id=INE040A01034_2017
fully_scanned_vs_mixed,mixed_scanned_pages,INE040A01034_2025,HDFC Bank Limited,2025,FIT,dataset/corpus_gap_audit/reconciled/gap_audit_document_reconciled.csv,document_id=INE040A01034_2025
fully_scanned_vs_mixed,mixed_scanned_pages,INE044A01036_2017,Sun Pharmaceutical Industries Limited,2017,HOLDOUT,dataset/corpus_gap_audit/reconciled/gap_audit_document_reconciled.csv,document_id=INE044A01036_2017
fully_scanned_vs_mixed,mixed_scanned_pages,INE044A01036_2018,Sun Pharmaceutical Industries Limited,2018,HOLDOUT,dataset/corpus_gap_audit/reconciled/gap_audit_document_reconciled.csv,document_id=INE044A01036_2018
fully_scanned_vs_mixed,mixed_scanned_pages,INE081A01020_2017,Tata Steel Limited,2017,FIT,dataset/corpus_gap_audit/reconciled/gap_audit_document_reconciled.csv,document_id=INE081A01020_2017
fully_scanned_vs_mixed,mixed_scanned_pages,INE119A01028_2013,Balrampur Chini Mills Limited,2013,HOLDOUT,dataset/corpus_gap_audit/reconciled/gap_audit_document_reconciled.csv,document_id=INE119A01028_2013
fully_scanned_vs_mixed,mixed_scanned_pages,INE119A01028_2017,Balrampur Chini Mills Limited,2017,HOLDOUT,dataset/corpus_gap_audit/reconciled/gap_audit_document_reconciled.csv,document_id=INE119A01028_2017
fully_scanned_vs_mixed,mixed_scanned_pages,INE119A01028_2018,Balrampur Chini Mills Limited,2018,HOLDOUT,dataset/corpus_gap_audit/reconciled/gap_audit_document_reconciled.csv,document_id=INE119A01028_2018
fully_scanned_vs_mixed,mixed_scanned_pages,INE151A01013_2017,Tata Communications Limited,2017,FIT,dataset/corpus_gap_audit/reconciled/gap_audit_document_reconciled.csv,document_id=INE151A01013_2017
fully_scanned_vs_mixed,mixed_scanned_pages,INE151A01013_2018,Tata Communications Limited,2018,FIT,dataset/corpus_gap_audit/reconciled/gap_audit_document_reconciled.csv,document_id=INE151A01013_2018
fully_scanned_vs_mixed,mixed_scanned_pages,INE171A01029_2017,The Federal Bank  Limited,2017,HOLDOUT,dataset/corpus_gap_audit/reconciled/gap_audit_document_reconciled.csv,document_id=INE171A01029_2017
fully_scanned_vs_mixed,mixed_scanned_pages,INE171A01029_2018,The Federal Bank  Limited,2018,HOLDOUT,dataset/corpus_gap_audit/reconciled/gap_audit_document_reconciled.csv,document_id=INE171A01029_2018
fully_scanned_vs_mixed,mixed_scanned_pages,INE171A01029_2025,The Federal Bank  Limited,2025,HOLDOUT,dataset/corpus_gap_audit/reconciled/gap_audit_document_reconciled.csv,document_id=INE171A01029_2025
fully_scanned_vs_mixed,mixed_scanned_pages,INE191H01014_2012,PVR INOX Limited,2012,FIT,dataset/corpus_gap_audit/reconciled/gap_audit_document_reconciled.csv,document_id=INE191H01014_2012
fully_scanned_vs_mixed,mixed_scanned_pages,INE191H01014_2013,PVR INOX Limited,2013,FIT,dataset/corpus_gap_audit/reconciled/gap_audit_document_reconciled.csv,document_id=INE191H01014_2013
fully_scanned_vs_mixed,mixed_scanned_pages,INE191H01014_2017,PVR INOX Limited,2017,FIT,dataset/corpus_gap_audit/reconciled/gap_audit_document_reconciled.csv,document_id=INE191H01014_2017
fully_scanned_vs_mixed,mixed_scanned_pages,INE191H01014_2018,PVR INOX Limited,2018,FIT,dataset/corpus_gap_audit/reconciled/gap_audit_document_reconciled.csv,document_id=INE191H01014_2018
fully_scanned_vs_mixed,mixed_scanned_pages,INE192B01031_2017,Welspun Living Limited,2017,FIT,dataset/corpus_gap_audit/reconciled/gap_audit_document_reconciled.csv,document_id=INE192B01031_2017
fully_scanned_vs_mixed,mixed_scanned_pages,INE192B01031_2025,Welspun Living Limited,2025,FIT,dataset/corpus_gap_audit/reconciled/gap_audit_document_reconciled.csv,document_id=INE192B01031_2025
fully_scanned_vs_mixed,mixed_scanned_pages,INE226A01021_2017,Voltas Limited,2017,HOLDOUT,dataset/corpus_gap_audit/reconciled/gap_audit_document_reconciled.csv,document_id=INE226A01021_2017
fully_scanned_vs_mixed,mixed_scanned_pages,INE226A01021_2025,Voltas Limited,2025,HOLDOUT,dataset/corpus_gap_audit/reconciled/gap_audit_document_reconciled.csv,document_id=INE226A01021_2025
fully_scanned_vs_mixed,mixed_scanned_pages,INE482A01020_2012,CEAT Limited,2012,VALIDATION,dataset/corpus_gap_audit/reconciled/gap_audit_document_reconciled.csv,document_id=INE482A01020_2012
fully_scanned_vs_mixed,mixed_scanned_pages,INE482A01020_2013,CEAT Limited,2013,VALIDATION,dataset/corpus_gap_audit/reconciled/gap_audit_document_reconciled.csv,document_id=INE482A01020_2013
fully_scanned_vs_mixed,mixed_scanned_pages,INE482A01020_2017,CEAT Limited,2017,VALIDATION,dataset/corpus_gap_audit/reconciled/gap_audit_document_reconciled.csv,document_id=INE482A01020_2017
fully_scanned_vs_mixed,mixed_scanned_pages,INE482A01020_2018,CEAT Limited,2018,VALIDATION,dataset/corpus_gap_audit/reconciled/gap_audit_document_reconciled.csv,document_id=INE482A01020_2018
fully_scanned_vs_mixed,mixed_scanned_pages,INE761H01022_2017,Page Industries Limited,2017,FIT,dataset/corpus_gap_audit/reconciled/gap_audit_document_reconciled.csv,document_id=INE761H01022_2017
fully_scanned_vs_mixed,mixed_scanned_pages,INE797F01020_2017,Jubilant Foodworks Limited,2017,FIT,dataset/corpus_gap_audit/reconciled/gap_audit_document_reconciled.csv,document_id=INE797F01020_2017
report_era,pre_2015,INE001B01026_2012,KRBL Limited,2012,VALIDATION,dataset/corpus_gap_audit/reconciled/gap_audit_document_reconciled.csv,document_id=INE001B01026_2012
report_era,pre_2015,INE001B01026_2013,KRBL Limited,2013,VALIDATION,dataset/corpus_gap_audit/reconciled/gap_audit_document_reconciled.csv,document_id=INE001B01026_2013
report_era,pre_2015,INE001F01019_2012,Modern Steels Limited,2012,FIT,dataset/corpus_gap_audit/reconciled/gap_audit_document_reconciled.csv,document_id=INE001F01019_2012
report_era,pre_2015,INE001F01019_2013,Modern Steels Limited,2013,FIT,dataset/corpus_gap_audit/reconciled/gap_audit_document_reconciled.csv,document_id=INE001F01019_2013
report_era,pre_2015,INE001O01029_2012,Risa International Limited,2012,HOLDOUT,dataset/corpus_gap_audit/reconciled/gap_audit_document_reconciled.csv,document_id=INE001O01029_2012
report_era,pre_2015,INE001O01029_2013,Risa International Limited,2013,HOLDOUT,dataset/corpus_gap_audit/reconciled/gap_audit_document_reconciled.csv,document_id=INE001O01029_2013
report_era,pre_2015,INE002A01018_2012,Reliance Industries Limited,2012,FIT,dataset/corpus_gap_audit/reconciled/gap_audit_document_reconciled.csv,document_id=INE002A01018_2012
report_era,pre_2015,INE002A01018_2013,Reliance Industries Limited,2013,FIT,dataset/corpus_gap_audit/reconciled/gap_audit_document_reconciled.csv,document_id=INE002A01018_2013
report_era,pre_2015,INE002B01016_2012,MADALA HOLDINGS LIMITED,2012,HOLDOUT,dataset/corpus_gap_audit/reconciled/gap_audit_document_reconciled.csv,document_id=INE002B01016_2012
report_era,pre_2015,INE002B01016_2013,MADALA HOLDINGS LIMITED,2013,HOLDOUT,dataset/corpus_gap_audit/reconciled/gap_audit_document_reconciled.csv,document_id=INE002B01016_2013
report_era,pre_2015,INE002E01010_2012,Sar  Auto Products Limited,2012,HOLDOUT,dataset/corpus_gap_audit/reconciled/gap_audit_document_reconciled.csv,document_id=INE002E01010_2012
report_era,pre_2015,INE002E01010_2013,Sar  Auto Products Limited,2013,HOLDOUT,dataset/corpus_gap_audit/reconciled/gap_audit_document_reconciled.csv,document_id=INE002E01010_2013
report_era,pre_2015,INE002L01015_2012,SJVN Limited,2012,HOLDOUT,dataset/corpus_gap_audit/reconciled/gap_audit_document_reconciled.csv,document_id=INE002L01015_2012
report_era,pre_2015,INE002L01015_2013,SJVN Limited,2013,HOLDOUT,dataset/corpus_gap_audit/reconciled/gap_audit_document_reconciled.csv,document_id=INE002L01015_2013
report_era,pre_2015,INE003B01014_2011,Inter State Oil Carrier Ltd,2011,FIT,dataset/corpus_gap_audit/reconciled/gap_audit_document_reconciled.csv,document_id=INE003B01014_2011
report_era,pre_2015,INE003B01014_2013,Inter State Oil Carrier Ltd,2013,FIT,dataset/corpus_gap_audit/reconciled/gap_audit_document_reconciled.csv,document_id=INE003B01014_2013
report_era,pre_2015,INE003F01015_2012,Muller & Phipps (India) Ltd.,2012,VALIDATION,dataset/corpus_gap_audit/reconciled/gap_audit_document_reconciled.csv,document_id=INE003F01015_2012
report_era,pre_2015,INE003F01015_2013,Muller & Phipps (India) Ltd.,2013,VALIDATION,dataset/corpus_gap_audit/reconciled/gap_audit_document_reconciled.csv,document_id=INE003F01015_2013
report_era,pre_2015,INE004E01016_2012,Span Divergent Limited,2012,FIT,dataset/corpus_gap_audit/reconciled/gap_audit_document_reconciled.csv,document_id=INE004E01016_2012
report_era,pre_2015,INE004E01016_2013,Span Divergent Limited,2013,FIT,dataset/corpus_gap_audit/reconciled/gap_audit_document_reconciled.csv,document_id=INE004E01016_2013
report_era,pre_2015,INE005E01013_2012,Ekansh Concepts Limited,2012,VALIDATION,dataset/corpus_gap_audit/reconciled/gap_audit_document_reconciled.csv,document_id=INE005E01013_2012
report_era,pre_2015,INE005E01013_2013,Ekansh Concepts Limited,2013,VALIDATION,dataset/corpus_gap_audit/reconciled/gap_audit_document_reconciled.csv,document_id=INE005E01013_2013
report_era,pre_2015,INE006C01015_2012,K.Z.Leasing & Finance Ltd.,2012,VALIDATION,dataset/corpus_gap_audit/reconciled/gap_audit_document_reconciled.csv,document_id=INE006C01015_2012
report_era,pre_2015,INE006C01015_2013,K.Z.Leasing & Finance Ltd.,2013,VALIDATION,dataset/corpus_gap_audit/reconciled/gap_audit_document_reconciled.csv,document_id=INE006C01015_2013
report_era,pre_2015,INE006I01046_2012,Astral Limited,2012,HOLDOUT,dataset/corpus_gap_audit/reconciled/gap_audit_document_reconciled.csv,document_id=INE006I01046_2012
report_era,pre_2015,INE006I01046_2013,Astral Limited,2013,HOLDOUT,dataset/corpus_gap_audit/reconciled/gap_audit_document_reconciled.csv,document_id=INE006I01046_2013
report_era,pre_2015,INE007A01025_2012,Crisil Limited,2012,FIT,dataset/corpus_gap_audit/reconciled/gap_audit_document_reconciled.csv,document_id=INE007A01025_2012
report_era,pre_2015,INE007A01025_2013,Crisil Limited,2013,FIT,dataset/corpus_gap_audit/reconciled/gap_audit_document_reconciled.csv,document_id=INE007A01025_2013
report_era,pre_2015,INE008A01015_2012,IDBI Bank Limited,2012,FIT,dataset/corpus_gap_audit/reconciled/gap_audit_document_reconciled.csv,document_id=INE008A01015_2012
report_era,pre_2015,INE008A01015_2013,IDBI Bank Limited,2013,FIT,dataset/corpus_gap_audit/reconciled/gap_audit_document_reconciled.csv,document_id=INE008A01015_2013
report_era,pre_2015,INE009A01021_2012,Infosys Limited,2012,VALIDATION,dataset/corpus_gap_audit/reconciled/gap_audit_document_reconciled.csv,document_id=INE009A01021_2012
report_era,pre_2015,INE009A01021_2013,Infosys Limited,2013,VALIDATION,dataset/corpus_gap_audit/reconciled/gap_audit_document_reconciled.csv,document_id=INE009A01021_2013
report_era,pre_2015,INE040A01034_2012,HDFC Bank Limited,2012,FIT,dataset/corpus_gap_audit/reconciled/gap_audit_document_reconciled.csv,document_id=INE040A01034_2012
report_era,pre_2015,INE040A01034_2013,HDFC Bank Limited,2013,FIT,dataset/corpus_gap_audit/reconciled/gap_audit_document_reconciled.csv,document_id=INE040A01034_2013
report_era,pre_2015,INE044A01036_2012,Sun Pharmaceutical Industries Limited,2012,HOLDOUT,dataset/corpus_gap_audit/reconciled/gap_audit_document_reconciled.csv,document_id=INE044A01036_2012
report_era,pre_2015,INE044A01036_2013,Sun Pharmaceutical Industries Limited,2013,HOLDOUT,dataset/corpus_gap_audit/reconciled/gap_audit_document_reconciled.csv,document_id=INE044A01036_2013
report_era,pre_2015,INE081A01020_2012,Tata Steel Limited,2012,FIT,dataset/corpus_gap_audit/reconciled/gap_audit_document_reconciled.csv,document_id=INE081A01020_2012
report_era,pre_2015,INE081A01020_2013,Tata Steel Limited,2013,FIT,dataset/corpus_gap_audit/reconciled/gap_audit_document_reconciled.csv,document_id=INE081A01020_2013
report_era,pre_2015,INE119A01028_2012,Balrampur Chini Mills Limited,2012,HOLDOUT,dataset/corpus_gap_audit/reconciled/gap_audit_document_reconciled.csv,document_id=INE119A01028_2012
report_era,pre_2015,INE119A01028_2013,Balrampur Chini Mills Limited,2013,HOLDOUT,dataset/corpus_gap_audit/reconciled/gap_audit_document_reconciled.csv,document_id=INE119A01028_2013
report_era,pre_2015,INE151A01013_2012,Tata Communications Limited,2012,FIT,dataset/corpus_gap_audit/reconciled/gap_audit_document_reconciled.csv,document_id=INE151A01013_2012
report_era,pre_2015,INE151A01013_2013,Tata Communications Limited,2013,FIT,dataset/corpus_gap_audit/reconciled/gap_audit_document_reconciled.csv,document_id=INE151A01013_2013
report_era,pre_2015,INE154A01025_2012,ITC Limited,2012,VALIDATION,dataset/corpus_gap_audit/reconciled/gap_audit_document_reconciled.csv,document_id=INE154A01025_2012
report_era,pre_2015,INE154A01025_2013,ITC Limited,2013,VALIDATION,dataset/corpus_gap_audit/reconciled/gap_audit_document_reconciled.csv,document_id=INE154A01025_2013
report_era,pre_2015,INE171A01029_2012,The Federal Bank  Limited,2012,HOLDOUT,dataset/corpus_gap_audit/reconciled/gap_audit_document_reconciled.csv,document_id=INE171A01029_2012
report_era,pre_2015,INE171A01029_2013,The Federal Bank  Limited,2013,HOLDOUT,dataset/corpus_gap_audit/reconciled/gap_audit_document_reconciled.csv,document_id=INE171A01029_2013
report_era,pre_2015,INE191H01014_2012,PVR INOX Limited,2012,FIT,dataset/corpus_gap_audit/reconciled/gap_audit_document_reconciled.csv,document_id=INE191H01014_2012
report_era,pre_2015,INE191H01014_2013,PVR INOX Limited,2013,FIT,dataset/corpus_gap_audit/reconciled/gap_audit_document_reconciled.csv,document_id=INE191H01014_2013
report_era,pre_2015,INE192B01031_2012,Welspun Living Limited,2012,FIT,dataset/corpus_gap_audit/reconciled/gap_audit_document_reconciled.csv,document_id=INE192B01031_2012
report_era,pre_2015,INE192B01031_2013,Welspun Living Limited,2013,FIT,dataset/corpus_gap_audit/reconciled/gap_audit_document_reconciled.csv,document_id=INE192B01031_2013
report_era,pre_2015,INE226A01021_2012,Voltas Limited,2012,HOLDOUT,dataset/corpus_gap_audit/reconciled/gap_audit_document_reconciled.csv,document_id=INE226A01021_2012
report_era,pre_2015,INE226A01021_2013,Voltas Limited,2013,HOLDOUT,dataset/corpus_gap_audit/reconciled/gap_audit_document_reconciled.csv,document_id=INE226A01021_2013
report_era,pre_2015,INE482A01020_2012,CEAT Limited,2012,VALIDATION,dataset/corpus_gap_audit/reconciled/gap_audit_document_reconciled.csv,document_id=INE482A01020_2012
report_era,pre_2015,INE482A01020_2013,CEAT Limited,2013,VALIDATION,dataset/corpus_gap_audit/reconciled/gap_audit_document_reconciled.csv,document_id=INE482A01020_2013
report_era,pre_2015,INE761H01022_2012,Page Industries Limited,2012,FIT,dataset/corpus_gap_audit/reconciled/gap_audit_document_reconciled.csv,document_id=INE761H01022_2012
report_era,pre_2015,INE761H01022_2013,Page Industries Limited,2013,FIT,dataset/corpus_gap_audit/reconciled/gap_audit_document_reconciled.csv,document_id=INE761H01022_2013
report_era,pre_2015,INE797F01020_2012,Jubilant Foodworks Limited,2012,FIT,dataset/corpus_gap_audit/reconciled/gap_audit_document_reconciled.csv,document_id=INE797F01020_2012
report_era,pre_2015,INE797F01020_2013,Jubilant Foodworks Limited,2013,FIT,dataset/corpus_gap_audit/reconciled/gap_audit_document_reconciled.csv,document_id=INE797F01020_2013
report_era,post_2015,INE001B01026_2017,KRBL Limited,2017,VALIDATION,dataset/corpus_gap_audit/reconciled/gap_audit_document_reconciled.csv,document_id=INE001B01026_2017
report_era,post_2015,INE001B01026_2018,KRBL Limited,2018,VALIDATION,dataset/corpus_gap_audit/reconciled/gap_audit_document_reconciled.csv,document_id=INE001B01026_2018
report_era,post_2015,INE001B01026_2024,KRBL Limited,2024,VALIDATION,dataset/corpus_gap_audit/reconciled/gap_audit_document_reconciled.csv,document_id=INE001B01026_2024
report_era,post_2015,INE001B01026_2025,KRBL Limited,2025,VALIDATION,dataset/corpus_gap_audit/reconciled/gap_audit_document_reconciled.csv,document_id=INE001B01026_2025
report_era,post_2015,INE001F01019_2017,Modern Steels Limited,2017,FIT,dataset/corpus_gap_audit/reconciled/gap_audit_document_reconciled.csv,document_id=INE001F01019_2017
report_era,post_2015,INE001F01019_2018,Modern Steels Limited,2018,FIT,dataset/corpus_gap_audit/reconciled/gap_audit_document_reconciled.csv,document_id=INE001F01019_2018
report_era,post_2015,INE001F01019_2024,Modern Steels Limited,2024,FIT,dataset/corpus_gap_audit/reconciled/gap_audit_document_reconciled.csv,document_id=INE001F01019_2024
report_era,post_2015,INE001F01019_2025,Modern Steels Limited,2025,FIT,dataset/corpus_gap_audit/reconciled/gap_audit_document_reconciled.csv,document_id=INE001F01019_2025
report_era,post_2015,INE001O01029_2017,Risa International Limited,2017,HOLDOUT,dataset/corpus_gap_audit/reconciled/gap_audit_document_reconciled.csv,document_id=INE001O01029_2017
report_era,post_2015,INE001O01029_2018,Risa International Limited,2018,HOLDOUT,dataset/corpus_gap_audit/reconciled/gap_audit_document_reconciled.csv,document_id=INE001O01029_2018
report_era,post_2015,INE001O01029_2024,Risa International Limited,2024,HOLDOUT,dataset/corpus_gap_audit/reconciled/gap_audit_document_reconciled.csv,document_id=INE001O01029_2024
report_era,post_2015,INE001O01029_2025,Risa International Limited,2025,HOLDOUT,dataset/corpus_gap_audit/reconciled/gap_audit_document_reconciled.csv,document_id=INE001O01029_2025
report_era,post_2015,INE002A01018_2017,Reliance Industries Limited,2017,FIT,dataset/corpus_gap_audit/reconciled/gap_audit_document_reconciled.csv,document_id=INE002A01018_2017
report_era,post_2015,INE002A01018_2018,Reliance Industries Limited,2018,FIT,dataset/corpus_gap_audit/reconciled/gap_audit_document_reconciled.csv,document_id=INE002A01018_2018
report_era,post_2015,INE002A01018_2024,Reliance Industries Limited,2024,FIT,dataset/corpus_gap_audit/reconciled/gap_audit_document_reconciled.csv,document_id=INE002A01018_2024
report_era,post_2015,INE002A01018_2025,Reliance Industries Limited,2025,FIT,dataset/corpus_gap_audit/reconciled/gap_audit_document_reconciled.csv,document_id=INE002A01018_2025
report_era,post_2015,INE002B01016_2017,MADALA HOLDINGS LIMITED,2017,HOLDOUT,dataset/corpus_gap_audit/reconciled/gap_audit_document_reconciled.csv,document_id=INE002B01016_2017
report_era,post_2015,INE002B01016_2018,MADALA HOLDINGS LIMITED,2018,HOLDOUT,dataset/corpus_gap_audit/reconciled/gap_audit_document_reconciled.csv,document_id=INE002B01016_2018
report_era,post_2015,INE002B01016_2024,MADALA HOLDINGS LIMITED,2024,HOLDOUT,dataset/corpus_gap_audit/reconciled/gap_audit_document_reconciled.csv,document_id=INE002B01016_2024
report_era,post_2015,INE002B01016_2025,MADALA HOLDINGS LIMITED,2025,HOLDOUT,dataset/corpus_gap_audit/reconciled/gap_audit_document_reconciled.csv,document_id=INE002B01016_2025
report_era,post_2015,INE002E01010_2017,Sar  Auto Products Limited,2017,HOLDOUT,dataset/corpus_gap_audit/reconciled/gap_audit_document_reconciled.csv,document_id=INE002E01010_2017
report_era,post_2015,INE002E01010_2018,Sar  Auto Products Limited,2018,HOLDOUT,dataset/corpus_gap_audit/reconciled/gap_audit_document_reconciled.csv,document_id=INE002E01010_2018
report_era,post_2015,INE002E01010_2024,Sar  Auto Products Limited,2024,HOLDOUT,dataset/corpus_gap_audit/reconciled/gap_audit_document_reconciled.csv,document_id=INE002E01010_2024
report_era,post_2015,INE002E01010_2025,Sar  Auto Products Limited,2025,HOLDOUT,dataset/corpus_gap_audit/reconciled/gap_audit_document_reconciled.csv,document_id=INE002E01010_2025
report_era,post_2015,INE002L01015_2017,SJVN Limited,2017,HOLDOUT,dataset/corpus_gap_audit/reconciled/gap_audit_document_reconciled.csv,document_id=INE002L01015_2017
report_era,post_2015,INE002L01015_2018,SJVN Limited,2018,HOLDOUT,dataset/corpus_gap_audit/reconciled/gap_audit_document_reconciled.csv,document_id=INE002L01015_2018
report_era,post_2015,INE002L01015_2024,SJVN Limited,2024,HOLDOUT,dataset/corpus_gap_audit/reconciled/gap_audit_document_reconciled.csv,document_id=INE002L01015_2024
report_era,post_2015,INE002L01015_2025,SJVN Limited,2025,HOLDOUT,dataset/corpus_gap_audit/reconciled/gap_audit_document_reconciled.csv,document_id=INE002L01015_2025
report_era,post_2015,INE002S01010_2017,Mahanagar Gas Limited,2017,VALIDATION,dataset/corpus_gap_audit/reconciled/gap_audit_document_reconciled.csv,document_id=INE002S01010_2017
report_era,post_2015,INE002S01010_2018,Mahanagar Gas Limited,2018,VALIDATION,dataset/corpus_gap_audit/reconciled/gap_audit_document_reconciled.csv,document_id=INE002S01010_2018
report_era,post_2015,INE002S01010_2024,Mahanagar Gas Limited,2024,VALIDATION,dataset/corpus_gap_audit/reconciled/gap_audit_document_reconciled.csv,document_id=INE002S01010_2024
report_era,post_2015,INE002S01010_2025,Mahanagar Gas Limited,2025,VALIDATION,dataset/corpus_gap_audit/reconciled/gap_audit_document_reconciled.csv,document_id=INE002S01010_2025
report_era,post_2015,INE003B01014_2017,Inter State Oil Carrier Ltd,2017,FIT,dataset/corpus_gap_audit/reconciled/gap_audit_document_reconciled.csv,document_id=INE003B01014_2017
report_era,post_2015,INE003B01014_2018,Inter State Oil Carrier Ltd,2018,FIT,dataset/corpus_gap_audit/reconciled/gap_audit_document_reconciled.csv,document_id=INE003B01014_2018
report_era,post_2015,INE003B01014_2024,Inter State Oil Carrier Ltd,2024,FIT,dataset/corpus_gap_audit/reconciled/gap_audit_document_reconciled.csv,document_id=INE003B01014_2024
report_era,post_2015,INE003B01014_2025,Inter State Oil Carrier Ltd,2025,FIT,dataset/corpus_gap_audit/reconciled/gap_audit_document_reconciled.csv,document_id=INE003B01014_2025
report_era,post_2015,INE003F01015_2017,Muller & Phipps (India) Ltd.,2017,VALIDATION,dataset/corpus_gap_audit/reconciled/gap_audit_document_reconciled.csv,document_id=INE003F01015_2017
report_era,post_2015,INE003F01015_2018,Muller & Phipps (India) Ltd.,2018,VALIDATION,dataset/corpus_gap_audit/reconciled/gap_audit_document_reconciled.csv,document_id=INE003F01015_2018
report_era,post_2015,INE003F01015_2024,Muller & Phipps (India) Ltd.,2024,VALIDATION,dataset/corpus_gap_audit/reconciled/gap_audit_document_reconciled.csv,document_id=INE003F01015_2024
report_era,post_2015,INE003F01015_2025,Muller & Phipps (India) Ltd.,2025,VALIDATION,dataset/corpus_gap_audit/reconciled/gap_audit_document_reconciled.csv,document_id=INE003F01015_2025
report_era,post_2015,INE004C01028_2017,Gujarat Cotex Ltd,2017,FIT,dataset/corpus_gap_audit/reconciled/gap_audit_document_reconciled.csv,document_id=INE004C01028_2017
report_era,post_2015,INE004C01028_2018,Gujarat Cotex Ltd,2018,FIT,dataset/corpus_gap_audit/reconciled/gap_audit_document_reconciled.csv,document_id=INE004C01028_2018
report_era,post_2015,INE004C01028_2024,Gujarat Cotex Ltd,2024,FIT,dataset/corpus_gap_audit/reconciled/gap_audit_document_reconciled.csv,document_id=INE004C01028_2024
report_era,post_2015,INE004C01028_2025,Gujarat Cotex Ltd,2025,FIT,dataset/corpus_gap_audit/reconciled/gap_audit_document_reconciled.csv,document_id=INE004C01028_2025
report_era,post_2015,INE004E01016_2017,Span Divergent Limited,2017,FIT,dataset/corpus_gap_audit/reconciled/gap_audit_document_reconciled.csv,document_id=INE004E01016_2017
report_era,post_2015,INE004E01016_2018,Span Divergent Limited,2018,FIT,dataset/corpus_gap_audit/reconciled/gap_audit_document_reconciled.csv,document_id=INE004E01016_2018
report_era,post_2015,INE004E01016_2024,Span Divergent Limited,2024,FIT,dataset/corpus_gap_audit/reconciled/gap_audit_document_reconciled.csv,document_id=INE004E01016_2024
report_era,post_2015,INE004E01016_2025,Span Divergent Limited,2025,FIT,dataset/corpus_gap_audit/reconciled/gap_audit_document_reconciled.csv,document_id=INE004E01016_2025
report_era,post_2015,INE004Z01011_2024,Mac Hotels Limited,2024,FIT,dataset/corpus_gap_audit/reconciled/gap_audit_document_reconciled.csv,document_id=INE004Z01011_2024
report_era,post_2015,INE004Z01011_2025,Mac Hotels Limited,2025,FIT,dataset/corpus_gap_audit/reconciled/gap_audit_document_reconciled.csv,document_id=INE004Z01011_2025
report_era,post_2015,INE005E01013_2017,Ekansh Concepts Limited,2017,VALIDATION,dataset/corpus_gap_audit/reconciled/gap_audit_document_reconciled.csv,document_id=INE005E01013_2017
report_era,post_2015,INE005E01013_2018,Ekansh Concepts Limited,2018,VALIDATION,dataset/corpus_gap_audit/reconciled/gap_audit_document_reconciled.csv,document_id=INE005E01013_2018
report_era,post_2015,INE005E01013_2024,Ekansh Concepts Limited,2024,VALIDATION,dataset/corpus_gap_audit/reconciled/gap_audit_document_reconciled.csv,document_id=INE005E01013_2024
report_era,post_2015,INE005E01013_2025,Ekansh Concepts Limited,2025,VALIDATION,dataset/corpus_gap_audit/reconciled/gap_audit_document_reconciled.csv,document_id=INE005E01013_2025
report_era,post_2015,INE006C01015_2017,K.Z.Leasing & Finance Ltd.,2017,VALIDATION,dataset/corpus_gap_audit/reconciled/gap_audit_document_reconciled.csv,document_id=INE006C01015_2017
report_era,post_2015,INE006C01015_2018,K.Z.Leasing & Finance Ltd.,2018,VALIDATION,dataset/corpus_gap_audit/reconciled/gap_audit_document_reconciled.csv,document_id=INE006C01015_2018
report_era,post_2015,INE006C01015_2024,K.Z.Leasing & Finance Ltd.,2024,VALIDATION,dataset/corpus_gap_audit/reconciled/gap_audit_document_reconciled.csv,document_id=INE006C01015_2024
report_era,post_2015,INE006C01015_2025,K.Z.Leasing & Finance Ltd.,2025,VALIDATION,dataset/corpus_gap_audit/reconciled/gap_audit_document_reconciled.csv,document_id=INE006C01015_2025
report_era,post_2015,INE006I01046_2017,Astral Limited,2017,HOLDOUT,dataset/corpus_gap_audit/reconciled/gap_audit_document_reconciled.csv,document_id=INE006I01046_2017
report_era,post_2015,INE006I01046_2018,Astral Limited,2018,HOLDOUT,dataset/corpus_gap_audit/reconciled/gap_audit_document_reconciled.csv,document_id=INE006I01046_2018
report_era,post_2015,INE006I01046_2024,Astral Limited,2024,HOLDOUT,dataset/corpus_gap_audit/reconciled/gap_audit_document_reconciled.csv,document_id=INE006I01046_2024
report_era,post_2015,INE006I01046_2025,Astral Limited,2025,HOLDOUT,dataset/corpus_gap_audit/reconciled/gap_audit_document_reconciled.csv,document_id=INE006I01046_2025
report_era,post_2015,INE007A01025_2017,Crisil Limited,2017,FIT,dataset/corpus_gap_audit/reconciled/gap_audit_document_reconciled.csv,document_id=INE007A01025_2017
report_era,post_2015,INE007A01025_2018,Crisil Limited,2018,FIT,dataset/corpus_gap_audit/reconciled/gap_audit_document_reconciled.csv,document_id=INE007A01025_2018
report_era,post_2015,INE007A01025_2024,Crisil Limited,2024,FIT,dataset/corpus_gap_audit/reconciled/gap_audit_document_reconciled.csv,document_id=INE007A01025_2024
report_era,post_2015,INE007A01025_2025,Crisil Limited,2025,FIT,dataset/corpus_gap_audit/reconciled/gap_audit_document_reconciled.csv,document_id=INE007A01025_2025
report_era,post_2015,INE008A01015_2017,IDBI Bank Limited,2017,FIT,dataset/corpus_gap_audit/reconciled/gap_audit_document_reconciled.csv,document_id=INE008A01015_2017
report_era,post_2015,INE008A01015_2018,IDBI Bank Limited,2018,FIT,dataset/corpus_gap_audit/reconciled/gap_audit_document_reconciled.csv,document_id=INE008A01015_2018
report_era,post_2015,INE008A01015_2024,IDBI Bank Limited,2024,FIT,dataset/corpus_gap_audit/reconciled/gap_audit_document_reconciled.csv,document_id=INE008A01015_2024
report_era,post_2015,INE008A01015_2025,IDBI Bank Limited,2025,FIT,dataset/corpus_gap_audit/reconciled/gap_audit_document_reconciled.csv,document_id=INE008A01015_2025
report_era,post_2015,INE009A01021_2017,Infosys Limited,2017,VALIDATION,dataset/corpus_gap_audit/reconciled/gap_audit_document_reconciled.csv,document_id=INE009A01021_2017
report_era,post_2015,INE009A01021_2018,Infosys Limited,2018,VALIDATION,dataset/corpus_gap_audit/reconciled/gap_audit_document_reconciled.csv,document_id=INE009A01021_2018
report_era,post_2015,INE009A01021_2024,Infosys Limited,2024,VALIDATION,dataset/corpus_gap_audit/reconciled/gap_audit_document_reconciled.csv,document_id=INE009A01021_2024
report_era,post_2015,INE009A01021_2025,Infosys Limited,2025,VALIDATION,dataset/corpus_gap_audit/reconciled/gap_audit_document_reconciled.csv,document_id=INE009A01021_2025
report_era,post_2015,INE00E101023_2024,Bikaji Foods International Limited,2024,FIT,dataset/corpus_gap_audit/reconciled/gap_audit_document_reconciled.csv,document_id=INE00E101023_2024
report_era,post_2015,INE00E101023_2025,Bikaji Foods International Limited,2025,FIT,dataset/corpus_gap_audit/reconciled/gap_audit_document_reconciled.csv,document_id=INE00E101023_2025
report_era,post_2015,INE00FF01025_2015,Acutaas Chemicals Limited,2015,FIT,dataset/corpus_gap_audit/reconciled/gap_audit_document_reconciled.csv,document_id=INE00FF01025_2015
report_era,post_2015,INE00FF01025_2024,Acutaas Chemicals Limited,2024,FIT,dataset/corpus_gap_audit/reconciled/gap_audit_document_reconciled.csv,document_id=INE00FF01025_2024
report_era,post_2015,INE00FF01025_2025,Acutaas Chemicals Limited,2025,FIT,dataset/corpus_gap_audit/reconciled/gap_audit_document_reconciled.csv,document_id=INE00FF01025_2025
report_era,post_2015,INE00LO01017_2015,Craftsman Automation Limited,2015,FIT,dataset/corpus_gap_audit/reconciled/gap_audit_document_reconciled.csv,document_id=INE00LO01017_2015
report_era,post_2015,INE00LO01017_2024,Craftsman Automation Limited,2024,FIT,dataset/corpus_gap_audit/reconciled/gap_audit_document_reconciled.csv,document_id=INE00LO01017_2024
report_era,post_2015,INE00LO01017_2025,Craftsman Automation Limited,2025,FIT,dataset/corpus_gap_audit/reconciled/gap_audit_document_reconciled.csv,document_id=INE00LO01017_2025
report_era,post_2015,INE00WC01027_2024,Affle 3i Limited,2024,VALIDATION,dataset/corpus_gap_audit/reconciled/gap_audit_document_reconciled.csv,document_id=INE00WC01027_2024
report_era,post_2015,INE00WC01027_2025,Affle 3i Limited,2025,VALIDATION,dataset/corpus_gap_audit/reconciled/gap_audit_document_reconciled.csv,document_id=INE00WC01027_2025
report_era,post_2015,INE040A01034_2017,HDFC Bank Limited,2017,FIT,dataset/corpus_gap_audit/reconciled/gap_audit_document_reconciled.csv,document_id=INE040A01034_2017
report_era,post_2015,INE040A01034_2018,HDFC Bank Limited,2018,FIT,dataset/corpus_gap_audit/reconciled/gap_audit_document_reconciled.csv,document_id=INE040A01034_2018
report_era,post_2015,INE040A01034_2024,HDFC Bank Limited,2024,FIT,dataset/corpus_gap_audit/reconciled/gap_audit_document_reconciled.csv,document_id=INE040A01034_2024
report_era,post_2015,INE040A01034_2025,HDFC Bank Limited,2025,FIT,dataset/corpus_gap_audit/reconciled/gap_audit_document_reconciled.csv,document_id=INE040A01034_2025
report_era,post_2015,INE044A01036_2017,Sun Pharmaceutical Industries Limited,2017,HOLDOUT,dataset/corpus_gap_audit/reconciled/gap_audit_document_reconciled.csv,document_id=INE044A01036_2017
report_era,post_2015,INE044A01036_2018,Sun Pharmaceutical Industries Limited,2018,HOLDOUT,dataset/corpus_gap_audit/reconciled/gap_audit_document_reconciled.csv,document_id=INE044A01036_2018
report_era,post_2015,INE044A01036_2024,Sun Pharmaceutical Industries Limited,2024,HOLDOUT,dataset/corpus_gap_audit/reconciled/gap_audit_document_reconciled.csv,document_id=INE044A01036_2024
report_era,post_2015,INE044A01036_2025,Sun Pharmaceutical Industries Limited,2025,HOLDOUT,dataset/corpus_gap_audit/reconciled/gap_audit_document_reconciled.csv,document_id=INE044A01036_2025
report_era,post_2015,INE081A01020_2017,Tata Steel Limited,2017,FIT,dataset/corpus_gap_audit/reconciled/gap_audit_document_reconciled.csv,document_id=INE081A01020_2017
report_era,post_2015,INE081A01020_2018,Tata Steel Limited,2018,FIT,dataset/corpus_gap_audit/reconciled/gap_audit_document_reconciled.csv,document_id=INE081A01020_2018
report_era,post_2015,INE081A01020_2024,Tata Steel Limited,2024,FIT,dataset/corpus_gap_audit/reconciled/gap_audit_document_reconciled.csv,document_id=INE081A01020_2024
report_era,post_2015,INE081A01020_2025,Tata Steel Limited,2025,FIT,dataset/corpus_gap_audit/reconciled/gap_audit_document_reconciled.csv,document_id=INE081A01020_2025
report_era,post_2015,INE119A01028_2017,Balrampur Chini Mills Limited,2017,HOLDOUT,dataset/corpus_gap_audit/reconciled/gap_audit_document_reconciled.csv,document_id=INE119A01028_2017
report_era,post_2015,INE119A01028_2018,Balrampur Chini Mills Limited,2018,HOLDOUT,dataset/corpus_gap_audit/reconciled/gap_audit_document_reconciled.csv,document_id=INE119A01028_2018
report_era,post_2015,INE119A01028_2024,Balrampur Chini Mills Limited,2024,HOLDOUT,dataset/corpus_gap_audit/reconciled/gap_audit_document_reconciled.csv,document_id=INE119A01028_2024
report_era,post_2015,INE119A01028_2025,Balrampur Chini Mills Limited,2025,HOLDOUT,dataset/corpus_gap_audit/reconciled/gap_audit_document_reconciled.csv,document_id=INE119A01028_2025
report_era,post_2015,INE151A01013_2017,Tata Communications Limited,2017,FIT,dataset/corpus_gap_audit/reconciled/gap_audit_document_reconciled.csv,document_id=INE151A01013_2017
report_era,post_2015,INE151A01013_2018,Tata Communications Limited,2018,FIT,dataset/corpus_gap_audit/reconciled/gap_audit_document_reconciled.csv,document_id=INE151A01013_2018
report_era,post_2015,INE151A01013_2024,Tata Communications Limited,2024,FIT,dataset/corpus_gap_audit/reconciled/gap_audit_document_reconciled.csv,document_id=INE151A01013_2024
report_era,post_2015,INE151A01013_2025,Tata Communications Limited,2025,FIT,dataset/corpus_gap_audit/reconciled/gap_audit_document_reconciled.csv,document_id=INE151A01013_2025
report_era,post_2015,INE154A01025_2017,ITC Limited,2017,VALIDATION,dataset/corpus_gap_audit/reconciled/gap_audit_document_reconciled.csv,document_id=INE154A01025_2017
report_era,post_2015,INE154A01025_2018,ITC Limited,2018,VALIDATION,dataset/corpus_gap_audit/reconciled/gap_audit_document_reconciled.csv,document_id=INE154A01025_2018
report_era,post_2015,INE154A01025_2024,ITC Limited,2024,VALIDATION,dataset/corpus_gap_audit/reconciled/gap_audit_document_reconciled.csv,document_id=INE154A01025_2024
report_era,post_2015,INE154A01025_2025,ITC Limited,2025,VALIDATION,dataset/corpus_gap_audit/reconciled/gap_audit_document_reconciled.csv,document_id=INE154A01025_2025
report_era,post_2015,INE171A01029_2017,The Federal Bank  Limited,2017,HOLDOUT,dataset/corpus_gap_audit/reconciled/gap_audit_document_reconciled.csv,document_id=INE171A01029_2017
report_era,post_2015,INE171A01029_2018,The Federal Bank  Limited,2018,HOLDOUT,dataset/corpus_gap_audit/reconciled/gap_audit_document_reconciled.csv,document_id=INE171A01029_2018
report_era,post_2015,INE171A01029_2024,The Federal Bank  Limited,2024,HOLDOUT,dataset/corpus_gap_audit/reconciled/gap_audit_document_reconciled.csv,document_id=INE171A01029_2024
report_era,post_2015,INE171A01029_2025,The Federal Bank  Limited,2025,HOLDOUT,dataset/corpus_gap_audit/reconciled/gap_audit_document_reconciled.csv,document_id=INE171A01029_2025
report_era,post_2015,INE191H01014_2017,PVR INOX Limited,2017,FIT,dataset/corpus_gap_audit/reconciled/gap_audit_document_reconciled.csv,document_id=INE191H01014_2017
report_era,post_2015,INE191H01014_2018,PVR INOX Limited,2018,FIT,dataset/corpus_gap_audit/reconciled/gap_audit_document_reconciled.csv,document_id=INE191H01014_2018
report_era,post_2015,INE191H01014_2024,PVR INOX Limited,2024,FIT,dataset/corpus_gap_audit/reconciled/gap_audit_document_reconciled.csv,document_id=INE191H01014_2024
report_era,post_2015,INE191H01014_2025,PVR INOX Limited,2025,FIT,dataset/corpus_gap_audit/reconciled/gap_audit_document_reconciled.csv,document_id=INE191H01014_2025
report_era,post_2015,INE192B01031_2017,Welspun Living Limited,2017,FIT,dataset/corpus_gap_audit/reconciled/gap_audit_document_reconciled.csv,document_id=INE192B01031_2017
report_era,post_2015,INE192B01031_2018,Welspun Living Limited,2018,FIT,dataset/corpus_gap_audit/reconciled/gap_audit_document_reconciled.csv,document_id=INE192B01031_2018
report_era,post_2015,INE192B01031_2024,Welspun Living Limited,2024,FIT,dataset/corpus_gap_audit/reconciled/gap_audit_document_reconciled.csv,document_id=INE192B01031_2024
report_era,post_2015,INE192B01031_2025,Welspun Living Limited,2025,FIT,dataset/corpus_gap_audit/reconciled/gap_audit_document_reconciled.csv,document_id=INE192B01031_2025
report_era,post_2015,INE226A01021_2017,Voltas Limited,2017,HOLDOUT,dataset/corpus_gap_audit/reconciled/gap_audit_document_reconciled.csv,document_id=INE226A01021_2017
report_era,post_2015,INE226A01021_2018,Voltas Limited,2018,HOLDOUT,dataset/corpus_gap_audit/reconciled/gap_audit_document_reconciled.csv,document_id=INE226A01021_2018
report_era,post_2015,INE226A01021_2024,Voltas Limited,2024,HOLDOUT,dataset/corpus_gap_audit/reconciled/gap_audit_document_reconciled.csv,document_id=INE226A01021_2024
report_era,post_2015,INE226A01021_2025,Voltas Limited,2025,HOLDOUT,dataset/corpus_gap_audit/reconciled/gap_audit_document_reconciled.csv,document_id=INE226A01021_2025
report_era,post_2015,INE482A01020_2017,CEAT Limited,2017,VALIDATION,dataset/corpus_gap_audit/reconciled/gap_audit_document_reconciled.csv,document_id=INE482A01020_2017
report_era,post_2015,INE482A01020_2018,CEAT Limited,2018,VALIDATION,dataset/corpus_gap_audit/reconciled/gap_audit_document_reconciled.csv,document_id=INE482A01020_2018
report_era,post_2015,INE482A01020_2024,CEAT Limited,2024,VALIDATION,dataset/corpus_gap_audit/reconciled/gap_audit_document_reconciled.csv,document_id=INE482A01020_2024
report_era,post_2015,INE482A01020_2025,CEAT Limited,2025,VALIDATION,dataset/corpus_gap_audit/reconciled/gap_audit_document_reconciled.csv,document_id=INE482A01020_2025
report_era,post_2015,INE761H01022_2017,Page Industries Limited,2017,FIT,dataset/corpus_gap_audit/reconciled/gap_audit_document_reconciled.csv,document_id=INE761H01022_2017
report_era,post_2015,INE761H01022_2018,Page Industries Limited,2018,FIT,dataset/corpus_gap_audit/reconciled/gap_audit_document_reconciled.csv,document_id=INE761H01022_2018
report_era,post_2015,INE761H01022_2024,Page Industries Limited,2024,FIT,dataset/corpus_gap_audit/reconciled/gap_audit_document_reconciled.csv,document_id=INE761H01022_2024
report_era,post_2015,INE761H01022_2025,Page Industries Limited,2025,FIT,dataset/corpus_gap_audit/reconciled/gap_audit_document_reconciled.csv,document_id=INE761H01022_2025
report_era,post_2015,INE797F01020_2017,Jubilant Foodworks Limited,2017,FIT,dataset/corpus_gap_audit/reconciled/gap_audit_document_reconciled.csv,document_id=INE797F01020_2017
report_era,post_2015,INE797F01020_2018,Jubilant Foodworks Limited,2018,FIT,dataset/corpus_gap_audit/reconciled/gap_audit_document_reconciled.csv,document_id=INE797F01020_2018
report_era,post_2015,INE797F01020_2024,Jubilant Foodworks Limited,2024,FIT,dataset/corpus_gap_audit/reconciled/gap_audit_document_reconciled.csv,document_id=INE797F01020_2024
report_era,post_2015,INE797F01020_2025,Jubilant Foodworks Limited,2025,FIT,dataset/corpus_gap_audit/reconciled/gap_audit_document_reconciled.csv,document_id=INE797F01020_2025
ocr_layer_presence,has_ocr_layer_pages,INE001B01026_2012,KRBL Limited,2012,VALIDATION,dataset/corpus_gap_audit/reconciled/gap_audit_document_reconciled.csv,document_id=INE001B01026_2012
ocr_layer_presence,has_ocr_layer_pages,INE001B01026_2017,KRBL Limited,2017,VALIDATION,dataset/corpus_gap_audit/reconciled/gap_audit_document_reconciled.csv,document_id=INE001B01026_2017
ocr_layer_presence,has_ocr_layer_pages,INE001B01026_2018,KRBL Limited,2018,VALIDATION,dataset/corpus_gap_audit/reconciled/gap_audit_document_reconciled.csv,document_id=INE001B01026_2018
ocr_layer_presence,has_ocr_layer_pages,INE001B01026_2024,KRBL Limited,2024,VALIDATION,dataset/corpus_gap_audit/reconciled/gap_audit_document_reconciled.csv,document_id=INE001B01026_2024
ocr_layer_presence,has_ocr_layer_pages,INE001B01026_2025,KRBL Limited,2025,VALIDATION,dataset/corpus_gap_audit/reconciled/gap_audit_document_reconciled.csv,document_id=INE001B01026_2025
ocr_layer_presence,has_ocr_layer_pages,INE001O01029_2024,Risa International Limited,2024,HOLDOUT,dataset/corpus_gap_audit/reconciled/gap_audit_document_reconciled.csv,document_id=INE001O01029_2024
ocr_layer_presence,has_ocr_layer_pages,INE001O01029_2025,Risa International Limited,2025,HOLDOUT,dataset/corpus_gap_audit/reconciled/gap_audit_document_reconciled.csv,document_id=INE001O01029_2025
ocr_layer_presence,has_ocr_layer_pages,INE002A01018_2012,Reliance Industries Limited,2012,FIT,dataset/corpus_gap_audit/reconciled/gap_audit_document_reconciled.csv,document_id=INE002A01018_2012
ocr_layer_presence,has_ocr_layer_pages,INE002A01018_2013,Reliance Industries Limited,2013,FIT,dataset/corpus_gap_audit/reconciled/gap_audit_document_reconciled.csv,document_id=INE002A01018_2013
ocr_layer_presence,has_ocr_layer_pages,INE002A01018_2017,Reliance Industries Limited,2017,FIT,dataset/corpus_gap_audit/reconciled/gap_audit_document_reconciled.csv,document_id=INE002A01018_2017
ocr_layer_presence,has_ocr_layer_pages,INE002A01018_2018,Reliance Industries Limited,2018,FIT,dataset/corpus_gap_audit/reconciled/gap_audit_document_reconciled.csv,document_id=INE002A01018_2018
ocr_layer_presence,has_ocr_layer_pages,INE002B01016_2012,MADALA HOLDINGS LIMITED,2012,HOLDOUT,dataset/corpus_gap_audit/reconciled/gap_audit_document_reconciled.csv,document_id=INE002B01016_2012
ocr_layer_presence,has_ocr_layer_pages,INE002B01016_2013,MADALA HOLDINGS LIMITED,2013,HOLDOUT,dataset/corpus_gap_audit/reconciled/gap_audit_document_reconciled.csv,document_id=INE002B01016_2013
ocr_layer_presence,has_ocr_layer_pages,INE002B01016_2017,MADALA HOLDINGS LIMITED,2017,HOLDOUT,dataset/corpus_gap_audit/reconciled/gap_audit_document_reconciled.csv,document_id=INE002B01016_2017
ocr_layer_presence,has_ocr_layer_pages,INE002B01016_2025,MADALA HOLDINGS LIMITED,2025,HOLDOUT,dataset/corpus_gap_audit/reconciled/gap_audit_document_reconciled.csv,document_id=INE002B01016_2025
ocr_layer_presence,has_ocr_layer_pages,INE002E01010_2018,Sar  Auto Products Limited,2018,HOLDOUT,dataset/corpus_gap_audit/reconciled/gap_audit_document_reconciled.csv,document_id=INE002E01010_2018
ocr_layer_presence,has_ocr_layer_pages,INE002L01015_2025,SJVN Limited,2025,HOLDOUT,dataset/corpus_gap_audit/reconciled/gap_audit_document_reconciled.csv,document_id=INE002L01015_2025
ocr_layer_presence,has_ocr_layer_pages,INE002S01010_2017,Mahanagar Gas Limited,2017,VALIDATION,dataset/corpus_gap_audit/reconciled/gap_audit_document_reconciled.csv,document_id=INE002S01010_2017
ocr_layer_presence,has_ocr_layer_pages,INE002S01010_2018,Mahanagar Gas Limited,2018,VALIDATION,dataset/corpus_gap_audit/reconciled/gap_audit_document_reconciled.csv,document_id=INE002S01010_2018
ocr_layer_presence,has_ocr_layer_pages,INE002S01010_2025,Mahanagar Gas Limited,2025,VALIDATION,dataset/corpus_gap_audit/reconciled/gap_audit_document_reconciled.csv,document_id=INE002S01010_2025
ocr_layer_presence,has_ocr_layer_pages,INE003B01014_2018,Inter State Oil Carrier Ltd,2018,FIT,dataset/corpus_gap_audit/reconciled/gap_audit_document_reconciled.csv,document_id=INE003B01014_2018
ocr_layer_presence,has_ocr_layer_pages,INE004C01028_2025,Gujarat Cotex Ltd,2025,FIT,dataset/corpus_gap_audit/reconciled/gap_audit_document_reconciled.csv,document_id=INE004C01028_2025
ocr_layer_presence,has_ocr_layer_pages,INE004E01016_2024,Span Divergent Limited,2024,FIT,dataset/corpus_gap_audit/reconciled/gap_audit_document_reconciled.csv,document_id=INE004E01016_2024
ocr_layer_presence,has_ocr_layer_pages,INE004E01016_2025,Span Divergent Limited,2025,FIT,dataset/corpus_gap_audit/reconciled/gap_audit_document_reconciled.csv,document_id=INE004E01016_2025
ocr_layer_presence,has_ocr_layer_pages,INE004Z01011_2025,Mac Hotels Limited,2025,FIT,dataset/corpus_gap_audit/reconciled/gap_audit_document_reconciled.csv,document_id=INE004Z01011_2025
ocr_layer_presence,has_ocr_layer_pages,INE005E01013_2012,Ekansh Concepts Limited,2012,VALIDATION,dataset/corpus_gap_audit/reconciled/gap_audit_document_reconciled.csv,document_id=INE005E01013_2012
ocr_layer_presence,has_ocr_layer_pages,INE005E01013_2013,Ekansh Concepts Limited,2013,VALIDATION,dataset/corpus_gap_audit/reconciled/gap_audit_document_reconciled.csv,document_id=INE005E01013_2013
ocr_layer_presence,has_ocr_layer_pages,INE005E01013_2017,Ekansh Concepts Limited,2017,VALIDATION,dataset/corpus_gap_audit/reconciled/gap_audit_document_reconciled.csv,document_id=INE005E01013_2017
ocr_layer_presence,has_ocr_layer_pages,INE005E01013_2018,Ekansh Concepts Limited,2018,VALIDATION,dataset/corpus_gap_audit/reconciled/gap_audit_document_reconciled.csv,document_id=INE005E01013_2018
ocr_layer_presence,has_ocr_layer_pages,INE005E01013_2024,Ekansh Concepts Limited,2024,VALIDATION,dataset/corpus_gap_audit/reconciled/gap_audit_document_reconciled.csv,document_id=INE005E01013_2024
ocr_layer_presence,has_ocr_layer_pages,INE005E01013_2025,Ekansh Concepts Limited,2025,VALIDATION,dataset/corpus_gap_audit/reconciled/gap_audit_document_reconciled.csv,document_id=INE005E01013_2025
ocr_layer_presence,has_ocr_layer_pages,INE006C01015_2012,K.Z.Leasing & Finance Ltd.,2012,VALIDATION,dataset/corpus_gap_audit/reconciled/gap_audit_document_reconciled.csv,document_id=INE006C01015_2012
ocr_layer_presence,has_ocr_layer_pages,INE006I01046_2012,Astral Limited,2012,HOLDOUT,dataset/corpus_gap_audit/reconciled/gap_audit_document_reconciled.csv,document_id=INE006I01046_2012
ocr_layer_presence,has_ocr_layer_pages,INE006I01046_2013,Astral Limited,2013,HOLDOUT,dataset/corpus_gap_audit/reconciled/gap_audit_document_reconciled.csv,document_id=INE006I01046_2013
ocr_layer_presence,has_ocr_layer_pages,INE006I01046_2018,Astral Limited,2018,HOLDOUT,dataset/corpus_gap_audit/reconciled/gap_audit_document_reconciled.csv,document_id=INE006I01046_2018
ocr_layer_presence,has_ocr_layer_pages,INE006I01046_2024,Astral Limited,2024,HOLDOUT,dataset/corpus_gap_audit/reconciled/gap_audit_document_reconciled.csv,document_id=INE006I01046_2024
ocr_layer_presence,has_ocr_layer_pages,INE007A01025_2012,Crisil Limited,2012,FIT,dataset/corpus_gap_audit/reconciled/gap_audit_document_reconciled.csv,document_id=INE007A01025_2012
ocr_layer_presence,has_ocr_layer_pages,INE007A01025_2013,Crisil Limited,2013,FIT,dataset/corpus_gap_audit/reconciled/gap_audit_document_reconciled.csv,document_id=INE007A01025_2013
ocr_layer_presence,has_ocr_layer_pages,INE007A01025_2017,Crisil Limited,2017,FIT,dataset/corpus_gap_audit/reconciled/gap_audit_document_reconciled.csv,document_id=INE007A01025_2017
ocr_layer_presence,has_ocr_layer_pages,INE007A01025_2024,Crisil Limited,2024,FIT,dataset/corpus_gap_audit/reconciled/gap_audit_document_reconciled.csv,document_id=INE007A01025_2024
ocr_layer_presence,has_ocr_layer_pages,INE007A01025_2025,Crisil Limited,2025,FIT,dataset/corpus_gap_audit/reconciled/gap_audit_document_reconciled.csv,document_id=INE007A01025_2025
ocr_layer_presence,has_ocr_layer_pages,INE008A01015_2013,IDBI Bank Limited,2013,FIT,dataset/corpus_gap_audit/reconciled/gap_audit_document_reconciled.csv,document_id=INE008A01015_2013
ocr_layer_presence,has_ocr_layer_pages,INE008A01015_2017,IDBI Bank Limited,2017,FIT,dataset/corpus_gap_audit/reconciled/gap_audit_document_reconciled.csv,document_id=INE008A01015_2017
ocr_layer_presence,has_ocr_layer_pages,INE008A01015_2018,IDBI Bank Limited,2018,FIT,dataset/corpus_gap_audit/reconciled/gap_audit_document_reconciled.csv,document_id=INE008A01015_2018
ocr_layer_presence,has_ocr_layer_pages,INE009A01021_2018,Infosys Limited,2018,VALIDATION,dataset/corpus_gap_audit/reconciled/gap_audit_document_reconciled.csv,document_id=INE009A01021_2018
ocr_layer_presence,has_ocr_layer_pages,INE009A01021_2024,Infosys Limited,2024,VALIDATION,dataset/corpus_gap_audit/reconciled/gap_audit_document_reconciled.csv,document_id=INE009A01021_2024
ocr_layer_presence,has_ocr_layer_pages,INE009A01021_2025,Infosys Limited,2025,VALIDATION,dataset/corpus_gap_audit/reconciled/gap_audit_document_reconciled.csv,document_id=INE009A01021_2025
ocr_layer_presence,has_ocr_layer_pages,INE00FF01025_2024,Acutaas Chemicals Limited,2024,FIT,dataset/corpus_gap_audit/reconciled/gap_audit_document_reconciled.csv,document_id=INE00FF01025_2024
ocr_layer_presence,has_ocr_layer_pages,INE00FF01025_2025,Acutaas Chemicals Limited,2025,FIT,dataset/corpus_gap_audit/reconciled/gap_audit_document_reconciled.csv,document_id=INE00FF01025_2025
ocr_layer_presence,has_ocr_layer_pages,INE040A01034_2013,HDFC Bank Limited,2013,FIT,dataset/corpus_gap_audit/reconciled/gap_audit_document_reconciled.csv,document_id=INE040A01034_2013
ocr_layer_presence,has_ocr_layer_pages,INE040A01034_2018,HDFC Bank Limited,2018,FIT,dataset/corpus_gap_audit/reconciled/gap_audit_document_reconciled.csv,document_id=INE040A01034_2018
ocr_layer_presence,has_ocr_layer_pages,INE040A01034_2024,HDFC Bank Limited,2024,FIT,dataset/corpus_gap_audit/reconciled/gap_audit_document_reconciled.csv,document_id=INE040A01034_2024
ocr_layer_presence,has_ocr_layer_pages,INE040A01034_2025,HDFC Bank Limited,2025,FIT,dataset/corpus_gap_audit/reconciled/gap_audit_document_reconciled.csv,document_id=INE040A01034_2025
ocr_layer_presence,has_ocr_layer_pages,INE044A01036_2017,Sun Pharmaceutical Industries Limited,2017,HOLDOUT,dataset/corpus_gap_audit/reconciled/gap_audit_document_reconciled.csv,document_id=INE044A01036_2017
ocr_layer_presence,has_ocr_layer_pages,INE044A01036_2024,Sun Pharmaceutical Industries Limited,2024,HOLDOUT,dataset/corpus_gap_audit/reconciled/gap_audit_document_reconciled.csv,document_id=INE044A01036_2024
ocr_layer_presence,has_ocr_layer_pages,INE044A01036_2025,Sun Pharmaceutical Industries Limited,2025,HOLDOUT,dataset/corpus_gap_audit/reconciled/gap_audit_document_reconciled.csv,document_id=INE044A01036_2025
ocr_layer_presence,has_ocr_layer_pages,INE081A01020_2012,Tata Steel Limited,2012,FIT,dataset/corpus_gap_audit/reconciled/gap_audit_document_reconciled.csv,document_id=INE081A01020_2012
ocr_layer_presence,has_ocr_layer_pages,INE081A01020_2017,Tata Steel Limited,2017,FIT,dataset/corpus_gap_audit/reconciled/gap_audit_document_reconciled.csv,document_id=INE081A01020_2017
ocr_layer_presence,has_ocr_layer_pages,INE081A01020_2018,Tata Steel Limited,2018,FIT,dataset/corpus_gap_audit/reconciled/gap_audit_document_reconciled.csv,document_id=INE081A01020_2018
ocr_layer_presence,has_ocr_layer_pages,INE081A01020_2024,Tata Steel Limited,2024,FIT,dataset/corpus_gap_audit/reconciled/gap_audit_document_reconciled.csv,document_id=INE081A01020_2024
ocr_layer_presence,has_ocr_layer_pages,INE081A01020_2025,Tata Steel Limited,2025,FIT,dataset/corpus_gap_audit/reconciled/gap_audit_document_reconciled.csv,document_id=INE081A01020_2025
ocr_layer_presence,has_ocr_layer_pages,INE119A01028_2012,Balrampur Chini Mills Limited,2012,HOLDOUT,dataset/corpus_gap_audit/reconciled/gap_audit_document_reconciled.csv,document_id=INE119A01028_2012
ocr_layer_presence,has_ocr_layer_pages,INE119A01028_2013,Balrampur Chini Mills Limited,2013,HOLDOUT,dataset/corpus_gap_audit/reconciled/gap_audit_document_reconciled.csv,document_id=INE119A01028_2013
ocr_layer_presence,has_ocr_layer_pages,INE119A01028_2017,Balrampur Chini Mills Limited,2017,HOLDOUT,dataset/corpus_gap_audit/reconciled/gap_audit_document_reconciled.csv,document_id=INE119A01028_2017
ocr_layer_presence,has_ocr_layer_pages,INE119A01028_2018,Balrampur Chini Mills Limited,2018,HOLDOUT,dataset/corpus_gap_audit/reconciled/gap_audit_document_reconciled.csv,document_id=INE119A01028_2018
ocr_layer_presence,has_ocr_layer_pages,INE119A01028_2024,Balrampur Chini Mills Limited,2024,HOLDOUT,dataset/corpus_gap_audit/reconciled/gap_audit_document_reconciled.csv,document_id=INE119A01028_2024
ocr_layer_presence,has_ocr_layer_pages,INE119A01028_2025,Balrampur Chini Mills Limited,2025,HOLDOUT,dataset/corpus_gap_audit/reconciled/gap_audit_document_reconciled.csv,document_id=INE119A01028_2025
ocr_layer_presence,has_ocr_layer_pages,INE151A01013_2012,Tata Communications Limited,2012,FIT,dataset/corpus_gap_audit/reconciled/gap_audit_document_reconciled.csv,document_id=INE151A01013_2012
ocr_layer_presence,has_ocr_layer_pages,INE151A01013_2017,Tata Communications Limited,2017,FIT,dataset/corpus_gap_audit/reconciled/gap_audit_document_reconciled.csv,document_id=INE151A01013_2017
ocr_layer_presence,has_ocr_layer_pages,INE151A01013_2018,Tata Communications Limited,2018,FIT,dataset/corpus_gap_audit/reconciled/gap_audit_document_reconciled.csv,document_id=INE151A01013_2018
ocr_layer_presence,has_ocr_layer_pages,INE151A01013_2024,Tata Communications Limited,2024,FIT,dataset/corpus_gap_audit/reconciled/gap_audit_document_reconciled.csv,document_id=INE151A01013_2024
ocr_layer_presence,has_ocr_layer_pages,INE151A01013_2025,Tata Communications Limited,2025,FIT,dataset/corpus_gap_audit/reconciled/gap_audit_document_reconciled.csv,document_id=INE151A01013_2025
ocr_layer_presence,has_ocr_layer_pages,INE154A01025_2017,ITC Limited,2017,VALIDATION,dataset/corpus_gap_audit/reconciled/gap_audit_document_reconciled.csv,document_id=INE154A01025_2017
ocr_layer_presence,has_ocr_layer_pages,INE154A01025_2025,ITC Limited,2025,VALIDATION,dataset/corpus_gap_audit/reconciled/gap_audit_document_reconciled.csv,document_id=INE154A01025_2025
ocr_layer_presence,has_ocr_layer_pages,INE171A01029_2013,The Federal Bank  Limited,2013,HOLDOUT,dataset/corpus_gap_audit/reconciled/gap_audit_document_reconciled.csv,document_id=INE171A01029_2013
ocr_layer_presence,has_ocr_layer_pages,INE171A01029_2024,The Federal Bank  Limited,2024,HOLDOUT,dataset/corpus_gap_audit/reconciled/gap_audit_document_reconciled.csv,document_id=INE171A01029_2024
ocr_layer_presence,has_ocr_layer_pages,INE191H01014_2017,PVR INOX Limited,2017,FIT,dataset/corpus_gap_audit/reconciled/gap_audit_document_reconciled.csv,document_id=INE191H01014_2017
ocr_layer_presence,has_ocr_layer_pages,INE191H01014_2018,PVR INOX Limited,2018,FIT,dataset/corpus_gap_audit/reconciled/gap_audit_document_reconciled.csv,document_id=INE191H01014_2018
ocr_layer_presence,has_ocr_layer_pages,INE191H01014_2024,PVR INOX Limited,2024,FIT,dataset/corpus_gap_audit/reconciled/gap_audit_document_reconciled.csv,document_id=INE191H01014_2024
ocr_layer_presence,has_ocr_layer_pages,INE191H01014_2025,PVR INOX Limited,2025,FIT,dataset/corpus_gap_audit/reconciled/gap_audit_document_reconciled.csv,document_id=INE191H01014_2025
ocr_layer_presence,has_ocr_layer_pages,INE192B01031_2012,Welspun Living Limited,2012,FIT,dataset/corpus_gap_audit/reconciled/gap_audit_document_reconciled.csv,document_id=INE192B01031_2012
ocr_layer_presence,has_ocr_layer_pages,INE192B01031_2018,Welspun Living Limited,2018,FIT,dataset/corpus_gap_audit/reconciled/gap_audit_document_reconciled.csv,document_id=INE192B01031_2018
ocr_layer_presence,has_ocr_layer_pages,INE192B01031_2024,Welspun Living Limited,2024,FIT,dataset/corpus_gap_audit/reconciled/gap_audit_document_reconciled.csv,document_id=INE192B01031_2024
ocr_layer_presence,has_ocr_layer_pages,INE192B01031_2025,Welspun Living Limited,2025,FIT,dataset/corpus_gap_audit/reconciled/gap_audit_document_reconciled.csv,document_id=INE192B01031_2025
ocr_layer_presence,has_ocr_layer_pages,INE226A01021_2013,Voltas Limited,2013,HOLDOUT,dataset/corpus_gap_audit/reconciled/gap_audit_document_reconciled.csv,document_id=INE226A01021_2013
ocr_layer_presence,has_ocr_layer_pages,INE226A01021_2018,Voltas Limited,2018,HOLDOUT,dataset/corpus_gap_audit/reconciled/gap_audit_document_reconciled.csv,document_id=INE226A01021_2018
ocr_layer_presence,has_ocr_layer_pages,INE226A01021_2024,Voltas Limited,2024,HOLDOUT,dataset/corpus_gap_audit/reconciled/gap_audit_document_reconciled.csv,document_id=INE226A01021_2024
ocr_layer_presence,has_ocr_layer_pages,INE226A01021_2025,Voltas Limited,2025,HOLDOUT,dataset/corpus_gap_audit/reconciled/gap_audit_document_reconciled.csv,document_id=INE226A01021_2025
ocr_layer_presence,has_ocr_layer_pages,INE482A01020_2017,CEAT Limited,2017,VALIDATION,dataset/corpus_gap_audit/reconciled/gap_audit_document_reconciled.csv,document_id=INE482A01020_2017
ocr_layer_presence,has_ocr_layer_pages,INE482A01020_2018,CEAT Limited,2018,VALIDATION,dataset/corpus_gap_audit/reconciled/gap_audit_document_reconciled.csv,document_id=INE482A01020_2018
ocr_layer_presence,has_ocr_layer_pages,INE482A01020_2024,CEAT Limited,2024,VALIDATION,dataset/corpus_gap_audit/reconciled/gap_audit_document_reconciled.csv,document_id=INE482A01020_2024
ocr_layer_presence,has_ocr_layer_pages,INE482A01020_2025,CEAT Limited,2025,VALIDATION,dataset/corpus_gap_audit/reconciled/gap_audit_document_reconciled.csv,document_id=INE482A01020_2025
ocr_layer_presence,has_ocr_layer_pages,INE761H01022_2024,Page Industries Limited,2024,FIT,dataset/corpus_gap_audit/reconciled/gap_audit_document_reconciled.csv,document_id=INE761H01022_2024
ocr_layer_presence,has_ocr_layer_pages,INE761H01022_2025,Page Industries Limited,2025,FIT,dataset/corpus_gap_audit/reconciled/gap_audit_document_reconciled.csv,document_id=INE761H01022_2025
ocr_layer_presence,has_ocr_layer_pages,INE797F01020_2013,Jubilant Foodworks Limited,2013,FIT,dataset/corpus_gap_audit/reconciled/gap_audit_document_reconciled.csv,document_id=INE797F01020_2013
ocr_layer_presence,has_ocr_layer_pages,INE797F01020_2017,Jubilant Foodworks Limited,2017,FIT,dataset/corpus_gap_audit/reconciled/gap_audit_document_reconciled.csv,document_id=INE797F01020_2017
ocr_layer_presence,has_ocr_layer_pages,INE797F01020_2024,Jubilant Foodworks Limited,2024,FIT,dataset/corpus_gap_audit/reconciled/gap_audit_document_reconciled.csv,document_id=INE797F01020_2024
ocr_layer_presence,has_ocr_layer_pages,INE797F01020_2025,Jubilant Foodworks Limited,2025,FIT,dataset/corpus_gap_audit/reconciled/gap_audit_document_reconciled.csv,document_id=INE797F01020_2025
ocr_layer_presence,no_ocr_layer_pages,INE001B01026_2013,KRBL Limited,2013,VALIDATION,dataset/corpus_gap_audit/reconciled/gap_audit_document_reconciled.csv,document_id=INE001B01026_2013
ocr_layer_presence,no_ocr_layer_pages,INE001F01019_2012,Modern Steels Limited,2012,FIT,dataset/corpus_gap_audit/reconciled/gap_audit_document_reconciled.csv,document_id=INE001F01019_2012
ocr_layer_presence,no_ocr_layer_pages,INE001F01019_2013,Modern Steels Limited,2013,FIT,dataset/corpus_gap_audit/reconciled/gap_audit_document_reconciled.csv,document_id=INE001F01019_2013
ocr_layer_presence,no_ocr_layer_pages,INE001F01019_2017,Modern Steels Limited,2017,FIT,dataset/corpus_gap_audit/reconciled/gap_audit_document_reconciled.csv,document_id=INE001F01019_2017
ocr_layer_presence,no_ocr_layer_pages,INE001F01019_2018,Modern Steels Limited,2018,FIT,dataset/corpus_gap_audit/reconciled/gap_audit_document_reconciled.csv,document_id=INE001F01019_2018
ocr_layer_presence,no_ocr_layer_pages,INE001F01019_2024,Modern Steels Limited,2024,FIT,dataset/corpus_gap_audit/reconciled/gap_audit_document_reconciled.csv,document_id=INE001F01019_2024
ocr_layer_presence,no_ocr_layer_pages,INE001F01019_2025,Modern Steels Limited,2025,FIT,dataset/corpus_gap_audit/reconciled/gap_audit_document_reconciled.csv,document_id=INE001F01019_2025
ocr_layer_presence,no_ocr_layer_pages,INE001O01029_2012,Risa International Limited,2012,HOLDOUT,dataset/corpus_gap_audit/reconciled/gap_audit_document_reconciled.csv,document_id=INE001O01029_2012
ocr_layer_presence,no_ocr_layer_pages,INE001O01029_2013,Risa International Limited,2013,HOLDOUT,dataset/corpus_gap_audit/reconciled/gap_audit_document_reconciled.csv,document_id=INE001O01029_2013
ocr_layer_presence,no_ocr_layer_pages,INE001O01029_2017,Risa International Limited,2017,HOLDOUT,dataset/corpus_gap_audit/reconciled/gap_audit_document_reconciled.csv,document_id=INE001O01029_2017
ocr_layer_presence,no_ocr_layer_pages,INE001O01029_2018,Risa International Limited,2018,HOLDOUT,dataset/corpus_gap_audit/reconciled/gap_audit_document_reconciled.csv,document_id=INE001O01029_2018
ocr_layer_presence,no_ocr_layer_pages,INE002A01018_2024,Reliance Industries Limited,2024,FIT,dataset/corpus_gap_audit/reconciled/gap_audit_document_reconciled.csv,document_id=INE002A01018_2024
ocr_layer_presence,no_ocr_layer_pages,INE002A01018_2025,Reliance Industries Limited,2025,FIT,dataset/corpus_gap_audit/reconciled/gap_audit_document_reconciled.csv,document_id=INE002A01018_2025
ocr_layer_presence,no_ocr_layer_pages,INE002B01016_2018,MADALA HOLDINGS LIMITED,2018,HOLDOUT,dataset/corpus_gap_audit/reconciled/gap_audit_document_reconciled.csv,document_id=INE002B01016_2018
ocr_layer_presence,no_ocr_layer_pages,INE002B01016_2024,MADALA HOLDINGS LIMITED,2024,HOLDOUT,dataset/corpus_gap_audit/reconciled/gap_audit_document_reconciled.csv,document_id=INE002B01016_2024
ocr_layer_presence,no_ocr_layer_pages,INE002E01010_2012,Sar  Auto Products Limited,2012,HOLDOUT,dataset/corpus_gap_audit/reconciled/gap_audit_document_reconciled.csv,document_id=INE002E01010_2012
ocr_layer_presence,no_ocr_layer_pages,INE002E01010_2013,Sar  Auto Products Limited,2013,HOLDOUT,dataset/corpus_gap_audit/reconciled/gap_audit_document_reconciled.csv,document_id=INE002E01010_2013
ocr_layer_presence,no_ocr_layer_pages,INE002E01010_2017,Sar  Auto Products Limited,2017,HOLDOUT,dataset/corpus_gap_audit/reconciled/gap_audit_document_reconciled.csv,document_id=INE002E01010_2017
ocr_layer_presence,no_ocr_layer_pages,INE002E01010_2024,Sar  Auto Products Limited,2024,HOLDOUT,dataset/corpus_gap_audit/reconciled/gap_audit_document_reconciled.csv,document_id=INE002E01010_2024
ocr_layer_presence,no_ocr_layer_pages,INE002E01010_2025,Sar  Auto Products Limited,2025,HOLDOUT,dataset/corpus_gap_audit/reconciled/gap_audit_document_reconciled.csv,document_id=INE002E01010_2025
ocr_layer_presence,no_ocr_layer_pages,INE002L01015_2012,SJVN Limited,2012,HOLDOUT,dataset/corpus_gap_audit/reconciled/gap_audit_document_reconciled.csv,document_id=INE002L01015_2012
ocr_layer_presence,no_ocr_layer_pages,INE002L01015_2013,SJVN Limited,2013,HOLDOUT,dataset/corpus_gap_audit/reconciled/gap_audit_document_reconciled.csv,document_id=INE002L01015_2013
ocr_layer_presence,no_ocr_layer_pages,INE002L01015_2017,SJVN Limited,2017,HOLDOUT,dataset/corpus_gap_audit/reconciled/gap_audit_document_reconciled.csv,document_id=INE002L01015_2017
ocr_layer_presence,no_ocr_layer_pages,INE002L01015_2018,SJVN Limited,2018,HOLDOUT,dataset/corpus_gap_audit/reconciled/gap_audit_document_reconciled.csv,document_id=INE002L01015_2018
ocr_layer_presence,no_ocr_layer_pages,INE002L01015_2024,SJVN Limited,2024,HOLDOUT,dataset/corpus_gap_audit/reconciled/gap_audit_document_reconciled.csv,document_id=INE002L01015_2024
ocr_layer_presence,no_ocr_layer_pages,INE002S01010_2024,Mahanagar Gas Limited,2024,VALIDATION,dataset/corpus_gap_audit/reconciled/gap_audit_document_reconciled.csv,document_id=INE002S01010_2024
ocr_layer_presence,no_ocr_layer_pages,INE003B01014_2011,Inter State Oil Carrier Ltd,2011,FIT,dataset/corpus_gap_audit/reconciled/gap_audit_document_reconciled.csv,document_id=INE003B01014_2011
ocr_layer_presence,no_ocr_layer_pages,INE003B01014_2013,Inter State Oil Carrier Ltd,2013,FIT,dataset/corpus_gap_audit/reconciled/gap_audit_document_reconciled.csv,document_id=INE003B01014_2013
ocr_layer_presence,no_ocr_layer_pages,INE003B01014_2017,Inter State Oil Carrier Ltd,2017,FIT,dataset/corpus_gap_audit/reconciled/gap_audit_document_reconciled.csv,document_id=INE003B01014_2017
ocr_layer_presence,no_ocr_layer_pages,INE003B01014_2024,Inter State Oil Carrier Ltd,2024,FIT,dataset/corpus_gap_audit/reconciled/gap_audit_document_reconciled.csv,document_id=INE003B01014_2024
ocr_layer_presence,no_ocr_layer_pages,INE003B01014_2025,Inter State Oil Carrier Ltd,2025,FIT,dataset/corpus_gap_audit/reconciled/gap_audit_document_reconciled.csv,document_id=INE003B01014_2025
ocr_layer_presence,no_ocr_layer_pages,INE003F01015_2012,Muller & Phipps (India) Ltd.,2012,VALIDATION,dataset/corpus_gap_audit/reconciled/gap_audit_document_reconciled.csv,document_id=INE003F01015_2012
ocr_layer_presence,no_ocr_layer_pages,INE003F01015_2013,Muller & Phipps (India) Ltd.,2013,VALIDATION,dataset/corpus_gap_audit/reconciled/gap_audit_document_reconciled.csv,document_id=INE003F01015_2013
ocr_layer_presence,no_ocr_layer_pages,INE003F01015_2017,Muller & Phipps (India) Ltd.,2017,VALIDATION,dataset/corpus_gap_audit/reconciled/gap_audit_document_reconciled.csv,document_id=INE003F01015_2017
ocr_layer_presence,no_ocr_layer_pages,INE003F01015_2018,Muller & Phipps (India) Ltd.,2018,VALIDATION,dataset/corpus_gap_audit/reconciled/gap_audit_document_reconciled.csv,document_id=INE003F01015_2018
ocr_layer_presence,no_ocr_layer_pages,INE003F01015_2024,Muller & Phipps (India) Ltd.,2024,VALIDATION,dataset/corpus_gap_audit/reconciled/gap_audit_document_reconciled.csv,document_id=INE003F01015_2024
ocr_layer_presence,no_ocr_layer_pages,INE003F01015_2025,Muller & Phipps (India) Ltd.,2025,VALIDATION,dataset/corpus_gap_audit/reconciled/gap_audit_document_reconciled.csv,document_id=INE003F01015_2025
ocr_layer_presence,no_ocr_layer_pages,INE004C01028_2017,Gujarat Cotex Ltd,2017,FIT,dataset/corpus_gap_audit/reconciled/gap_audit_document_reconciled.csv,document_id=INE004C01028_2017
ocr_layer_presence,no_ocr_layer_pages,INE004C01028_2018,Gujarat Cotex Ltd,2018,FIT,dataset/corpus_gap_audit/reconciled/gap_audit_document_reconciled.csv,document_id=INE004C01028_2018
ocr_layer_presence,no_ocr_layer_pages,INE004C01028_2024,Gujarat Cotex Ltd,2024,FIT,dataset/corpus_gap_audit/reconciled/gap_audit_document_reconciled.csv,document_id=INE004C01028_2024
ocr_layer_presence,no_ocr_layer_pages,INE004E01016_2012,Span Divergent Limited,2012,FIT,dataset/corpus_gap_audit/reconciled/gap_audit_document_reconciled.csv,document_id=INE004E01016_2012
ocr_layer_presence,no_ocr_layer_pages,INE004E01016_2013,Span Divergent Limited,2013,FIT,dataset/corpus_gap_audit/reconciled/gap_audit_document_reconciled.csv,document_id=INE004E01016_2013
ocr_layer_presence,no_ocr_layer_pages,INE004E01016_2017,Span Divergent Limited,2017,FIT,dataset/corpus_gap_audit/reconciled/gap_audit_document_reconciled.csv,document_id=INE004E01016_2017
ocr_layer_presence,no_ocr_layer_pages,INE004E01016_2018,Span Divergent Limited,2018,FIT,dataset/corpus_gap_audit/reconciled/gap_audit_document_reconciled.csv,document_id=INE004E01016_2018
ocr_layer_presence,no_ocr_layer_pages,INE004Z01011_2024,Mac Hotels Limited,2024,FIT,dataset/corpus_gap_audit/reconciled/gap_audit_document_reconciled.csv,document_id=INE004Z01011_2024
ocr_layer_presence,no_ocr_layer_pages,INE006C01015_2013,K.Z.Leasing & Finance Ltd.,2013,VALIDATION,dataset/corpus_gap_audit/reconciled/gap_audit_document_reconciled.csv,document_id=INE006C01015_2013
ocr_layer_presence,no_ocr_layer_pages,INE006C01015_2017,K.Z.Leasing & Finance Ltd.,2017,VALIDATION,dataset/corpus_gap_audit/reconciled/gap_audit_document_reconciled.csv,document_id=INE006C01015_2017
ocr_layer_presence,no_ocr_layer_pages,INE006C01015_2018,K.Z.Leasing & Finance Ltd.,2018,VALIDATION,dataset/corpus_gap_audit/reconciled/gap_audit_document_reconciled.csv,document_id=INE006C01015_2018
ocr_layer_presence,no_ocr_layer_pages,INE006C01015_2024,K.Z.Leasing & Finance Ltd.,2024,VALIDATION,dataset/corpus_gap_audit/reconciled/gap_audit_document_reconciled.csv,document_id=INE006C01015_2024
ocr_layer_presence,no_ocr_layer_pages,INE006C01015_2025,K.Z.Leasing & Finance Ltd.,2025,VALIDATION,dataset/corpus_gap_audit/reconciled/gap_audit_document_reconciled.csv,document_id=INE006C01015_2025
ocr_layer_presence,no_ocr_layer_pages,INE006I01046_2017,Astral Limited,2017,HOLDOUT,dataset/corpus_gap_audit/reconciled/gap_audit_document_reconciled.csv,document_id=INE006I01046_2017
ocr_layer_presence,no_ocr_layer_pages,INE006I01046_2025,Astral Limited,2025,HOLDOUT,dataset/corpus_gap_audit/reconciled/gap_audit_document_reconciled.csv,document_id=INE006I01046_2025
ocr_layer_presence,no_ocr_layer_pages,INE007A01025_2018,Crisil Limited,2018,FIT,dataset/corpus_gap_audit/reconciled/gap_audit_document_reconciled.csv,document_id=INE007A01025_2018
ocr_layer_presence,no_ocr_layer_pages,INE008A01015_2012,IDBI Bank Limited,2012,FIT,dataset/corpus_gap_audit/reconciled/gap_audit_document_reconciled.csv,document_id=INE008A01015_2012
ocr_layer_presence,no_ocr_layer_pages,INE008A01015_2024,IDBI Bank Limited,2024,FIT,dataset/corpus_gap_audit/reconciled/gap_audit_document_reconciled.csv,document_id=INE008A01015_2024
ocr_layer_presence,no_ocr_layer_pages,INE008A01015_2025,IDBI Bank Limited,2025,FIT,dataset/corpus_gap_audit/reconciled/gap_audit_document_reconciled.csv,document_id=INE008A01015_2025
ocr_layer_presence,no_ocr_layer_pages,INE009A01021_2012,Infosys Limited,2012,VALIDATION,dataset/corpus_gap_audit/reconciled/gap_audit_document_reconciled.csv,document_id=INE009A01021_2012
ocr_layer_presence,no_ocr_layer_pages,INE009A01021_2013,Infosys Limited,2013,VALIDATION,dataset/corpus_gap_audit/reconciled/gap_audit_document_reconciled.csv,document_id=INE009A01021_2013
ocr_layer_presence,no_ocr_layer_pages,INE009A01021_2017,Infosys Limited,2017,VALIDATION,dataset/corpus_gap_audit/reconciled/gap_audit_document_reconciled.csv,document_id=INE009A01021_2017
ocr_layer_presence,no_ocr_layer_pages,INE00E101023_2024,Bikaji Foods International Limited,2024,FIT,dataset/corpus_gap_audit/reconciled/gap_audit_document_reconciled.csv,document_id=INE00E101023_2024
ocr_layer_presence,no_ocr_layer_pages,INE00E101023_2025,Bikaji Foods International Limited,2025,FIT,dataset/corpus_gap_audit/reconciled/gap_audit_document_reconciled.csv,document_id=INE00E101023_2025
ocr_layer_presence,no_ocr_layer_pages,INE00FF01025_2015,Acutaas Chemicals Limited,2015,FIT,dataset/corpus_gap_audit/reconciled/gap_audit_document_reconciled.csv,document_id=INE00FF01025_2015
ocr_layer_presence,no_ocr_layer_pages,INE00LO01017_2015,Craftsman Automation Limited,2015,FIT,dataset/corpus_gap_audit/reconciled/gap_audit_document_reconciled.csv,document_id=INE00LO01017_2015
ocr_layer_presence,no_ocr_layer_pages,INE00LO01017_2024,Craftsman Automation Limited,2024,FIT,dataset/corpus_gap_audit/reconciled/gap_audit_document_reconciled.csv,document_id=INE00LO01017_2024
ocr_layer_presence,no_ocr_layer_pages,INE00LO01017_2025,Craftsman Automation Limited,2025,FIT,dataset/corpus_gap_audit/reconciled/gap_audit_document_reconciled.csv,document_id=INE00LO01017_2025
ocr_layer_presence,no_ocr_layer_pages,INE00WC01027_2024,Affle 3i Limited,2024,VALIDATION,dataset/corpus_gap_audit/reconciled/gap_audit_document_reconciled.csv,document_id=INE00WC01027_2024
ocr_layer_presence,no_ocr_layer_pages,INE00WC01027_2025,Affle 3i Limited,2025,VALIDATION,dataset/corpus_gap_audit/reconciled/gap_audit_document_reconciled.csv,document_id=INE00WC01027_2025
ocr_layer_presence,no_ocr_layer_pages,INE040A01034_2012,HDFC Bank Limited,2012,FIT,dataset/corpus_gap_audit/reconciled/gap_audit_document_reconciled.csv,document_id=INE040A01034_2012
ocr_layer_presence,no_ocr_layer_pages,INE040A01034_2017,HDFC Bank Limited,2017,FIT,dataset/corpus_gap_audit/reconciled/gap_audit_document_reconciled.csv,document_id=INE040A01034_2017
ocr_layer_presence,no_ocr_layer_pages,INE044A01036_2012,Sun Pharmaceutical Industries Limited,2012,HOLDOUT,dataset/corpus_gap_audit/reconciled/gap_audit_document_reconciled.csv,document_id=INE044A01036_2012
ocr_layer_presence,no_ocr_layer_pages,INE044A01036_2013,Sun Pharmaceutical Industries Limited,2013,HOLDOUT,dataset/corpus_gap_audit/reconciled/gap_audit_document_reconciled.csv,document_id=INE044A01036_2013
ocr_layer_presence,no_ocr_layer_pages,INE044A01036_2018,Sun Pharmaceutical Industries Limited,2018,HOLDOUT,dataset/corpus_gap_audit/reconciled/gap_audit_document_reconciled.csv,document_id=INE044A01036_2018
ocr_layer_presence,no_ocr_layer_pages,INE081A01020_2013,Tata Steel Limited,2013,FIT,dataset/corpus_gap_audit/reconciled/gap_audit_document_reconciled.csv,document_id=INE081A01020_2013
ocr_layer_presence,no_ocr_layer_pages,INE151A01013_2013,Tata Communications Limited,2013,FIT,dataset/corpus_gap_audit/reconciled/gap_audit_document_reconciled.csv,document_id=INE151A01013_2013
ocr_layer_presence,no_ocr_layer_pages,INE154A01025_2012,ITC Limited,2012,VALIDATION,dataset/corpus_gap_audit/reconciled/gap_audit_document_reconciled.csv,document_id=INE154A01025_2012
ocr_layer_presence,no_ocr_layer_pages,INE154A01025_2013,ITC Limited,2013,VALIDATION,dataset/corpus_gap_audit/reconciled/gap_audit_document_reconciled.csv,document_id=INE154A01025_2013
ocr_layer_presence,no_ocr_layer_pages,INE154A01025_2018,ITC Limited,2018,VALIDATION,dataset/corpus_gap_audit/reconciled/gap_audit_document_reconciled.csv,document_id=INE154A01025_2018
ocr_layer_presence,no_ocr_layer_pages,INE154A01025_2024,ITC Limited,2024,VALIDATION,dataset/corpus_gap_audit/reconciled/gap_audit_document_reconciled.csv,document_id=INE154A01025_2024
ocr_layer_presence,no_ocr_layer_pages,INE171A01029_2012,The Federal Bank  Limited,2012,HOLDOUT,dataset/corpus_gap_audit/reconciled/gap_audit_document_reconciled.csv,document_id=INE171A01029_2012
ocr_layer_presence,no_ocr_layer_pages,INE171A01029_2017,The Federal Bank  Limited,2017,HOLDOUT,dataset/corpus_gap_audit/reconciled/gap_audit_document_reconciled.csv,document_id=INE171A01029_2017
ocr_layer_presence,no_ocr_layer_pages,INE171A01029_2018,The Federal Bank  Limited,2018,HOLDOUT,dataset/corpus_gap_audit/reconciled/gap_audit_document_reconciled.csv,document_id=INE171A01029_2018
ocr_layer_presence,no_ocr_layer_pages,INE171A01029_2025,The Federal Bank  Limited,2025,HOLDOUT,dataset/corpus_gap_audit/reconciled/gap_audit_document_reconciled.csv,document_id=INE171A01029_2025
ocr_layer_presence,no_ocr_layer_pages,INE191H01014_2012,PVR INOX Limited,2012,FIT,dataset/corpus_gap_audit/reconciled/gap_audit_document_reconciled.csv,document_id=INE191H01014_2012
ocr_layer_presence,no_ocr_layer_pages,INE191H01014_2013,PVR INOX Limited,2013,FIT,dataset/corpus_gap_audit/reconciled/gap_audit_document_reconciled.csv,document_id=INE191H01014_2013
ocr_layer_presence,no_ocr_layer_pages,INE192B01031_2013,Welspun Living Limited,2013,FIT,dataset/corpus_gap_audit/reconciled/gap_audit_document_reconciled.csv,document_id=INE192B01031_2013
ocr_layer_presence,no_ocr_layer_pages,INE192B01031_2017,Welspun Living Limited,2017,FIT,dataset/corpus_gap_audit/reconciled/gap_audit_document_reconciled.csv,document_id=INE192B01031_2017
ocr_layer_presence,no_ocr_layer_pages,INE226A01021_2012,Voltas Limited,2012,HOLDOUT,dataset/corpus_gap_audit/reconciled/gap_audit_document_reconciled.csv,document_id=INE226A01021_2012
ocr_layer_presence,no_ocr_layer_pages,INE226A01021_2017,Voltas Limited,2017,HOLDOUT,dataset/corpus_gap_audit/reconciled/gap_audit_document_reconciled.csv,document_id=INE226A01021_2017
ocr_layer_presence,no_ocr_layer_pages,INE482A01020_2012,CEAT Limited,2012,VALIDATION,dataset/corpus_gap_audit/reconciled/gap_audit_document_reconciled.csv,document_id=INE482A01020_2012
ocr_layer_presence,no_ocr_layer_pages,INE482A01020_2013,CEAT Limited,2013,VALIDATION,dataset/corpus_gap_audit/reconciled/gap_audit_document_reconciled.csv,document_id=INE482A01020_2013
ocr_layer_presence,no_ocr_layer_pages,INE761H01022_2012,Page Industries Limited,2012,FIT,dataset/corpus_gap_audit/reconciled/gap_audit_document_reconciled.csv,document_id=INE761H01022_2012
ocr_layer_presence,no_ocr_layer_pages,INE761H01022_2013,Page Industries Limited,2013,FIT,dataset/corpus_gap_audit/reconciled/gap_audit_document_reconciled.csv,document_id=INE761H01022_2013
ocr_layer_presence,no_ocr_layer_pages,INE761H01022_2017,Page Industries Limited,2017,FIT,dataset/corpus_gap_audit/reconciled/gap_audit_document_reconciled.csv,document_id=INE761H01022_2017
ocr_layer_presence,no_ocr_layer_pages,INE761H01022_2018,Page Industries Limited,2018,FIT,dataset/corpus_gap_audit/reconciled/gap_audit_document_reconciled.csv,document_id=INE761H01022_2018
ocr_layer_presence,no_ocr_layer_pages,INE797F01020_2012,Jubilant Foodworks Limited,2012,FIT,dataset/corpus_gap_audit/reconciled/gap_audit_document_reconciled.csv,document_id=INE797F01020_2012
ocr_layer_presence,no_ocr_layer_pages,INE797F01020_2018,Jubilant Foodworks Limited,2018,FIT,dataset/corpus_gap_audit/reconciled/gap_audit_document_reconciled.csv,document_id=INE797F01020_2018
language_script,devanagari_candidate,INE002L01015_2024,SJVN Limited,2024,HOLDOUT,dataset/corpus_gap_audit/reconciled/gap_audit_document_reconciled.csv,document_id=INE002L01015_2024
language_script,devanagari_candidate,INE002L01015_2025,SJVN Limited,2025,HOLDOUT,dataset/corpus_gap_audit/reconciled/gap_audit_document_reconciled.csv,document_id=INE002L01015_2025
language_script,bilingual_candidate,INE002L01015_2024,SJVN Limited,2024,HOLDOUT,dataset/corpus_gap_audit/reconciled/gap_audit_document_reconciled.csv,document_id=INE002L01015_2024
language_script,bilingual_candidate,INE002L01015_2025,SJVN Limited,2025,HOLDOUT,dataset/corpus_gap_audit/reconciled/gap_audit_document_reconciled.csv,document_id=INE002L01015_2025
language_script,no_devanagari_candidate,INE001B01026_2012,KRBL Limited,2012,VALIDATION,dataset/corpus_gap_audit/reconciled/gap_audit_document_reconciled.csv,document_id=INE001B01026_2012
language_script,no_devanagari_candidate,INE001B01026_2013,KRBL Limited,2013,VALIDATION,dataset/corpus_gap_audit/reconciled/gap_audit_document_reconciled.csv,document_id=INE001B01026_2013
language_script,no_devanagari_candidate,INE001B01026_2017,KRBL Limited,2017,VALIDATION,dataset/corpus_gap_audit/reconciled/gap_audit_document_reconciled.csv,document_id=INE001B01026_2017
language_script,no_devanagari_candidate,INE001B01026_2018,KRBL Limited,2018,VALIDATION,dataset/corpus_gap_audit/reconciled/gap_audit_document_reconciled.csv,document_id=INE001B01026_2018
language_script,no_devanagari_candidate,INE001B01026_2024,KRBL Limited,2024,VALIDATION,dataset/corpus_gap_audit/reconciled/gap_audit_document_reconciled.csv,document_id=INE001B01026_2024
language_script,no_devanagari_candidate,INE001B01026_2025,KRBL Limited,2025,VALIDATION,dataset/corpus_gap_audit/reconciled/gap_audit_document_reconciled.csv,document_id=INE001B01026_2025
language_script,no_devanagari_candidate,INE001F01019_2012,Modern Steels Limited,2012,FIT,dataset/corpus_gap_audit/reconciled/gap_audit_document_reconciled.csv,document_id=INE001F01019_2012
language_script,no_devanagari_candidate,INE001F01019_2013,Modern Steels Limited,2013,FIT,dataset/corpus_gap_audit/reconciled/gap_audit_document_reconciled.csv,document_id=INE001F01019_2013
language_script,no_devanagari_candidate,INE001F01019_2017,Modern Steels Limited,2017,FIT,dataset/corpus_gap_audit/reconciled/gap_audit_document_reconciled.csv,document_id=INE001F01019_2017
language_script,no_devanagari_candidate,INE001F01019_2018,Modern Steels Limited,2018,FIT,dataset/corpus_gap_audit/reconciled/gap_audit_document_reconciled.csv,document_id=INE001F01019_2018
language_script,no_devanagari_candidate,INE001F01019_2024,Modern Steels Limited,2024,FIT,dataset/corpus_gap_audit/reconciled/gap_audit_document_reconciled.csv,document_id=INE001F01019_2024
language_script,no_devanagari_candidate,INE001F01019_2025,Modern Steels Limited,2025,FIT,dataset/corpus_gap_audit/reconciled/gap_audit_document_reconciled.csv,document_id=INE001F01019_2025
language_script,no_devanagari_candidate,INE001O01029_2012,Risa International Limited,2012,HOLDOUT,dataset/corpus_gap_audit/reconciled/gap_audit_document_reconciled.csv,document_id=INE001O01029_2012
language_script,no_devanagari_candidate,INE001O01029_2013,Risa International Limited,2013,HOLDOUT,dataset/corpus_gap_audit/reconciled/gap_audit_document_reconciled.csv,document_id=INE001O01029_2013
language_script,no_devanagari_candidate,INE001O01029_2017,Risa International Limited,2017,HOLDOUT,dataset/corpus_gap_audit/reconciled/gap_audit_document_reconciled.csv,document_id=INE001O01029_2017
language_script,no_devanagari_candidate,INE001O01029_2018,Risa International Limited,2018,HOLDOUT,dataset/corpus_gap_audit/reconciled/gap_audit_document_reconciled.csv,document_id=INE001O01029_2018
language_script,no_devanagari_candidate,INE001O01029_2024,Risa International Limited,2024,HOLDOUT,dataset/corpus_gap_audit/reconciled/gap_audit_document_reconciled.csv,document_id=INE001O01029_2024
language_script,no_devanagari_candidate,INE001O01029_2025,Risa International Limited,2025,HOLDOUT,dataset/corpus_gap_audit/reconciled/gap_audit_document_reconciled.csv,document_id=INE001O01029_2025
language_script,no_devanagari_candidate,INE002A01018_2012,Reliance Industries Limited,2012,FIT,dataset/corpus_gap_audit/reconciled/gap_audit_document_reconciled.csv,document_id=INE002A01018_2012
language_script,no_devanagari_candidate,INE002A01018_2013,Reliance Industries Limited,2013,FIT,dataset/corpus_gap_audit/reconciled/gap_audit_document_reconciled.csv,document_id=INE002A01018_2013
language_script,no_devanagari_candidate,INE002A01018_2017,Reliance Industries Limited,2017,FIT,dataset/corpus_gap_audit/reconciled/gap_audit_document_reconciled.csv,document_id=INE002A01018_2017
language_script,no_devanagari_candidate,INE002A01018_2018,Reliance Industries Limited,2018,FIT,dataset/corpus_gap_audit/reconciled/gap_audit_document_reconciled.csv,document_id=INE002A01018_2018
language_script,no_devanagari_candidate,INE002A01018_2024,Reliance Industries Limited,2024,FIT,dataset/corpus_gap_audit/reconciled/gap_audit_document_reconciled.csv,document_id=INE002A01018_2024
language_script,no_devanagari_candidate,INE002A01018_2025,Reliance Industries Limited,2025,FIT,dataset/corpus_gap_audit/reconciled/gap_audit_document_reconciled.csv,document_id=INE002A01018_2025
language_script,no_devanagari_candidate,INE002B01016_2012,MADALA HOLDINGS LIMITED,2012,HOLDOUT,dataset/corpus_gap_audit/reconciled/gap_audit_document_reconciled.csv,document_id=INE002B01016_2012
language_script,no_devanagari_candidate,INE002B01016_2013,MADALA HOLDINGS LIMITED,2013,HOLDOUT,dataset/corpus_gap_audit/reconciled/gap_audit_document_reconciled.csv,document_id=INE002B01016_2013
language_script,no_devanagari_candidate,INE002B01016_2017,MADALA HOLDINGS LIMITED,2017,HOLDOUT,dataset/corpus_gap_audit/reconciled/gap_audit_document_reconciled.csv,document_id=INE002B01016_2017
language_script,no_devanagari_candidate,INE002B01016_2018,MADALA HOLDINGS LIMITED,2018,HOLDOUT,dataset/corpus_gap_audit/reconciled/gap_audit_document_reconciled.csv,document_id=INE002B01016_2018
language_script,no_devanagari_candidate,INE002B01016_2024,MADALA HOLDINGS LIMITED,2024,HOLDOUT,dataset/corpus_gap_audit/reconciled/gap_audit_document_reconciled.csv,document_id=INE002B01016_2024
language_script,no_devanagari_candidate,INE002B01016_2025,MADALA HOLDINGS LIMITED,2025,HOLDOUT,dataset/corpus_gap_audit/reconciled/gap_audit_document_reconciled.csv,document_id=INE002B01016_2025
language_script,no_devanagari_candidate,INE002E01010_2012,Sar  Auto Products Limited,2012,HOLDOUT,dataset/corpus_gap_audit/reconciled/gap_audit_document_reconciled.csv,document_id=INE002E01010_2012
language_script,no_devanagari_candidate,INE002E01010_2013,Sar  Auto Products Limited,2013,HOLDOUT,dataset/corpus_gap_audit/reconciled/gap_audit_document_reconciled.csv,document_id=INE002E01010_2013
language_script,no_devanagari_candidate,INE002E01010_2017,Sar  Auto Products Limited,2017,HOLDOUT,dataset/corpus_gap_audit/reconciled/gap_audit_document_reconciled.csv,document_id=INE002E01010_2017
language_script,no_devanagari_candidate,INE002E01010_2018,Sar  Auto Products Limited,2018,HOLDOUT,dataset/corpus_gap_audit/reconciled/gap_audit_document_reconciled.csv,document_id=INE002E01010_2018
language_script,no_devanagari_candidate,INE002E01010_2024,Sar  Auto Products Limited,2024,HOLDOUT,dataset/corpus_gap_audit/reconciled/gap_audit_document_reconciled.csv,document_id=INE002E01010_2024
language_script,no_devanagari_candidate,INE002E01010_2025,Sar  Auto Products Limited,2025,HOLDOUT,dataset/corpus_gap_audit/reconciled/gap_audit_document_reconciled.csv,document_id=INE002E01010_2025
language_script,no_devanagari_candidate,INE002L01015_2012,SJVN Limited,2012,HOLDOUT,dataset/corpus_gap_audit/reconciled/gap_audit_document_reconciled.csv,document_id=INE002L01015_2012
language_script,no_devanagari_candidate,INE002L01015_2013,SJVN Limited,2013,HOLDOUT,dataset/corpus_gap_audit/reconciled/gap_audit_document_reconciled.csv,document_id=INE002L01015_2013
language_script,no_devanagari_candidate,INE002L01015_2017,SJVN Limited,2017,HOLDOUT,dataset/corpus_gap_audit/reconciled/gap_audit_document_reconciled.csv,document_id=INE002L01015_2017
language_script,no_devanagari_candidate,INE002L01015_2018,SJVN Limited,2018,HOLDOUT,dataset/corpus_gap_audit/reconciled/gap_audit_document_reconciled.csv,document_id=INE002L01015_2018
language_script,no_devanagari_candidate,INE002S01010_2017,Mahanagar Gas Limited,2017,VALIDATION,dataset/corpus_gap_audit/reconciled/gap_audit_document_reconciled.csv,document_id=INE002S01010_2017
language_script,no_devanagari_candidate,INE002S01010_2018,Mahanagar Gas Limited,2018,VALIDATION,dataset/corpus_gap_audit/reconciled/gap_audit_document_reconciled.csv,document_id=INE002S01010_2018
language_script,no_devanagari_candidate,INE002S01010_2024,Mahanagar Gas Limited,2024,VALIDATION,dataset/corpus_gap_audit/reconciled/gap_audit_document_reconciled.csv,document_id=INE002S01010_2024
language_script,no_devanagari_candidate,INE002S01010_2025,Mahanagar Gas Limited,2025,VALIDATION,dataset/corpus_gap_audit/reconciled/gap_audit_document_reconciled.csv,document_id=INE002S01010_2025
language_script,no_devanagari_candidate,INE003B01014_2011,Inter State Oil Carrier Ltd,2011,FIT,dataset/corpus_gap_audit/reconciled/gap_audit_document_reconciled.csv,document_id=INE003B01014_2011
language_script,no_devanagari_candidate,INE003B01014_2013,Inter State Oil Carrier Ltd,2013,FIT,dataset/corpus_gap_audit/reconciled/gap_audit_document_reconciled.csv,document_id=INE003B01014_2013
language_script,no_devanagari_candidate,INE003B01014_2017,Inter State Oil Carrier Ltd,2017,FIT,dataset/corpus_gap_audit/reconciled/gap_audit_document_reconciled.csv,document_id=INE003B01014_2017
language_script,no_devanagari_candidate,INE003B01014_2018,Inter State Oil Carrier Ltd,2018,FIT,dataset/corpus_gap_audit/reconciled/gap_audit_document_reconciled.csv,document_id=INE003B01014_2018
language_script,no_devanagari_candidate,INE003B01014_2024,Inter State Oil Carrier Ltd,2024,FIT,dataset/corpus_gap_audit/reconciled/gap_audit_document_reconciled.csv,document_id=INE003B01014_2024
language_script,no_devanagari_candidate,INE003B01014_2025,Inter State Oil Carrier Ltd,2025,FIT,dataset/corpus_gap_audit/reconciled/gap_audit_document_reconciled.csv,document_id=INE003B01014_2025
language_script,no_devanagari_candidate,INE003F01015_2012,Muller & Phipps (India) Ltd.,2012,VALIDATION,dataset/corpus_gap_audit/reconciled/gap_audit_document_reconciled.csv,document_id=INE003F01015_2012
language_script,no_devanagari_candidate,INE003F01015_2013,Muller & Phipps (India) Ltd.,2013,VALIDATION,dataset/corpus_gap_audit/reconciled/gap_audit_document_reconciled.csv,document_id=INE003F01015_2013
language_script,no_devanagari_candidate,INE003F01015_2017,Muller & Phipps (India) Ltd.,2017,VALIDATION,dataset/corpus_gap_audit/reconciled/gap_audit_document_reconciled.csv,document_id=INE003F01015_2017
language_script,no_devanagari_candidate,INE003F01015_2018,Muller & Phipps (India) Ltd.,2018,VALIDATION,dataset/corpus_gap_audit/reconciled/gap_audit_document_reconciled.csv,document_id=INE003F01015_2018
language_script,no_devanagari_candidate,INE003F01015_2024,Muller & Phipps (India) Ltd.,2024,VALIDATION,dataset/corpus_gap_audit/reconciled/gap_audit_document_reconciled.csv,document_id=INE003F01015_2024
language_script,no_devanagari_candidate,INE003F01015_2025,Muller & Phipps (India) Ltd.,2025,VALIDATION,dataset/corpus_gap_audit/reconciled/gap_audit_document_reconciled.csv,document_id=INE003F01015_2025
language_script,no_devanagari_candidate,INE004C01028_2017,Gujarat Cotex Ltd,2017,FIT,dataset/corpus_gap_audit/reconciled/gap_audit_document_reconciled.csv,document_id=INE004C01028_2017
language_script,no_devanagari_candidate,INE004C01028_2018,Gujarat Cotex Ltd,2018,FIT,dataset/corpus_gap_audit/reconciled/gap_audit_document_reconciled.csv,document_id=INE004C01028_2018
language_script,no_devanagari_candidate,INE004C01028_2024,Gujarat Cotex Ltd,2024,FIT,dataset/corpus_gap_audit/reconciled/gap_audit_document_reconciled.csv,document_id=INE004C01028_2024
language_script,no_devanagari_candidate,INE004C01028_2025,Gujarat Cotex Ltd,2025,FIT,dataset/corpus_gap_audit/reconciled/gap_audit_document_reconciled.csv,document_id=INE004C01028_2025
language_script,no_devanagari_candidate,INE004E01016_2012,Span Divergent Limited,2012,FIT,dataset/corpus_gap_audit/reconciled/gap_audit_document_reconciled.csv,document_id=INE004E01016_2012
language_script,no_devanagari_candidate,INE004E01016_2013,Span Divergent Limited,2013,FIT,dataset/corpus_gap_audit/reconciled/gap_audit_document_reconciled.csv,document_id=INE004E01016_2013
language_script,no_devanagari_candidate,INE004E01016_2017,Span Divergent Limited,2017,FIT,dataset/corpus_gap_audit/reconciled/gap_audit_document_reconciled.csv,document_id=INE004E01016_2017
language_script,no_devanagari_candidate,INE004E01016_2018,Span Divergent Limited,2018,FIT,dataset/corpus_gap_audit/reconciled/gap_audit_document_reconciled.csv,document_id=INE004E01016_2018
language_script,no_devanagari_candidate,INE004E01016_2024,Span Divergent Limited,2024,FIT,dataset/corpus_gap_audit/reconciled/gap_audit_document_reconciled.csv,document_id=INE004E01016_2024
language_script,no_devanagari_candidate,INE004E01016_2025,Span Divergent Limited,2025,FIT,dataset/corpus_gap_audit/reconciled/gap_audit_document_reconciled.csv,document_id=INE004E01016_2025
language_script,no_devanagari_candidate,INE004Z01011_2024,Mac Hotels Limited,2024,FIT,dataset/corpus_gap_audit/reconciled/gap_audit_document_reconciled.csv,document_id=INE004Z01011_2024
language_script,no_devanagari_candidate,INE004Z01011_2025,Mac Hotels Limited,2025,FIT,dataset/corpus_gap_audit/reconciled/gap_audit_document_reconciled.csv,document_id=INE004Z01011_2025
language_script,no_devanagari_candidate,INE005E01013_2012,Ekansh Concepts Limited,2012,VALIDATION,dataset/corpus_gap_audit/reconciled/gap_audit_document_reconciled.csv,document_id=INE005E01013_2012
language_script,no_devanagari_candidate,INE005E01013_2013,Ekansh Concepts Limited,2013,VALIDATION,dataset/corpus_gap_audit/reconciled/gap_audit_document_reconciled.csv,document_id=INE005E01013_2013
language_script,no_devanagari_candidate,INE005E01013_2017,Ekansh Concepts Limited,2017,VALIDATION,dataset/corpus_gap_audit/reconciled/gap_audit_document_reconciled.csv,document_id=INE005E01013_2017
language_script,no_devanagari_candidate,INE005E01013_2018,Ekansh Concepts Limited,2018,VALIDATION,dataset/corpus_gap_audit/reconciled/gap_audit_document_reconciled.csv,document_id=INE005E01013_2018
language_script,no_devanagari_candidate,INE005E01013_2024,Ekansh Concepts Limited,2024,VALIDATION,dataset/corpus_gap_audit/reconciled/gap_audit_document_reconciled.csv,document_id=INE005E01013_2024
language_script,no_devanagari_candidate,INE005E01013_2025,Ekansh Concepts Limited,2025,VALIDATION,dataset/corpus_gap_audit/reconciled/gap_audit_document_reconciled.csv,document_id=INE005E01013_2025
language_script,no_devanagari_candidate,INE006C01015_2012,K.Z.Leasing & Finance Ltd.,2012,VALIDATION,dataset/corpus_gap_audit/reconciled/gap_audit_document_reconciled.csv,document_id=INE006C01015_2012
language_script,no_devanagari_candidate,INE006C01015_2013,K.Z.Leasing & Finance Ltd.,2013,VALIDATION,dataset/corpus_gap_audit/reconciled/gap_audit_document_reconciled.csv,document_id=INE006C01015_2013
language_script,no_devanagari_candidate,INE006C01015_2017,K.Z.Leasing & Finance Ltd.,2017,VALIDATION,dataset/corpus_gap_audit/reconciled/gap_audit_document_reconciled.csv,document_id=INE006C01015_2017
language_script,no_devanagari_candidate,INE006C01015_2018,K.Z.Leasing & Finance Ltd.,2018,VALIDATION,dataset/corpus_gap_audit/reconciled/gap_audit_document_reconciled.csv,document_id=INE006C01015_2018
language_script,no_devanagari_candidate,INE006C01015_2024,K.Z.Leasing & Finance Ltd.,2024,VALIDATION,dataset/corpus_gap_audit/reconciled/gap_audit_document_reconciled.csv,document_id=INE006C01015_2024
language_script,no_devanagari_candidate,INE006C01015_2025,K.Z.Leasing & Finance Ltd.,2025,VALIDATION,dataset/corpus_gap_audit/reconciled/gap_audit_document_reconciled.csv,document_id=INE006C01015_2025
language_script,no_devanagari_candidate,INE006I01046_2012,Astral Limited,2012,HOLDOUT,dataset/corpus_gap_audit/reconciled/gap_audit_document_reconciled.csv,document_id=INE006I01046_2012
language_script,no_devanagari_candidate,INE006I01046_2013,Astral Limited,2013,HOLDOUT,dataset/corpus_gap_audit/reconciled/gap_audit_document_reconciled.csv,document_id=INE006I01046_2013
language_script,no_devanagari_candidate,INE006I01046_2017,Astral Limited,2017,HOLDOUT,dataset/corpus_gap_audit/reconciled/gap_audit_document_reconciled.csv,document_id=INE006I01046_2017
language_script,no_devanagari_candidate,INE006I01046_2018,Astral Limited,2018,HOLDOUT,dataset/corpus_gap_audit/reconciled/gap_audit_document_reconciled.csv,document_id=INE006I01046_2018
language_script,no_devanagari_candidate,INE006I01046_2024,Astral Limited,2024,HOLDOUT,dataset/corpus_gap_audit/reconciled/gap_audit_document_reconciled.csv,document_id=INE006I01046_2024
language_script,no_devanagari_candidate,INE006I01046_2025,Astral Limited,2025,HOLDOUT,dataset/corpus_gap_audit/reconciled/gap_audit_document_reconciled.csv,document_id=INE006I01046_2025
language_script,no_devanagari_candidate,INE007A01025_2012,Crisil Limited,2012,FIT,dataset/corpus_gap_audit/reconciled/gap_audit_document_reconciled.csv,document_id=INE007A01025_2012
language_script,no_devanagari_candidate,INE007A01025_2013,Crisil Limited,2013,FIT,dataset/corpus_gap_audit/reconciled/gap_audit_document_reconciled.csv,document_id=INE007A01025_2013
language_script,no_devanagari_candidate,INE007A01025_2017,Crisil Limited,2017,FIT,dataset/corpus_gap_audit/reconciled/gap_audit_document_reconciled.csv,document_id=INE007A01025_2017
language_script,no_devanagari_candidate,INE007A01025_2018,Crisil Limited,2018,FIT,dataset/corpus_gap_audit/reconciled/gap_audit_document_reconciled.csv,document_id=INE007A01025_2018
language_script,no_devanagari_candidate,INE007A01025_2024,Crisil Limited,2024,FIT,dataset/corpus_gap_audit/reconciled/gap_audit_document_reconciled.csv,document_id=INE007A01025_2024
language_script,no_devanagari_candidate,INE007A01025_2025,Crisil Limited,2025,FIT,dataset/corpus_gap_audit/reconciled/gap_audit_document_reconciled.csv,document_id=INE007A01025_2025
language_script,no_devanagari_candidate,INE008A01015_2012,IDBI Bank Limited,2012,FIT,dataset/corpus_gap_audit/reconciled/gap_audit_document_reconciled.csv,document_id=INE008A01015_2012
language_script,no_devanagari_candidate,INE008A01015_2013,IDBI Bank Limited,2013,FIT,dataset/corpus_gap_audit/reconciled/gap_audit_document_reconciled.csv,document_id=INE008A01015_2013
language_script,no_devanagari_candidate,INE008A01015_2017,IDBI Bank Limited,2017,FIT,dataset/corpus_gap_audit/reconciled/gap_audit_document_reconciled.csv,document_id=INE008A01015_2017
language_script,no_devanagari_candidate,INE008A01015_2018,IDBI Bank Limited,2018,FIT,dataset/corpus_gap_audit/reconciled/gap_audit_document_reconciled.csv,document_id=INE008A01015_2018
language_script,no_devanagari_candidate,INE008A01015_2024,IDBI Bank Limited,2024,FIT,dataset/corpus_gap_audit/reconciled/gap_audit_document_reconciled.csv,document_id=INE008A01015_2024
language_script,no_devanagari_candidate,INE008A01015_2025,IDBI Bank Limited,2025,FIT,dataset/corpus_gap_audit/reconciled/gap_audit_document_reconciled.csv,document_id=INE008A01015_2025
language_script,no_devanagari_candidate,INE009A01021_2012,Infosys Limited,2012,VALIDATION,dataset/corpus_gap_audit/reconciled/gap_audit_document_reconciled.csv,document_id=INE009A01021_2012
language_script,no_devanagari_candidate,INE009A01021_2013,Infosys Limited,2013,VALIDATION,dataset/corpus_gap_audit/reconciled/gap_audit_document_reconciled.csv,document_id=INE009A01021_2013
language_script,no_devanagari_candidate,INE009A01021_2017,Infosys Limited,2017,VALIDATION,dataset/corpus_gap_audit/reconciled/gap_audit_document_reconciled.csv,document_id=INE009A01021_2017
language_script,no_devanagari_candidate,INE009A01021_2018,Infosys Limited,2018,VALIDATION,dataset/corpus_gap_audit/reconciled/gap_audit_document_reconciled.csv,document_id=INE009A01021_2018
language_script,no_devanagari_candidate,INE009A01021_2024,Infosys Limited,2024,VALIDATION,dataset/corpus_gap_audit/reconciled/gap_audit_document_reconciled.csv,document_id=INE009A01021_2024
language_script,no_devanagari_candidate,INE009A01021_2025,Infosys Limited,2025,VALIDATION,dataset/corpus_gap_audit/reconciled/gap_audit_document_reconciled.csv,document_id=INE009A01021_2025
language_script,no_devanagari_candidate,INE00E101023_2024,Bikaji Foods International Limited,2024,FIT,dataset/corpus_gap_audit/reconciled/gap_audit_document_reconciled.csv,document_id=INE00E101023_2024
language_script,no_devanagari_candidate,INE00E101023_2025,Bikaji Foods International Limited,2025,FIT,dataset/corpus_gap_audit/reconciled/gap_audit_document_reconciled.csv,document_id=INE00E101023_2025
language_script,no_devanagari_candidate,INE00FF01025_2015,Acutaas Chemicals Limited,2015,FIT,dataset/corpus_gap_audit/reconciled/gap_audit_document_reconciled.csv,document_id=INE00FF01025_2015
language_script,no_devanagari_candidate,INE00FF01025_2024,Acutaas Chemicals Limited,2024,FIT,dataset/corpus_gap_audit/reconciled/gap_audit_document_reconciled.csv,document_id=INE00FF01025_2024
language_script,no_devanagari_candidate,INE00FF01025_2025,Acutaas Chemicals Limited,2025,FIT,dataset/corpus_gap_audit/reconciled/gap_audit_document_reconciled.csv,document_id=INE00FF01025_2025
language_script,no_devanagari_candidate,INE00LO01017_2015,Craftsman Automation Limited,2015,FIT,dataset/corpus_gap_audit/reconciled/gap_audit_document_reconciled.csv,document_id=INE00LO01017_2015
language_script,no_devanagari_candidate,INE00LO01017_2024,Craftsman Automation Limited,2024,FIT,dataset/corpus_gap_audit/reconciled/gap_audit_document_reconciled.csv,document_id=INE00LO01017_2024
language_script,no_devanagari_candidate,INE00LO01017_2025,Craftsman Automation Limited,2025,FIT,dataset/corpus_gap_audit/reconciled/gap_audit_document_reconciled.csv,document_id=INE00LO01017_2025
language_script,no_devanagari_candidate,INE00WC01027_2024,Affle 3i Limited,2024,VALIDATION,dataset/corpus_gap_audit/reconciled/gap_audit_document_reconciled.csv,document_id=INE00WC01027_2024
language_script,no_devanagari_candidate,INE00WC01027_2025,Affle 3i Limited,2025,VALIDATION,dataset/corpus_gap_audit/reconciled/gap_audit_document_reconciled.csv,document_id=INE00WC01027_2025
language_script,no_devanagari_candidate,INE040A01034_2012,HDFC Bank Limited,2012,FIT,dataset/corpus_gap_audit/reconciled/gap_audit_document_reconciled.csv,document_id=INE040A01034_2012
language_script,no_devanagari_candidate,INE040A01034_2013,HDFC Bank Limited,2013,FIT,dataset/corpus_gap_audit/reconciled/gap_audit_document_reconciled.csv,document_id=INE040A01034_2013
language_script,no_devanagari_candidate,INE040A01034_2017,HDFC Bank Limited,2017,FIT,dataset/corpus_gap_audit/reconciled/gap_audit_document_reconciled.csv,document_id=INE040A01034_2017
language_script,no_devanagari_candidate,INE040A01034_2018,HDFC Bank Limited,2018,FIT,dataset/corpus_gap_audit/reconciled/gap_audit_document_reconciled.csv,document_id=INE040A01034_2018
language_script,no_devanagari_candidate,INE040A01034_2024,HDFC Bank Limited,2024,FIT,dataset/corpus_gap_audit/reconciled/gap_audit_document_reconciled.csv,document_id=INE040A01034_2024
language_script,no_devanagari_candidate,INE040A01034_2025,HDFC Bank Limited,2025,FIT,dataset/corpus_gap_audit/reconciled/gap_audit_document_reconciled.csv,document_id=INE040A01034_2025
language_script,no_devanagari_candidate,INE044A01036_2012,Sun Pharmaceutical Industries Limited,2012,HOLDOUT,dataset/corpus_gap_audit/reconciled/gap_audit_document_reconciled.csv,document_id=INE044A01036_2012
language_script,no_devanagari_candidate,INE044A01036_2013,Sun Pharmaceutical Industries Limited,2013,HOLDOUT,dataset/corpus_gap_audit/reconciled/gap_audit_document_reconciled.csv,document_id=INE044A01036_2013
language_script,no_devanagari_candidate,INE044A01036_2017,Sun Pharmaceutical Industries Limited,2017,HOLDOUT,dataset/corpus_gap_audit/reconciled/gap_audit_document_reconciled.csv,document_id=INE044A01036_2017
language_script,no_devanagari_candidate,INE044A01036_2018,Sun Pharmaceutical Industries Limited,2018,HOLDOUT,dataset/corpus_gap_audit/reconciled/gap_audit_document_reconciled.csv,document_id=INE044A01036_2018
language_script,no_devanagari_candidate,INE044A01036_2024,Sun Pharmaceutical Industries Limited,2024,HOLDOUT,dataset/corpus_gap_audit/reconciled/gap_audit_document_reconciled.csv,document_id=INE044A01036_2024
language_script,no_devanagari_candidate,INE044A01036_2025,Sun Pharmaceutical Industries Limited,2025,HOLDOUT,dataset/corpus_gap_audit/reconciled/gap_audit_document_reconciled.csv,document_id=INE044A01036_2025
language_script,no_devanagari_candidate,INE081A01020_2012,Tata Steel Limited,2012,FIT,dataset/corpus_gap_audit/reconciled/gap_audit_document_reconciled.csv,document_id=INE081A01020_2012
language_script,no_devanagari_candidate,INE081A01020_2013,Tata Steel Limited,2013,FIT,dataset/corpus_gap_audit/reconciled/gap_audit_document_reconciled.csv,document_id=INE081A01020_2013
language_script,no_devanagari_candidate,INE081A01020_2017,Tata Steel Limited,2017,FIT,dataset/corpus_gap_audit/reconciled/gap_audit_document_reconciled.csv,document_id=INE081A01020_2017
language_script,no_devanagari_candidate,INE081A01020_2018,Tata Steel Limited,2018,FIT,dataset/corpus_gap_audit/reconciled/gap_audit_document_reconciled.csv,document_id=INE081A01020_2018
language_script,no_devanagari_candidate,INE081A01020_2024,Tata Steel Limited,2024,FIT,dataset/corpus_gap_audit/reconciled/gap_audit_document_reconciled.csv,document_id=INE081A01020_2024
language_script,no_devanagari_candidate,INE081A01020_2025,Tata Steel Limited,2025,FIT,dataset/corpus_gap_audit/reconciled/gap_audit_document_reconciled.csv,document_id=INE081A01020_2025
language_script,no_devanagari_candidate,INE119A01028_2012,Balrampur Chini Mills Limited,2012,HOLDOUT,dataset/corpus_gap_audit/reconciled/gap_audit_document_reconciled.csv,document_id=INE119A01028_2012
language_script,no_devanagari_candidate,INE119A01028_2013,Balrampur Chini Mills Limited,2013,HOLDOUT,dataset/corpus_gap_audit/reconciled/gap_audit_document_reconciled.csv,document_id=INE119A01028_2013
language_script,no_devanagari_candidate,INE119A01028_2017,Balrampur Chini Mills Limited,2017,HOLDOUT,dataset/corpus_gap_audit/reconciled/gap_audit_document_reconciled.csv,document_id=INE119A01028_2017
language_script,no_devanagari_candidate,INE119A01028_2018,Balrampur Chini Mills Limited,2018,HOLDOUT,dataset/corpus_gap_audit/reconciled/gap_audit_document_reconciled.csv,document_id=INE119A01028_2018
language_script,no_devanagari_candidate,INE119A01028_2024,Balrampur Chini Mills Limited,2024,HOLDOUT,dataset/corpus_gap_audit/reconciled/gap_audit_document_reconciled.csv,document_id=INE119A01028_2024
language_script,no_devanagari_candidate,INE119A01028_2025,Balrampur Chini Mills Limited,2025,HOLDOUT,dataset/corpus_gap_audit/reconciled/gap_audit_document_reconciled.csv,document_id=INE119A01028_2025
language_script,no_devanagari_candidate,INE151A01013_2012,Tata Communications Limited,2012,FIT,dataset/corpus_gap_audit/reconciled/gap_audit_document_reconciled.csv,document_id=INE151A01013_2012
language_script,no_devanagari_candidate,INE151A01013_2013,Tata Communications Limited,2013,FIT,dataset/corpus_gap_audit/reconciled/gap_audit_document_reconciled.csv,document_id=INE151A01013_2013
language_script,no_devanagari_candidate,INE151A01013_2017,Tata Communications Limited,2017,FIT,dataset/corpus_gap_audit/reconciled/gap_audit_document_reconciled.csv,document_id=INE151A01013_2017
language_script,no_devanagari_candidate,INE151A01013_2018,Tata Communications Limited,2018,FIT,dataset/corpus_gap_audit/reconciled/gap_audit_document_reconciled.csv,document_id=INE151A01013_2018
language_script,no_devanagari_candidate,INE151A01013_2024,Tata Communications Limited,2024,FIT,dataset/corpus_gap_audit/reconciled/gap_audit_document_reconciled.csv,document_id=INE151A01013_2024
language_script,no_devanagari_candidate,INE151A01013_2025,Tata Communications Limited,2025,FIT,dataset/corpus_gap_audit/reconciled/gap_audit_document_reconciled.csv,document_id=INE151A01013_2025
language_script,no_devanagari_candidate,INE154A01025_2012,ITC Limited,2012,VALIDATION,dataset/corpus_gap_audit/reconciled/gap_audit_document_reconciled.csv,document_id=INE154A01025_2012
language_script,no_devanagari_candidate,INE154A01025_2013,ITC Limited,2013,VALIDATION,dataset/corpus_gap_audit/reconciled/gap_audit_document_reconciled.csv,document_id=INE154A01025_2013
language_script,no_devanagari_candidate,INE154A01025_2017,ITC Limited,2017,VALIDATION,dataset/corpus_gap_audit/reconciled/gap_audit_document_reconciled.csv,document_id=INE154A01025_2017
language_script,no_devanagari_candidate,INE154A01025_2018,ITC Limited,2018,VALIDATION,dataset/corpus_gap_audit/reconciled/gap_audit_document_reconciled.csv,document_id=INE154A01025_2018
language_script,no_devanagari_candidate,INE154A01025_2024,ITC Limited,2024,VALIDATION,dataset/corpus_gap_audit/reconciled/gap_audit_document_reconciled.csv,document_id=INE154A01025_2024
language_script,no_devanagari_candidate,INE154A01025_2025,ITC Limited,2025,VALIDATION,dataset/corpus_gap_audit/reconciled/gap_audit_document_reconciled.csv,document_id=INE154A01025_2025
language_script,no_devanagari_candidate,INE171A01029_2012,The Federal Bank  Limited,2012,HOLDOUT,dataset/corpus_gap_audit/reconciled/gap_audit_document_reconciled.csv,document_id=INE171A01029_2012
language_script,no_devanagari_candidate,INE171A01029_2013,The Federal Bank  Limited,2013,HOLDOUT,dataset/corpus_gap_audit/reconciled/gap_audit_document_reconciled.csv,document_id=INE171A01029_2013
language_script,no_devanagari_candidate,INE171A01029_2017,The Federal Bank  Limited,2017,HOLDOUT,dataset/corpus_gap_audit/reconciled/gap_audit_document_reconciled.csv,document_id=INE171A01029_2017
language_script,no_devanagari_candidate,INE171A01029_2018,The Federal Bank  Limited,2018,HOLDOUT,dataset/corpus_gap_audit/reconciled/gap_audit_document_reconciled.csv,document_id=INE171A01029_2018
language_script,no_devanagari_candidate,INE171A01029_2024,The Federal Bank  Limited,2024,HOLDOUT,dataset/corpus_gap_audit/reconciled/gap_audit_document_reconciled.csv,document_id=INE171A01029_2024
language_script,no_devanagari_candidate,INE171A01029_2025,The Federal Bank  Limited,2025,HOLDOUT,dataset/corpus_gap_audit/reconciled/gap_audit_document_reconciled.csv,document_id=INE171A01029_2025
language_script,no_devanagari_candidate,INE191H01014_2012,PVR INOX Limited,2012,FIT,dataset/corpus_gap_audit/reconciled/gap_audit_document_reconciled.csv,document_id=INE191H01014_2012
language_script,no_devanagari_candidate,INE191H01014_2013,PVR INOX Limited,2013,FIT,dataset/corpus_gap_audit/reconciled/gap_audit_document_reconciled.csv,document_id=INE191H01014_2013
language_script,no_devanagari_candidate,INE191H01014_2017,PVR INOX Limited,2017,FIT,dataset/corpus_gap_audit/reconciled/gap_audit_document_reconciled.csv,document_id=INE191H01014_2017
language_script,no_devanagari_candidate,INE191H01014_2018,PVR INOX Limited,2018,FIT,dataset/corpus_gap_audit/reconciled/gap_audit_document_reconciled.csv,document_id=INE191H01014_2018
language_script,no_devanagari_candidate,INE191H01014_2024,PVR INOX Limited,2024,FIT,dataset/corpus_gap_audit/reconciled/gap_audit_document_reconciled.csv,document_id=INE191H01014_2024
language_script,no_devanagari_candidate,INE191H01014_2025,PVR INOX Limited,2025,FIT,dataset/corpus_gap_audit/reconciled/gap_audit_document_reconciled.csv,document_id=INE191H01014_2025
language_script,no_devanagari_candidate,INE192B01031_2012,Welspun Living Limited,2012,FIT,dataset/corpus_gap_audit/reconciled/gap_audit_document_reconciled.csv,document_id=INE192B01031_2012
language_script,no_devanagari_candidate,INE192B01031_2013,Welspun Living Limited,2013,FIT,dataset/corpus_gap_audit/reconciled/gap_audit_document_reconciled.csv,document_id=INE192B01031_2013
language_script,no_devanagari_candidate,INE192B01031_2017,Welspun Living Limited,2017,FIT,dataset/corpus_gap_audit/reconciled/gap_audit_document_reconciled.csv,document_id=INE192B01031_2017
language_script,no_devanagari_candidate,INE192B01031_2018,Welspun Living Limited,2018,FIT,dataset/corpus_gap_audit/reconciled/gap_audit_document_reconciled.csv,document_id=INE192B01031_2018
language_script,no_devanagari_candidate,INE192B01031_2024,Welspun Living Limited,2024,FIT,dataset/corpus_gap_audit/reconciled/gap_audit_document_reconciled.csv,document_id=INE192B01031_2024
language_script,no_devanagari_candidate,INE192B01031_2025,Welspun Living Limited,2025,FIT,dataset/corpus_gap_audit/reconciled/gap_audit_document_reconciled.csv,document_id=INE192B01031_2025
language_script,no_devanagari_candidate,INE226A01021_2012,Voltas Limited,2012,HOLDOUT,dataset/corpus_gap_audit/reconciled/gap_audit_document_reconciled.csv,document_id=INE226A01021_2012
language_script,no_devanagari_candidate,INE226A01021_2013,Voltas Limited,2013,HOLDOUT,dataset/corpus_gap_audit/reconciled/gap_audit_document_reconciled.csv,document_id=INE226A01021_2013
language_script,no_devanagari_candidate,INE226A01021_2017,Voltas Limited,2017,HOLDOUT,dataset/corpus_gap_audit/reconciled/gap_audit_document_reconciled.csv,document_id=INE226A01021_2017
language_script,no_devanagari_candidate,INE226A01021_2018,Voltas Limited,2018,HOLDOUT,dataset/corpus_gap_audit/reconciled/gap_audit_document_reconciled.csv,document_id=INE226A01021_2018
language_script,no_devanagari_candidate,INE226A01021_2024,Voltas Limited,2024,HOLDOUT,dataset/corpus_gap_audit/reconciled/gap_audit_document_reconciled.csv,document_id=INE226A01021_2024
language_script,no_devanagari_candidate,INE226A01021_2025,Voltas Limited,2025,HOLDOUT,dataset/corpus_gap_audit/reconciled/gap_audit_document_reconciled.csv,document_id=INE226A01021_2025
language_script,no_devanagari_candidate,INE482A01020_2012,CEAT Limited,2012,VALIDATION,dataset/corpus_gap_audit/reconciled/gap_audit_document_reconciled.csv,document_id=INE482A01020_2012
language_script,no_devanagari_candidate,INE482A01020_2013,CEAT Limited,2013,VALIDATION,dataset/corpus_gap_audit/reconciled/gap_audit_document_reconciled.csv,document_id=INE482A01020_2013
language_script,no_devanagari_candidate,INE482A01020_2017,CEAT Limited,2017,VALIDATION,dataset/corpus_gap_audit/reconciled/gap_audit_document_reconciled.csv,document_id=INE482A01020_2017
language_script,no_devanagari_candidate,INE482A01020_2018,CEAT Limited,2018,VALIDATION,dataset/corpus_gap_audit/reconciled/gap_audit_document_reconciled.csv,document_id=INE482A01020_2018
language_script,no_devanagari_candidate,INE482A01020_2024,CEAT Limited,2024,VALIDATION,dataset/corpus_gap_audit/reconciled/gap_audit_document_reconciled.csv,document_id=INE482A01020_2024
language_script,no_devanagari_candidate,INE482A01020_2025,CEAT Limited,2025,VALIDATION,dataset/corpus_gap_audit/reconciled/gap_audit_document_reconciled.csv,document_id=INE482A01020_2025
language_script,no_devanagari_candidate,INE761H01022_2012,Page Industries Limited,2012,FIT,dataset/corpus_gap_audit/reconciled/gap_audit_document_reconciled.csv,document_id=INE761H01022_2012
language_script,no_devanagari_candidate,INE761H01022_2013,Page Industries Limited,2013,FIT,dataset/corpus_gap_audit/reconciled/gap_audit_document_reconciled.csv,document_id=INE761H01022_2013
language_script,no_devanagari_candidate,INE761H01022_2017,Page Industries Limited,2017,FIT,dataset/corpus_gap_audit/reconciled/gap_audit_document_reconciled.csv,document_id=INE761H01022_2017
language_script,no_devanagari_candidate,INE761H01022_2018,Page Industries Limited,2018,FIT,dataset/corpus_gap_audit/reconciled/gap_audit_document_reconciled.csv,document_id=INE761H01022_2018
language_script,no_devanagari_candidate,INE761H01022_2024,Page Industries Limited,2024,FIT,dataset/corpus_gap_audit/reconciled/gap_audit_document_reconciled.csv,document_id=INE761H01022_2024
language_script,no_devanagari_candidate,INE761H01022_2025,Page Industries Limited,2025,FIT,dataset/corpus_gap_audit/reconciled/gap_audit_document_reconciled.csv,document_id=INE761H01022_2025
language_script,no_devanagari_candidate,INE797F01020_2012,Jubilant Foodworks Limited,2012,FIT,dataset/corpus_gap_audit/reconciled/gap_audit_document_reconciled.csv,document_id=INE797F01020_2012
language_script,no_devanagari_candidate,INE797F01020_2013,Jubilant Foodworks Limited,2013,FIT,dataset/corpus_gap_audit/reconciled/gap_audit_document_reconciled.csv,document_id=INE797F01020_2013
language_script,no_devanagari_candidate,INE797F01020_2017,Jubilant Foodworks Limited,2017,FIT,dataset/corpus_gap_audit/reconciled/gap_audit_document_reconciled.csv,document_id=INE797F01020_2017
language_script,no_devanagari_candidate,INE797F01020_2018,Jubilant Foodworks Limited,2018,FIT,dataset/corpus_gap_audit/reconciled/gap_audit_document_reconciled.csv,document_id=INE797F01020_2018
language_script,no_devanagari_candidate,INE797F01020_2024,Jubilant Foodworks Limited,2024,FIT,dataset/corpus_gap_audit/reconciled/gap_audit_document_reconciled.csv,document_id=INE797F01020_2024
language_script,no_devanagari_candidate,INE797F01020_2025,Jubilant Foodworks Limited,2025,FIT,dataset/corpus_gap_audit/reconciled/gap_audit_document_reconciled.csv,document_id=INE797F01020_2025
legacy_or_broken_text,legacy_font_candidate,INE001B01026_2013,KRBL Limited,2013,VALIDATION,dataset/corpus_gap_audit/reconciled/gap_audit_document_reconciled.csv,document_id=INE001B01026_2013
legacy_or_broken_text,legacy_font_candidate,INE001B01026_2017,KRBL Limited,2017,VALIDATION,dataset/corpus_gap_audit/reconciled/gap_audit_document_reconciled.csv,document_id=INE001B01026_2017
legacy_or_broken_text,legacy_font_candidate,INE001B01026_2024,KRBL Limited,2024,VALIDATION,dataset/corpus_gap_audit/reconciled/gap_audit_document_reconciled.csv,document_id=INE001B01026_2024
legacy_or_broken_text,legacy_font_candidate,INE001F01019_2018,Modern Steels Limited,2018,FIT,dataset/corpus_gap_audit/reconciled/gap_audit_document_reconciled.csv,document_id=INE001F01019_2018
legacy_or_broken_text,legacy_font_candidate,INE002A01018_2013,Reliance Industries Limited,2013,FIT,dataset/corpus_gap_audit/reconciled/gap_audit_document_reconciled.csv,document_id=INE002A01018_2013
legacy_or_broken_text,legacy_font_candidate,INE002A01018_2018,Reliance Industries Limited,2018,FIT,dataset/corpus_gap_audit/reconciled/gap_audit_document_reconciled.csv,document_id=INE002A01018_2018
legacy_or_broken_text,legacy_font_candidate,INE002E01010_2024,Sar  Auto Products Limited,2024,HOLDOUT,dataset/corpus_gap_audit/reconciled/gap_audit_document_reconciled.csv,document_id=INE002E01010_2024
legacy_or_broken_text,legacy_font_candidate,INE002E01010_2025,Sar  Auto Products Limited,2025,HOLDOUT,dataset/corpus_gap_audit/reconciled/gap_audit_document_reconciled.csv,document_id=INE002E01010_2025
legacy_or_broken_text,legacy_font_candidate,INE002L01015_2018,SJVN Limited,2018,HOLDOUT,dataset/corpus_gap_audit/reconciled/gap_audit_document_reconciled.csv,document_id=INE002L01015_2018
legacy_or_broken_text,legacy_font_candidate,INE002L01015_2024,SJVN Limited,2024,HOLDOUT,dataset/corpus_gap_audit/reconciled/gap_audit_document_reconciled.csv,document_id=INE002L01015_2024
legacy_or_broken_text,legacy_font_candidate,INE002S01010_2017,Mahanagar Gas Limited,2017,VALIDATION,dataset/corpus_gap_audit/reconciled/gap_audit_document_reconciled.csv,document_id=INE002S01010_2017
legacy_or_broken_text,legacy_font_candidate,INE002S01010_2025,Mahanagar Gas Limited,2025,VALIDATION,dataset/corpus_gap_audit/reconciled/gap_audit_document_reconciled.csv,document_id=INE002S01010_2025
legacy_or_broken_text,legacy_font_candidate,INE004E01016_2018,Span Divergent Limited,2018,FIT,dataset/corpus_gap_audit/reconciled/gap_audit_document_reconciled.csv,document_id=INE004E01016_2018
legacy_or_broken_text,legacy_font_candidate,INE004E01016_2025,Span Divergent Limited,2025,FIT,dataset/corpus_gap_audit/reconciled/gap_audit_document_reconciled.csv,document_id=INE004E01016_2025
legacy_or_broken_text,legacy_font_candidate,INE004Z01011_2024,Mac Hotels Limited,2024,FIT,dataset/corpus_gap_audit/reconciled/gap_audit_document_reconciled.csv,document_id=INE004Z01011_2024
legacy_or_broken_text,legacy_font_candidate,INE004Z01011_2025,Mac Hotels Limited,2025,FIT,dataset/corpus_gap_audit/reconciled/gap_audit_document_reconciled.csv,document_id=INE004Z01011_2025
legacy_or_broken_text,legacy_font_candidate,INE006C01015_2024,K.Z.Leasing & Finance Ltd.,2024,VALIDATION,dataset/corpus_gap_audit/reconciled/gap_audit_document_reconciled.csv,document_id=INE006C01015_2024
legacy_or_broken_text,legacy_font_candidate,INE006C01015_2025,K.Z.Leasing & Finance Ltd.,2025,VALIDATION,dataset/corpus_gap_audit/reconciled/gap_audit_document_reconciled.csv,document_id=INE006C01015_2025
legacy_or_broken_text,legacy_font_candidate,INE006I01046_2025,Astral Limited,2025,HOLDOUT,dataset/corpus_gap_audit/reconciled/gap_audit_document_reconciled.csv,document_id=INE006I01046_2025
legacy_or_broken_text,legacy_font_candidate,INE007A01025_2024,Crisil Limited,2024,FIT,dataset/corpus_gap_audit/reconciled/gap_audit_document_reconciled.csv,document_id=INE007A01025_2024
legacy_or_broken_text,legacy_font_candidate,INE007A01025_2025,Crisil Limited,2025,FIT,dataset/corpus_gap_audit/reconciled/gap_audit_document_reconciled.csv,document_id=INE007A01025_2025
legacy_or_broken_text,legacy_font_candidate,INE008A01015_2012,IDBI Bank Limited,2012,FIT,dataset/corpus_gap_audit/reconciled/gap_audit_document_reconciled.csv,document_id=INE008A01015_2012
legacy_or_broken_text,legacy_font_candidate,INE008A01015_2025,IDBI Bank Limited,2025,FIT,dataset/corpus_gap_audit/reconciled/gap_audit_document_reconciled.csv,document_id=INE008A01015_2025
legacy_or_broken_text,legacy_font_candidate,INE00LO01017_2024,Craftsman Automation Limited,2024,FIT,dataset/corpus_gap_audit/reconciled/gap_audit_document_reconciled.csv,document_id=INE00LO01017_2024
legacy_or_broken_text,legacy_font_candidate,INE040A01034_2013,HDFC Bank Limited,2013,FIT,dataset/corpus_gap_audit/reconciled/gap_audit_document_reconciled.csv,document_id=INE040A01034_2013
legacy_or_broken_text,legacy_font_candidate,INE040A01034_2017,HDFC Bank Limited,2017,FIT,dataset/corpus_gap_audit/reconciled/gap_audit_document_reconciled.csv,document_id=INE040A01034_2017
legacy_or_broken_text,legacy_font_candidate,INE040A01034_2018,HDFC Bank Limited,2018,FIT,dataset/corpus_gap_audit/reconciled/gap_audit_document_reconciled.csv,document_id=INE040A01034_2018
legacy_or_broken_text,legacy_font_candidate,INE040A01034_2025,HDFC Bank Limited,2025,FIT,dataset/corpus_gap_audit/reconciled/gap_audit_document_reconciled.csv,document_id=INE040A01034_2025
legacy_or_broken_text,legacy_font_candidate,INE044A01036_2012,Sun Pharmaceutical Industries Limited,2012,HOLDOUT,dataset/corpus_gap_audit/reconciled/gap_audit_document_reconciled.csv,document_id=INE044A01036_2012
legacy_or_broken_text,legacy_font_candidate,INE044A01036_2024,Sun Pharmaceutical Industries Limited,2024,HOLDOUT,dataset/corpus_gap_audit/reconciled/gap_audit_document_reconciled.csv,document_id=INE044A01036_2024
legacy_or_broken_text,legacy_font_candidate,INE044A01036_2025,Sun Pharmaceutical Industries Limited,2025,HOLDOUT,dataset/corpus_gap_audit/reconciled/gap_audit_document_reconciled.csv,document_id=INE044A01036_2025
legacy_or_broken_text,legacy_font_candidate,INE081A01020_2012,Tata Steel Limited,2012,FIT,dataset/corpus_gap_audit/reconciled/gap_audit_document_reconciled.csv,document_id=INE081A01020_2012
legacy_or_broken_text,legacy_font_candidate,INE081A01020_2013,Tata Steel Limited,2013,FIT,dataset/corpus_gap_audit/reconciled/gap_audit_document_reconciled.csv,document_id=INE081A01020_2013
legacy_or_broken_text,legacy_font_candidate,INE081A01020_2025,Tata Steel Limited,2025,FIT,dataset/corpus_gap_audit/reconciled/gap_audit_document_reconciled.csv,document_id=INE081A01020_2025
legacy_or_broken_text,legacy_font_candidate,INE154A01025_2012,ITC Limited,2012,VALIDATION,dataset/corpus_gap_audit/reconciled/gap_audit_document_reconciled.csv,document_id=INE154A01025_2012
legacy_or_broken_text,legacy_font_candidate,INE171A01029_2012,The Federal Bank  Limited,2012,HOLDOUT,dataset/corpus_gap_audit/reconciled/gap_audit_document_reconciled.csv,document_id=INE171A01029_2012
legacy_or_broken_text,legacy_font_candidate,INE171A01029_2024,The Federal Bank  Limited,2024,HOLDOUT,dataset/corpus_gap_audit/reconciled/gap_audit_document_reconciled.csv,document_id=INE171A01029_2024
legacy_or_broken_text,legacy_font_candidate,INE171A01029_2025,The Federal Bank  Limited,2025,HOLDOUT,dataset/corpus_gap_audit/reconciled/gap_audit_document_reconciled.csv,document_id=INE171A01029_2025
legacy_or_broken_text,legacy_font_candidate,INE191H01014_2024,PVR INOX Limited,2024,FIT,dataset/corpus_gap_audit/reconciled/gap_audit_document_reconciled.csv,document_id=INE191H01014_2024
legacy_or_broken_text,legacy_font_candidate,INE191H01014_2025,PVR INOX Limited,2025,FIT,dataset/corpus_gap_audit/reconciled/gap_audit_document_reconciled.csv,document_id=INE191H01014_2025
legacy_or_broken_text,legacy_font_candidate,INE192B01031_2012,Welspun Living Limited,2012,FIT,dataset/corpus_gap_audit/reconciled/gap_audit_document_reconciled.csv,document_id=INE192B01031_2012
legacy_or_broken_text,legacy_font_candidate,INE192B01031_2017,Welspun Living Limited,2017,FIT,dataset/corpus_gap_audit/reconciled/gap_audit_document_reconciled.csv,document_id=INE192B01031_2017
legacy_or_broken_text,legacy_font_candidate,INE192B01031_2018,Welspun Living Limited,2018,FIT,dataset/corpus_gap_audit/reconciled/gap_audit_document_reconciled.csv,document_id=INE192B01031_2018
legacy_or_broken_text,legacy_font_candidate,INE192B01031_2024,Welspun Living Limited,2024,FIT,dataset/corpus_gap_audit/reconciled/gap_audit_document_reconciled.csv,document_id=INE192B01031_2024
legacy_or_broken_text,legacy_font_candidate,INE192B01031_2025,Welspun Living Limited,2025,FIT,dataset/corpus_gap_audit/reconciled/gap_audit_document_reconciled.csv,document_id=INE192B01031_2025
legacy_or_broken_text,legacy_font_candidate,INE226A01021_2012,Voltas Limited,2012,HOLDOUT,dataset/corpus_gap_audit/reconciled/gap_audit_document_reconciled.csv,document_id=INE226A01021_2012
legacy_or_broken_text,legacy_font_candidate,INE226A01021_2017,Voltas Limited,2017,HOLDOUT,dataset/corpus_gap_audit/reconciled/gap_audit_document_reconciled.csv,document_id=INE226A01021_2017
legacy_or_broken_text,legacy_font_candidate,INE226A01021_2018,Voltas Limited,2018,HOLDOUT,dataset/corpus_gap_audit/reconciled/gap_audit_document_reconciled.csv,document_id=INE226A01021_2018
legacy_or_broken_text,legacy_font_candidate,INE226A01021_2024,Voltas Limited,2024,HOLDOUT,dataset/corpus_gap_audit/reconciled/gap_audit_document_reconciled.csv,document_id=INE226A01021_2024
legacy_or_broken_text,legacy_font_candidate,INE226A01021_2025,Voltas Limited,2025,HOLDOUT,dataset/corpus_gap_audit/reconciled/gap_audit_document_reconciled.csv,document_id=INE226A01021_2025
legacy_or_broken_text,legacy_font_candidate,INE482A01020_2012,CEAT Limited,2012,VALIDATION,dataset/corpus_gap_audit/reconciled/gap_audit_document_reconciled.csv,document_id=INE482A01020_2012
legacy_or_broken_text,legacy_font_candidate,INE482A01020_2024,CEAT Limited,2024,VALIDATION,dataset/corpus_gap_audit/reconciled/gap_audit_document_reconciled.csv,document_id=INE482A01020_2024
legacy_or_broken_text,legacy_font_candidate,INE761H01022_2017,Page Industries Limited,2017,FIT,dataset/corpus_gap_audit/reconciled/gap_audit_document_reconciled.csv,document_id=INE761H01022_2017
legacy_or_broken_text,legacy_font_candidate,INE761H01022_2018,Page Industries Limited,2018,FIT,dataset/corpus_gap_audit/reconciled/gap_audit_document_reconciled.csv,document_id=INE761H01022_2018
legacy_or_broken_text,legacy_font_candidate,INE797F01020_2013,Jubilant Foodworks Limited,2013,FIT,dataset/corpus_gap_audit/reconciled/gap_audit_document_reconciled.csv,document_id=INE797F01020_2013
legacy_or_broken_text,legacy_font_candidate,INE797F01020_2025,Jubilant Foodworks Limited,2025,FIT,dataset/corpus_gap_audit/reconciled/gap_audit_document_reconciled.csv,document_id=INE797F01020_2025
legacy_or_broken_text,duplicate_text_candidate,INE001B01026_2012,KRBL Limited,2012,VALIDATION,dataset/corpus_gap_audit/reconciled/gap_audit_document_reconciled.csv,document_id=INE001B01026_2012
legacy_or_broken_text,duplicate_text_candidate,INE001B01026_2018,KRBL Limited,2018,VALIDATION,dataset/corpus_gap_audit/reconciled/gap_audit_document_reconciled.csv,document_id=INE001B01026_2018
legacy_or_broken_text,duplicate_text_candidate,INE001B01026_2024,KRBL Limited,2024,VALIDATION,dataset/corpus_gap_audit/reconciled/gap_audit_document_reconciled.csv,document_id=INE001B01026_2024
legacy_or_broken_text,duplicate_text_candidate,INE001O01029_2024,Risa International Limited,2024,HOLDOUT,dataset/corpus_gap_audit/reconciled/gap_audit_document_reconciled.csv,document_id=INE001O01029_2024
legacy_or_broken_text,duplicate_text_candidate,INE001O01029_2025,Risa International Limited,2025,HOLDOUT,dataset/corpus_gap_audit/reconciled/gap_audit_document_reconciled.csv,document_id=INE001O01029_2025
legacy_or_broken_text,duplicate_text_candidate,INE002L01015_2025,SJVN Limited,2025,HOLDOUT,dataset/corpus_gap_audit/reconciled/gap_audit_document_reconciled.csv,document_id=INE002L01015_2025
legacy_or_broken_text,duplicate_text_candidate,INE002S01010_2017,Mahanagar Gas Limited,2017,VALIDATION,dataset/corpus_gap_audit/reconciled/gap_audit_document_reconciled.csv,document_id=INE002S01010_2017
legacy_or_broken_text,duplicate_text_candidate,INE003B01014_2024,Inter State Oil Carrier Ltd,2024,FIT,dataset/corpus_gap_audit/reconciled/gap_audit_document_reconciled.csv,document_id=INE003B01014_2024
legacy_or_broken_text,duplicate_text_candidate,INE005E01013_2013,Ekansh Concepts Limited,2013,VALIDATION,dataset/corpus_gap_audit/reconciled/gap_audit_document_reconciled.csv,document_id=INE005E01013_2013
legacy_or_broken_text,duplicate_text_candidate,INE006I01046_2013,Astral Limited,2013,HOLDOUT,dataset/corpus_gap_audit/reconciled/gap_audit_document_reconciled.csv,document_id=INE006I01046_2013
legacy_or_broken_text,duplicate_text_candidate,INE006I01046_2024,Astral Limited,2024,HOLDOUT,dataset/corpus_gap_audit/reconciled/gap_audit_document_reconciled.csv,document_id=INE006I01046_2024
legacy_or_broken_text,duplicate_text_candidate,INE008A01015_2013,IDBI Bank Limited,2013,FIT,dataset/corpus_gap_audit/reconciled/gap_audit_document_reconciled.csv,document_id=INE008A01015_2013
legacy_or_broken_text,duplicate_text_candidate,INE008A01015_2017,IDBI Bank Limited,2017,FIT,dataset/corpus_gap_audit/reconciled/gap_audit_document_reconciled.csv,document_id=INE008A01015_2017
legacy_or_broken_text,duplicate_text_candidate,INE008A01015_2018,IDBI Bank Limited,2018,FIT,dataset/corpus_gap_audit/reconciled/gap_audit_document_reconciled.csv,document_id=INE008A01015_2018
legacy_or_broken_text,duplicate_text_candidate,INE008A01015_2025,IDBI Bank Limited,2025,FIT,dataset/corpus_gap_audit/reconciled/gap_audit_document_reconciled.csv,document_id=INE008A01015_2025
legacy_or_broken_text,duplicate_text_candidate,INE009A01021_2025,Infosys Limited,2025,VALIDATION,dataset/corpus_gap_audit/reconciled/gap_audit_document_reconciled.csv,document_id=INE009A01021_2025
legacy_or_broken_text,duplicate_text_candidate,INE00E101023_2024,Bikaji Foods International Limited,2024,FIT,dataset/corpus_gap_audit/reconciled/gap_audit_document_reconciled.csv,document_id=INE00E101023_2024
legacy_or_broken_text,duplicate_text_candidate,INE00WC01027_2024,Affle 3i Limited,2024,VALIDATION,dataset/corpus_gap_audit/reconciled/gap_audit_document_reconciled.csv,document_id=INE00WC01027_2024
legacy_or_broken_text,duplicate_text_candidate,INE044A01036_2017,Sun Pharmaceutical Industries Limited,2017,HOLDOUT,dataset/corpus_gap_audit/reconciled/gap_audit_document_reconciled.csv,document_id=INE044A01036_2017
legacy_or_broken_text,duplicate_text_candidate,INE081A01020_2012,Tata Steel Limited,2012,FIT,dataset/corpus_gap_audit/reconciled/gap_audit_document_reconciled.csv,document_id=INE081A01020_2012
legacy_or_broken_text,duplicate_text_candidate,INE081A01020_2013,Tata Steel Limited,2013,FIT,dataset/corpus_gap_audit/reconciled/gap_audit_document_reconciled.csv,document_id=INE081A01020_2013
legacy_or_broken_text,duplicate_text_candidate,INE081A01020_2017,Tata Steel Limited,2017,FIT,dataset/corpus_gap_audit/reconciled/gap_audit_document_reconciled.csv,document_id=INE081A01020_2017
legacy_or_broken_text,duplicate_text_candidate,INE081A01020_2024,Tata Steel Limited,2024,FIT,dataset/corpus_gap_audit/reconciled/gap_audit_document_reconciled.csv,document_id=INE081A01020_2024
legacy_or_broken_text,duplicate_text_candidate,INE081A01020_2025,Tata Steel Limited,2025,FIT,dataset/corpus_gap_audit/reconciled/gap_audit_document_reconciled.csv,document_id=INE081A01020_2025
legacy_or_broken_text,duplicate_text_candidate,INE154A01025_2024,ITC Limited,2024,VALIDATION,dataset/corpus_gap_audit/reconciled/gap_audit_document_reconciled.csv,document_id=INE154A01025_2024
legacy_or_broken_text,duplicate_text_candidate,INE171A01029_2017,The Federal Bank  Limited,2017,HOLDOUT,dataset/corpus_gap_audit/reconciled/gap_audit_document_reconciled.csv,document_id=INE171A01029_2017
legacy_or_broken_text,duplicate_text_candidate,INE191H01014_2012,PVR INOX Limited,2012,FIT,dataset/corpus_gap_audit/reconciled/gap_audit_document_reconciled.csv,document_id=INE191H01014_2012
legacy_or_broken_text,duplicate_text_candidate,INE191H01014_2013,PVR INOX Limited,2013,FIT,dataset/corpus_gap_audit/reconciled/gap_audit_document_reconciled.csv,document_id=INE191H01014_2013
legacy_or_broken_text,duplicate_text_candidate,INE191H01014_2017,PVR INOX Limited,2017,FIT,dataset/corpus_gap_audit/reconciled/gap_audit_document_reconciled.csv,document_id=INE191H01014_2017
legacy_or_broken_text,duplicate_text_candidate,INE191H01014_2018,PVR INOX Limited,2018,FIT,dataset/corpus_gap_audit/reconciled/gap_audit_document_reconciled.csv,document_id=INE191H01014_2018
legacy_or_broken_text,duplicate_text_candidate,INE192B01031_2012,Welspun Living Limited,2012,FIT,dataset/corpus_gap_audit/reconciled/gap_audit_document_reconciled.csv,document_id=INE192B01031_2012
legacy_or_broken_text,duplicate_text_candidate,INE192B01031_2013,Welspun Living Limited,2013,FIT,dataset/corpus_gap_audit/reconciled/gap_audit_document_reconciled.csv,document_id=INE192B01031_2013
legacy_or_broken_text,duplicate_text_candidate,INE797F01020_2017,Jubilant Foodworks Limited,2017,FIT,dataset/corpus_gap_audit/reconciled/gap_audit_document_reconciled.csv,document_id=INE797F01020_2017
legacy_or_broken_text,duplicate_text_candidate,INE797F01020_2018,Jubilant Foodworks Limited,2018,FIT,dataset/corpus_gap_audit/reconciled/gap_audit_document_reconciled.csv,document_id=INE797F01020_2018
legacy_or_broken_text,duplicate_text_candidate,INE797F01020_2025,Jubilant Foodworks Limited,2025,FIT,dataset/corpus_gap_audit/reconciled/gap_audit_document_reconciled.csv,document_id=INE797F01020_2025
legacy_or_broken_text,hidden_text_candidate,INE003B01014_2018,Inter State Oil Carrier Ltd,2018,FIT,dataset/corpus_gap_audit/reconciled/gap_audit_document_reconciled.csv,document_id=INE003B01014_2018
legacy_or_broken_text,hidden_text_candidate,INE008A01015_2024,IDBI Bank Limited,2024,FIT,dataset/corpus_gap_audit/reconciled/gap_audit_document_reconciled.csv,document_id=INE008A01015_2024
legacy_or_broken_text,hidden_text_candidate,INE191H01014_2024,PVR INOX Limited,2024,FIT,dataset/corpus_gap_audit/reconciled/gap_audit_document_reconciled.csv,document_id=INE191H01014_2024
document_size,size_short,INE001F01019_2012,Modern Steels Limited,2012,FIT,dataset/corpus_gap_audit/reconciled/gap_audit_document_reconciled.csv,document_id=INE001F01019_2012
document_size,size_short,INE001F01019_2013,Modern Steels Limited,2013,FIT,dataset/corpus_gap_audit/reconciled/gap_audit_document_reconciled.csv,document_id=INE001F01019_2013
document_size,size_short,INE001F01019_2017,Modern Steels Limited,2017,FIT,dataset/corpus_gap_audit/reconciled/gap_audit_document_reconciled.csv,document_id=INE001F01019_2017
document_size,size_short,INE001F01019_2018,Modern Steels Limited,2018,FIT,dataset/corpus_gap_audit/reconciled/gap_audit_document_reconciled.csv,document_id=INE001F01019_2018
document_size,size_short,INE001F01019_2024,Modern Steels Limited,2024,FIT,dataset/corpus_gap_audit/reconciled/gap_audit_document_reconciled.csv,document_id=INE001F01019_2024
document_size,size_short,INE001F01019_2025,Modern Steels Limited,2025,FIT,dataset/corpus_gap_audit/reconciled/gap_audit_document_reconciled.csv,document_id=INE001F01019_2025
document_size,size_short,INE001O01029_2012,Risa International Limited,2012,HOLDOUT,dataset/corpus_gap_audit/reconciled/gap_audit_document_reconciled.csv,document_id=INE001O01029_2012
document_size,size_short,INE001O01029_2013,Risa International Limited,2013,HOLDOUT,dataset/corpus_gap_audit/reconciled/gap_audit_document_reconciled.csv,document_id=INE001O01029_2013
document_size,size_short,INE001O01029_2017,Risa International Limited,2017,HOLDOUT,dataset/corpus_gap_audit/reconciled/gap_audit_document_reconciled.csv,document_id=INE001O01029_2017
document_size,size_short,INE001O01029_2018,Risa International Limited,2018,HOLDOUT,dataset/corpus_gap_audit/reconciled/gap_audit_document_reconciled.csv,document_id=INE001O01029_2018
document_size,size_short,INE002B01016_2012,MADALA HOLDINGS LIMITED,2012,HOLDOUT,dataset/corpus_gap_audit/reconciled/gap_audit_document_reconciled.csv,document_id=INE002B01016_2012
document_size,size_short,INE002B01016_2013,MADALA HOLDINGS LIMITED,2013,HOLDOUT,dataset/corpus_gap_audit/reconciled/gap_audit_document_reconciled.csv,document_id=INE002B01016_2013
document_size,size_short,INE002E01010_2012,Sar  Auto Products Limited,2012,HOLDOUT,dataset/corpus_gap_audit/reconciled/gap_audit_document_reconciled.csv,document_id=INE002E01010_2012
document_size,size_short,INE002E01010_2013,Sar  Auto Products Limited,2013,HOLDOUT,dataset/corpus_gap_audit/reconciled/gap_audit_document_reconciled.csv,document_id=INE002E01010_2013
document_size,size_short,INE002E01010_2017,Sar  Auto Products Limited,2017,HOLDOUT,dataset/corpus_gap_audit/reconciled/gap_audit_document_reconciled.csv,document_id=INE002E01010_2017
document_size,size_short,INE002L01015_2012,SJVN Limited,2012,HOLDOUT,dataset/corpus_gap_audit/reconciled/gap_audit_document_reconciled.csv,document_id=INE002L01015_2012
document_size,size_short,INE002L01015_2013,SJVN Limited,2013,HOLDOUT,dataset/corpus_gap_audit/reconciled/gap_audit_document_reconciled.csv,document_id=INE002L01015_2013
document_size,size_short,INE003B01014_2011,Inter State Oil Carrier Ltd,2011,FIT,dataset/corpus_gap_audit/reconciled/gap_audit_document_reconciled.csv,document_id=INE003B01014_2011
document_size,size_short,INE003B01014_2013,Inter State Oil Carrier Ltd,2013,FIT,dataset/corpus_gap_audit/reconciled/gap_audit_document_reconciled.csv,document_id=INE003B01014_2013
document_size,size_short,INE003B01014_2017,Inter State Oil Carrier Ltd,2017,FIT,dataset/corpus_gap_audit/reconciled/gap_audit_document_reconciled.csv,document_id=INE003B01014_2017
document_size,size_short,INE003B01014_2018,Inter State Oil Carrier Ltd,2018,FIT,dataset/corpus_gap_audit/reconciled/gap_audit_document_reconciled.csv,document_id=INE003B01014_2018
document_size,size_short,INE003F01015_2012,Muller & Phipps (India) Ltd.,2012,VALIDATION,dataset/corpus_gap_audit/reconciled/gap_audit_document_reconciled.csv,document_id=INE003F01015_2012
document_size,size_short,INE003F01015_2013,Muller & Phipps (India) Ltd.,2013,VALIDATION,dataset/corpus_gap_audit/reconciled/gap_audit_document_reconciled.csv,document_id=INE003F01015_2013
document_size,size_short,INE003F01015_2017,Muller & Phipps (India) Ltd.,2017,VALIDATION,dataset/corpus_gap_audit/reconciled/gap_audit_document_reconciled.csv,document_id=INE003F01015_2017
document_size,size_short,INE003F01015_2018,Muller & Phipps (India) Ltd.,2018,VALIDATION,dataset/corpus_gap_audit/reconciled/gap_audit_document_reconciled.csv,document_id=INE003F01015_2018
document_size,size_short,INE003F01015_2024,Muller & Phipps (India) Ltd.,2024,VALIDATION,dataset/corpus_gap_audit/reconciled/gap_audit_document_reconciled.csv,document_id=INE003F01015_2024
document_size,size_short,INE003F01015_2025,Muller & Phipps (India) Ltd.,2025,VALIDATION,dataset/corpus_gap_audit/reconciled/gap_audit_document_reconciled.csv,document_id=INE003F01015_2025
document_size,size_short,INE004C01028_2017,Gujarat Cotex Ltd,2017,FIT,dataset/corpus_gap_audit/reconciled/gap_audit_document_reconciled.csv,document_id=INE004C01028_2017
document_size,size_short,INE004C01028_2018,Gujarat Cotex Ltd,2018,FIT,dataset/corpus_gap_audit/reconciled/gap_audit_document_reconciled.csv,document_id=INE004C01028_2018
document_size,size_short,INE004C01028_2024,Gujarat Cotex Ltd,2024,FIT,dataset/corpus_gap_audit/reconciled/gap_audit_document_reconciled.csv,document_id=INE004C01028_2024
document_size,size_short,INE004C01028_2025,Gujarat Cotex Ltd,2025,FIT,dataset/corpus_gap_audit/reconciled/gap_audit_document_reconciled.csv,document_id=INE004C01028_2025
document_size,size_short,INE004E01016_2012,Span Divergent Limited,2012,FIT,dataset/corpus_gap_audit/reconciled/gap_audit_document_reconciled.csv,document_id=INE004E01016_2012
document_size,size_short,INE004E01016_2013,Span Divergent Limited,2013,FIT,dataset/corpus_gap_audit/reconciled/gap_audit_document_reconciled.csv,document_id=INE004E01016_2013
document_size,size_short,INE004E01016_2017,Span Divergent Limited,2017,FIT,dataset/corpus_gap_audit/reconciled/gap_audit_document_reconciled.csv,document_id=INE004E01016_2017
document_size,size_short,INE004Z01011_2024,Mac Hotels Limited,2024,FIT,dataset/corpus_gap_audit/reconciled/gap_audit_document_reconciled.csv,document_id=INE004Z01011_2024
document_size,size_short,INE004Z01011_2025,Mac Hotels Limited,2025,FIT,dataset/corpus_gap_audit/reconciled/gap_audit_document_reconciled.csv,document_id=INE004Z01011_2025
document_size,size_short,INE005E01013_2012,Ekansh Concepts Limited,2012,VALIDATION,dataset/corpus_gap_audit/reconciled/gap_audit_document_reconciled.csv,document_id=INE005E01013_2012
document_size,size_short,INE005E01013_2013,Ekansh Concepts Limited,2013,VALIDATION,dataset/corpus_gap_audit/reconciled/gap_audit_document_reconciled.csv,document_id=INE005E01013_2013
document_size,size_short,INE005E01013_2017,Ekansh Concepts Limited,2017,VALIDATION,dataset/corpus_gap_audit/reconciled/gap_audit_document_reconciled.csv,document_id=INE005E01013_2017
document_size,size_short,INE006C01015_2012,K.Z.Leasing & Finance Ltd.,2012,VALIDATION,dataset/corpus_gap_audit/reconciled/gap_audit_document_reconciled.csv,document_id=INE006C01015_2012
document_size,size_short,INE006C01015_2013,K.Z.Leasing & Finance Ltd.,2013,VALIDATION,dataset/corpus_gap_audit/reconciled/gap_audit_document_reconciled.csv,document_id=INE006C01015_2013
document_size,size_short,INE006C01015_2017,K.Z.Leasing & Finance Ltd.,2017,VALIDATION,dataset/corpus_gap_audit/reconciled/gap_audit_document_reconciled.csv,document_id=INE006C01015_2017
document_size,size_short,INE006C01015_2018,K.Z.Leasing & Finance Ltd.,2018,VALIDATION,dataset/corpus_gap_audit/reconciled/gap_audit_document_reconciled.csv,document_id=INE006C01015_2018
document_size,size_short,INE006C01015_2024,K.Z.Leasing & Finance Ltd.,2024,VALIDATION,dataset/corpus_gap_audit/reconciled/gap_audit_document_reconciled.csv,document_id=INE006C01015_2024
document_size,size_short,INE006C01015_2025,K.Z.Leasing & Finance Ltd.,2025,VALIDATION,dataset/corpus_gap_audit/reconciled/gap_audit_document_reconciled.csv,document_id=INE006C01015_2025
document_size,size_short,INE00FF01025_2015,Acutaas Chemicals Limited,2015,FIT,dataset/corpus_gap_audit/reconciled/gap_audit_document_reconciled.csv,document_id=INE00FF01025_2015
document_size,size_short,INE00LO01017_2015,Craftsman Automation Limited,2015,FIT,dataset/corpus_gap_audit/reconciled/gap_audit_document_reconciled.csv,document_id=INE00LO01017_2015
document_size,size_short,INE761H01022_2012,Page Industries Limited,2012,FIT,dataset/corpus_gap_audit/reconciled/gap_audit_document_reconciled.csv,document_id=INE761H01022_2012
document_size,size_short,INE761H01022_2013,Page Industries Limited,2013,FIT,dataset/corpus_gap_audit/reconciled/gap_audit_document_reconciled.csv,document_id=INE761H01022_2013
document_size,size_medium,INE001B01026_2012,KRBL Limited,2012,VALIDATION,dataset/corpus_gap_audit/reconciled/gap_audit_document_reconciled.csv,document_id=INE001B01026_2012
document_size,size_medium,INE001B01026_2013,KRBL Limited,2013,VALIDATION,dataset/corpus_gap_audit/reconciled/gap_audit_document_reconciled.csv,document_id=INE001B01026_2013
document_size,size_medium,INE001B01026_2017,KRBL Limited,2017,VALIDATION,dataset/corpus_gap_audit/reconciled/gap_audit_document_reconciled.csv,document_id=INE001B01026_2017
document_size,size_medium,INE001B01026_2018,KRBL Limited,2018,VALIDATION,dataset/corpus_gap_audit/reconciled/gap_audit_document_reconciled.csv,document_id=INE001B01026_2018
document_size,size_medium,INE001B01026_2024,KRBL Limited,2024,VALIDATION,dataset/corpus_gap_audit/reconciled/gap_audit_document_reconciled.csv,document_id=INE001B01026_2024
document_size,size_medium,INE001O01029_2024,Risa International Limited,2024,HOLDOUT,dataset/corpus_gap_audit/reconciled/gap_audit_document_reconciled.csv,document_id=INE001O01029_2024
document_size,size_medium,INE001O01029_2025,Risa International Limited,2025,HOLDOUT,dataset/corpus_gap_audit/reconciled/gap_audit_document_reconciled.csv,document_id=INE001O01029_2025
document_size,size_medium,INE002A01018_2012,Reliance Industries Limited,2012,FIT,dataset/corpus_gap_audit/reconciled/gap_audit_document_reconciled.csv,document_id=INE002A01018_2012
document_size,size_medium,INE002A01018_2013,Reliance Industries Limited,2013,FIT,dataset/corpus_gap_audit/reconciled/gap_audit_document_reconciled.csv,document_id=INE002A01018_2013
document_size,size_medium,INE002A01018_2024,Reliance Industries Limited,2024,FIT,dataset/corpus_gap_audit/reconciled/gap_audit_document_reconciled.csv,document_id=INE002A01018_2024
document_size,size_medium,INE002A01018_2025,Reliance Industries Limited,2025,FIT,dataset/corpus_gap_audit/reconciled/gap_audit_document_reconciled.csv,document_id=INE002A01018_2025
document_size,size_medium,INE002B01016_2017,MADALA HOLDINGS LIMITED,2017,HOLDOUT,dataset/corpus_gap_audit/reconciled/gap_audit_document_reconciled.csv,document_id=INE002B01016_2017
document_size,size_medium,INE002B01016_2018,MADALA HOLDINGS LIMITED,2018,HOLDOUT,dataset/corpus_gap_audit/reconciled/gap_audit_document_reconciled.csv,document_id=INE002B01016_2018
document_size,size_medium,INE002B01016_2024,MADALA HOLDINGS LIMITED,2024,HOLDOUT,dataset/corpus_gap_audit/reconciled/gap_audit_document_reconciled.csv,document_id=INE002B01016_2024
document_size,size_medium,INE002B01016_2025,MADALA HOLDINGS LIMITED,2025,HOLDOUT,dataset/corpus_gap_audit/reconciled/gap_audit_document_reconciled.csv,document_id=INE002B01016_2025
document_size,size_medium,INE002E01010_2018,Sar  Auto Products Limited,2018,HOLDOUT,dataset/corpus_gap_audit/reconciled/gap_audit_document_reconciled.csv,document_id=INE002E01010_2018
document_size,size_medium,INE002E01010_2024,Sar  Auto Products Limited,2024,HOLDOUT,dataset/corpus_gap_audit/reconciled/gap_audit_document_reconciled.csv,document_id=INE002E01010_2024
document_size,size_medium,INE002E01010_2025,Sar  Auto Products Limited,2025,HOLDOUT,dataset/corpus_gap_audit/reconciled/gap_audit_document_reconciled.csv,document_id=INE002E01010_2025
document_size,size_medium,INE002L01015_2017,SJVN Limited,2017,HOLDOUT,dataset/corpus_gap_audit/reconciled/gap_audit_document_reconciled.csv,document_id=INE002L01015_2017
document_size,size_medium,INE002L01015_2018,SJVN Limited,2018,HOLDOUT,dataset/corpus_gap_audit/reconciled/gap_audit_document_reconciled.csv,document_id=INE002L01015_2018
document_size,size_medium,INE002L01015_2024,SJVN Limited,2024,HOLDOUT,dataset/corpus_gap_audit/reconciled/gap_audit_document_reconciled.csv,document_id=INE002L01015_2024
document_size,size_medium,INE002S01010_2017,Mahanagar Gas Limited,2017,VALIDATION,dataset/corpus_gap_audit/reconciled/gap_audit_document_reconciled.csv,document_id=INE002S01010_2017
document_size,size_medium,INE002S01010_2018,Mahanagar Gas Limited,2018,VALIDATION,dataset/corpus_gap_audit/reconciled/gap_audit_document_reconciled.csv,document_id=INE002S01010_2018
document_size,size_medium,INE002S01010_2024,Mahanagar Gas Limited,2024,VALIDATION,dataset/corpus_gap_audit/reconciled/gap_audit_document_reconciled.csv,document_id=INE002S01010_2024
document_size,size_medium,INE002S01010_2025,Mahanagar Gas Limited,2025,VALIDATION,dataset/corpus_gap_audit/reconciled/gap_audit_document_reconciled.csv,document_id=INE002S01010_2025
document_size,size_medium,INE003B01014_2024,Inter State Oil Carrier Ltd,2024,FIT,dataset/corpus_gap_audit/reconciled/gap_audit_document_reconciled.csv,document_id=INE003B01014_2024
document_size,size_medium,INE003B01014_2025,Inter State Oil Carrier Ltd,2025,FIT,dataset/corpus_gap_audit/reconciled/gap_audit_document_reconciled.csv,document_id=INE003B01014_2025
document_size,size_medium,INE004E01016_2018,Span Divergent Limited,2018,FIT,dataset/corpus_gap_audit/reconciled/gap_audit_document_reconciled.csv,document_id=INE004E01016_2018
document_size,size_medium,INE004E01016_2024,Span Divergent Limited,2024,FIT,dataset/corpus_gap_audit/reconciled/gap_audit_document_reconciled.csv,document_id=INE004E01016_2024
document_size,size_medium,INE004E01016_2025,Span Divergent Limited,2025,FIT,dataset/corpus_gap_audit/reconciled/gap_audit_document_reconciled.csv,document_id=INE004E01016_2025
document_size,size_medium,INE005E01013_2018,Ekansh Concepts Limited,2018,VALIDATION,dataset/corpus_gap_audit/reconciled/gap_audit_document_reconciled.csv,document_id=INE005E01013_2018
document_size,size_medium,INE005E01013_2024,Ekansh Concepts Limited,2024,VALIDATION,dataset/corpus_gap_audit/reconciled/gap_audit_document_reconciled.csv,document_id=INE005E01013_2024
document_size,size_medium,INE005E01013_2025,Ekansh Concepts Limited,2025,VALIDATION,dataset/corpus_gap_audit/reconciled/gap_audit_document_reconciled.csv,document_id=INE005E01013_2025
document_size,size_medium,INE006I01046_2012,Astral Limited,2012,HOLDOUT,dataset/corpus_gap_audit/reconciled/gap_audit_document_reconciled.csv,document_id=INE006I01046_2012
document_size,size_medium,INE006I01046_2013,Astral Limited,2013,HOLDOUT,dataset/corpus_gap_audit/reconciled/gap_audit_document_reconciled.csv,document_id=INE006I01046_2013
document_size,size_medium,INE006I01046_2017,Astral Limited,2017,HOLDOUT,dataset/corpus_gap_audit/reconciled/gap_audit_document_reconciled.csv,document_id=INE006I01046_2017
document_size,size_medium,INE006I01046_2018,Astral Limited,2018,HOLDOUT,dataset/corpus_gap_audit/reconciled/gap_audit_document_reconciled.csv,document_id=INE006I01046_2018
document_size,size_medium,INE006I01046_2025,Astral Limited,2025,HOLDOUT,dataset/corpus_gap_audit/reconciled/gap_audit_document_reconciled.csv,document_id=INE006I01046_2025
document_size,size_medium,INE007A01025_2012,Crisil Limited,2012,FIT,dataset/corpus_gap_audit/reconciled/gap_audit_document_reconciled.csv,document_id=INE007A01025_2012
document_size,size_medium,INE007A01025_2013,Crisil Limited,2013,FIT,dataset/corpus_gap_audit/reconciled/gap_audit_document_reconciled.csv,document_id=INE007A01025_2013
document_size,size_medium,INE008A01015_2012,IDBI Bank Limited,2012,FIT,dataset/corpus_gap_audit/reconciled/gap_audit_document_reconciled.csv,document_id=INE008A01015_2012
document_size,size_medium,INE008A01015_2013,IDBI Bank Limited,2013,FIT,dataset/corpus_gap_audit/reconciled/gap_audit_document_reconciled.csv,document_id=INE008A01015_2013
document_size,size_medium,INE009A01021_2012,Infosys Limited,2012,VALIDATION,dataset/corpus_gap_audit/reconciled/gap_audit_document_reconciled.csv,document_id=INE009A01021_2012
document_size,size_medium,INE009A01021_2013,Infosys Limited,2013,VALIDATION,dataset/corpus_gap_audit/reconciled/gap_audit_document_reconciled.csv,document_id=INE009A01021_2013
document_size,size_medium,INE009A01021_2018,Infosys Limited,2018,VALIDATION,dataset/corpus_gap_audit/reconciled/gap_audit_document_reconciled.csv,document_id=INE009A01021_2018
document_size,size_medium,INE00E101023_2024,Bikaji Foods International Limited,2024,FIT,dataset/corpus_gap_audit/reconciled/gap_audit_document_reconciled.csv,document_id=INE00E101023_2024
document_size,size_medium,INE00FF01025_2024,Acutaas Chemicals Limited,2024,FIT,dataset/corpus_gap_audit/reconciled/gap_audit_document_reconciled.csv,document_id=INE00FF01025_2024
document_size,size_medium,INE00FF01025_2025,Acutaas Chemicals Limited,2025,FIT,dataset/corpus_gap_audit/reconciled/gap_audit_document_reconciled.csv,document_id=INE00FF01025_2025
document_size,size_medium,INE00LO01017_2024,Craftsman Automation Limited,2024,FIT,dataset/corpus_gap_audit/reconciled/gap_audit_document_reconciled.csv,document_id=INE00LO01017_2024
document_size,size_medium,INE00LO01017_2025,Craftsman Automation Limited,2025,FIT,dataset/corpus_gap_audit/reconciled/gap_audit_document_reconciled.csv,document_id=INE00LO01017_2025
document_size,size_medium,INE00WC01027_2024,Affle 3i Limited,2024,VALIDATION,dataset/corpus_gap_audit/reconciled/gap_audit_document_reconciled.csv,document_id=INE00WC01027_2024
document_size,size_medium,INE00WC01027_2025,Affle 3i Limited,2025,VALIDATION,dataset/corpus_gap_audit/reconciled/gap_audit_document_reconciled.csv,document_id=INE00WC01027_2025
document_size,size_medium,INE040A01034_2012,HDFC Bank Limited,2012,FIT,dataset/corpus_gap_audit/reconciled/gap_audit_document_reconciled.csv,document_id=INE040A01034_2012
document_size,size_medium,INE040A01034_2013,HDFC Bank Limited,2013,FIT,dataset/corpus_gap_audit/reconciled/gap_audit_document_reconciled.csv,document_id=INE040A01034_2013
document_size,size_medium,INE040A01034_2017,HDFC Bank Limited,2017,FIT,dataset/corpus_gap_audit/reconciled/gap_audit_document_reconciled.csv,document_id=INE040A01034_2017
document_size,size_medium,INE040A01034_2018,HDFC Bank Limited,2018,FIT,dataset/corpus_gap_audit/reconciled/gap_audit_document_reconciled.csv,document_id=INE040A01034_2018
document_size,size_medium,INE044A01036_2012,Sun Pharmaceutical Industries Limited,2012,HOLDOUT,dataset/corpus_gap_audit/reconciled/gap_audit_document_reconciled.csv,document_id=INE044A01036_2012
document_size,size_medium,INE044A01036_2013,Sun Pharmaceutical Industries Limited,2013,HOLDOUT,dataset/corpus_gap_audit/reconciled/gap_audit_document_reconciled.csv,document_id=INE044A01036_2013
document_size,size_medium,INE081A01020_2013,Tata Steel Limited,2013,FIT,dataset/corpus_gap_audit/reconciled/gap_audit_document_reconciled.csv,document_id=INE081A01020_2013
document_size,size_medium,INE119A01028_2012,Balrampur Chini Mills Limited,2012,HOLDOUT,dataset/corpus_gap_audit/reconciled/gap_audit_document_reconciled.csv,document_id=INE119A01028_2012
document_size,size_medium,INE119A01028_2013,Balrampur Chini Mills Limited,2013,HOLDOUT,dataset/corpus_gap_audit/reconciled/gap_audit_document_reconciled.csv,document_id=INE119A01028_2013
document_size,size_medium,INE151A01013_2012,Tata Communications Limited,2012,FIT,dataset/corpus_gap_audit/reconciled/gap_audit_document_reconciled.csv,document_id=INE151A01013_2012
document_size,size_medium,INE151A01013_2013,Tata Communications Limited,2013,FIT,dataset/corpus_gap_audit/reconciled/gap_audit_document_reconciled.csv,document_id=INE151A01013_2013
document_size,size_medium,INE151A01013_2024,Tata Communications Limited,2024,FIT,dataset/corpus_gap_audit/reconciled/gap_audit_document_reconciled.csv,document_id=INE151A01013_2024
document_size,size_medium,INE151A01013_2025,Tata Communications Limited,2025,FIT,dataset/corpus_gap_audit/reconciled/gap_audit_document_reconciled.csv,document_id=INE151A01013_2025
document_size,size_medium,INE154A01025_2012,ITC Limited,2012,VALIDATION,dataset/corpus_gap_audit/reconciled/gap_audit_document_reconciled.csv,document_id=INE154A01025_2012
document_size,size_medium,INE154A01025_2013,ITC Limited,2013,VALIDATION,dataset/corpus_gap_audit/reconciled/gap_audit_document_reconciled.csv,document_id=INE154A01025_2013
document_size,size_medium,INE171A01029_2012,The Federal Bank  Limited,2012,HOLDOUT,dataset/corpus_gap_audit/reconciled/gap_audit_document_reconciled.csv,document_id=INE171A01029_2012
document_size,size_medium,INE171A01029_2013,The Federal Bank  Limited,2013,HOLDOUT,dataset/corpus_gap_audit/reconciled/gap_audit_document_reconciled.csv,document_id=INE171A01029_2013
document_size,size_medium,INE171A01029_2018,The Federal Bank  Limited,2018,HOLDOUT,dataset/corpus_gap_audit/reconciled/gap_audit_document_reconciled.csv,document_id=INE171A01029_2018
document_size,size_medium,INE171A01029_2024,The Federal Bank  Limited,2024,HOLDOUT,dataset/corpus_gap_audit/reconciled/gap_audit_document_reconciled.csv,document_id=INE171A01029_2024
document_size,size_medium,INE191H01014_2012,PVR INOX Limited,2012,FIT,dataset/corpus_gap_audit/reconciled/gap_audit_document_reconciled.csv,document_id=INE191H01014_2012
document_size,size_medium,INE191H01014_2013,PVR INOX Limited,2013,FIT,dataset/corpus_gap_audit/reconciled/gap_audit_document_reconciled.csv,document_id=INE191H01014_2013
document_size,size_medium,INE191H01014_2017,PVR INOX Limited,2017,FIT,dataset/corpus_gap_audit/reconciled/gap_audit_document_reconciled.csv,document_id=INE191H01014_2017
document_size,size_medium,INE191H01014_2018,PVR INOX Limited,2018,FIT,dataset/corpus_gap_audit/reconciled/gap_audit_document_reconciled.csv,document_id=INE191H01014_2018
document_size,size_medium,INE191H01014_2024,PVR INOX Limited,2024,FIT,dataset/corpus_gap_audit/reconciled/gap_audit_document_reconciled.csv,document_id=INE191H01014_2024
document_size,size_medium,INE192B01031_2012,Welspun Living Limited,2012,FIT,dataset/corpus_gap_audit/reconciled/gap_audit_document_reconciled.csv,document_id=INE192B01031_2012
document_size,size_medium,INE192B01031_2013,Welspun Living Limited,2013,FIT,dataset/corpus_gap_audit/reconciled/gap_audit_document_reconciled.csv,document_id=INE192B01031_2013
document_size,size_medium,INE192B01031_2018,Welspun Living Limited,2018,FIT,dataset/corpus_gap_audit/reconciled/gap_audit_document_reconciled.csv,document_id=INE192B01031_2018
document_size,size_medium,INE226A01021_2012,Voltas Limited,2012,HOLDOUT,dataset/corpus_gap_audit/reconciled/gap_audit_document_reconciled.csv,document_id=INE226A01021_2012
document_size,size_medium,INE226A01021_2013,Voltas Limited,2013,HOLDOUT,dataset/corpus_gap_audit/reconciled/gap_audit_document_reconciled.csv,document_id=INE226A01021_2013
document_size,size_medium,INE226A01021_2017,Voltas Limited,2017,HOLDOUT,dataset/corpus_gap_audit/reconciled/gap_audit_document_reconciled.csv,document_id=INE226A01021_2017
document_size,size_medium,INE226A01021_2018,Voltas Limited,2018,HOLDOUT,dataset/corpus_gap_audit/reconciled/gap_audit_document_reconciled.csv,document_id=INE226A01021_2018
document_size,size_medium,INE482A01020_2012,CEAT Limited,2012,VALIDATION,dataset/corpus_gap_audit/reconciled/gap_audit_document_reconciled.csv,document_id=INE482A01020_2012
document_size,size_medium,INE482A01020_2013,CEAT Limited,2013,VALIDATION,dataset/corpus_gap_audit/reconciled/gap_audit_document_reconciled.csv,document_id=INE482A01020_2013
document_size,size_medium,INE482A01020_2024,CEAT Limited,2024,VALIDATION,dataset/corpus_gap_audit/reconciled/gap_audit_document_reconciled.csv,document_id=INE482A01020_2024
document_size,size_medium,INE482A01020_2025,CEAT Limited,2025,VALIDATION,dataset/corpus_gap_audit/reconciled/gap_audit_document_reconciled.csv,document_id=INE482A01020_2025
document_size,size_medium,INE761H01022_2017,Page Industries Limited,2017,FIT,dataset/corpus_gap_audit/reconciled/gap_audit_document_reconciled.csv,document_id=INE761H01022_2017
document_size,size_medium,INE761H01022_2018,Page Industries Limited,2018,FIT,dataset/corpus_gap_audit/reconciled/gap_audit_document_reconciled.csv,document_id=INE761H01022_2018
document_size,size_medium,INE761H01022_2024,Page Industries Limited,2024,FIT,dataset/corpus_gap_audit/reconciled/gap_audit_document_reconciled.csv,document_id=INE761H01022_2024
document_size,size_medium,INE761H01022_2025,Page Industries Limited,2025,FIT,dataset/corpus_gap_audit/reconciled/gap_audit_document_reconciled.csv,document_id=INE761H01022_2025
document_size,size_medium,INE797F01020_2012,Jubilant Foodworks Limited,2012,FIT,dataset/corpus_gap_audit/reconciled/gap_audit_document_reconciled.csv,document_id=INE797F01020_2012
document_size,size_medium,INE797F01020_2013,Jubilant Foodworks Limited,2013,FIT,dataset/corpus_gap_audit/reconciled/gap_audit_document_reconciled.csv,document_id=INE797F01020_2013
document_size,size_medium,INE797F01020_2017,Jubilant Foodworks Limited,2017,FIT,dataset/corpus_gap_audit/reconciled/gap_audit_document_reconciled.csv,document_id=INE797F01020_2017
document_size,size_medium,INE797F01020_2018,Jubilant Foodworks Limited,2018,FIT,dataset/corpus_gap_audit/reconciled/gap_audit_document_reconciled.csv,document_id=INE797F01020_2018
document_size,size_medium,INE797F01020_2025,Jubilant Foodworks Limited,2025,FIT,dataset/corpus_gap_audit/reconciled/gap_audit_document_reconciled.csv,document_id=INE797F01020_2025
document_size,size_long,INE001B01026_2025,KRBL Limited,2025,VALIDATION,dataset/corpus_gap_audit/reconciled/gap_audit_document_reconciled.csv,document_id=INE001B01026_2025
document_size,size_long,INE002L01015_2025,SJVN Limited,2025,HOLDOUT,dataset/corpus_gap_audit/reconciled/gap_audit_document_reconciled.csv,document_id=INE002L01015_2025
document_size,size_long,INE006I01046_2024,Astral Limited,2024,HOLDOUT,dataset/corpus_gap_audit/reconciled/gap_audit_document_reconciled.csv,document_id=INE006I01046_2024
document_size,size_long,INE007A01025_2017,Crisil Limited,2017,FIT,dataset/corpus_gap_audit/reconciled/gap_audit_document_reconciled.csv,document_id=INE007A01025_2017
document_size,size_long,INE007A01025_2018,Crisil Limited,2018,FIT,dataset/corpus_gap_audit/reconciled/gap_audit_document_reconciled.csv,document_id=INE007A01025_2018
document_size,size_long,INE007A01025_2025,Crisil Limited,2025,FIT,dataset/corpus_gap_audit/reconciled/gap_audit_document_reconciled.csv,document_id=INE007A01025_2025
document_size,size_long,INE008A01015_2018,IDBI Bank Limited,2018,FIT,dataset/corpus_gap_audit/reconciled/gap_audit_document_reconciled.csv,document_id=INE008A01015_2018
document_size,size_long,INE009A01021_2017,Infosys Limited,2017,VALIDATION,dataset/corpus_gap_audit/reconciled/gap_audit_document_reconciled.csv,document_id=INE009A01021_2017
document_size,size_long,INE009A01021_2024,Infosys Limited,2024,VALIDATION,dataset/corpus_gap_audit/reconciled/gap_audit_document_reconciled.csv,document_id=INE009A01021_2024
document_size,size_long,INE009A01021_2025,Infosys Limited,2025,VALIDATION,dataset/corpus_gap_audit/reconciled/gap_audit_document_reconciled.csv,document_id=INE009A01021_2025
document_size,size_long,INE00E101023_2025,Bikaji Foods International Limited,2025,FIT,dataset/corpus_gap_audit/reconciled/gap_audit_document_reconciled.csv,document_id=INE00E101023_2025
document_size,size_long,INE044A01036_2017,Sun Pharmaceutical Industries Limited,2017,HOLDOUT,dataset/corpus_gap_audit/reconciled/gap_audit_document_reconciled.csv,document_id=INE044A01036_2017
document_size,size_long,INE044A01036_2018,Sun Pharmaceutical Industries Limited,2018,HOLDOUT,dataset/corpus_gap_audit/reconciled/gap_audit_document_reconciled.csv,document_id=INE044A01036_2018
document_size,size_long,INE044A01036_2024,Sun Pharmaceutical Industries Limited,2024,HOLDOUT,dataset/corpus_gap_audit/reconciled/gap_audit_document_reconciled.csv,document_id=INE044A01036_2024
document_size,size_long,INE044A01036_2025,Sun Pharmaceutical Industries Limited,2025,HOLDOUT,dataset/corpus_gap_audit/reconciled/gap_audit_document_reconciled.csv,document_id=INE044A01036_2025
document_size,size_long,INE081A01020_2012,Tata Steel Limited,2012,FIT,dataset/corpus_gap_audit/reconciled/gap_audit_document_reconciled.csv,document_id=INE081A01020_2012
document_size,size_long,INE081A01020_2017,Tata Steel Limited,2017,FIT,dataset/corpus_gap_audit/reconciled/gap_audit_document_reconciled.csv,document_id=INE081A01020_2017
document_size,size_long,INE119A01028_2017,Balrampur Chini Mills Limited,2017,HOLDOUT,dataset/corpus_gap_audit/reconciled/gap_audit_document_reconciled.csv,document_id=INE119A01028_2017
document_size,size_long,INE119A01028_2018,Balrampur Chini Mills Limited,2018,HOLDOUT,dataset/corpus_gap_audit/reconciled/gap_audit_document_reconciled.csv,document_id=INE119A01028_2018
document_size,size_long,INE151A01013_2017,Tata Communications Limited,2017,FIT,dataset/corpus_gap_audit/reconciled/gap_audit_document_reconciled.csv,document_id=INE151A01013_2017
document_size,size_long,INE151A01013_2018,Tata Communications Limited,2018,FIT,dataset/corpus_gap_audit/reconciled/gap_audit_document_reconciled.csv,document_id=INE151A01013_2018
document_size,size_long,INE154A01025_2017,ITC Limited,2017,VALIDATION,dataset/corpus_gap_audit/reconciled/gap_audit_document_reconciled.csv,document_id=INE154A01025_2017
document_size,size_long,INE154A01025_2018,ITC Limited,2018,VALIDATION,dataset/corpus_gap_audit/reconciled/gap_audit_document_reconciled.csv,document_id=INE154A01025_2018
document_size,size_long,INE171A01029_2017,The Federal Bank  Limited,2017,HOLDOUT,dataset/corpus_gap_audit/reconciled/gap_audit_document_reconciled.csv,document_id=INE171A01029_2017
document_size,size_long,INE191H01014_2025,PVR INOX Limited,2025,FIT,dataset/corpus_gap_audit/reconciled/gap_audit_document_reconciled.csv,document_id=INE191H01014_2025
document_size,size_long,INE192B01031_2017,Welspun Living Limited,2017,FIT,dataset/corpus_gap_audit/reconciled/gap_audit_document_reconciled.csv,document_id=INE192B01031_2017
document_size,size_long,INE482A01020_2017,CEAT Limited,2017,VALIDATION,dataset/corpus_gap_audit/reconciled/gap_audit_document_reconciled.csv,document_id=INE482A01020_2017
document_size,size_long,INE482A01020_2018,CEAT Limited,2018,VALIDATION,dataset/corpus_gap_audit/reconciled/gap_audit_document_reconciled.csv,document_id=INE482A01020_2018
document_size,size_long,INE797F01020_2024,Jubilant Foodworks Limited,2024,FIT,dataset/corpus_gap_audit/reconciled/gap_audit_document_reconciled.csv,document_id=INE797F01020_2024
document_size,size_very_long,INE002A01018_2018,Reliance Industries Limited,2018,FIT,dataset/corpus_gap_audit/reconciled/gap_audit_document_reconciled.csv,document_id=INE002A01018_2018
document_size,size_very_long,INE007A01025_2024,Crisil Limited,2024,FIT,dataset/corpus_gap_audit/reconciled/gap_audit_document_reconciled.csv,document_id=INE007A01025_2024
document_size,size_very_long,INE008A01015_2017,IDBI Bank Limited,2017,FIT,dataset/corpus_gap_audit/reconciled/gap_audit_document_reconciled.csv,document_id=INE008A01015_2017
document_size,size_very_long,INE081A01020_2018,Tata Steel Limited,2018,FIT,dataset/corpus_gap_audit/reconciled/gap_audit_document_reconciled.csv,document_id=INE081A01020_2018
document_size,size_very_long,INE119A01028_2024,Balrampur Chini Mills Limited,2024,HOLDOUT,dataset/corpus_gap_audit/reconciled/gap_audit_document_reconciled.csv,document_id=INE119A01028_2024
document_size,size_very_long,INE154A01025_2024,ITC Limited,2024,VALIDATION,dataset/corpus_gap_audit/reconciled/gap_audit_document_reconciled.csv,document_id=INE154A01025_2024
document_size,size_very_long,INE154A01025_2025,ITC Limited,2025,VALIDATION,dataset/corpus_gap_audit/reconciled/gap_audit_document_reconciled.csv,document_id=INE154A01025_2025
document_size,size_very_long,INE171A01029_2025,The Federal Bank  Limited,2025,HOLDOUT,dataset/corpus_gap_audit/reconciled/gap_audit_document_reconciled.csv,document_id=INE171A01029_2025
document_size,size_very_long,INE192B01031_2024,Welspun Living Limited,2024,FIT,dataset/corpus_gap_audit/reconciled/gap_audit_document_reconciled.csv,document_id=INE192B01031_2024
document_size,size_very_long,INE226A01021_2024,Voltas Limited,2024,HOLDOUT,dataset/corpus_gap_audit/reconciled/gap_audit_document_reconciled.csv,document_id=INE226A01021_2024
document_size,size_extreme,INE002A01018_2017,Reliance Industries Limited,2017,FIT,dataset/corpus_gap_audit/reconciled/gap_audit_document_reconciled.csv,document_id=INE002A01018_2017
document_size,size_extreme,INE008A01015_2024,IDBI Bank Limited,2024,FIT,dataset/corpus_gap_audit/reconciled/gap_audit_document_reconciled.csv,document_id=INE008A01015_2024
document_size,size_extreme,INE008A01015_2025,IDBI Bank Limited,2025,FIT,dataset/corpus_gap_audit/reconciled/gap_audit_document_reconciled.csv,document_id=INE008A01015_2025
document_size,size_extreme,INE040A01034_2024,HDFC Bank Limited,2024,FIT,dataset/corpus_gap_audit/reconciled/gap_audit_document_reconciled.csv,document_id=INE040A01034_2024
document_size,size_extreme,INE040A01034_2025,HDFC Bank Limited,2025,FIT,dataset/corpus_gap_audit/reconciled/gap_audit_document_reconciled.csv,document_id=INE040A01034_2025
document_size,size_extreme,INE081A01020_2024,Tata Steel Limited,2024,FIT,dataset/corpus_gap_audit/reconciled/gap_audit_document_reconciled.csv,document_id=INE081A01020_2024
document_size,size_extreme,INE081A01020_2025,Tata Steel Limited,2025,FIT,dataset/corpus_gap_audit/reconciled/gap_audit_document_reconciled.csv,document_id=INE081A01020_2025
document_size,size_extreme,INE119A01028_2025,Balrampur Chini Mills Limited,2025,HOLDOUT,dataset/corpus_gap_audit/reconciled/gap_audit_document_reconciled.csv,document_id=INE119A01028_2025
document_size,size_extreme,INE192B01031_2025,Welspun Living Limited,2025,FIT,dataset/corpus_gap_audit/reconciled/gap_audit_document_reconciled.csv,document_id=INE192B01031_2025
document_size,size_extreme,INE226A01021_2025,Voltas Limited,2025,HOLDOUT,dataset/corpus_gap_audit/reconciled/gap_audit_document_reconciled.csv,document_id=INE226A01021_2025
document_size,stub_filing,INE00FF01025_2015,Acutaas Chemicals Limited,2015,FIT,dataset/corpus_gap_audit/reconciled/gap_audit_document_reconciled.csv,document_id=INE00FF01025_2015
document_size,stub_filing,INE00LO01017_2015,Craftsman Automation Limited,2015,FIT,dataset/corpus_gap_audit/reconciled/gap_audit_document_reconciled.csv,document_id=INE00LO01017_2015
layout_and_structure,two_column_layout,INE001B01026_2012,KRBL Limited,2012,VALIDATION,dataset/corpus_gap_audit/reconciled/gap_audit_document_reconciled.csv,document_id=INE001B01026_2012
layout_and_structure,two_column_layout,INE001B01026_2013,KRBL Limited,2013,VALIDATION,dataset/corpus_gap_audit/reconciled/gap_audit_document_reconciled.csv,document_id=INE001B01026_2013
layout_and_structure,two_column_layout,INE001B01026_2017,KRBL Limited,2017,VALIDATION,dataset/corpus_gap_audit/reconciled/gap_audit_document_reconciled.csv,document_id=INE001B01026_2017
layout_and_structure,two_column_layout,INE001B01026_2018,KRBL Limited,2018,VALIDATION,dataset/corpus_gap_audit/reconciled/gap_audit_document_reconciled.csv,document_id=INE001B01026_2018
layout_and_structure,two_column_layout,INE001B01026_2024,KRBL Limited,2024,VALIDATION,dataset/corpus_gap_audit/reconciled/gap_audit_document_reconciled.csv,document_id=INE001B01026_2024
layout_and_structure,two_column_layout,INE001B01026_2025,KRBL Limited,2025,VALIDATION,dataset/corpus_gap_audit/reconciled/gap_audit_document_reconciled.csv,document_id=INE001B01026_2025
layout_and_structure,two_column_layout,INE001F01019_2012,Modern Steels Limited,2012,FIT,dataset/corpus_gap_audit/reconciled/gap_audit_document_reconciled.csv,document_id=INE001F01019_2012
layout_and_structure,two_column_layout,INE001F01019_2013,Modern Steels Limited,2013,FIT,dataset/corpus_gap_audit/reconciled/gap_audit_document_reconciled.csv,document_id=INE001F01019_2013
layout_and_structure,two_column_layout,INE001F01019_2017,Modern Steels Limited,2017,FIT,dataset/corpus_gap_audit/reconciled/gap_audit_document_reconciled.csv,document_id=INE001F01019_2017
layout_and_structure,two_column_layout,INE001F01019_2018,Modern Steels Limited,2018,FIT,dataset/corpus_gap_audit/reconciled/gap_audit_document_reconciled.csv,document_id=INE001F01019_2018
layout_and_structure,two_column_layout,INE001F01019_2024,Modern Steels Limited,2024,FIT,dataset/corpus_gap_audit/reconciled/gap_audit_document_reconciled.csv,document_id=INE001F01019_2024
layout_and_structure,two_column_layout,INE001F01019_2025,Modern Steels Limited,2025,FIT,dataset/corpus_gap_audit/reconciled/gap_audit_document_reconciled.csv,document_id=INE001F01019_2025
layout_and_structure,two_column_layout,INE001O01029_2013,Risa International Limited,2013,HOLDOUT,dataset/corpus_gap_audit/reconciled/gap_audit_document_reconciled.csv,document_id=INE001O01029_2013
layout_and_structure,two_column_layout,INE001O01029_2017,Risa International Limited,2017,HOLDOUT,dataset/corpus_gap_audit/reconciled/gap_audit_document_reconciled.csv,document_id=INE001O01029_2017
layout_and_structure,two_column_layout,INE001O01029_2018,Risa International Limited,2018,HOLDOUT,dataset/corpus_gap_audit/reconciled/gap_audit_document_reconciled.csv,document_id=INE001O01029_2018
layout_and_structure,two_column_layout,INE001O01029_2024,Risa International Limited,2024,HOLDOUT,dataset/corpus_gap_audit/reconciled/gap_audit_document_reconciled.csv,document_id=INE001O01029_2024
layout_and_structure,two_column_layout,INE001O01029_2025,Risa International Limited,2025,HOLDOUT,dataset/corpus_gap_audit/reconciled/gap_audit_document_reconciled.csv,document_id=INE001O01029_2025
layout_and_structure,two_column_layout,INE002A01018_2012,Reliance Industries Limited,2012,FIT,dataset/corpus_gap_audit/reconciled/gap_audit_document_reconciled.csv,document_id=INE002A01018_2012
layout_and_structure,two_column_layout,INE002A01018_2013,Reliance Industries Limited,2013,FIT,dataset/corpus_gap_audit/reconciled/gap_audit_document_reconciled.csv,document_id=INE002A01018_2013
layout_and_structure,two_column_layout,INE002A01018_2017,Reliance Industries Limited,2017,FIT,dataset/corpus_gap_audit/reconciled/gap_audit_document_reconciled.csv,document_id=INE002A01018_2017
layout_and_structure,two_column_layout,INE002A01018_2018,Reliance Industries Limited,2018,FIT,dataset/corpus_gap_audit/reconciled/gap_audit_document_reconciled.csv,document_id=INE002A01018_2018
layout_and_structure,two_column_layout,INE002A01018_2024,Reliance Industries Limited,2024,FIT,dataset/corpus_gap_audit/reconciled/gap_audit_document_reconciled.csv,document_id=INE002A01018_2024
layout_and_structure,two_column_layout,INE002A01018_2025,Reliance Industries Limited,2025,FIT,dataset/corpus_gap_audit/reconciled/gap_audit_document_reconciled.csv,document_id=INE002A01018_2025
layout_and_structure,two_column_layout,INE002B01016_2012,MADALA HOLDINGS LIMITED,2012,HOLDOUT,dataset/corpus_gap_audit/reconciled/gap_audit_document_reconciled.csv,document_id=INE002B01016_2012
layout_and_structure,two_column_layout,INE002B01016_2013,MADALA HOLDINGS LIMITED,2013,HOLDOUT,dataset/corpus_gap_audit/reconciled/gap_audit_document_reconciled.csv,document_id=INE002B01016_2013
layout_and_structure,two_column_layout,INE002B01016_2017,MADALA HOLDINGS LIMITED,2017,HOLDOUT,dataset/corpus_gap_audit/reconciled/gap_audit_document_reconciled.csv,document_id=INE002B01016_2017
layout_and_structure,two_column_layout,INE002B01016_2024,MADALA HOLDINGS LIMITED,2024,HOLDOUT,dataset/corpus_gap_audit/reconciled/gap_audit_document_reconciled.csv,document_id=INE002B01016_2024
layout_and_structure,two_column_layout,INE002B01016_2025,MADALA HOLDINGS LIMITED,2025,HOLDOUT,dataset/corpus_gap_audit/reconciled/gap_audit_document_reconciled.csv,document_id=INE002B01016_2025
layout_and_structure,two_column_layout,INE002E01010_2012,Sar  Auto Products Limited,2012,HOLDOUT,dataset/corpus_gap_audit/reconciled/gap_audit_document_reconciled.csv,document_id=INE002E01010_2012
layout_and_structure,two_column_layout,INE002E01010_2017,Sar  Auto Products Limited,2017,HOLDOUT,dataset/corpus_gap_audit/reconciled/gap_audit_document_reconciled.csv,document_id=INE002E01010_2017
layout_and_structure,two_column_layout,INE002E01010_2018,Sar  Auto Products Limited,2018,HOLDOUT,dataset/corpus_gap_audit/reconciled/gap_audit_document_reconciled.csv,document_id=INE002E01010_2018
layout_and_structure,two_column_layout,INE002E01010_2024,Sar  Auto Products Limited,2024,HOLDOUT,dataset/corpus_gap_audit/reconciled/gap_audit_document_reconciled.csv,document_id=INE002E01010_2024
layout_and_structure,two_column_layout,INE002E01010_2025,Sar  Auto Products Limited,2025,HOLDOUT,dataset/corpus_gap_audit/reconciled/gap_audit_document_reconciled.csv,document_id=INE002E01010_2025
layout_and_structure,two_column_layout,INE002L01015_2013,SJVN Limited,2013,HOLDOUT,dataset/corpus_gap_audit/reconciled/gap_audit_document_reconciled.csv,document_id=INE002L01015_2013
layout_and_structure,two_column_layout,INE002L01015_2017,SJVN Limited,2017,HOLDOUT,dataset/corpus_gap_audit/reconciled/gap_audit_document_reconciled.csv,document_id=INE002L01015_2017
layout_and_structure,two_column_layout,INE002L01015_2018,SJVN Limited,2018,HOLDOUT,dataset/corpus_gap_audit/reconciled/gap_audit_document_reconciled.csv,document_id=INE002L01015_2018
layout_and_structure,two_column_layout,INE002L01015_2024,SJVN Limited,2024,HOLDOUT,dataset/corpus_gap_audit/reconciled/gap_audit_document_reconciled.csv,document_id=INE002L01015_2024
layout_and_structure,two_column_layout,INE002L01015_2025,SJVN Limited,2025,HOLDOUT,dataset/corpus_gap_audit/reconciled/gap_audit_document_reconciled.csv,document_id=INE002L01015_2025
layout_and_structure,two_column_layout,INE002S01010_2017,Mahanagar Gas Limited,2017,VALIDATION,dataset/corpus_gap_audit/reconciled/gap_audit_document_reconciled.csv,document_id=INE002S01010_2017
layout_and_structure,two_column_layout,INE002S01010_2018,Mahanagar Gas Limited,2018,VALIDATION,dataset/corpus_gap_audit/reconciled/gap_audit_document_reconciled.csv,document_id=INE002S01010_2018
layout_and_structure,two_column_layout,INE002S01010_2024,Mahanagar Gas Limited,2024,VALIDATION,dataset/corpus_gap_audit/reconciled/gap_audit_document_reconciled.csv,document_id=INE002S01010_2024
layout_and_structure,two_column_layout,INE002S01010_2025,Mahanagar Gas Limited,2025,VALIDATION,dataset/corpus_gap_audit/reconciled/gap_audit_document_reconciled.csv,document_id=INE002S01010_2025
layout_and_structure,two_column_layout,INE003B01014_2013,Inter State Oil Carrier Ltd,2013,FIT,dataset/corpus_gap_audit/reconciled/gap_audit_document_reconciled.csv,document_id=INE003B01014_2013
layout_and_structure,two_column_layout,INE003B01014_2017,Inter State Oil Carrier Ltd,2017,FIT,dataset/corpus_gap_audit/reconciled/gap_audit_document_reconciled.csv,document_id=INE003B01014_2017
layout_and_structure,two_column_layout,INE003B01014_2018,Inter State Oil Carrier Ltd,2018,FIT,dataset/corpus_gap_audit/reconciled/gap_audit_document_reconciled.csv,document_id=INE003B01014_2018
layout_and_structure,two_column_layout,INE003B01014_2024,Inter State Oil Carrier Ltd,2024,FIT,dataset/corpus_gap_audit/reconciled/gap_audit_document_reconciled.csv,document_id=INE003B01014_2024
layout_and_structure,two_column_layout,INE003B01014_2025,Inter State Oil Carrier Ltd,2025,FIT,dataset/corpus_gap_audit/reconciled/gap_audit_document_reconciled.csv,document_id=INE003B01014_2025
layout_and_structure,two_column_layout,INE003F01015_2012,Muller & Phipps (India) Ltd.,2012,VALIDATION,dataset/corpus_gap_audit/reconciled/gap_audit_document_reconciled.csv,document_id=INE003F01015_2012
layout_and_structure,two_column_layout,INE003F01015_2013,Muller & Phipps (India) Ltd.,2013,VALIDATION,dataset/corpus_gap_audit/reconciled/gap_audit_document_reconciled.csv,document_id=INE003F01015_2013
layout_and_structure,two_column_layout,INE003F01015_2017,Muller & Phipps (India) Ltd.,2017,VALIDATION,dataset/corpus_gap_audit/reconciled/gap_audit_document_reconciled.csv,document_id=INE003F01015_2017
layout_and_structure,two_column_layout,INE003F01015_2018,Muller & Phipps (India) Ltd.,2018,VALIDATION,dataset/corpus_gap_audit/reconciled/gap_audit_document_reconciled.csv,document_id=INE003F01015_2018
layout_and_structure,two_column_layout,INE003F01015_2024,Muller & Phipps (India) Ltd.,2024,VALIDATION,dataset/corpus_gap_audit/reconciled/gap_audit_document_reconciled.csv,document_id=INE003F01015_2024
layout_and_structure,two_column_layout,INE003F01015_2025,Muller & Phipps (India) Ltd.,2025,VALIDATION,dataset/corpus_gap_audit/reconciled/gap_audit_document_reconciled.csv,document_id=INE003F01015_2025
layout_and_structure,two_column_layout,INE004C01028_2017,Gujarat Cotex Ltd,2017,FIT,dataset/corpus_gap_audit/reconciled/gap_audit_document_reconciled.csv,document_id=INE004C01028_2017
layout_and_structure,two_column_layout,INE004C01028_2018,Gujarat Cotex Ltd,2018,FIT,dataset/corpus_gap_audit/reconciled/gap_audit_document_reconciled.csv,document_id=INE004C01028_2018
layout_and_structure,two_column_layout,INE004C01028_2025,Gujarat Cotex Ltd,2025,FIT,dataset/corpus_gap_audit/reconciled/gap_audit_document_reconciled.csv,document_id=INE004C01028_2025
layout_and_structure,two_column_layout,INE004E01016_2012,Span Divergent Limited,2012,FIT,dataset/corpus_gap_audit/reconciled/gap_audit_document_reconciled.csv,document_id=INE004E01016_2012
layout_and_structure,two_column_layout,INE004E01016_2013,Span Divergent Limited,2013,FIT,dataset/corpus_gap_audit/reconciled/gap_audit_document_reconciled.csv,document_id=INE004E01016_2013
layout_and_structure,two_column_layout,INE004E01016_2017,Span Divergent Limited,2017,FIT,dataset/corpus_gap_audit/reconciled/gap_audit_document_reconciled.csv,document_id=INE004E01016_2017
layout_and_structure,two_column_layout,INE004E01016_2018,Span Divergent Limited,2018,FIT,dataset/corpus_gap_audit/reconciled/gap_audit_document_reconciled.csv,document_id=INE004E01016_2018
layout_and_structure,two_column_layout,INE004E01016_2025,Span Divergent Limited,2025,FIT,dataset/corpus_gap_audit/reconciled/gap_audit_document_reconciled.csv,document_id=INE004E01016_2025
layout_and_structure,two_column_layout,INE004Z01011_2024,Mac Hotels Limited,2024,FIT,dataset/corpus_gap_audit/reconciled/gap_audit_document_reconciled.csv,document_id=INE004Z01011_2024
layout_and_structure,two_column_layout,INE004Z01011_2025,Mac Hotels Limited,2025,FIT,dataset/corpus_gap_audit/reconciled/gap_audit_document_reconciled.csv,document_id=INE004Z01011_2025
layout_and_structure,two_column_layout,INE005E01013_2012,Ekansh Concepts Limited,2012,VALIDATION,dataset/corpus_gap_audit/reconciled/gap_audit_document_reconciled.csv,document_id=INE005E01013_2012
layout_and_structure,two_column_layout,INE005E01013_2013,Ekansh Concepts Limited,2013,VALIDATION,dataset/corpus_gap_audit/reconciled/gap_audit_document_reconciled.csv,document_id=INE005E01013_2013
layout_and_structure,two_column_layout,INE005E01013_2017,Ekansh Concepts Limited,2017,VALIDATION,dataset/corpus_gap_audit/reconciled/gap_audit_document_reconciled.csv,document_id=INE005E01013_2017
layout_and_structure,two_column_layout,INE005E01013_2018,Ekansh Concepts Limited,2018,VALIDATION,dataset/corpus_gap_audit/reconciled/gap_audit_document_reconciled.csv,document_id=INE005E01013_2018
layout_and_structure,two_column_layout,INE005E01013_2024,Ekansh Concepts Limited,2024,VALIDATION,dataset/corpus_gap_audit/reconciled/gap_audit_document_reconciled.csv,document_id=INE005E01013_2024
layout_and_structure,two_column_layout,INE005E01013_2025,Ekansh Concepts Limited,2025,VALIDATION,dataset/corpus_gap_audit/reconciled/gap_audit_document_reconciled.csv,document_id=INE005E01013_2025
layout_and_structure,two_column_layout,INE006C01015_2012,K.Z.Leasing & Finance Ltd.,2012,VALIDATION,dataset/corpus_gap_audit/reconciled/gap_audit_document_reconciled.csv,document_id=INE006C01015_2012
layout_and_structure,two_column_layout,INE006C01015_2013,K.Z.Leasing & Finance Ltd.,2013,VALIDATION,dataset/corpus_gap_audit/reconciled/gap_audit_document_reconciled.csv,document_id=INE006C01015_2013
layout_and_structure,two_column_layout,INE006C01015_2017,K.Z.Leasing & Finance Ltd.,2017,VALIDATION,dataset/corpus_gap_audit/reconciled/gap_audit_document_reconciled.csv,document_id=INE006C01015_2017
layout_and_structure,two_column_layout,INE006C01015_2018,K.Z.Leasing & Finance Ltd.,2018,VALIDATION,dataset/corpus_gap_audit/reconciled/gap_audit_document_reconciled.csv,document_id=INE006C01015_2018
layout_and_structure,two_column_layout,INE006C01015_2024,K.Z.Leasing & Finance Ltd.,2024,VALIDATION,dataset/corpus_gap_audit/reconciled/gap_audit_document_reconciled.csv,document_id=INE006C01015_2024
layout_and_structure,two_column_layout,INE006C01015_2025,K.Z.Leasing & Finance Ltd.,2025,VALIDATION,dataset/corpus_gap_audit/reconciled/gap_audit_document_reconciled.csv,document_id=INE006C01015_2025
layout_and_structure,two_column_layout,INE006I01046_2012,Astral Limited,2012,HOLDOUT,dataset/corpus_gap_audit/reconciled/gap_audit_document_reconciled.csv,document_id=INE006I01046_2012
layout_and_structure,two_column_layout,INE006I01046_2013,Astral Limited,2013,HOLDOUT,dataset/corpus_gap_audit/reconciled/gap_audit_document_reconciled.csv,document_id=INE006I01046_2013
layout_and_structure,two_column_layout,INE006I01046_2017,Astral Limited,2017,HOLDOUT,dataset/corpus_gap_audit/reconciled/gap_audit_document_reconciled.csv,document_id=INE006I01046_2017
layout_and_structure,two_column_layout,INE006I01046_2018,Astral Limited,2018,HOLDOUT,dataset/corpus_gap_audit/reconciled/gap_audit_document_reconciled.csv,document_id=INE006I01046_2018
layout_and_structure,two_column_layout,INE006I01046_2024,Astral Limited,2024,HOLDOUT,dataset/corpus_gap_audit/reconciled/gap_audit_document_reconciled.csv,document_id=INE006I01046_2024
layout_and_structure,two_column_layout,INE006I01046_2025,Astral Limited,2025,HOLDOUT,dataset/corpus_gap_audit/reconciled/gap_audit_document_reconciled.csv,document_id=INE006I01046_2025
layout_and_structure,two_column_layout,INE007A01025_2012,Crisil Limited,2012,FIT,dataset/corpus_gap_audit/reconciled/gap_audit_document_reconciled.csv,document_id=INE007A01025_2012
layout_and_structure,two_column_layout,INE007A01025_2013,Crisil Limited,2013,FIT,dataset/corpus_gap_audit/reconciled/gap_audit_document_reconciled.csv,document_id=INE007A01025_2013
layout_and_structure,two_column_layout,INE007A01025_2017,Crisil Limited,2017,FIT,dataset/corpus_gap_audit/reconciled/gap_audit_document_reconciled.csv,document_id=INE007A01025_2017
layout_and_structure,two_column_layout,INE007A01025_2018,Crisil Limited,2018,FIT,dataset/corpus_gap_audit/reconciled/gap_audit_document_reconciled.csv,document_id=INE007A01025_2018
layout_and_structure,two_column_layout,INE007A01025_2024,Crisil Limited,2024,FIT,dataset/corpus_gap_audit/reconciled/gap_audit_document_reconciled.csv,document_id=INE007A01025_2024
layout_and_structure,two_column_layout,INE007A01025_2025,Crisil Limited,2025,FIT,dataset/corpus_gap_audit/reconciled/gap_audit_document_reconciled.csv,document_id=INE007A01025_2025
layout_and_structure,two_column_layout,INE008A01015_2012,IDBI Bank Limited,2012,FIT,dataset/corpus_gap_audit/reconciled/gap_audit_document_reconciled.csv,document_id=INE008A01015_2012
layout_and_structure,two_column_layout,INE008A01015_2013,IDBI Bank Limited,2013,FIT,dataset/corpus_gap_audit/reconciled/gap_audit_document_reconciled.csv,document_id=INE008A01015_2013
layout_and_structure,two_column_layout,INE008A01015_2017,IDBI Bank Limited,2017,FIT,dataset/corpus_gap_audit/reconciled/gap_audit_document_reconciled.csv,document_id=INE008A01015_2017
layout_and_structure,two_column_layout,INE008A01015_2018,IDBI Bank Limited,2018,FIT,dataset/corpus_gap_audit/reconciled/gap_audit_document_reconciled.csv,document_id=INE008A01015_2018
layout_and_structure,two_column_layout,INE008A01015_2024,IDBI Bank Limited,2024,FIT,dataset/corpus_gap_audit/reconciled/gap_audit_document_reconciled.csv,document_id=INE008A01015_2024
layout_and_structure,two_column_layout,INE008A01015_2025,IDBI Bank Limited,2025,FIT,dataset/corpus_gap_audit/reconciled/gap_audit_document_reconciled.csv,document_id=INE008A01015_2025
layout_and_structure,two_column_layout,INE009A01021_2012,Infosys Limited,2012,VALIDATION,dataset/corpus_gap_audit/reconciled/gap_audit_document_reconciled.csv,document_id=INE009A01021_2012
layout_and_structure,two_column_layout,INE009A01021_2017,Infosys Limited,2017,VALIDATION,dataset/corpus_gap_audit/reconciled/gap_audit_document_reconciled.csv,document_id=INE009A01021_2017
layout_and_structure,two_column_layout,INE009A01021_2018,Infosys Limited,2018,VALIDATION,dataset/corpus_gap_audit/reconciled/gap_audit_document_reconciled.csv,document_id=INE009A01021_2018
layout_and_structure,two_column_layout,INE009A01021_2024,Infosys Limited,2024,VALIDATION,dataset/corpus_gap_audit/reconciled/gap_audit_document_reconciled.csv,document_id=INE009A01021_2024
layout_and_structure,two_column_layout,INE009A01021_2025,Infosys Limited,2025,VALIDATION,dataset/corpus_gap_audit/reconciled/gap_audit_document_reconciled.csv,document_id=INE009A01021_2025
layout_and_structure,two_column_layout,INE00E101023_2024,Bikaji Foods International Limited,2024,FIT,dataset/corpus_gap_audit/reconciled/gap_audit_document_reconciled.csv,document_id=INE00E101023_2024
layout_and_structure,two_column_layout,INE00E101023_2025,Bikaji Foods International Limited,2025,FIT,dataset/corpus_gap_audit/reconciled/gap_audit_document_reconciled.csv,document_id=INE00E101023_2025
layout_and_structure,two_column_layout,INE00FF01025_2024,Acutaas Chemicals Limited,2024,FIT,dataset/corpus_gap_audit/reconciled/gap_audit_document_reconciled.csv,document_id=INE00FF01025_2024
layout_and_structure,two_column_layout,INE00FF01025_2025,Acutaas Chemicals Limited,2025,FIT,dataset/corpus_gap_audit/reconciled/gap_audit_document_reconciled.csv,document_id=INE00FF01025_2025
layout_and_structure,two_column_layout,INE00LO01017_2024,Craftsman Automation Limited,2024,FIT,dataset/corpus_gap_audit/reconciled/gap_audit_document_reconciled.csv,document_id=INE00LO01017_2024
layout_and_structure,two_column_layout,INE00LO01017_2025,Craftsman Automation Limited,2025,FIT,dataset/corpus_gap_audit/reconciled/gap_audit_document_reconciled.csv,document_id=INE00LO01017_2025
layout_and_structure,two_column_layout,INE00WC01027_2024,Affle 3i Limited,2024,VALIDATION,dataset/corpus_gap_audit/reconciled/gap_audit_document_reconciled.csv,document_id=INE00WC01027_2024
layout_and_structure,two_column_layout,INE00WC01027_2025,Affle 3i Limited,2025,VALIDATION,dataset/corpus_gap_audit/reconciled/gap_audit_document_reconciled.csv,document_id=INE00WC01027_2025
layout_and_structure,two_column_layout,INE040A01034_2012,HDFC Bank Limited,2012,FIT,dataset/corpus_gap_audit/reconciled/gap_audit_document_reconciled.csv,document_id=INE040A01034_2012
layout_and_structure,two_column_layout,INE040A01034_2013,HDFC Bank Limited,2013,FIT,dataset/corpus_gap_audit/reconciled/gap_audit_document_reconciled.csv,document_id=INE040A01034_2013
layout_and_structure,two_column_layout,INE040A01034_2017,HDFC Bank Limited,2017,FIT,dataset/corpus_gap_audit/reconciled/gap_audit_document_reconciled.csv,document_id=INE040A01034_2017
layout_and_structure,two_column_layout,INE040A01034_2018,HDFC Bank Limited,2018,FIT,dataset/corpus_gap_audit/reconciled/gap_audit_document_reconciled.csv,document_id=INE040A01034_2018
layout_and_structure,two_column_layout,INE040A01034_2024,HDFC Bank Limited,2024,FIT,dataset/corpus_gap_audit/reconciled/gap_audit_document_reconciled.csv,document_id=INE040A01034_2024
layout_and_structure,two_column_layout,INE040A01034_2025,HDFC Bank Limited,2025,FIT,dataset/corpus_gap_audit/reconciled/gap_audit_document_reconciled.csv,document_id=INE040A01034_2025
layout_and_structure,two_column_layout,INE044A01036_2012,Sun Pharmaceutical Industries Limited,2012,HOLDOUT,dataset/corpus_gap_audit/reconciled/gap_audit_document_reconciled.csv,document_id=INE044A01036_2012
layout_and_structure,two_column_layout,INE044A01036_2013,Sun Pharmaceutical Industries Limited,2013,HOLDOUT,dataset/corpus_gap_audit/reconciled/gap_audit_document_reconciled.csv,document_id=INE044A01036_2013
layout_and_structure,two_column_layout,INE044A01036_2017,Sun Pharmaceutical Industries Limited,2017,HOLDOUT,dataset/corpus_gap_audit/reconciled/gap_audit_document_reconciled.csv,document_id=INE044A01036_2017
layout_and_structure,two_column_layout,INE044A01036_2018,Sun Pharmaceutical Industries Limited,2018,HOLDOUT,dataset/corpus_gap_audit/reconciled/gap_audit_document_reconciled.csv,document_id=INE044A01036_2018
layout_and_structure,two_column_layout,INE044A01036_2024,Sun Pharmaceutical Industries Limited,2024,HOLDOUT,dataset/corpus_gap_audit/reconciled/gap_audit_document_reconciled.csv,document_id=INE044A01036_2024
layout_and_structure,two_column_layout,INE044A01036_2025,Sun Pharmaceutical Industries Limited,2025,HOLDOUT,dataset/corpus_gap_audit/reconciled/gap_audit_document_reconciled.csv,document_id=INE044A01036_2025
layout_and_structure,two_column_layout,INE081A01020_2012,Tata Steel Limited,2012,FIT,dataset/corpus_gap_audit/reconciled/gap_audit_document_reconciled.csv,document_id=INE081A01020_2012
layout_and_structure,two_column_layout,INE081A01020_2013,Tata Steel Limited,2013,FIT,dataset/corpus_gap_audit/reconciled/gap_audit_document_reconciled.csv,document_id=INE081A01020_2013
layout_and_structure,two_column_layout,INE081A01020_2017,Tata Steel Limited,2017,FIT,dataset/corpus_gap_audit/reconciled/gap_audit_document_reconciled.csv,document_id=INE081A01020_2017
layout_and_structure,two_column_layout,INE081A01020_2018,Tata Steel Limited,2018,FIT,dataset/corpus_gap_audit/reconciled/gap_audit_document_reconciled.csv,document_id=INE081A01020_2018
layout_and_structure,two_column_layout,INE081A01020_2024,Tata Steel Limited,2024,FIT,dataset/corpus_gap_audit/reconciled/gap_audit_document_reconciled.csv,document_id=INE081A01020_2024
layout_and_structure,two_column_layout,INE081A01020_2025,Tata Steel Limited,2025,FIT,dataset/corpus_gap_audit/reconciled/gap_audit_document_reconciled.csv,document_id=INE081A01020_2025
layout_and_structure,two_column_layout,INE119A01028_2012,Balrampur Chini Mills Limited,2012,HOLDOUT,dataset/corpus_gap_audit/reconciled/gap_audit_document_reconciled.csv,document_id=INE119A01028_2012
layout_and_structure,two_column_layout,INE119A01028_2013,Balrampur Chini Mills Limited,2013,HOLDOUT,dataset/corpus_gap_audit/reconciled/gap_audit_document_reconciled.csv,document_id=INE119A01028_2013
layout_and_structure,two_column_layout,INE119A01028_2017,Balrampur Chini Mills Limited,2017,HOLDOUT,dataset/corpus_gap_audit/reconciled/gap_audit_document_reconciled.csv,document_id=INE119A01028_2017
layout_and_structure,two_column_layout,INE119A01028_2018,Balrampur Chini Mills Limited,2018,HOLDOUT,dataset/corpus_gap_audit/reconciled/gap_audit_document_reconciled.csv,document_id=INE119A01028_2018
layout_and_structure,two_column_layout,INE119A01028_2024,Balrampur Chini Mills Limited,2024,HOLDOUT,dataset/corpus_gap_audit/reconciled/gap_audit_document_reconciled.csv,document_id=INE119A01028_2024
layout_and_structure,two_column_layout,INE119A01028_2025,Balrampur Chini Mills Limited,2025,HOLDOUT,dataset/corpus_gap_audit/reconciled/gap_audit_document_reconciled.csv,document_id=INE119A01028_2025
layout_and_structure,two_column_layout,INE151A01013_2012,Tata Communications Limited,2012,FIT,dataset/corpus_gap_audit/reconciled/gap_audit_document_reconciled.csv,document_id=INE151A01013_2012
layout_and_structure,two_column_layout,INE151A01013_2013,Tata Communications Limited,2013,FIT,dataset/corpus_gap_audit/reconciled/gap_audit_document_reconciled.csv,document_id=INE151A01013_2013
layout_and_structure,two_column_layout,INE151A01013_2017,Tata Communications Limited,2017,FIT,dataset/corpus_gap_audit/reconciled/gap_audit_document_reconciled.csv,document_id=INE151A01013_2017
layout_and_structure,two_column_layout,INE151A01013_2018,Tata Communications Limited,2018,FIT,dataset/corpus_gap_audit/reconciled/gap_audit_document_reconciled.csv,document_id=INE151A01013_2018
layout_and_structure,two_column_layout,INE151A01013_2024,Tata Communications Limited,2024,FIT,dataset/corpus_gap_audit/reconciled/gap_audit_document_reconciled.csv,document_id=INE151A01013_2024
layout_and_structure,two_column_layout,INE151A01013_2025,Tata Communications Limited,2025,FIT,dataset/corpus_gap_audit/reconciled/gap_audit_document_reconciled.csv,document_id=INE151A01013_2025
layout_and_structure,two_column_layout,INE154A01025_2012,ITC Limited,2012,VALIDATION,dataset/corpus_gap_audit/reconciled/gap_audit_document_reconciled.csv,document_id=INE154A01025_2012
layout_and_structure,two_column_layout,INE154A01025_2013,ITC Limited,2013,VALIDATION,dataset/corpus_gap_audit/reconciled/gap_audit_document_reconciled.csv,document_id=INE154A01025_2013
layout_and_structure,two_column_layout,INE154A01025_2017,ITC Limited,2017,VALIDATION,dataset/corpus_gap_audit/reconciled/gap_audit_document_reconciled.csv,document_id=INE154A01025_2017
layout_and_structure,two_column_layout,INE154A01025_2018,ITC Limited,2018,VALIDATION,dataset/corpus_gap_audit/reconciled/gap_audit_document_reconciled.csv,document_id=INE154A01025_2018
layout_and_structure,two_column_layout,INE154A01025_2024,ITC Limited,2024,VALIDATION,dataset/corpus_gap_audit/reconciled/gap_audit_document_reconciled.csv,document_id=INE154A01025_2024
layout_and_structure,two_column_layout,INE154A01025_2025,ITC Limited,2025,VALIDATION,dataset/corpus_gap_audit/reconciled/gap_audit_document_reconciled.csv,document_id=INE154A01025_2025
layout_and_structure,two_column_layout,INE171A01029_2012,The Federal Bank  Limited,2012,HOLDOUT,dataset/corpus_gap_audit/reconciled/gap_audit_document_reconciled.csv,document_id=INE171A01029_2012
layout_and_structure,two_column_layout,INE171A01029_2013,The Federal Bank  Limited,2013,HOLDOUT,dataset/corpus_gap_audit/reconciled/gap_audit_document_reconciled.csv,document_id=INE171A01029_2013
layout_and_structure,two_column_layout,INE171A01029_2017,The Federal Bank  Limited,2017,HOLDOUT,dataset/corpus_gap_audit/reconciled/gap_audit_document_reconciled.csv,document_id=INE171A01029_2017
layout_and_structure,two_column_layout,INE171A01029_2018,The Federal Bank  Limited,2018,HOLDOUT,dataset/corpus_gap_audit/reconciled/gap_audit_document_reconciled.csv,document_id=INE171A01029_2018
layout_and_structure,two_column_layout,INE171A01029_2024,The Federal Bank  Limited,2024,HOLDOUT,dataset/corpus_gap_audit/reconciled/gap_audit_document_reconciled.csv,document_id=INE171A01029_2024
layout_and_structure,two_column_layout,INE171A01029_2025,The Federal Bank  Limited,2025,HOLDOUT,dataset/corpus_gap_audit/reconciled/gap_audit_document_reconciled.csv,document_id=INE171A01029_2025
layout_and_structure,two_column_layout,INE191H01014_2012,PVR INOX Limited,2012,FIT,dataset/corpus_gap_audit/reconciled/gap_audit_document_reconciled.csv,document_id=INE191H01014_2012
layout_and_structure,two_column_layout,INE191H01014_2013,PVR INOX Limited,2013,FIT,dataset/corpus_gap_audit/reconciled/gap_audit_document_reconciled.csv,document_id=INE191H01014_2013
layout_and_structure,two_column_layout,INE191H01014_2017,PVR INOX Limited,2017,FIT,dataset/corpus_gap_audit/reconciled/gap_audit_document_reconciled.csv,document_id=INE191H01014_2017
layout_and_structure,two_column_layout,INE191H01014_2018,PVR INOX Limited,2018,FIT,dataset/corpus_gap_audit/reconciled/gap_audit_document_reconciled.csv,document_id=INE191H01014_2018
layout_and_structure,two_column_layout,INE191H01014_2024,PVR INOX Limited,2024,FIT,dataset/corpus_gap_audit/reconciled/gap_audit_document_reconciled.csv,document_id=INE191H01014_2024
layout_and_structure,two_column_layout,INE191H01014_2025,PVR INOX Limited,2025,FIT,dataset/corpus_gap_audit/reconciled/gap_audit_document_reconciled.csv,document_id=INE191H01014_2025
layout_and_structure,two_column_layout,INE192B01031_2012,Welspun Living Limited,2012,FIT,dataset/corpus_gap_audit/reconciled/gap_audit_document_reconciled.csv,document_id=INE192B01031_2012
layout_and_structure,two_column_layout,INE192B01031_2013,Welspun Living Limited,2013,FIT,dataset/corpus_gap_audit/reconciled/gap_audit_document_reconciled.csv,document_id=INE192B01031_2013
layout_and_structure,two_column_layout,INE192B01031_2017,Welspun Living Limited,2017,FIT,dataset/corpus_gap_audit/reconciled/gap_audit_document_reconciled.csv,document_id=INE192B01031_2017
layout_and_structure,two_column_layout,INE192B01031_2018,Welspun Living Limited,2018,FIT,dataset/corpus_gap_audit/reconciled/gap_audit_document_reconciled.csv,document_id=INE192B01031_2018
layout_and_structure,two_column_layout,INE192B01031_2024,Welspun Living Limited,2024,FIT,dataset/corpus_gap_audit/reconciled/gap_audit_document_reconciled.csv,document_id=INE192B01031_2024
layout_and_structure,two_column_layout,INE192B01031_2025,Welspun Living Limited,2025,FIT,dataset/corpus_gap_audit/reconciled/gap_audit_document_reconciled.csv,document_id=INE192B01031_2025
layout_and_structure,two_column_layout,INE226A01021_2012,Voltas Limited,2012,HOLDOUT,dataset/corpus_gap_audit/reconciled/gap_audit_document_reconciled.csv,document_id=INE226A01021_2012
layout_and_structure,two_column_layout,INE226A01021_2013,Voltas Limited,2013,HOLDOUT,dataset/corpus_gap_audit/reconciled/gap_audit_document_reconciled.csv,document_id=INE226A01021_2013
layout_and_structure,two_column_layout,INE226A01021_2017,Voltas Limited,2017,HOLDOUT,dataset/corpus_gap_audit/reconciled/gap_audit_document_reconciled.csv,document_id=INE226A01021_2017
layout_and_structure,two_column_layout,INE226A01021_2018,Voltas Limited,2018,HOLDOUT,dataset/corpus_gap_audit/reconciled/gap_audit_document_reconciled.csv,document_id=INE226A01021_2018
layout_and_structure,two_column_layout,INE226A01021_2024,Voltas Limited,2024,HOLDOUT,dataset/corpus_gap_audit/reconciled/gap_audit_document_reconciled.csv,document_id=INE226A01021_2024
layout_and_structure,two_column_layout,INE226A01021_2025,Voltas Limited,2025,HOLDOUT,dataset/corpus_gap_audit/reconciled/gap_audit_document_reconciled.csv,document_id=INE226A01021_2025
layout_and_structure,two_column_layout,INE482A01020_2012,CEAT Limited,2012,VALIDATION,dataset/corpus_gap_audit/reconciled/gap_audit_document_reconciled.csv,document_id=INE482A01020_2012
layout_and_structure,two_column_layout,INE482A01020_2013,CEAT Limited,2013,VALIDATION,dataset/corpus_gap_audit/reconciled/gap_audit_document_reconciled.csv,document_id=INE482A01020_2013
layout_and_structure,two_column_layout,INE482A01020_2017,CEAT Limited,2017,VALIDATION,dataset/corpus_gap_audit/reconciled/gap_audit_document_reconciled.csv,document_id=INE482A01020_2017
layout_and_structure,two_column_layout,INE482A01020_2018,CEAT Limited,2018,VALIDATION,dataset/corpus_gap_audit/reconciled/gap_audit_document_reconciled.csv,document_id=INE482A01020_2018
layout_and_structure,two_column_layout,INE482A01020_2024,CEAT Limited,2024,VALIDATION,dataset/corpus_gap_audit/reconciled/gap_audit_document_reconciled.csv,document_id=INE482A01020_2024
layout_and_structure,two_column_layout,INE482A01020_2025,CEAT Limited,2025,VALIDATION,dataset/corpus_gap_audit/reconciled/gap_audit_document_reconciled.csv,document_id=INE482A01020_2025
layout_and_structure,two_column_layout,INE761H01022_2012,Page Industries Limited,2012,FIT,dataset/corpus_gap_audit/reconciled/gap_audit_document_reconciled.csv,document_id=INE761H01022_2012
layout_and_structure,two_column_layout,INE761H01022_2013,Page Industries Limited,2013,FIT,dataset/corpus_gap_audit/reconciled/gap_audit_document_reconciled.csv,document_id=INE761H01022_2013
layout_and_structure,two_column_layout,INE761H01022_2017,Page Industries Limited,2017,FIT,dataset/corpus_gap_audit/reconciled/gap_audit_document_reconciled.csv,document_id=INE761H01022_2017
layout_and_structure,two_column_layout,INE761H01022_2018,Page Industries Limited,2018,FIT,dataset/corpus_gap_audit/reconciled/gap_audit_document_reconciled.csv,document_id=INE761H01022_2018
layout_and_structure,two_column_layout,INE761H01022_2024,Page Industries Limited,2024,FIT,dataset/corpus_gap_audit/reconciled/gap_audit_document_reconciled.csv,document_id=INE761H01022_2024
layout_and_structure,two_column_layout,INE761H01022_2025,Page Industries Limited,2025,FIT,dataset/corpus_gap_audit/reconciled/gap_audit_document_reconciled.csv,document_id=INE761H01022_2025
layout_and_structure,two_column_layout,INE797F01020_2012,Jubilant Foodworks Limited,2012,FIT,dataset/corpus_gap_audit/reconciled/gap_audit_document_reconciled.csv,document_id=INE797F01020_2012
layout_and_structure,two_column_layout,INE797F01020_2013,Jubilant Foodworks Limited,2013,FIT,dataset/corpus_gap_audit/reconciled/gap_audit_document_reconciled.csv,document_id=INE797F01020_2013
layout_and_structure,two_column_layout,INE797F01020_2017,Jubilant Foodworks Limited,2017,FIT,dataset/corpus_gap_audit/reconciled/gap_audit_document_reconciled.csv,document_id=INE797F01020_2017
layout_and_structure,two_column_layout,INE797F01020_2018,Jubilant Foodworks Limited,2018,FIT,dataset/corpus_gap_audit/reconciled/gap_audit_document_reconciled.csv,document_id=INE797F01020_2018
layout_and_structure,two_column_layout,INE797F01020_2024,Jubilant Foodworks Limited,2024,FIT,dataset/corpus_gap_audit/reconciled/gap_audit_document_reconciled.csv,document_id=INE797F01020_2024
layout_and_structure,two_column_layout,INE797F01020_2025,Jubilant Foodworks Limited,2025,FIT,dataset/corpus_gap_audit/reconciled/gap_audit_document_reconciled.csv,document_id=INE797F01020_2025
layout_and_structure,multi_column_layout,INE001B01026_2012,KRBL Limited,2012,VALIDATION,dataset/corpus_gap_audit/reconciled/gap_audit_document_reconciled.csv,document_id=INE001B01026_2012
layout_and_structure,multi_column_layout,INE001B01026_2013,KRBL Limited,2013,VALIDATION,dataset/corpus_gap_audit/reconciled/gap_audit_document_reconciled.csv,document_id=INE001B01026_2013
layout_and_structure,multi_column_layout,INE001B01026_2017,KRBL Limited,2017,VALIDATION,dataset/corpus_gap_audit/reconciled/gap_audit_document_reconciled.csv,document_id=INE001B01026_2017
layout_and_structure,multi_column_layout,INE001B01026_2018,KRBL Limited,2018,VALIDATION,dataset/corpus_gap_audit/reconciled/gap_audit_document_reconciled.csv,document_id=INE001B01026_2018
layout_and_structure,multi_column_layout,INE001B01026_2024,KRBL Limited,2024,VALIDATION,dataset/corpus_gap_audit/reconciled/gap_audit_document_reconciled.csv,document_id=INE001B01026_2024
layout_and_structure,multi_column_layout,INE001B01026_2025,KRBL Limited,2025,VALIDATION,dataset/corpus_gap_audit/reconciled/gap_audit_document_reconciled.csv,document_id=INE001B01026_2025
layout_and_structure,multi_column_layout,INE001F01019_2012,Modern Steels Limited,2012,FIT,dataset/corpus_gap_audit/reconciled/gap_audit_document_reconciled.csv,document_id=INE001F01019_2012
layout_and_structure,multi_column_layout,INE001F01019_2013,Modern Steels Limited,2013,FIT,dataset/corpus_gap_audit/reconciled/gap_audit_document_reconciled.csv,document_id=INE001F01019_2013
layout_and_structure,multi_column_layout,INE001F01019_2017,Modern Steels Limited,2017,FIT,dataset/corpus_gap_audit/reconciled/gap_audit_document_reconciled.csv,document_id=INE001F01019_2017
layout_and_structure,multi_column_layout,INE001F01019_2018,Modern Steels Limited,2018,FIT,dataset/corpus_gap_audit/reconciled/gap_audit_document_reconciled.csv,document_id=INE001F01019_2018
layout_and_structure,multi_column_layout,INE001F01019_2024,Modern Steels Limited,2024,FIT,dataset/corpus_gap_audit/reconciled/gap_audit_document_reconciled.csv,document_id=INE001F01019_2024
layout_and_structure,multi_column_layout,INE001F01019_2025,Modern Steels Limited,2025,FIT,dataset/corpus_gap_audit/reconciled/gap_audit_document_reconciled.csv,document_id=INE001F01019_2025
layout_and_structure,multi_column_layout,INE001O01029_2012,Risa International Limited,2012,HOLDOUT,dataset/corpus_gap_audit/reconciled/gap_audit_document_reconciled.csv,document_id=INE001O01029_2012
layout_and_structure,multi_column_layout,INE001O01029_2013,Risa International Limited,2013,HOLDOUT,dataset/corpus_gap_audit/reconciled/gap_audit_document_reconciled.csv,document_id=INE001O01029_2013
layout_and_structure,multi_column_layout,INE001O01029_2017,Risa International Limited,2017,HOLDOUT,dataset/corpus_gap_audit/reconciled/gap_audit_document_reconciled.csv,document_id=INE001O01029_2017
layout_and_structure,multi_column_layout,INE001O01029_2018,Risa International Limited,2018,HOLDOUT,dataset/corpus_gap_audit/reconciled/gap_audit_document_reconciled.csv,document_id=INE001O01029_2018
layout_and_structure,multi_column_layout,INE001O01029_2024,Risa International Limited,2024,HOLDOUT,dataset/corpus_gap_audit/reconciled/gap_audit_document_reconciled.csv,document_id=INE001O01029_2024
layout_and_structure,multi_column_layout,INE001O01029_2025,Risa International Limited,2025,HOLDOUT,dataset/corpus_gap_audit/reconciled/gap_audit_document_reconciled.csv,document_id=INE001O01029_2025
layout_and_structure,multi_column_layout,INE002A01018_2012,Reliance Industries Limited,2012,FIT,dataset/corpus_gap_audit/reconciled/gap_audit_document_reconciled.csv,document_id=INE002A01018_2012
layout_and_structure,multi_column_layout,INE002A01018_2013,Reliance Industries Limited,2013,FIT,dataset/corpus_gap_audit/reconciled/gap_audit_document_reconciled.csv,document_id=INE002A01018_2013
layout_and_structure,multi_column_layout,INE002A01018_2017,Reliance Industries Limited,2017,FIT,dataset/corpus_gap_audit/reconciled/gap_audit_document_reconciled.csv,document_id=INE002A01018_2017
layout_and_structure,multi_column_layout,INE002A01018_2018,Reliance Industries Limited,2018,FIT,dataset/corpus_gap_audit/reconciled/gap_audit_document_reconciled.csv,document_id=INE002A01018_2018
layout_and_structure,multi_column_layout,INE002A01018_2024,Reliance Industries Limited,2024,FIT,dataset/corpus_gap_audit/reconciled/gap_audit_document_reconciled.csv,document_id=INE002A01018_2024
layout_and_structure,multi_column_layout,INE002A01018_2025,Reliance Industries Limited,2025,FIT,dataset/corpus_gap_audit/reconciled/gap_audit_document_reconciled.csv,document_id=INE002A01018_2025
layout_and_structure,multi_column_layout,INE002B01016_2012,MADALA HOLDINGS LIMITED,2012,HOLDOUT,dataset/corpus_gap_audit/reconciled/gap_audit_document_reconciled.csv,document_id=INE002B01016_2012
layout_and_structure,multi_column_layout,INE002B01016_2013,MADALA HOLDINGS LIMITED,2013,HOLDOUT,dataset/corpus_gap_audit/reconciled/gap_audit_document_reconciled.csv,document_id=INE002B01016_2013
layout_and_structure,multi_column_layout,INE002B01016_2017,MADALA HOLDINGS LIMITED,2017,HOLDOUT,dataset/corpus_gap_audit/reconciled/gap_audit_document_reconciled.csv,document_id=INE002B01016_2017
layout_and_structure,multi_column_layout,INE002B01016_2018,MADALA HOLDINGS LIMITED,2018,HOLDOUT,dataset/corpus_gap_audit/reconciled/gap_audit_document_reconciled.csv,document_id=INE002B01016_2018
layout_and_structure,multi_column_layout,INE002B01016_2024,MADALA HOLDINGS LIMITED,2024,HOLDOUT,dataset/corpus_gap_audit/reconciled/gap_audit_document_reconciled.csv,document_id=INE002B01016_2024
layout_and_structure,multi_column_layout,INE002B01016_2025,MADALA HOLDINGS LIMITED,2025,HOLDOUT,dataset/corpus_gap_audit/reconciled/gap_audit_document_reconciled.csv,document_id=INE002B01016_2025
layout_and_structure,multi_column_layout,INE002E01010_2012,Sar  Auto Products Limited,2012,HOLDOUT,dataset/corpus_gap_audit/reconciled/gap_audit_document_reconciled.csv,document_id=INE002E01010_2012
layout_and_structure,multi_column_layout,INE002E01010_2013,Sar  Auto Products Limited,2013,HOLDOUT,dataset/corpus_gap_audit/reconciled/gap_audit_document_reconciled.csv,document_id=INE002E01010_2013
layout_and_structure,multi_column_layout,INE002E01010_2017,Sar  Auto Products Limited,2017,HOLDOUT,dataset/corpus_gap_audit/reconciled/gap_audit_document_reconciled.csv,document_id=INE002E01010_2017
layout_and_structure,multi_column_layout,INE002E01010_2018,Sar  Auto Products Limited,2018,HOLDOUT,dataset/corpus_gap_audit/reconciled/gap_audit_document_reconciled.csv,document_id=INE002E01010_2018
layout_and_structure,multi_column_layout,INE002E01010_2024,Sar  Auto Products Limited,2024,HOLDOUT,dataset/corpus_gap_audit/reconciled/gap_audit_document_reconciled.csv,document_id=INE002E01010_2024
layout_and_structure,multi_column_layout,INE002E01010_2025,Sar  Auto Products Limited,2025,HOLDOUT,dataset/corpus_gap_audit/reconciled/gap_audit_document_reconciled.csv,document_id=INE002E01010_2025
layout_and_structure,multi_column_layout,INE002L01015_2013,SJVN Limited,2013,HOLDOUT,dataset/corpus_gap_audit/reconciled/gap_audit_document_reconciled.csv,document_id=INE002L01015_2013
layout_and_structure,multi_column_layout,INE002L01015_2017,SJVN Limited,2017,HOLDOUT,dataset/corpus_gap_audit/reconciled/gap_audit_document_reconciled.csv,document_id=INE002L01015_2017
layout_and_structure,multi_column_layout,INE002L01015_2018,SJVN Limited,2018,HOLDOUT,dataset/corpus_gap_audit/reconciled/gap_audit_document_reconciled.csv,document_id=INE002L01015_2018
layout_and_structure,multi_column_layout,INE002L01015_2024,SJVN Limited,2024,HOLDOUT,dataset/corpus_gap_audit/reconciled/gap_audit_document_reconciled.csv,document_id=INE002L01015_2024
layout_and_structure,multi_column_layout,INE002L01015_2025,SJVN Limited,2025,HOLDOUT,dataset/corpus_gap_audit/reconciled/gap_audit_document_reconciled.csv,document_id=INE002L01015_2025
layout_and_structure,multi_column_layout,INE002S01010_2017,Mahanagar Gas Limited,2017,VALIDATION,dataset/corpus_gap_audit/reconciled/gap_audit_document_reconciled.csv,document_id=INE002S01010_2017
layout_and_structure,multi_column_layout,INE002S01010_2018,Mahanagar Gas Limited,2018,VALIDATION,dataset/corpus_gap_audit/reconciled/gap_audit_document_reconciled.csv,document_id=INE002S01010_2018
layout_and_structure,multi_column_layout,INE002S01010_2024,Mahanagar Gas Limited,2024,VALIDATION,dataset/corpus_gap_audit/reconciled/gap_audit_document_reconciled.csv,document_id=INE002S01010_2024
layout_and_structure,multi_column_layout,INE002S01010_2025,Mahanagar Gas Limited,2025,VALIDATION,dataset/corpus_gap_audit/reconciled/gap_audit_document_reconciled.csv,document_id=INE002S01010_2025
layout_and_structure,multi_column_layout,INE003B01014_2013,Inter State Oil Carrier Ltd,2013,FIT,dataset/corpus_gap_audit/reconciled/gap_audit_document_reconciled.csv,document_id=INE003B01014_2013
layout_and_structure,multi_column_layout,INE003B01014_2017,Inter State Oil Carrier Ltd,2017,FIT,dataset/corpus_gap_audit/reconciled/gap_audit_document_reconciled.csv,document_id=INE003B01014_2017
layout_and_structure,multi_column_layout,INE003B01014_2018,Inter State Oil Carrier Ltd,2018,FIT,dataset/corpus_gap_audit/reconciled/gap_audit_document_reconciled.csv,document_id=INE003B01014_2018
layout_and_structure,multi_column_layout,INE003B01014_2024,Inter State Oil Carrier Ltd,2024,FIT,dataset/corpus_gap_audit/reconciled/gap_audit_document_reconciled.csv,document_id=INE003B01014_2024
layout_and_structure,multi_column_layout,INE003B01014_2025,Inter State Oil Carrier Ltd,2025,FIT,dataset/corpus_gap_audit/reconciled/gap_audit_document_reconciled.csv,document_id=INE003B01014_2025
layout_and_structure,multi_column_layout,INE003F01015_2012,Muller & Phipps (India) Ltd.,2012,VALIDATION,dataset/corpus_gap_audit/reconciled/gap_audit_document_reconciled.csv,document_id=INE003F01015_2012
layout_and_structure,multi_column_layout,INE003F01015_2013,Muller & Phipps (India) Ltd.,2013,VALIDATION,dataset/corpus_gap_audit/reconciled/gap_audit_document_reconciled.csv,document_id=INE003F01015_2013
layout_and_structure,multi_column_layout,INE003F01015_2017,Muller & Phipps (India) Ltd.,2017,VALIDATION,dataset/corpus_gap_audit/reconciled/gap_audit_document_reconciled.csv,document_id=INE003F01015_2017
layout_and_structure,multi_column_layout,INE003F01015_2018,Muller & Phipps (India) Ltd.,2018,VALIDATION,dataset/corpus_gap_audit/reconciled/gap_audit_document_reconciled.csv,document_id=INE003F01015_2018
layout_and_structure,multi_column_layout,INE003F01015_2024,Muller & Phipps (India) Ltd.,2024,VALIDATION,dataset/corpus_gap_audit/reconciled/gap_audit_document_reconciled.csv,document_id=INE003F01015_2024
layout_and_structure,multi_column_layout,INE003F01015_2025,Muller & Phipps (India) Ltd.,2025,VALIDATION,dataset/corpus_gap_audit/reconciled/gap_audit_document_reconciled.csv,document_id=INE003F01015_2025
layout_and_structure,multi_column_layout,INE004C01028_2017,Gujarat Cotex Ltd,2017,FIT,dataset/corpus_gap_audit/reconciled/gap_audit_document_reconciled.csv,document_id=INE004C01028_2017
layout_and_structure,multi_column_layout,INE004C01028_2018,Gujarat Cotex Ltd,2018,FIT,dataset/corpus_gap_audit/reconciled/gap_audit_document_reconciled.csv,document_id=INE004C01028_2018
layout_and_structure,multi_column_layout,INE004C01028_2024,Gujarat Cotex Ltd,2024,FIT,dataset/corpus_gap_audit/reconciled/gap_audit_document_reconciled.csv,document_id=INE004C01028_2024
layout_and_structure,multi_column_layout,INE004C01028_2025,Gujarat Cotex Ltd,2025,FIT,dataset/corpus_gap_audit/reconciled/gap_audit_document_reconciled.csv,document_id=INE004C01028_2025
layout_and_structure,multi_column_layout,INE004E01016_2012,Span Divergent Limited,2012,FIT,dataset/corpus_gap_audit/reconciled/gap_audit_document_reconciled.csv,document_id=INE004E01016_2012
layout_and_structure,multi_column_layout,INE004E01016_2013,Span Divergent Limited,2013,FIT,dataset/corpus_gap_audit/reconciled/gap_audit_document_reconciled.csv,document_id=INE004E01016_2013
layout_and_structure,multi_column_layout,INE004E01016_2017,Span Divergent Limited,2017,FIT,dataset/corpus_gap_audit/reconciled/gap_audit_document_reconciled.csv,document_id=INE004E01016_2017
layout_and_structure,multi_column_layout,INE004E01016_2018,Span Divergent Limited,2018,FIT,dataset/corpus_gap_audit/reconciled/gap_audit_document_reconciled.csv,document_id=INE004E01016_2018
layout_and_structure,multi_column_layout,INE004E01016_2024,Span Divergent Limited,2024,FIT,dataset/corpus_gap_audit/reconciled/gap_audit_document_reconciled.csv,document_id=INE004E01016_2024
layout_and_structure,multi_column_layout,INE004E01016_2025,Span Divergent Limited,2025,FIT,dataset/corpus_gap_audit/reconciled/gap_audit_document_reconciled.csv,document_id=INE004E01016_2025
layout_and_structure,multi_column_layout,INE004Z01011_2024,Mac Hotels Limited,2024,FIT,dataset/corpus_gap_audit/reconciled/gap_audit_document_reconciled.csv,document_id=INE004Z01011_2024
layout_and_structure,multi_column_layout,INE004Z01011_2025,Mac Hotels Limited,2025,FIT,dataset/corpus_gap_audit/reconciled/gap_audit_document_reconciled.csv,document_id=INE004Z01011_2025
layout_and_structure,multi_column_layout,INE005E01013_2012,Ekansh Concepts Limited,2012,VALIDATION,dataset/corpus_gap_audit/reconciled/gap_audit_document_reconciled.csv,document_id=INE005E01013_2012
layout_and_structure,multi_column_layout,INE005E01013_2013,Ekansh Concepts Limited,2013,VALIDATION,dataset/corpus_gap_audit/reconciled/gap_audit_document_reconciled.csv,document_id=INE005E01013_2013
layout_and_structure,multi_column_layout,INE005E01013_2017,Ekansh Concepts Limited,2017,VALIDATION,dataset/corpus_gap_audit/reconciled/gap_audit_document_reconciled.csv,document_id=INE005E01013_2017
layout_and_structure,multi_column_layout,INE005E01013_2018,Ekansh Concepts Limited,2018,VALIDATION,dataset/corpus_gap_audit/reconciled/gap_audit_document_reconciled.csv,document_id=INE005E01013_2018
layout_and_structure,multi_column_layout,INE005E01013_2024,Ekansh Concepts Limited,2024,VALIDATION,dataset/corpus_gap_audit/reconciled/gap_audit_document_reconciled.csv,document_id=INE005E01013_2024
layout_and_structure,multi_column_layout,INE005E01013_2025,Ekansh Concepts Limited,2025,VALIDATION,dataset/corpus_gap_audit/reconciled/gap_audit_document_reconciled.csv,document_id=INE005E01013_2025
layout_and_structure,multi_column_layout,INE006C01015_2012,K.Z.Leasing & Finance Ltd.,2012,VALIDATION,dataset/corpus_gap_audit/reconciled/gap_audit_document_reconciled.csv,document_id=INE006C01015_2012
layout_and_structure,multi_column_layout,INE006C01015_2013,K.Z.Leasing & Finance Ltd.,2013,VALIDATION,dataset/corpus_gap_audit/reconciled/gap_audit_document_reconciled.csv,document_id=INE006C01015_2013
layout_and_structure,multi_column_layout,INE006C01015_2017,K.Z.Leasing & Finance Ltd.,2017,VALIDATION,dataset/corpus_gap_audit/reconciled/gap_audit_document_reconciled.csv,document_id=INE006C01015_2017
layout_and_structure,multi_column_layout,INE006C01015_2018,K.Z.Leasing & Finance Ltd.,2018,VALIDATION,dataset/corpus_gap_audit/reconciled/gap_audit_document_reconciled.csv,document_id=INE006C01015_2018
layout_and_structure,multi_column_layout,INE006C01015_2024,K.Z.Leasing & Finance Ltd.,2024,VALIDATION,dataset/corpus_gap_audit/reconciled/gap_audit_document_reconciled.csv,document_id=INE006C01015_2024
layout_and_structure,multi_column_layout,INE006C01015_2025,K.Z.Leasing & Finance Ltd.,2025,VALIDATION,dataset/corpus_gap_audit/reconciled/gap_audit_document_reconciled.csv,document_id=INE006C01015_2025
layout_and_structure,multi_column_layout,INE006I01046_2012,Astral Limited,2012,HOLDOUT,dataset/corpus_gap_audit/reconciled/gap_audit_document_reconciled.csv,document_id=INE006I01046_2012
layout_and_structure,multi_column_layout,INE006I01046_2013,Astral Limited,2013,HOLDOUT,dataset/corpus_gap_audit/reconciled/gap_audit_document_reconciled.csv,document_id=INE006I01046_2013
layout_and_structure,multi_column_layout,INE006I01046_2017,Astral Limited,2017,HOLDOUT,dataset/corpus_gap_audit/reconciled/gap_audit_document_reconciled.csv,document_id=INE006I01046_2017
layout_and_structure,multi_column_layout,INE006I01046_2018,Astral Limited,2018,HOLDOUT,dataset/corpus_gap_audit/reconciled/gap_audit_document_reconciled.csv,document_id=INE006I01046_2018
layout_and_structure,multi_column_layout,INE006I01046_2024,Astral Limited,2024,HOLDOUT,dataset/corpus_gap_audit/reconciled/gap_audit_document_reconciled.csv,document_id=INE006I01046_2024
layout_and_structure,multi_column_layout,INE006I01046_2025,Astral Limited,2025,HOLDOUT,dataset/corpus_gap_audit/reconciled/gap_audit_document_reconciled.csv,document_id=INE006I01046_2025
layout_and_structure,multi_column_layout,INE007A01025_2012,Crisil Limited,2012,FIT,dataset/corpus_gap_audit/reconciled/gap_audit_document_reconciled.csv,document_id=INE007A01025_2012
layout_and_structure,multi_column_layout,INE007A01025_2013,Crisil Limited,2013,FIT,dataset/corpus_gap_audit/reconciled/gap_audit_document_reconciled.csv,document_id=INE007A01025_2013
layout_and_structure,multi_column_layout,INE007A01025_2017,Crisil Limited,2017,FIT,dataset/corpus_gap_audit/reconciled/gap_audit_document_reconciled.csv,document_id=INE007A01025_2017
layout_and_structure,multi_column_layout,INE007A01025_2018,Crisil Limited,2018,FIT,dataset/corpus_gap_audit/reconciled/gap_audit_document_reconciled.csv,document_id=INE007A01025_2018
layout_and_structure,multi_column_layout,INE007A01025_2024,Crisil Limited,2024,FIT,dataset/corpus_gap_audit/reconciled/gap_audit_document_reconciled.csv,document_id=INE007A01025_2024
layout_and_structure,multi_column_layout,INE007A01025_2025,Crisil Limited,2025,FIT,dataset/corpus_gap_audit/reconciled/gap_audit_document_reconciled.csv,document_id=INE007A01025_2025
layout_and_structure,multi_column_layout,INE008A01015_2012,IDBI Bank Limited,2012,FIT,dataset/corpus_gap_audit/reconciled/gap_audit_document_reconciled.csv,document_id=INE008A01015_2012
layout_and_structure,multi_column_layout,INE008A01015_2013,IDBI Bank Limited,2013,FIT,dataset/corpus_gap_audit/reconciled/gap_audit_document_reconciled.csv,document_id=INE008A01015_2013
layout_and_structure,multi_column_layout,INE008A01015_2017,IDBI Bank Limited,2017,FIT,dataset/corpus_gap_audit/reconciled/gap_audit_document_reconciled.csv,document_id=INE008A01015_2017
layout_and_structure,multi_column_layout,INE008A01015_2018,IDBI Bank Limited,2018,FIT,dataset/corpus_gap_audit/reconciled/gap_audit_document_reconciled.csv,document_id=INE008A01015_2018
layout_and_structure,multi_column_layout,INE008A01015_2024,IDBI Bank Limited,2024,FIT,dataset/corpus_gap_audit/reconciled/gap_audit_document_reconciled.csv,document_id=INE008A01015_2024
layout_and_structure,multi_column_layout,INE008A01015_2025,IDBI Bank Limited,2025,FIT,dataset/corpus_gap_audit/reconciled/gap_audit_document_reconciled.csv,document_id=INE008A01015_2025
layout_and_structure,multi_column_layout,INE009A01021_2012,Infosys Limited,2012,VALIDATION,dataset/corpus_gap_audit/reconciled/gap_audit_document_reconciled.csv,document_id=INE009A01021_2012
layout_and_structure,multi_column_layout,INE009A01021_2017,Infosys Limited,2017,VALIDATION,dataset/corpus_gap_audit/reconciled/gap_audit_document_reconciled.csv,document_id=INE009A01021_2017
layout_and_structure,multi_column_layout,INE009A01021_2018,Infosys Limited,2018,VALIDATION,dataset/corpus_gap_audit/reconciled/gap_audit_document_reconciled.csv,document_id=INE009A01021_2018
layout_and_structure,multi_column_layout,INE009A01021_2024,Infosys Limited,2024,VALIDATION,dataset/corpus_gap_audit/reconciled/gap_audit_document_reconciled.csv,document_id=INE009A01021_2024
layout_and_structure,multi_column_layout,INE009A01021_2025,Infosys Limited,2025,VALIDATION,dataset/corpus_gap_audit/reconciled/gap_audit_document_reconciled.csv,document_id=INE009A01021_2025
layout_and_structure,multi_column_layout,INE00E101023_2024,Bikaji Foods International Limited,2024,FIT,dataset/corpus_gap_audit/reconciled/gap_audit_document_reconciled.csv,document_id=INE00E101023_2024
layout_and_structure,multi_column_layout,INE00E101023_2025,Bikaji Foods International Limited,2025,FIT,dataset/corpus_gap_audit/reconciled/gap_audit_document_reconciled.csv,document_id=INE00E101023_2025
layout_and_structure,multi_column_layout,INE00FF01025_2015,Acutaas Chemicals Limited,2015,FIT,dataset/corpus_gap_audit/reconciled/gap_audit_document_reconciled.csv,document_id=INE00FF01025_2015
layout_and_structure,multi_column_layout,INE00FF01025_2024,Acutaas Chemicals Limited,2024,FIT,dataset/corpus_gap_audit/reconciled/gap_audit_document_reconciled.csv,document_id=INE00FF01025_2024
layout_and_structure,multi_column_layout,INE00FF01025_2025,Acutaas Chemicals Limited,2025,FIT,dataset/corpus_gap_audit/reconciled/gap_audit_document_reconciled.csv,document_id=INE00FF01025_2025
layout_and_structure,multi_column_layout,INE00LO01017_2015,Craftsman Automation Limited,2015,FIT,dataset/corpus_gap_audit/reconciled/gap_audit_document_reconciled.csv,document_id=INE00LO01017_2015
layout_and_structure,multi_column_layout,INE00LO01017_2024,Craftsman Automation Limited,2024,FIT,dataset/corpus_gap_audit/reconciled/gap_audit_document_reconciled.csv,document_id=INE00LO01017_2024
layout_and_structure,multi_column_layout,INE00LO01017_2025,Craftsman Automation Limited,2025,FIT,dataset/corpus_gap_audit/reconciled/gap_audit_document_reconciled.csv,document_id=INE00LO01017_2025
layout_and_structure,multi_column_layout,INE00WC01027_2024,Affle 3i Limited,2024,VALIDATION,dataset/corpus_gap_audit/reconciled/gap_audit_document_reconciled.csv,document_id=INE00WC01027_2024
layout_and_structure,multi_column_layout,INE00WC01027_2025,Affle 3i Limited,2025,VALIDATION,dataset/corpus_gap_audit/reconciled/gap_audit_document_reconciled.csv,document_id=INE00WC01027_2025
layout_and_structure,multi_column_layout,INE040A01034_2012,HDFC Bank Limited,2012,FIT,dataset/corpus_gap_audit/reconciled/gap_audit_document_reconciled.csv,document_id=INE040A01034_2012
layout_and_structure,multi_column_layout,INE040A01034_2013,HDFC Bank Limited,2013,FIT,dataset/corpus_gap_audit/reconciled/gap_audit_document_reconciled.csv,document_id=INE040A01034_2013
layout_and_structure,multi_column_layout,INE040A01034_2017,HDFC Bank Limited,2017,FIT,dataset/corpus_gap_audit/reconciled/gap_audit_document_reconciled.csv,document_id=INE040A01034_2017
layout_and_structure,multi_column_layout,INE040A01034_2018,HDFC Bank Limited,2018,FIT,dataset/corpus_gap_audit/reconciled/gap_audit_document_reconciled.csv,document_id=INE040A01034_2018
layout_and_structure,multi_column_layout,INE040A01034_2024,HDFC Bank Limited,2024,FIT,dataset/corpus_gap_audit/reconciled/gap_audit_document_reconciled.csv,document_id=INE040A01034_2024
layout_and_structure,multi_column_layout,INE040A01034_2025,HDFC Bank Limited,2025,FIT,dataset/corpus_gap_audit/reconciled/gap_audit_document_reconciled.csv,document_id=INE040A01034_2025
layout_and_structure,multi_column_layout,INE044A01036_2012,Sun Pharmaceutical Industries Limited,2012,HOLDOUT,dataset/corpus_gap_audit/reconciled/gap_audit_document_reconciled.csv,document_id=INE044A01036_2012
layout_and_structure,multi_column_layout,INE044A01036_2013,Sun Pharmaceutical Industries Limited,2013,HOLDOUT,dataset/corpus_gap_audit/reconciled/gap_audit_document_reconciled.csv,document_id=INE044A01036_2013
layout_and_structure,multi_column_layout,INE044A01036_2017,Sun Pharmaceutical Industries Limited,2017,HOLDOUT,dataset/corpus_gap_audit/reconciled/gap_audit_document_reconciled.csv,document_id=INE044A01036_2017
layout_and_structure,multi_column_layout,INE044A01036_2018,Sun Pharmaceutical Industries Limited,2018,HOLDOUT,dataset/corpus_gap_audit/reconciled/gap_audit_document_reconciled.csv,document_id=INE044A01036_2018
layout_and_structure,multi_column_layout,INE044A01036_2024,Sun Pharmaceutical Industries Limited,2024,HOLDOUT,dataset/corpus_gap_audit/reconciled/gap_audit_document_reconciled.csv,document_id=INE044A01036_2024
layout_and_structure,multi_column_layout,INE044A01036_2025,Sun Pharmaceutical Industries Limited,2025,HOLDOUT,dataset/corpus_gap_audit/reconciled/gap_audit_document_reconciled.csv,document_id=INE044A01036_2025
layout_and_structure,multi_column_layout,INE081A01020_2012,Tata Steel Limited,2012,FIT,dataset/corpus_gap_audit/reconciled/gap_audit_document_reconciled.csv,document_id=INE081A01020_2012
layout_and_structure,multi_column_layout,INE081A01020_2013,Tata Steel Limited,2013,FIT,dataset/corpus_gap_audit/reconciled/gap_audit_document_reconciled.csv,document_id=INE081A01020_2013
layout_and_structure,multi_column_layout,INE081A01020_2017,Tata Steel Limited,2017,FIT,dataset/corpus_gap_audit/reconciled/gap_audit_document_reconciled.csv,document_id=INE081A01020_2017
layout_and_structure,multi_column_layout,INE081A01020_2018,Tata Steel Limited,2018,FIT,dataset/corpus_gap_audit/reconciled/gap_audit_document_reconciled.csv,document_id=INE081A01020_2018
layout_and_structure,multi_column_layout,INE081A01020_2024,Tata Steel Limited,2024,FIT,dataset/corpus_gap_audit/reconciled/gap_audit_document_reconciled.csv,document_id=INE081A01020_2024
layout_and_structure,multi_column_layout,INE081A01020_2025,Tata Steel Limited,2025,FIT,dataset/corpus_gap_audit/reconciled/gap_audit_document_reconciled.csv,document_id=INE081A01020_2025
layout_and_structure,multi_column_layout,INE119A01028_2012,Balrampur Chini Mills Limited,2012,HOLDOUT,dataset/corpus_gap_audit/reconciled/gap_audit_document_reconciled.csv,document_id=INE119A01028_2012
layout_and_structure,multi_column_layout,INE119A01028_2013,Balrampur Chini Mills Limited,2013,HOLDOUT,dataset/corpus_gap_audit/reconciled/gap_audit_document_reconciled.csv,document_id=INE119A01028_2013
layout_and_structure,multi_column_layout,INE119A01028_2017,Balrampur Chini Mills Limited,2017,HOLDOUT,dataset/corpus_gap_audit/reconciled/gap_audit_document_reconciled.csv,document_id=INE119A01028_2017
layout_and_structure,multi_column_layout,INE119A01028_2018,Balrampur Chini Mills Limited,2018,HOLDOUT,dataset/corpus_gap_audit/reconciled/gap_audit_document_reconciled.csv,document_id=INE119A01028_2018
layout_and_structure,multi_column_layout,INE119A01028_2024,Balrampur Chini Mills Limited,2024,HOLDOUT,dataset/corpus_gap_audit/reconciled/gap_audit_document_reconciled.csv,document_id=INE119A01028_2024
layout_and_structure,multi_column_layout,INE119A01028_2025,Balrampur Chini Mills Limited,2025,HOLDOUT,dataset/corpus_gap_audit/reconciled/gap_audit_document_reconciled.csv,document_id=INE119A01028_2025
layout_and_structure,multi_column_layout,INE151A01013_2012,Tata Communications Limited,2012,FIT,dataset/corpus_gap_audit/reconciled/gap_audit_document_reconciled.csv,document_id=INE151A01013_2012
layout_and_structure,multi_column_layout,INE151A01013_2013,Tata Communications Limited,2013,FIT,dataset/corpus_gap_audit/reconciled/gap_audit_document_reconciled.csv,document_id=INE151A01013_2013
layout_and_structure,multi_column_layout,INE151A01013_2017,Tata Communications Limited,2017,FIT,dataset/corpus_gap_audit/reconciled/gap_audit_document_reconciled.csv,document_id=INE151A01013_2017
layout_and_structure,multi_column_layout,INE151A01013_2018,Tata Communications Limited,2018,FIT,dataset/corpus_gap_audit/reconciled/gap_audit_document_reconciled.csv,document_id=INE151A01013_2018
layout_and_structure,multi_column_layout,INE151A01013_2024,Tata Communications Limited,2024,FIT,dataset/corpus_gap_audit/reconciled/gap_audit_document_reconciled.csv,document_id=INE151A01013_2024
layout_and_structure,multi_column_layout,INE151A01013_2025,Tata Communications Limited,2025,FIT,dataset/corpus_gap_audit/reconciled/gap_audit_document_reconciled.csv,document_id=INE151A01013_2025
layout_and_structure,multi_column_layout,INE154A01025_2012,ITC Limited,2012,VALIDATION,dataset/corpus_gap_audit/reconciled/gap_audit_document_reconciled.csv,document_id=INE154A01025_2012
layout_and_structure,multi_column_layout,INE154A01025_2013,ITC Limited,2013,VALIDATION,dataset/corpus_gap_audit/reconciled/gap_audit_document_reconciled.csv,document_id=INE154A01025_2013
layout_and_structure,multi_column_layout,INE154A01025_2017,ITC Limited,2017,VALIDATION,dataset/corpus_gap_audit/reconciled/gap_audit_document_reconciled.csv,document_id=INE154A01025_2017
layout_and_structure,multi_column_layout,INE154A01025_2018,ITC Limited,2018,VALIDATION,dataset/corpus_gap_audit/reconciled/gap_audit_document_reconciled.csv,document_id=INE154A01025_2018
layout_and_structure,multi_column_layout,INE154A01025_2024,ITC Limited,2024,VALIDATION,dataset/corpus_gap_audit/reconciled/gap_audit_document_reconciled.csv,document_id=INE154A01025_2024
layout_and_structure,multi_column_layout,INE154A01025_2025,ITC Limited,2025,VALIDATION,dataset/corpus_gap_audit/reconciled/gap_audit_document_reconciled.csv,document_id=INE154A01025_2025
layout_and_structure,multi_column_layout,INE171A01029_2012,The Federal Bank  Limited,2012,HOLDOUT,dataset/corpus_gap_audit/reconciled/gap_audit_document_reconciled.csv,document_id=INE171A01029_2012
layout_and_structure,multi_column_layout,INE171A01029_2013,The Federal Bank  Limited,2013,HOLDOUT,dataset/corpus_gap_audit/reconciled/gap_audit_document_reconciled.csv,document_id=INE171A01029_2013
layout_and_structure,multi_column_layout,INE171A01029_2017,The Federal Bank  Limited,2017,HOLDOUT,dataset/corpus_gap_audit/reconciled/gap_audit_document_reconciled.csv,document_id=INE171A01029_2017
layout_and_structure,multi_column_layout,INE171A01029_2018,The Federal Bank  Limited,2018,HOLDOUT,dataset/corpus_gap_audit/reconciled/gap_audit_document_reconciled.csv,document_id=INE171A01029_2018
layout_and_structure,multi_column_layout,INE171A01029_2024,The Federal Bank  Limited,2024,HOLDOUT,dataset/corpus_gap_audit/reconciled/gap_audit_document_reconciled.csv,document_id=INE171A01029_2024
layout_and_structure,multi_column_layout,INE171A01029_2025,The Federal Bank  Limited,2025,HOLDOUT,dataset/corpus_gap_audit/reconciled/gap_audit_document_reconciled.csv,document_id=INE171A01029_2025
layout_and_structure,multi_column_layout,INE191H01014_2012,PVR INOX Limited,2012,FIT,dataset/corpus_gap_audit/reconciled/gap_audit_document_reconciled.csv,document_id=INE191H01014_2012
layout_and_structure,multi_column_layout,INE191H01014_2013,PVR INOX Limited,2013,FIT,dataset/corpus_gap_audit/reconciled/gap_audit_document_reconciled.csv,document_id=INE191H01014_2013
layout_and_structure,multi_column_layout,INE191H01014_2017,PVR INOX Limited,2017,FIT,dataset/corpus_gap_audit/reconciled/gap_audit_document_reconciled.csv,document_id=INE191H01014_2017
layout_and_structure,multi_column_layout,INE191H01014_2018,PVR INOX Limited,2018,FIT,dataset/corpus_gap_audit/reconciled/gap_audit_document_reconciled.csv,document_id=INE191H01014_2018
layout_and_structure,multi_column_layout,INE191H01014_2024,PVR INOX Limited,2024,FIT,dataset/corpus_gap_audit/reconciled/gap_audit_document_reconciled.csv,document_id=INE191H01014_2024
layout_and_structure,multi_column_layout,INE191H01014_2025,PVR INOX Limited,2025,FIT,dataset/corpus_gap_audit/reconciled/gap_audit_document_reconciled.csv,document_id=INE191H01014_2025
layout_and_structure,multi_column_layout,INE192B01031_2012,Welspun Living Limited,2012,FIT,dataset/corpus_gap_audit/reconciled/gap_audit_document_reconciled.csv,document_id=INE192B01031_2012
layout_and_structure,multi_column_layout,INE192B01031_2013,Welspun Living Limited,2013,FIT,dataset/corpus_gap_audit/reconciled/gap_audit_document_reconciled.csv,document_id=INE192B01031_2013
layout_and_structure,multi_column_layout,INE192B01031_2017,Welspun Living Limited,2017,FIT,dataset/corpus_gap_audit/reconciled/gap_audit_document_reconciled.csv,document_id=INE192B01031_2017
layout_and_structure,multi_column_layout,INE192B01031_2018,Welspun Living Limited,2018,FIT,dataset/corpus_gap_audit/reconciled/gap_audit_document_reconciled.csv,document_id=INE192B01031_2018
layout_and_structure,multi_column_layout,INE192B01031_2024,Welspun Living Limited,2024,FIT,dataset/corpus_gap_audit/reconciled/gap_audit_document_reconciled.csv,document_id=INE192B01031_2024
layout_and_structure,multi_column_layout,INE192B01031_2025,Welspun Living Limited,2025,FIT,dataset/corpus_gap_audit/reconciled/gap_audit_document_reconciled.csv,document_id=INE192B01031_2025
layout_and_structure,multi_column_layout,INE226A01021_2012,Voltas Limited,2012,HOLDOUT,dataset/corpus_gap_audit/reconciled/gap_audit_document_reconciled.csv,document_id=INE226A01021_2012
layout_and_structure,multi_column_layout,INE226A01021_2013,Voltas Limited,2013,HOLDOUT,dataset/corpus_gap_audit/reconciled/gap_audit_document_reconciled.csv,document_id=INE226A01021_2013
layout_and_structure,multi_column_layout,INE226A01021_2017,Voltas Limited,2017,HOLDOUT,dataset/corpus_gap_audit/reconciled/gap_audit_document_reconciled.csv,document_id=INE226A01021_2017
layout_and_structure,multi_column_layout,INE226A01021_2018,Voltas Limited,2018,HOLDOUT,dataset/corpus_gap_audit/reconciled/gap_audit_document_reconciled.csv,document_id=INE226A01021_2018
layout_and_structure,multi_column_layout,INE226A01021_2024,Voltas Limited,2024,HOLDOUT,dataset/corpus_gap_audit/reconciled/gap_audit_document_reconciled.csv,document_id=INE226A01021_2024
layout_and_structure,multi_column_layout,INE226A01021_2025,Voltas Limited,2025,HOLDOUT,dataset/corpus_gap_audit/reconciled/gap_audit_document_reconciled.csv,document_id=INE226A01021_2025
layout_and_structure,multi_column_layout,INE482A01020_2012,CEAT Limited,2012,VALIDATION,dataset/corpus_gap_audit/reconciled/gap_audit_document_reconciled.csv,document_id=INE482A01020_2012
layout_and_structure,multi_column_layout,INE482A01020_2013,CEAT Limited,2013,VALIDATION,dataset/corpus_gap_audit/reconciled/gap_audit_document_reconciled.csv,document_id=INE482A01020_2013
layout_and_structure,multi_column_layout,INE482A01020_2017,CEAT Limited,2017,VALIDATION,dataset/corpus_gap_audit/reconciled/gap_audit_document_reconciled.csv,document_id=INE482A01020_2017
layout_and_structure,multi_column_layout,INE482A01020_2018,CEAT Limited,2018,VALIDATION,dataset/corpus_gap_audit/reconciled/gap_audit_document_reconciled.csv,document_id=INE482A01020_2018
layout_and_structure,multi_column_layout,INE482A01020_2024,CEAT Limited,2024,VALIDATION,dataset/corpus_gap_audit/reconciled/gap_audit_document_reconciled.csv,document_id=INE482A01020_2024
layout_and_structure,multi_column_layout,INE482A01020_2025,CEAT Limited,2025,VALIDATION,dataset/corpus_gap_audit/reconciled/gap_audit_document_reconciled.csv,document_id=INE482A01020_2025
layout_and_structure,multi_column_layout,INE761H01022_2012,Page Industries Limited,2012,FIT,dataset/corpus_gap_audit/reconciled/gap_audit_document_reconciled.csv,document_id=INE761H01022_2012
layout_and_structure,multi_column_layout,INE761H01022_2013,Page Industries Limited,2013,FIT,dataset/corpus_gap_audit/reconciled/gap_audit_document_reconciled.csv,document_id=INE761H01022_2013
layout_and_structure,multi_column_layout,INE761H01022_2017,Page Industries Limited,2017,FIT,dataset/corpus_gap_audit/reconciled/gap_audit_document_reconciled.csv,document_id=INE761H01022_2017
layout_and_structure,multi_column_layout,INE761H01022_2018,Page Industries Limited,2018,FIT,dataset/corpus_gap_audit/reconciled/gap_audit_document_reconciled.csv,document_id=INE761H01022_2018
layout_and_structure,multi_column_layout,INE761H01022_2024,Page Industries Limited,2024,FIT,dataset/corpus_gap_audit/reconciled/gap_audit_document_reconciled.csv,document_id=INE761H01022_2024
layout_and_structure,multi_column_layout,INE761H01022_2025,Page Industries Limited,2025,FIT,dataset/corpus_gap_audit/reconciled/gap_audit_document_reconciled.csv,document_id=INE761H01022_2025
layout_and_structure,multi_column_layout,INE797F01020_2012,Jubilant Foodworks Limited,2012,FIT,dataset/corpus_gap_audit/reconciled/gap_audit_document_reconciled.csv,document_id=INE797F01020_2012
layout_and_structure,multi_column_layout,INE797F01020_2013,Jubilant Foodworks Limited,2013,FIT,dataset/corpus_gap_audit/reconciled/gap_audit_document_reconciled.csv,document_id=INE797F01020_2013
layout_and_structure,multi_column_layout,INE797F01020_2017,Jubilant Foodworks Limited,2017,FIT,dataset/corpus_gap_audit/reconciled/gap_audit_document_reconciled.csv,document_id=INE797F01020_2017
layout_and_structure,multi_column_layout,INE797F01020_2018,Jubilant Foodworks Limited,2018,FIT,dataset/corpus_gap_audit/reconciled/gap_audit_document_reconciled.csv,document_id=INE797F01020_2018
layout_and_structure,multi_column_layout,INE797F01020_2024,Jubilant Foodworks Limited,2024,FIT,dataset/corpus_gap_audit/reconciled/gap_audit_document_reconciled.csv,document_id=INE797F01020_2024
layout_and_structure,multi_column_layout,INE797F01020_2025,Jubilant Foodworks Limited,2025,FIT,dataset/corpus_gap_audit/reconciled/gap_audit_document_reconciled.csv,document_id=INE797F01020_2025
layout_and_structure,table_candidate,INE001B01026_2012,KRBL Limited,2012,VALIDATION,dataset/corpus_gap_audit/reconciled/gap_audit_document_reconciled.csv,document_id=INE001B01026_2012
layout_and_structure,table_candidate,INE001B01026_2013,KRBL Limited,2013,VALIDATION,dataset/corpus_gap_audit/reconciled/gap_audit_document_reconciled.csv,document_id=INE001B01026_2013
layout_and_structure,table_candidate,INE001B01026_2017,KRBL Limited,2017,VALIDATION,dataset/corpus_gap_audit/reconciled/gap_audit_document_reconciled.csv,document_id=INE001B01026_2017
layout_and_structure,table_candidate,INE001B01026_2018,KRBL Limited,2018,VALIDATION,dataset/corpus_gap_audit/reconciled/gap_audit_document_reconciled.csv,document_id=INE001B01026_2018
layout_and_structure,table_candidate,INE001B01026_2024,KRBL Limited,2024,VALIDATION,dataset/corpus_gap_audit/reconciled/gap_audit_document_reconciled.csv,document_id=INE001B01026_2024
layout_and_structure,table_candidate,INE001B01026_2025,KRBL Limited,2025,VALIDATION,dataset/corpus_gap_audit/reconciled/gap_audit_document_reconciled.csv,document_id=INE001B01026_2025
layout_and_structure,table_candidate,INE001F01019_2012,Modern Steels Limited,2012,FIT,dataset/corpus_gap_audit/reconciled/gap_audit_document_reconciled.csv,document_id=INE001F01019_2012
layout_and_structure,table_candidate,INE001F01019_2013,Modern Steels Limited,2013,FIT,dataset/corpus_gap_audit/reconciled/gap_audit_document_reconciled.csv,document_id=INE001F01019_2013
layout_and_structure,table_candidate,INE001F01019_2017,Modern Steels Limited,2017,FIT,dataset/corpus_gap_audit/reconciled/gap_audit_document_reconciled.csv,document_id=INE001F01019_2017
layout_and_structure,table_candidate,INE001F01019_2018,Modern Steels Limited,2018,FIT,dataset/corpus_gap_audit/reconciled/gap_audit_document_reconciled.csv,document_id=INE001F01019_2018
layout_and_structure,table_candidate,INE001F01019_2024,Modern Steels Limited,2024,FIT,dataset/corpus_gap_audit/reconciled/gap_audit_document_reconciled.csv,document_id=INE001F01019_2024
layout_and_structure,table_candidate,INE001F01019_2025,Modern Steels Limited,2025,FIT,dataset/corpus_gap_audit/reconciled/gap_audit_document_reconciled.csv,document_id=INE001F01019_2025
layout_and_structure,table_candidate,INE001O01029_2012,Risa International Limited,2012,HOLDOUT,dataset/corpus_gap_audit/reconciled/gap_audit_document_reconciled.csv,document_id=INE001O01029_2012
layout_and_structure,table_candidate,INE001O01029_2013,Risa International Limited,2013,HOLDOUT,dataset/corpus_gap_audit/reconciled/gap_audit_document_reconciled.csv,document_id=INE001O01029_2013
layout_and_structure,table_candidate,INE001O01029_2017,Risa International Limited,2017,HOLDOUT,dataset/corpus_gap_audit/reconciled/gap_audit_document_reconciled.csv,document_id=INE001O01029_2017
layout_and_structure,table_candidate,INE001O01029_2018,Risa International Limited,2018,HOLDOUT,dataset/corpus_gap_audit/reconciled/gap_audit_document_reconciled.csv,document_id=INE001O01029_2018
layout_and_structure,table_candidate,INE001O01029_2024,Risa International Limited,2024,HOLDOUT,dataset/corpus_gap_audit/reconciled/gap_audit_document_reconciled.csv,document_id=INE001O01029_2024
layout_and_structure,table_candidate,INE001O01029_2025,Risa International Limited,2025,HOLDOUT,dataset/corpus_gap_audit/reconciled/gap_audit_document_reconciled.csv,document_id=INE001O01029_2025
layout_and_structure,table_candidate,INE002A01018_2012,Reliance Industries Limited,2012,FIT,dataset/corpus_gap_audit/reconciled/gap_audit_document_reconciled.csv,document_id=INE002A01018_2012
layout_and_structure,table_candidate,INE002A01018_2013,Reliance Industries Limited,2013,FIT,dataset/corpus_gap_audit/reconciled/gap_audit_document_reconciled.csv,document_id=INE002A01018_2013
layout_and_structure,table_candidate,INE002A01018_2017,Reliance Industries Limited,2017,FIT,dataset/corpus_gap_audit/reconciled/gap_audit_document_reconciled.csv,document_id=INE002A01018_2017
layout_and_structure,table_candidate,INE002A01018_2018,Reliance Industries Limited,2018,FIT,dataset/corpus_gap_audit/reconciled/gap_audit_document_reconciled.csv,document_id=INE002A01018_2018
layout_and_structure,table_candidate,INE002A01018_2024,Reliance Industries Limited,2024,FIT,dataset/corpus_gap_audit/reconciled/gap_audit_document_reconciled.csv,document_id=INE002A01018_2024
layout_and_structure,table_candidate,INE002A01018_2025,Reliance Industries Limited,2025,FIT,dataset/corpus_gap_audit/reconciled/gap_audit_document_reconciled.csv,document_id=INE002A01018_2025
layout_and_structure,table_candidate,INE002B01016_2012,MADALA HOLDINGS LIMITED,2012,HOLDOUT,dataset/corpus_gap_audit/reconciled/gap_audit_document_reconciled.csv,document_id=INE002B01016_2012
layout_and_structure,table_candidate,INE002B01016_2013,MADALA HOLDINGS LIMITED,2013,HOLDOUT,dataset/corpus_gap_audit/reconciled/gap_audit_document_reconciled.csv,document_id=INE002B01016_2013
layout_and_structure,table_candidate,INE002B01016_2017,MADALA HOLDINGS LIMITED,2017,HOLDOUT,dataset/corpus_gap_audit/reconciled/gap_audit_document_reconciled.csv,document_id=INE002B01016_2017
layout_and_structure,table_candidate,INE002B01016_2018,MADALA HOLDINGS LIMITED,2018,HOLDOUT,dataset/corpus_gap_audit/reconciled/gap_audit_document_reconciled.csv,document_id=INE002B01016_2018
layout_and_structure,table_candidate,INE002B01016_2024,MADALA HOLDINGS LIMITED,2024,HOLDOUT,dataset/corpus_gap_audit/reconciled/gap_audit_document_reconciled.csv,document_id=INE002B01016_2024
layout_and_structure,table_candidate,INE002B01016_2025,MADALA HOLDINGS LIMITED,2025,HOLDOUT,dataset/corpus_gap_audit/reconciled/gap_audit_document_reconciled.csv,document_id=INE002B01016_2025
layout_and_structure,table_candidate,INE002E01010_2012,Sar  Auto Products Limited,2012,HOLDOUT,dataset/corpus_gap_audit/reconciled/gap_audit_document_reconciled.csv,document_id=INE002E01010_2012
layout_and_structure,table_candidate,INE002E01010_2013,Sar  Auto Products Limited,2013,HOLDOUT,dataset/corpus_gap_audit/reconciled/gap_audit_document_reconciled.csv,document_id=INE002E01010_2013
layout_and_structure,table_candidate,INE002E01010_2017,Sar  Auto Products Limited,2017,HOLDOUT,dataset/corpus_gap_audit/reconciled/gap_audit_document_reconciled.csv,document_id=INE002E01010_2017
layout_and_structure,table_candidate,INE002E01010_2018,Sar  Auto Products Limited,2018,HOLDOUT,dataset/corpus_gap_audit/reconciled/gap_audit_document_reconciled.csv,document_id=INE002E01010_2018
layout_and_structure,table_candidate,INE002E01010_2024,Sar  Auto Products Limited,2024,HOLDOUT,dataset/corpus_gap_audit/reconciled/gap_audit_document_reconciled.csv,document_id=INE002E01010_2024
layout_and_structure,table_candidate,INE002E01010_2025,Sar  Auto Products Limited,2025,HOLDOUT,dataset/corpus_gap_audit/reconciled/gap_audit_document_reconciled.csv,document_id=INE002E01010_2025
layout_and_structure,table_candidate,INE002L01015_2013,SJVN Limited,2013,HOLDOUT,dataset/corpus_gap_audit/reconciled/gap_audit_document_reconciled.csv,document_id=INE002L01015_2013
layout_and_structure,table_candidate,INE002L01015_2017,SJVN Limited,2017,HOLDOUT,dataset/corpus_gap_audit/reconciled/gap_audit_document_reconciled.csv,document_id=INE002L01015_2017
layout_and_structure,table_candidate,INE002L01015_2018,SJVN Limited,2018,HOLDOUT,dataset/corpus_gap_audit/reconciled/gap_audit_document_reconciled.csv,document_id=INE002L01015_2018
layout_and_structure,table_candidate,INE002L01015_2024,SJVN Limited,2024,HOLDOUT,dataset/corpus_gap_audit/reconciled/gap_audit_document_reconciled.csv,document_id=INE002L01015_2024
layout_and_structure,table_candidate,INE002L01015_2025,SJVN Limited,2025,HOLDOUT,dataset/corpus_gap_audit/reconciled/gap_audit_document_reconciled.csv,document_id=INE002L01015_2025
layout_and_structure,table_candidate,INE002S01010_2017,Mahanagar Gas Limited,2017,VALIDATION,dataset/corpus_gap_audit/reconciled/gap_audit_document_reconciled.csv,document_id=INE002S01010_2017
layout_and_structure,table_candidate,INE002S01010_2018,Mahanagar Gas Limited,2018,VALIDATION,dataset/corpus_gap_audit/reconciled/gap_audit_document_reconciled.csv,document_id=INE002S01010_2018
layout_and_structure,table_candidate,INE002S01010_2024,Mahanagar Gas Limited,2024,VALIDATION,dataset/corpus_gap_audit/reconciled/gap_audit_document_reconciled.csv,document_id=INE002S01010_2024
layout_and_structure,table_candidate,INE002S01010_2025,Mahanagar Gas Limited,2025,VALIDATION,dataset/corpus_gap_audit/reconciled/gap_audit_document_reconciled.csv,document_id=INE002S01010_2025
layout_and_structure,table_candidate,INE003B01014_2013,Inter State Oil Carrier Ltd,2013,FIT,dataset/corpus_gap_audit/reconciled/gap_audit_document_reconciled.csv,document_id=INE003B01014_2013
layout_and_structure,table_candidate,INE003B01014_2017,Inter State Oil Carrier Ltd,2017,FIT,dataset/corpus_gap_audit/reconciled/gap_audit_document_reconciled.csv,document_id=INE003B01014_2017
layout_and_structure,table_candidate,INE003B01014_2018,Inter State Oil Carrier Ltd,2018,FIT,dataset/corpus_gap_audit/reconciled/gap_audit_document_reconciled.csv,document_id=INE003B01014_2018
layout_and_structure,table_candidate,INE003B01014_2024,Inter State Oil Carrier Ltd,2024,FIT,dataset/corpus_gap_audit/reconciled/gap_audit_document_reconciled.csv,document_id=INE003B01014_2024
layout_and_structure,table_candidate,INE003B01014_2025,Inter State Oil Carrier Ltd,2025,FIT,dataset/corpus_gap_audit/reconciled/gap_audit_document_reconciled.csv,document_id=INE003B01014_2025
layout_and_structure,table_candidate,INE003F01015_2012,Muller & Phipps (India) Ltd.,2012,VALIDATION,dataset/corpus_gap_audit/reconciled/gap_audit_document_reconciled.csv,document_id=INE003F01015_2012
layout_and_structure,table_candidate,INE003F01015_2013,Muller & Phipps (India) Ltd.,2013,VALIDATION,dataset/corpus_gap_audit/reconciled/gap_audit_document_reconciled.csv,document_id=INE003F01015_2013
layout_and_structure,table_candidate,INE003F01015_2017,Muller & Phipps (India) Ltd.,2017,VALIDATION,dataset/corpus_gap_audit/reconciled/gap_audit_document_reconciled.csv,document_id=INE003F01015_2017
layout_and_structure,table_candidate,INE003F01015_2018,Muller & Phipps (India) Ltd.,2018,VALIDATION,dataset/corpus_gap_audit/reconciled/gap_audit_document_reconciled.csv,document_id=INE003F01015_2018
layout_and_structure,table_candidate,INE003F01015_2024,Muller & Phipps (India) Ltd.,2024,VALIDATION,dataset/corpus_gap_audit/reconciled/gap_audit_document_reconciled.csv,document_id=INE003F01015_2024
layout_and_structure,table_candidate,INE003F01015_2025,Muller & Phipps (India) Ltd.,2025,VALIDATION,dataset/corpus_gap_audit/reconciled/gap_audit_document_reconciled.csv,document_id=INE003F01015_2025
layout_and_structure,table_candidate,INE004C01028_2017,Gujarat Cotex Ltd,2017,FIT,dataset/corpus_gap_audit/reconciled/gap_audit_document_reconciled.csv,document_id=INE004C01028_2017
layout_and_structure,table_candidate,INE004C01028_2018,Gujarat Cotex Ltd,2018,FIT,dataset/corpus_gap_audit/reconciled/gap_audit_document_reconciled.csv,document_id=INE004C01028_2018
layout_and_structure,table_candidate,INE004C01028_2025,Gujarat Cotex Ltd,2025,FIT,dataset/corpus_gap_audit/reconciled/gap_audit_document_reconciled.csv,document_id=INE004C01028_2025
layout_and_structure,table_candidate,INE004E01016_2012,Span Divergent Limited,2012,FIT,dataset/corpus_gap_audit/reconciled/gap_audit_document_reconciled.csv,document_id=INE004E01016_2012
layout_and_structure,table_candidate,INE004E01016_2013,Span Divergent Limited,2013,FIT,dataset/corpus_gap_audit/reconciled/gap_audit_document_reconciled.csv,document_id=INE004E01016_2013
layout_and_structure,table_candidate,INE004E01016_2017,Span Divergent Limited,2017,FIT,dataset/corpus_gap_audit/reconciled/gap_audit_document_reconciled.csv,document_id=INE004E01016_2017
layout_and_structure,table_candidate,INE004E01016_2018,Span Divergent Limited,2018,FIT,dataset/corpus_gap_audit/reconciled/gap_audit_document_reconciled.csv,document_id=INE004E01016_2018
layout_and_structure,table_candidate,INE004E01016_2024,Span Divergent Limited,2024,FIT,dataset/corpus_gap_audit/reconciled/gap_audit_document_reconciled.csv,document_id=INE004E01016_2024
layout_and_structure,table_candidate,INE004E01016_2025,Span Divergent Limited,2025,FIT,dataset/corpus_gap_audit/reconciled/gap_audit_document_reconciled.csv,document_id=INE004E01016_2025
layout_and_structure,table_candidate,INE004Z01011_2024,Mac Hotels Limited,2024,FIT,dataset/corpus_gap_audit/reconciled/gap_audit_document_reconciled.csv,document_id=INE004Z01011_2024
layout_and_structure,table_candidate,INE004Z01011_2025,Mac Hotels Limited,2025,FIT,dataset/corpus_gap_audit/reconciled/gap_audit_document_reconciled.csv,document_id=INE004Z01011_2025
layout_and_structure,table_candidate,INE005E01013_2012,Ekansh Concepts Limited,2012,VALIDATION,dataset/corpus_gap_audit/reconciled/gap_audit_document_reconciled.csv,document_id=INE005E01013_2012
layout_and_structure,table_candidate,INE005E01013_2013,Ekansh Concepts Limited,2013,VALIDATION,dataset/corpus_gap_audit/reconciled/gap_audit_document_reconciled.csv,document_id=INE005E01013_2013
layout_and_structure,table_candidate,INE005E01013_2017,Ekansh Concepts Limited,2017,VALIDATION,dataset/corpus_gap_audit/reconciled/gap_audit_document_reconciled.csv,document_id=INE005E01013_2017
layout_and_structure,table_candidate,INE005E01013_2018,Ekansh Concepts Limited,2018,VALIDATION,dataset/corpus_gap_audit/reconciled/gap_audit_document_reconciled.csv,document_id=INE005E01013_2018
layout_and_structure,table_candidate,INE005E01013_2024,Ekansh Concepts Limited,2024,VALIDATION,dataset/corpus_gap_audit/reconciled/gap_audit_document_reconciled.csv,document_id=INE005E01013_2024
layout_and_structure,table_candidate,INE005E01013_2025,Ekansh Concepts Limited,2025,VALIDATION,dataset/corpus_gap_audit/reconciled/gap_audit_document_reconciled.csv,document_id=INE005E01013_2025
layout_and_structure,table_candidate,INE006C01015_2012,K.Z.Leasing & Finance Ltd.,2012,VALIDATION,dataset/corpus_gap_audit/reconciled/gap_audit_document_reconciled.csv,document_id=INE006C01015_2012
layout_and_structure,table_candidate,INE006C01015_2013,K.Z.Leasing & Finance Ltd.,2013,VALIDATION,dataset/corpus_gap_audit/reconciled/gap_audit_document_reconciled.csv,document_id=INE006C01015_2013
layout_and_structure,table_candidate,INE006C01015_2017,K.Z.Leasing & Finance Ltd.,2017,VALIDATION,dataset/corpus_gap_audit/reconciled/gap_audit_document_reconciled.csv,document_id=INE006C01015_2017
layout_and_structure,table_candidate,INE006C01015_2018,K.Z.Leasing & Finance Ltd.,2018,VALIDATION,dataset/corpus_gap_audit/reconciled/gap_audit_document_reconciled.csv,document_id=INE006C01015_2018
layout_and_structure,table_candidate,INE006C01015_2024,K.Z.Leasing & Finance Ltd.,2024,VALIDATION,dataset/corpus_gap_audit/reconciled/gap_audit_document_reconciled.csv,document_id=INE006C01015_2024
layout_and_structure,table_candidate,INE006C01015_2025,K.Z.Leasing & Finance Ltd.,2025,VALIDATION,dataset/corpus_gap_audit/reconciled/gap_audit_document_reconciled.csv,document_id=INE006C01015_2025
layout_and_structure,table_candidate,INE006I01046_2012,Astral Limited,2012,HOLDOUT,dataset/corpus_gap_audit/reconciled/gap_audit_document_reconciled.csv,document_id=INE006I01046_2012
layout_and_structure,table_candidate,INE006I01046_2013,Astral Limited,2013,HOLDOUT,dataset/corpus_gap_audit/reconciled/gap_audit_document_reconciled.csv,document_id=INE006I01046_2013
layout_and_structure,table_candidate,INE006I01046_2017,Astral Limited,2017,HOLDOUT,dataset/corpus_gap_audit/reconciled/gap_audit_document_reconciled.csv,document_id=INE006I01046_2017
layout_and_structure,table_candidate,INE006I01046_2018,Astral Limited,2018,HOLDOUT,dataset/corpus_gap_audit/reconciled/gap_audit_document_reconciled.csv,document_id=INE006I01046_2018
layout_and_structure,table_candidate,INE006I01046_2024,Astral Limited,2024,HOLDOUT,dataset/corpus_gap_audit/reconciled/gap_audit_document_reconciled.csv,document_id=INE006I01046_2024
layout_and_structure,table_candidate,INE006I01046_2025,Astral Limited,2025,HOLDOUT,dataset/corpus_gap_audit/reconciled/gap_audit_document_reconciled.csv,document_id=INE006I01046_2025
layout_and_structure,table_candidate,INE007A01025_2012,Crisil Limited,2012,FIT,dataset/corpus_gap_audit/reconciled/gap_audit_document_reconciled.csv,document_id=INE007A01025_2012
layout_and_structure,table_candidate,INE007A01025_2013,Crisil Limited,2013,FIT,dataset/corpus_gap_audit/reconciled/gap_audit_document_reconciled.csv,document_id=INE007A01025_2013
layout_and_structure,table_candidate,INE007A01025_2017,Crisil Limited,2017,FIT,dataset/corpus_gap_audit/reconciled/gap_audit_document_reconciled.csv,document_id=INE007A01025_2017
layout_and_structure,table_candidate,INE007A01025_2018,Crisil Limited,2018,FIT,dataset/corpus_gap_audit/reconciled/gap_audit_document_reconciled.csv,document_id=INE007A01025_2018
layout_and_structure,table_candidate,INE007A01025_2024,Crisil Limited,2024,FIT,dataset/corpus_gap_audit/reconciled/gap_audit_document_reconciled.csv,document_id=INE007A01025_2024
layout_and_structure,table_candidate,INE007A01025_2025,Crisil Limited,2025,FIT,dataset/corpus_gap_audit/reconciled/gap_audit_document_reconciled.csv,document_id=INE007A01025_2025
layout_and_structure,table_candidate,INE008A01015_2012,IDBI Bank Limited,2012,FIT,dataset/corpus_gap_audit/reconciled/gap_audit_document_reconciled.csv,document_id=INE008A01015_2012
layout_and_structure,table_candidate,INE008A01015_2013,IDBI Bank Limited,2013,FIT,dataset/corpus_gap_audit/reconciled/gap_audit_document_reconciled.csv,document_id=INE008A01015_2013
layout_and_structure,table_candidate,INE008A01015_2017,IDBI Bank Limited,2017,FIT,dataset/corpus_gap_audit/reconciled/gap_audit_document_reconciled.csv,document_id=INE008A01015_2017
layout_and_structure,table_candidate,INE008A01015_2018,IDBI Bank Limited,2018,FIT,dataset/corpus_gap_audit/reconciled/gap_audit_document_reconciled.csv,document_id=INE008A01015_2018
layout_and_structure,table_candidate,INE008A01015_2024,IDBI Bank Limited,2024,FIT,dataset/corpus_gap_audit/reconciled/gap_audit_document_reconciled.csv,document_id=INE008A01015_2024
layout_and_structure,table_candidate,INE008A01015_2025,IDBI Bank Limited,2025,FIT,dataset/corpus_gap_audit/reconciled/gap_audit_document_reconciled.csv,document_id=INE008A01015_2025
layout_and_structure,table_candidate,INE009A01021_2012,Infosys Limited,2012,VALIDATION,dataset/corpus_gap_audit/reconciled/gap_audit_document_reconciled.csv,document_id=INE009A01021_2012
layout_and_structure,table_candidate,INE009A01021_2017,Infosys Limited,2017,VALIDATION,dataset/corpus_gap_audit/reconciled/gap_audit_document_reconciled.csv,document_id=INE009A01021_2017
layout_and_structure,table_candidate,INE009A01021_2018,Infosys Limited,2018,VALIDATION,dataset/corpus_gap_audit/reconciled/gap_audit_document_reconciled.csv,document_id=INE009A01021_2018
layout_and_structure,table_candidate,INE009A01021_2024,Infosys Limited,2024,VALIDATION,dataset/corpus_gap_audit/reconciled/gap_audit_document_reconciled.csv,document_id=INE009A01021_2024
layout_and_structure,table_candidate,INE009A01021_2025,Infosys Limited,2025,VALIDATION,dataset/corpus_gap_audit/reconciled/gap_audit_document_reconciled.csv,document_id=INE009A01021_2025
layout_and_structure,table_candidate,INE00E101023_2024,Bikaji Foods International Limited,2024,FIT,dataset/corpus_gap_audit/reconciled/gap_audit_document_reconciled.csv,document_id=INE00E101023_2024
layout_and_structure,table_candidate,INE00E101023_2025,Bikaji Foods International Limited,2025,FIT,dataset/corpus_gap_audit/reconciled/gap_audit_document_reconciled.csv,document_id=INE00E101023_2025
layout_and_structure,table_candidate,INE00FF01025_2015,Acutaas Chemicals Limited,2015,FIT,dataset/corpus_gap_audit/reconciled/gap_audit_document_reconciled.csv,document_id=INE00FF01025_2015
layout_and_structure,table_candidate,INE00FF01025_2024,Acutaas Chemicals Limited,2024,FIT,dataset/corpus_gap_audit/reconciled/gap_audit_document_reconciled.csv,document_id=INE00FF01025_2024
layout_and_structure,table_candidate,INE00FF01025_2025,Acutaas Chemicals Limited,2025,FIT,dataset/corpus_gap_audit/reconciled/gap_audit_document_reconciled.csv,document_id=INE00FF01025_2025
layout_and_structure,table_candidate,INE00LO01017_2015,Craftsman Automation Limited,2015,FIT,dataset/corpus_gap_audit/reconciled/gap_audit_document_reconciled.csv,document_id=INE00LO01017_2015
layout_and_structure,table_candidate,INE00LO01017_2024,Craftsman Automation Limited,2024,FIT,dataset/corpus_gap_audit/reconciled/gap_audit_document_reconciled.csv,document_id=INE00LO01017_2024
layout_and_structure,table_candidate,INE00LO01017_2025,Craftsman Automation Limited,2025,FIT,dataset/corpus_gap_audit/reconciled/gap_audit_document_reconciled.csv,document_id=INE00LO01017_2025
layout_and_structure,table_candidate,INE00WC01027_2024,Affle 3i Limited,2024,VALIDATION,dataset/corpus_gap_audit/reconciled/gap_audit_document_reconciled.csv,document_id=INE00WC01027_2024
layout_and_structure,table_candidate,INE00WC01027_2025,Affle 3i Limited,2025,VALIDATION,dataset/corpus_gap_audit/reconciled/gap_audit_document_reconciled.csv,document_id=INE00WC01027_2025
layout_and_structure,table_candidate,INE040A01034_2012,HDFC Bank Limited,2012,FIT,dataset/corpus_gap_audit/reconciled/gap_audit_document_reconciled.csv,document_id=INE040A01034_2012
layout_and_structure,table_candidate,INE040A01034_2013,HDFC Bank Limited,2013,FIT,dataset/corpus_gap_audit/reconciled/gap_audit_document_reconciled.csv,document_id=INE040A01034_2013
layout_and_structure,table_candidate,INE040A01034_2017,HDFC Bank Limited,2017,FIT,dataset/corpus_gap_audit/reconciled/gap_audit_document_reconciled.csv,document_id=INE040A01034_2017
layout_and_structure,table_candidate,INE040A01034_2018,HDFC Bank Limited,2018,FIT,dataset/corpus_gap_audit/reconciled/gap_audit_document_reconciled.csv,document_id=INE040A01034_2018
layout_and_structure,table_candidate,INE040A01034_2024,HDFC Bank Limited,2024,FIT,dataset/corpus_gap_audit/reconciled/gap_audit_document_reconciled.csv,document_id=INE040A01034_2024
layout_and_structure,table_candidate,INE040A01034_2025,HDFC Bank Limited,2025,FIT,dataset/corpus_gap_audit/reconciled/gap_audit_document_reconciled.csv,document_id=INE040A01034_2025
layout_and_structure,table_candidate,INE044A01036_2012,Sun Pharmaceutical Industries Limited,2012,HOLDOUT,dataset/corpus_gap_audit/reconciled/gap_audit_document_reconciled.csv,document_id=INE044A01036_2012
layout_and_structure,table_candidate,INE044A01036_2013,Sun Pharmaceutical Industries Limited,2013,HOLDOUT,dataset/corpus_gap_audit/reconciled/gap_audit_document_reconciled.csv,document_id=INE044A01036_2013
layout_and_structure,table_candidate,INE044A01036_2017,Sun Pharmaceutical Industries Limited,2017,HOLDOUT,dataset/corpus_gap_audit/reconciled/gap_audit_document_reconciled.csv,document_id=INE044A01036_2017
layout_and_structure,table_candidate,INE044A01036_2018,Sun Pharmaceutical Industries Limited,2018,HOLDOUT,dataset/corpus_gap_audit/reconciled/gap_audit_document_reconciled.csv,document_id=INE044A01036_2018
layout_and_structure,table_candidate,INE044A01036_2024,Sun Pharmaceutical Industries Limited,2024,HOLDOUT,dataset/corpus_gap_audit/reconciled/gap_audit_document_reconciled.csv,document_id=INE044A01036_2024
layout_and_structure,table_candidate,INE044A01036_2025,Sun Pharmaceutical Industries Limited,2025,HOLDOUT,dataset/corpus_gap_audit/reconciled/gap_audit_document_reconciled.csv,document_id=INE044A01036_2025
layout_and_structure,table_candidate,INE081A01020_2012,Tata Steel Limited,2012,FIT,dataset/corpus_gap_audit/reconciled/gap_audit_document_reconciled.csv,document_id=INE081A01020_2012
layout_and_structure,table_candidate,INE081A01020_2013,Tata Steel Limited,2013,FIT,dataset/corpus_gap_audit/reconciled/gap_audit_document_reconciled.csv,document_id=INE081A01020_2013
layout_and_structure,table_candidate,INE081A01020_2017,Tata Steel Limited,2017,FIT,dataset/corpus_gap_audit/reconciled/gap_audit_document_reconciled.csv,document_id=INE081A01020_2017
layout_and_structure,table_candidate,INE081A01020_2018,Tata Steel Limited,2018,FIT,dataset/corpus_gap_audit/reconciled/gap_audit_document_reconciled.csv,document_id=INE081A01020_2018
layout_and_structure,table_candidate,INE081A01020_2024,Tata Steel Limited,2024,FIT,dataset/corpus_gap_audit/reconciled/gap_audit_document_reconciled.csv,document_id=INE081A01020_2024
layout_and_structure,table_candidate,INE081A01020_2025,Tata Steel Limited,2025,FIT,dataset/corpus_gap_audit/reconciled/gap_audit_document_reconciled.csv,document_id=INE081A01020_2025
layout_and_structure,table_candidate,INE119A01028_2012,Balrampur Chini Mills Limited,2012,HOLDOUT,dataset/corpus_gap_audit/reconciled/gap_audit_document_reconciled.csv,document_id=INE119A01028_2012
layout_and_structure,table_candidate,INE119A01028_2013,Balrampur Chini Mills Limited,2013,HOLDOUT,dataset/corpus_gap_audit/reconciled/gap_audit_document_reconciled.csv,document_id=INE119A01028_2013
layout_and_structure,table_candidate,INE119A01028_2017,Balrampur Chini Mills Limited,2017,HOLDOUT,dataset/corpus_gap_audit/reconciled/gap_audit_document_reconciled.csv,document_id=INE119A01028_2017
layout_and_structure,table_candidate,INE119A01028_2018,Balrampur Chini Mills Limited,2018,HOLDOUT,dataset/corpus_gap_audit/reconciled/gap_audit_document_reconciled.csv,document_id=INE119A01028_2018
layout_and_structure,table_candidate,INE119A01028_2024,Balrampur Chini Mills Limited,2024,HOLDOUT,dataset/corpus_gap_audit/reconciled/gap_audit_document_reconciled.csv,document_id=INE119A01028_2024
layout_and_structure,table_candidate,INE119A01028_2025,Balrampur Chini Mills Limited,2025,HOLDOUT,dataset/corpus_gap_audit/reconciled/gap_audit_document_reconciled.csv,document_id=INE119A01028_2025
layout_and_structure,table_candidate,INE151A01013_2012,Tata Communications Limited,2012,FIT,dataset/corpus_gap_audit/reconciled/gap_audit_document_reconciled.csv,document_id=INE151A01013_2012
layout_and_structure,table_candidate,INE151A01013_2013,Tata Communications Limited,2013,FIT,dataset/corpus_gap_audit/reconciled/gap_audit_document_reconciled.csv,document_id=INE151A01013_2013
layout_and_structure,table_candidate,INE151A01013_2017,Tata Communications Limited,2017,FIT,dataset/corpus_gap_audit/reconciled/gap_audit_document_reconciled.csv,document_id=INE151A01013_2017
layout_and_structure,table_candidate,INE151A01013_2018,Tata Communications Limited,2018,FIT,dataset/corpus_gap_audit/reconciled/gap_audit_document_reconciled.csv,document_id=INE151A01013_2018
layout_and_structure,table_candidate,INE151A01013_2024,Tata Communications Limited,2024,FIT,dataset/corpus_gap_audit/reconciled/gap_audit_document_reconciled.csv,document_id=INE151A01013_2024
layout_and_structure,table_candidate,INE151A01013_2025,Tata Communications Limited,2025,FIT,dataset/corpus_gap_audit/reconciled/gap_audit_document_reconciled.csv,document_id=INE151A01013_2025
layout_and_structure,table_candidate,INE154A01025_2012,ITC Limited,2012,VALIDATION,dataset/corpus_gap_audit/reconciled/gap_audit_document_reconciled.csv,document_id=INE154A01025_2012
layout_and_structure,table_candidate,INE154A01025_2013,ITC Limited,2013,VALIDATION,dataset/corpus_gap_audit/reconciled/gap_audit_document_reconciled.csv,document_id=INE154A01025_2013
layout_and_structure,table_candidate,INE154A01025_2017,ITC Limited,2017,VALIDATION,dataset/corpus_gap_audit/reconciled/gap_audit_document_reconciled.csv,document_id=INE154A01025_2017
layout_and_structure,table_candidate,INE154A01025_2018,ITC Limited,2018,VALIDATION,dataset/corpus_gap_audit/reconciled/gap_audit_document_reconciled.csv,document_id=INE154A01025_2018
layout_and_structure,table_candidate,INE154A01025_2024,ITC Limited,2024,VALIDATION,dataset/corpus_gap_audit/reconciled/gap_audit_document_reconciled.csv,document_id=INE154A01025_2024
layout_and_structure,table_candidate,INE154A01025_2025,ITC Limited,2025,VALIDATION,dataset/corpus_gap_audit/reconciled/gap_audit_document_reconciled.csv,document_id=INE154A01025_2025
layout_and_structure,table_candidate,INE171A01029_2012,The Federal Bank  Limited,2012,HOLDOUT,dataset/corpus_gap_audit/reconciled/gap_audit_document_reconciled.csv,document_id=INE171A01029_2012
layout_and_structure,table_candidate,INE171A01029_2013,The Federal Bank  Limited,2013,HOLDOUT,dataset/corpus_gap_audit/reconciled/gap_audit_document_reconciled.csv,document_id=INE171A01029_2013
layout_and_structure,table_candidate,INE171A01029_2017,The Federal Bank  Limited,2017,HOLDOUT,dataset/corpus_gap_audit/reconciled/gap_audit_document_reconciled.csv,document_id=INE171A01029_2017
layout_and_structure,table_candidate,INE171A01029_2018,The Federal Bank  Limited,2018,HOLDOUT,dataset/corpus_gap_audit/reconciled/gap_audit_document_reconciled.csv,document_id=INE171A01029_2018
layout_and_structure,table_candidate,INE171A01029_2024,The Federal Bank  Limited,2024,HOLDOUT,dataset/corpus_gap_audit/reconciled/gap_audit_document_reconciled.csv,document_id=INE171A01029_2024
layout_and_structure,table_candidate,INE171A01029_2025,The Federal Bank  Limited,2025,HOLDOUT,dataset/corpus_gap_audit/reconciled/gap_audit_document_reconciled.csv,document_id=INE171A01029_2025
layout_and_structure,table_candidate,INE191H01014_2012,PVR INOX Limited,2012,FIT,dataset/corpus_gap_audit/reconciled/gap_audit_document_reconciled.csv,document_id=INE191H01014_2012
layout_and_structure,table_candidate,INE191H01014_2013,PVR INOX Limited,2013,FIT,dataset/corpus_gap_audit/reconciled/gap_audit_document_reconciled.csv,document_id=INE191H01014_2013
layout_and_structure,table_candidate,INE191H01014_2017,PVR INOX Limited,2017,FIT,dataset/corpus_gap_audit/reconciled/gap_audit_document_reconciled.csv,document_id=INE191H01014_2017
layout_and_structure,table_candidate,INE191H01014_2018,PVR INOX Limited,2018,FIT,dataset/corpus_gap_audit/reconciled/gap_audit_document_reconciled.csv,document_id=INE191H01014_2018
layout_and_structure,table_candidate,INE191H01014_2024,PVR INOX Limited,2024,FIT,dataset/corpus_gap_audit/reconciled/gap_audit_document_reconciled.csv,document_id=INE191H01014_2024
layout_and_structure,table_candidate,INE191H01014_2025,PVR INOX Limited,2025,FIT,dataset/corpus_gap_audit/reconciled/gap_audit_document_reconciled.csv,document_id=INE191H01014_2025
layout_and_structure,table_candidate,INE192B01031_2012,Welspun Living Limited,2012,FIT,dataset/corpus_gap_audit/reconciled/gap_audit_document_reconciled.csv,document_id=INE192B01031_2012
layout_and_structure,table_candidate,INE192B01031_2013,Welspun Living Limited,2013,FIT,dataset/corpus_gap_audit/reconciled/gap_audit_document_reconciled.csv,document_id=INE192B01031_2013
layout_and_structure,table_candidate,INE192B01031_2017,Welspun Living Limited,2017,FIT,dataset/corpus_gap_audit/reconciled/gap_audit_document_reconciled.csv,document_id=INE192B01031_2017
layout_and_structure,table_candidate,INE192B01031_2018,Welspun Living Limited,2018,FIT,dataset/corpus_gap_audit/reconciled/gap_audit_document_reconciled.csv,document_id=INE192B01031_2018
layout_and_structure,table_candidate,INE192B01031_2024,Welspun Living Limited,2024,FIT,dataset/corpus_gap_audit/reconciled/gap_audit_document_reconciled.csv,document_id=INE192B01031_2024
layout_and_structure,table_candidate,INE192B01031_2025,Welspun Living Limited,2025,FIT,dataset/corpus_gap_audit/reconciled/gap_audit_document_reconciled.csv,document_id=INE192B01031_2025
layout_and_structure,table_candidate,INE226A01021_2012,Voltas Limited,2012,HOLDOUT,dataset/corpus_gap_audit/reconciled/gap_audit_document_reconciled.csv,document_id=INE226A01021_2012
layout_and_structure,table_candidate,INE226A01021_2013,Voltas Limited,2013,HOLDOUT,dataset/corpus_gap_audit/reconciled/gap_audit_document_reconciled.csv,document_id=INE226A01021_2013
layout_and_structure,table_candidate,INE226A01021_2017,Voltas Limited,2017,HOLDOUT,dataset/corpus_gap_audit/reconciled/gap_audit_document_reconciled.csv,document_id=INE226A01021_2017
layout_and_structure,table_candidate,INE226A01021_2018,Voltas Limited,2018,HOLDOUT,dataset/corpus_gap_audit/reconciled/gap_audit_document_reconciled.csv,document_id=INE226A01021_2018
layout_and_structure,table_candidate,INE226A01021_2024,Voltas Limited,2024,HOLDOUT,dataset/corpus_gap_audit/reconciled/gap_audit_document_reconciled.csv,document_id=INE226A01021_2024
layout_and_structure,table_candidate,INE226A01021_2025,Voltas Limited,2025,HOLDOUT,dataset/corpus_gap_audit/reconciled/gap_audit_document_reconciled.csv,document_id=INE226A01021_2025
layout_and_structure,table_candidate,INE482A01020_2012,CEAT Limited,2012,VALIDATION,dataset/corpus_gap_audit/reconciled/gap_audit_document_reconciled.csv,document_id=INE482A01020_2012
layout_and_structure,table_candidate,INE482A01020_2013,CEAT Limited,2013,VALIDATION,dataset/corpus_gap_audit/reconciled/gap_audit_document_reconciled.csv,document_id=INE482A01020_2013
layout_and_structure,table_candidate,INE482A01020_2017,CEAT Limited,2017,VALIDATION,dataset/corpus_gap_audit/reconciled/gap_audit_document_reconciled.csv,document_id=INE482A01020_2017
layout_and_structure,table_candidate,INE482A01020_2018,CEAT Limited,2018,VALIDATION,dataset/corpus_gap_audit/reconciled/gap_audit_document_reconciled.csv,document_id=INE482A01020_2018
layout_and_structure,table_candidate,INE482A01020_2024,CEAT Limited,2024,VALIDATION,dataset/corpus_gap_audit/reconciled/gap_audit_document_reconciled.csv,document_id=INE482A01020_2024
layout_and_structure,table_candidate,INE482A01020_2025,CEAT Limited,2025,VALIDATION,dataset/corpus_gap_audit/reconciled/gap_audit_document_reconciled.csv,document_id=INE482A01020_2025
layout_and_structure,table_candidate,INE761H01022_2012,Page Industries Limited,2012,FIT,dataset/corpus_gap_audit/reconciled/gap_audit_document_reconciled.csv,document_id=INE761H01022_2012
layout_and_structure,table_candidate,INE761H01022_2013,Page Industries Limited,2013,FIT,dataset/corpus_gap_audit/reconciled/gap_audit_document_reconciled.csv,document_id=INE761H01022_2013
layout_and_structure,table_candidate,INE761H01022_2017,Page Industries Limited,2017,FIT,dataset/corpus_gap_audit/reconciled/gap_audit_document_reconciled.csv,document_id=INE761H01022_2017
layout_and_structure,table_candidate,INE761H01022_2018,Page Industries Limited,2018,FIT,dataset/corpus_gap_audit/reconciled/gap_audit_document_reconciled.csv,document_id=INE761H01022_2018
layout_and_structure,table_candidate,INE761H01022_2024,Page Industries Limited,2024,FIT,dataset/corpus_gap_audit/reconciled/gap_audit_document_reconciled.csv,document_id=INE761H01022_2024
layout_and_structure,table_candidate,INE761H01022_2025,Page Industries Limited,2025,FIT,dataset/corpus_gap_audit/reconciled/gap_audit_document_reconciled.csv,document_id=INE761H01022_2025
layout_and_structure,table_candidate,INE797F01020_2012,Jubilant Foodworks Limited,2012,FIT,dataset/corpus_gap_audit/reconciled/gap_audit_document_reconciled.csv,document_id=INE797F01020_2012
layout_and_structure,table_candidate,INE797F01020_2013,Jubilant Foodworks Limited,2013,FIT,dataset/corpus_gap_audit/reconciled/gap_audit_document_reconciled.csv,document_id=INE797F01020_2013
layout_and_structure,table_candidate,INE797F01020_2017,Jubilant Foodworks Limited,2017,FIT,dataset/corpus_gap_audit/reconciled/gap_audit_document_reconciled.csv,document_id=INE797F01020_2017
layout_and_structure,table_candidate,INE797F01020_2018,Jubilant Foodworks Limited,2018,FIT,dataset/corpus_gap_audit/reconciled/gap_audit_document_reconciled.csv,document_id=INE797F01020_2018
layout_and_structure,table_candidate,INE797F01020_2024,Jubilant Foodworks Limited,2024,FIT,dataset/corpus_gap_audit/reconciled/gap_audit_document_reconciled.csv,document_id=INE797F01020_2024
layout_and_structure,table_candidate,INE797F01020_2025,Jubilant Foodworks Limited,2025,FIT,dataset/corpus_gap_audit/reconciled/gap_audit_document_reconciled.csv,document_id=INE797F01020_2025
layout_and_structure,running_furniture_candidate,INE001B01026_2012,KRBL Limited,2012,VALIDATION,dataset/corpus_gap_audit/reconciled/gap_audit_document_reconciled.csv,document_id=INE001B01026_2012
layout_and_structure,running_furniture_candidate,INE001B01026_2018,KRBL Limited,2018,VALIDATION,dataset/corpus_gap_audit/reconciled/gap_audit_document_reconciled.csv,document_id=INE001B01026_2018
layout_and_structure,running_furniture_candidate,INE001B01026_2024,KRBL Limited,2024,VALIDATION,dataset/corpus_gap_audit/reconciled/gap_audit_document_reconciled.csv,document_id=INE001B01026_2024
layout_and_structure,running_furniture_candidate,INE001B01026_2025,KRBL Limited,2025,VALIDATION,dataset/corpus_gap_audit/reconciled/gap_audit_document_reconciled.csv,document_id=INE001B01026_2025
layout_and_structure,running_furniture_candidate,INE001O01029_2012,Risa International Limited,2012,HOLDOUT,dataset/corpus_gap_audit/reconciled/gap_audit_document_reconciled.csv,document_id=INE001O01029_2012
layout_and_structure,running_furniture_candidate,INE001O01029_2017,Risa International Limited,2017,HOLDOUT,dataset/corpus_gap_audit/reconciled/gap_audit_document_reconciled.csv,document_id=INE001O01029_2017
layout_and_structure,running_furniture_candidate,INE001O01029_2018,Risa International Limited,2018,HOLDOUT,dataset/corpus_gap_audit/reconciled/gap_audit_document_reconciled.csv,document_id=INE001O01029_2018
layout_and_structure,running_furniture_candidate,INE001O01029_2025,Risa International Limited,2025,HOLDOUT,dataset/corpus_gap_audit/reconciled/gap_audit_document_reconciled.csv,document_id=INE001O01029_2025
layout_and_structure,running_furniture_candidate,INE002A01018_2012,Reliance Industries Limited,2012,FIT,dataset/corpus_gap_audit/reconciled/gap_audit_document_reconciled.csv,document_id=INE002A01018_2012
layout_and_structure,running_furniture_candidate,INE002A01018_2017,Reliance Industries Limited,2017,FIT,dataset/corpus_gap_audit/reconciled/gap_audit_document_reconciled.csv,document_id=INE002A01018_2017
layout_and_structure,running_furniture_candidate,INE002A01018_2018,Reliance Industries Limited,2018,FIT,dataset/corpus_gap_audit/reconciled/gap_audit_document_reconciled.csv,document_id=INE002A01018_2018
layout_and_structure,running_furniture_candidate,INE002A01018_2024,Reliance Industries Limited,2024,FIT,dataset/corpus_gap_audit/reconciled/gap_audit_document_reconciled.csv,document_id=INE002A01018_2024
layout_and_structure,running_furniture_candidate,INE002A01018_2025,Reliance Industries Limited,2025,FIT,dataset/corpus_gap_audit/reconciled/gap_audit_document_reconciled.csv,document_id=INE002A01018_2025
layout_and_structure,running_furniture_candidate,INE002B01016_2017,MADALA HOLDINGS LIMITED,2017,HOLDOUT,dataset/corpus_gap_audit/reconciled/gap_audit_document_reconciled.csv,document_id=INE002B01016_2017
layout_and_structure,running_furniture_candidate,INE002B01016_2018,MADALA HOLDINGS LIMITED,2018,HOLDOUT,dataset/corpus_gap_audit/reconciled/gap_audit_document_reconciled.csv,document_id=INE002B01016_2018
layout_and_structure,running_furniture_candidate,INE002B01016_2024,MADALA HOLDINGS LIMITED,2024,HOLDOUT,dataset/corpus_gap_audit/reconciled/gap_audit_document_reconciled.csv,document_id=INE002B01016_2024
layout_and_structure,running_furniture_candidate,INE002B01016_2025,MADALA HOLDINGS LIMITED,2025,HOLDOUT,dataset/corpus_gap_audit/reconciled/gap_audit_document_reconciled.csv,document_id=INE002B01016_2025
layout_and_structure,running_furniture_candidate,INE002E01010_2012,Sar  Auto Products Limited,2012,HOLDOUT,dataset/corpus_gap_audit/reconciled/gap_audit_document_reconciled.csv,document_id=INE002E01010_2012
layout_and_structure,running_furniture_candidate,INE002E01010_2013,Sar  Auto Products Limited,2013,HOLDOUT,dataset/corpus_gap_audit/reconciled/gap_audit_document_reconciled.csv,document_id=INE002E01010_2013
layout_and_structure,running_furniture_candidate,INE002E01010_2017,Sar  Auto Products Limited,2017,HOLDOUT,dataset/corpus_gap_audit/reconciled/gap_audit_document_reconciled.csv,document_id=INE002E01010_2017
layout_and_structure,running_furniture_candidate,INE002E01010_2018,Sar  Auto Products Limited,2018,HOLDOUT,dataset/corpus_gap_audit/reconciled/gap_audit_document_reconciled.csv,document_id=INE002E01010_2018
layout_and_structure,running_furniture_candidate,INE002E01010_2024,Sar  Auto Products Limited,2024,HOLDOUT,dataset/corpus_gap_audit/reconciled/gap_audit_document_reconciled.csv,document_id=INE002E01010_2024
layout_and_structure,running_furniture_candidate,INE002E01010_2025,Sar  Auto Products Limited,2025,HOLDOUT,dataset/corpus_gap_audit/reconciled/gap_audit_document_reconciled.csv,document_id=INE002E01010_2025
layout_and_structure,running_furniture_candidate,INE002L01015_2013,SJVN Limited,2013,HOLDOUT,dataset/corpus_gap_audit/reconciled/gap_audit_document_reconciled.csv,document_id=INE002L01015_2013
layout_and_structure,running_furniture_candidate,INE002S01010_2018,Mahanagar Gas Limited,2018,VALIDATION,dataset/corpus_gap_audit/reconciled/gap_audit_document_reconciled.csv,document_id=INE002S01010_2018
layout_and_structure,running_furniture_candidate,INE002S01010_2024,Mahanagar Gas Limited,2024,VALIDATION,dataset/corpus_gap_audit/reconciled/gap_audit_document_reconciled.csv,document_id=INE002S01010_2024
layout_and_structure,running_furniture_candidate,INE002S01010_2025,Mahanagar Gas Limited,2025,VALIDATION,dataset/corpus_gap_audit/reconciled/gap_audit_document_reconciled.csv,document_id=INE002S01010_2025
layout_and_structure,running_furniture_candidate,INE003B01014_2024,Inter State Oil Carrier Ltd,2024,FIT,dataset/corpus_gap_audit/reconciled/gap_audit_document_reconciled.csv,document_id=INE003B01014_2024
layout_and_structure,running_furniture_candidate,INE003B01014_2025,Inter State Oil Carrier Ltd,2025,FIT,dataset/corpus_gap_audit/reconciled/gap_audit_document_reconciled.csv,document_id=INE003B01014_2025
layout_and_structure,running_furniture_candidate,INE004C01028_2025,Gujarat Cotex Ltd,2025,FIT,dataset/corpus_gap_audit/reconciled/gap_audit_document_reconciled.csv,document_id=INE004C01028_2025
layout_and_structure,running_furniture_candidate,INE004E01016_2024,Span Divergent Limited,2024,FIT,dataset/corpus_gap_audit/reconciled/gap_audit_document_reconciled.csv,document_id=INE004E01016_2024
layout_and_structure,running_furniture_candidate,INE004E01016_2025,Span Divergent Limited,2025,FIT,dataset/corpus_gap_audit/reconciled/gap_audit_document_reconciled.csv,document_id=INE004E01016_2025
layout_and_structure,running_furniture_candidate,INE004Z01011_2024,Mac Hotels Limited,2024,FIT,dataset/corpus_gap_audit/reconciled/gap_audit_document_reconciled.csv,document_id=INE004Z01011_2024
layout_and_structure,running_furniture_candidate,INE004Z01011_2025,Mac Hotels Limited,2025,FIT,dataset/corpus_gap_audit/reconciled/gap_audit_document_reconciled.csv,document_id=INE004Z01011_2025
layout_and_structure,running_furniture_candidate,INE005E01013_2012,Ekansh Concepts Limited,2012,VALIDATION,dataset/corpus_gap_audit/reconciled/gap_audit_document_reconciled.csv,document_id=INE005E01013_2012
layout_and_structure,running_furniture_candidate,INE005E01013_2013,Ekansh Concepts Limited,2013,VALIDATION,dataset/corpus_gap_audit/reconciled/gap_audit_document_reconciled.csv,document_id=INE005E01013_2013
layout_and_structure,running_furniture_candidate,INE005E01013_2017,Ekansh Concepts Limited,2017,VALIDATION,dataset/corpus_gap_audit/reconciled/gap_audit_document_reconciled.csv,document_id=INE005E01013_2017
layout_and_structure,running_furniture_candidate,INE005E01013_2018,Ekansh Concepts Limited,2018,VALIDATION,dataset/corpus_gap_audit/reconciled/gap_audit_document_reconciled.csv,document_id=INE005E01013_2018
layout_and_structure,running_furniture_candidate,INE005E01013_2024,Ekansh Concepts Limited,2024,VALIDATION,dataset/corpus_gap_audit/reconciled/gap_audit_document_reconciled.csv,document_id=INE005E01013_2024
layout_and_structure,running_furniture_candidate,INE005E01013_2025,Ekansh Concepts Limited,2025,VALIDATION,dataset/corpus_gap_audit/reconciled/gap_audit_document_reconciled.csv,document_id=INE005E01013_2025
layout_and_structure,running_furniture_candidate,INE006C01015_2013,K.Z.Leasing & Finance Ltd.,2013,VALIDATION,dataset/corpus_gap_audit/reconciled/gap_audit_document_reconciled.csv,document_id=INE006C01015_2013
layout_and_structure,running_furniture_candidate,INE006C01015_2017,K.Z.Leasing & Finance Ltd.,2017,VALIDATION,dataset/corpus_gap_audit/reconciled/gap_audit_document_reconciled.csv,document_id=INE006C01015_2017
layout_and_structure,running_furniture_candidate,INE006C01015_2018,K.Z.Leasing & Finance Ltd.,2018,VALIDATION,dataset/corpus_gap_audit/reconciled/gap_audit_document_reconciled.csv,document_id=INE006C01015_2018
layout_and_structure,running_furniture_candidate,INE006C01015_2024,K.Z.Leasing & Finance Ltd.,2024,VALIDATION,dataset/corpus_gap_audit/reconciled/gap_audit_document_reconciled.csv,document_id=INE006C01015_2024
layout_and_structure,running_furniture_candidate,INE006C01015_2025,K.Z.Leasing & Finance Ltd.,2025,VALIDATION,dataset/corpus_gap_audit/reconciled/gap_audit_document_reconciled.csv,document_id=INE006C01015_2025
layout_and_structure,running_furniture_candidate,INE006I01046_2012,Astral Limited,2012,HOLDOUT,dataset/corpus_gap_audit/reconciled/gap_audit_document_reconciled.csv,document_id=INE006I01046_2012
layout_and_structure,running_furniture_candidate,INE006I01046_2017,Astral Limited,2017,HOLDOUT,dataset/corpus_gap_audit/reconciled/gap_audit_document_reconciled.csv,document_id=INE006I01046_2017
layout_and_structure,running_furniture_candidate,INE006I01046_2018,Astral Limited,2018,HOLDOUT,dataset/corpus_gap_audit/reconciled/gap_audit_document_reconciled.csv,document_id=INE006I01046_2018
layout_and_structure,running_furniture_candidate,INE006I01046_2024,Astral Limited,2024,HOLDOUT,dataset/corpus_gap_audit/reconciled/gap_audit_document_reconciled.csv,document_id=INE006I01046_2024
layout_and_structure,running_furniture_candidate,INE006I01046_2025,Astral Limited,2025,HOLDOUT,dataset/corpus_gap_audit/reconciled/gap_audit_document_reconciled.csv,document_id=INE006I01046_2025
layout_and_structure,running_furniture_candidate,INE007A01025_2018,Crisil Limited,2018,FIT,dataset/corpus_gap_audit/reconciled/gap_audit_document_reconciled.csv,document_id=INE007A01025_2018
layout_and_structure,running_furniture_candidate,INE007A01025_2024,Crisil Limited,2024,FIT,dataset/corpus_gap_audit/reconciled/gap_audit_document_reconciled.csv,document_id=INE007A01025_2024
layout_and_structure,running_furniture_candidate,INE007A01025_2025,Crisil Limited,2025,FIT,dataset/corpus_gap_audit/reconciled/gap_audit_document_reconciled.csv,document_id=INE007A01025_2025
layout_and_structure,running_furniture_candidate,INE008A01015_2012,IDBI Bank Limited,2012,FIT,dataset/corpus_gap_audit/reconciled/gap_audit_document_reconciled.csv,document_id=INE008A01015_2012
layout_and_structure,running_furniture_candidate,INE008A01015_2017,IDBI Bank Limited,2017,FIT,dataset/corpus_gap_audit/reconciled/gap_audit_document_reconciled.csv,document_id=INE008A01015_2017
layout_and_structure,running_furniture_candidate,INE008A01015_2018,IDBI Bank Limited,2018,FIT,dataset/corpus_gap_audit/reconciled/gap_audit_document_reconciled.csv,document_id=INE008A01015_2018
layout_and_structure,running_furniture_candidate,INE009A01021_2012,Infosys Limited,2012,VALIDATION,dataset/corpus_gap_audit/reconciled/gap_audit_document_reconciled.csv,document_id=INE009A01021_2012
layout_and_structure,running_furniture_candidate,INE009A01021_2017,Infosys Limited,2017,VALIDATION,dataset/corpus_gap_audit/reconciled/gap_audit_document_reconciled.csv,document_id=INE009A01021_2017
layout_and_structure,running_furniture_candidate,INE009A01021_2018,Infosys Limited,2018,VALIDATION,dataset/corpus_gap_audit/reconciled/gap_audit_document_reconciled.csv,document_id=INE009A01021_2018
layout_and_structure,running_furniture_candidate,INE009A01021_2024,Infosys Limited,2024,VALIDATION,dataset/corpus_gap_audit/reconciled/gap_audit_document_reconciled.csv,document_id=INE009A01021_2024
layout_and_structure,running_furniture_candidate,INE009A01021_2025,Infosys Limited,2025,VALIDATION,dataset/corpus_gap_audit/reconciled/gap_audit_document_reconciled.csv,document_id=INE009A01021_2025
layout_and_structure,running_furniture_candidate,INE00E101023_2024,Bikaji Foods International Limited,2024,FIT,dataset/corpus_gap_audit/reconciled/gap_audit_document_reconciled.csv,document_id=INE00E101023_2024
layout_and_structure,running_furniture_candidate,INE00E101023_2025,Bikaji Foods International Limited,2025,FIT,dataset/corpus_gap_audit/reconciled/gap_audit_document_reconciled.csv,document_id=INE00E101023_2025
layout_and_structure,running_furniture_candidate,INE00FF01025_2024,Acutaas Chemicals Limited,2024,FIT,dataset/corpus_gap_audit/reconciled/gap_audit_document_reconciled.csv,document_id=INE00FF01025_2024
layout_and_structure,running_furniture_candidate,INE00FF01025_2025,Acutaas Chemicals Limited,2025,FIT,dataset/corpus_gap_audit/reconciled/gap_audit_document_reconciled.csv,document_id=INE00FF01025_2025
layout_and_structure,running_furniture_candidate,INE00LO01017_2015,Craftsman Automation Limited,2015,FIT,dataset/corpus_gap_audit/reconciled/gap_audit_document_reconciled.csv,document_id=INE00LO01017_2015
layout_and_structure,running_furniture_candidate,INE00LO01017_2024,Craftsman Automation Limited,2024,FIT,dataset/corpus_gap_audit/reconciled/gap_audit_document_reconciled.csv,document_id=INE00LO01017_2024
layout_and_structure,running_furniture_candidate,INE00LO01017_2025,Craftsman Automation Limited,2025,FIT,dataset/corpus_gap_audit/reconciled/gap_audit_document_reconciled.csv,document_id=INE00LO01017_2025
layout_and_structure,running_furniture_candidate,INE00WC01027_2024,Affle 3i Limited,2024,VALIDATION,dataset/corpus_gap_audit/reconciled/gap_audit_document_reconciled.csv,document_id=INE00WC01027_2024
layout_and_structure,running_furniture_candidate,INE00WC01027_2025,Affle 3i Limited,2025,VALIDATION,dataset/corpus_gap_audit/reconciled/gap_audit_document_reconciled.csv,document_id=INE00WC01027_2025
layout_and_structure,running_furniture_candidate,INE040A01034_2012,HDFC Bank Limited,2012,FIT,dataset/corpus_gap_audit/reconciled/gap_audit_document_reconciled.csv,document_id=INE040A01034_2012
layout_and_structure,running_furniture_candidate,INE040A01034_2013,HDFC Bank Limited,2013,FIT,dataset/corpus_gap_audit/reconciled/gap_audit_document_reconciled.csv,document_id=INE040A01034_2013
layout_and_structure,running_furniture_candidate,INE040A01034_2017,HDFC Bank Limited,2017,FIT,dataset/corpus_gap_audit/reconciled/gap_audit_document_reconciled.csv,document_id=INE040A01034_2017
layout_and_structure,running_furniture_candidate,INE040A01034_2018,HDFC Bank Limited,2018,FIT,dataset/corpus_gap_audit/reconciled/gap_audit_document_reconciled.csv,document_id=INE040A01034_2018
layout_and_structure,running_furniture_candidate,INE040A01034_2024,HDFC Bank Limited,2024,FIT,dataset/corpus_gap_audit/reconciled/gap_audit_document_reconciled.csv,document_id=INE040A01034_2024
layout_and_structure,running_furniture_candidate,INE040A01034_2025,HDFC Bank Limited,2025,FIT,dataset/corpus_gap_audit/reconciled/gap_audit_document_reconciled.csv,document_id=INE040A01034_2025
layout_and_structure,running_furniture_candidate,INE044A01036_2013,Sun Pharmaceutical Industries Limited,2013,HOLDOUT,dataset/corpus_gap_audit/reconciled/gap_audit_document_reconciled.csv,document_id=INE044A01036_2013
layout_and_structure,running_furniture_candidate,INE044A01036_2017,Sun Pharmaceutical Industries Limited,2017,HOLDOUT,dataset/corpus_gap_audit/reconciled/gap_audit_document_reconciled.csv,document_id=INE044A01036_2017
layout_and_structure,running_furniture_candidate,INE044A01036_2018,Sun Pharmaceutical Industries Limited,2018,HOLDOUT,dataset/corpus_gap_audit/reconciled/gap_audit_document_reconciled.csv,document_id=INE044A01036_2018
layout_and_structure,running_furniture_candidate,INE044A01036_2024,Sun Pharmaceutical Industries Limited,2024,HOLDOUT,dataset/corpus_gap_audit/reconciled/gap_audit_document_reconciled.csv,document_id=INE044A01036_2024
layout_and_structure,running_furniture_candidate,INE044A01036_2025,Sun Pharmaceutical Industries Limited,2025,HOLDOUT,dataset/corpus_gap_audit/reconciled/gap_audit_document_reconciled.csv,document_id=INE044A01036_2025
layout_and_structure,running_furniture_candidate,INE081A01020_2012,Tata Steel Limited,2012,FIT,dataset/corpus_gap_audit/reconciled/gap_audit_document_reconciled.csv,document_id=INE081A01020_2012
layout_and_structure,running_furniture_candidate,INE081A01020_2013,Tata Steel Limited,2013,FIT,dataset/corpus_gap_audit/reconciled/gap_audit_document_reconciled.csv,document_id=INE081A01020_2013
layout_and_structure,running_furniture_candidate,INE081A01020_2017,Tata Steel Limited,2017,FIT,dataset/corpus_gap_audit/reconciled/gap_audit_document_reconciled.csv,document_id=INE081A01020_2017
layout_and_structure,running_furniture_candidate,INE081A01020_2018,Tata Steel Limited,2018,FIT,dataset/corpus_gap_audit/reconciled/gap_audit_document_reconciled.csv,document_id=INE081A01020_2018
layout_and_structure,running_furniture_candidate,INE081A01020_2024,Tata Steel Limited,2024,FIT,dataset/corpus_gap_audit/reconciled/gap_audit_document_reconciled.csv,document_id=INE081A01020_2024
layout_and_structure,running_furniture_candidate,INE081A01020_2025,Tata Steel Limited,2025,FIT,dataset/corpus_gap_audit/reconciled/gap_audit_document_reconciled.csv,document_id=INE081A01020_2025
layout_and_structure,running_furniture_candidate,INE119A01028_2017,Balrampur Chini Mills Limited,2017,HOLDOUT,dataset/corpus_gap_audit/reconciled/gap_audit_document_reconciled.csv,document_id=INE119A01028_2017
layout_and_structure,running_furniture_candidate,INE119A01028_2018,Balrampur Chini Mills Limited,2018,HOLDOUT,dataset/corpus_gap_audit/reconciled/gap_audit_document_reconciled.csv,document_id=INE119A01028_2018
layout_and_structure,running_furniture_candidate,INE119A01028_2024,Balrampur Chini Mills Limited,2024,HOLDOUT,dataset/corpus_gap_audit/reconciled/gap_audit_document_reconciled.csv,document_id=INE119A01028_2024
layout_and_structure,running_furniture_candidate,INE151A01013_2013,Tata Communications Limited,2013,FIT,dataset/corpus_gap_audit/reconciled/gap_audit_document_reconciled.csv,document_id=INE151A01013_2013
layout_and_structure,running_furniture_candidate,INE151A01013_2017,Tata Communications Limited,2017,FIT,dataset/corpus_gap_audit/reconciled/gap_audit_document_reconciled.csv,document_id=INE151A01013_2017
layout_and_structure,running_furniture_candidate,INE151A01013_2018,Tata Communications Limited,2018,FIT,dataset/corpus_gap_audit/reconciled/gap_audit_document_reconciled.csv,document_id=INE151A01013_2018
layout_and_structure,running_furniture_candidate,INE151A01013_2024,Tata Communications Limited,2024,FIT,dataset/corpus_gap_audit/reconciled/gap_audit_document_reconciled.csv,document_id=INE151A01013_2024
layout_and_structure,running_furniture_candidate,INE151A01013_2025,Tata Communications Limited,2025,FIT,dataset/corpus_gap_audit/reconciled/gap_audit_document_reconciled.csv,document_id=INE151A01013_2025
layout_and_structure,running_furniture_candidate,INE154A01025_2012,ITC Limited,2012,VALIDATION,dataset/corpus_gap_audit/reconciled/gap_audit_document_reconciled.csv,document_id=INE154A01025_2012
layout_and_structure,running_furniture_candidate,INE154A01025_2013,ITC Limited,2013,VALIDATION,dataset/corpus_gap_audit/reconciled/gap_audit_document_reconciled.csv,document_id=INE154A01025_2013
layout_and_structure,running_furniture_candidate,INE154A01025_2017,ITC Limited,2017,VALIDATION,dataset/corpus_gap_audit/reconciled/gap_audit_document_reconciled.csv,document_id=INE154A01025_2017
layout_and_structure,running_furniture_candidate,INE154A01025_2018,ITC Limited,2018,VALIDATION,dataset/corpus_gap_audit/reconciled/gap_audit_document_reconciled.csv,document_id=INE154A01025_2018
layout_and_structure,running_furniture_candidate,INE154A01025_2024,ITC Limited,2024,VALIDATION,dataset/corpus_gap_audit/reconciled/gap_audit_document_reconciled.csv,document_id=INE154A01025_2024
layout_and_structure,running_furniture_candidate,INE154A01025_2025,ITC Limited,2025,VALIDATION,dataset/corpus_gap_audit/reconciled/gap_audit_document_reconciled.csv,document_id=INE154A01025_2025
layout_and_structure,running_furniture_candidate,INE171A01029_2012,The Federal Bank  Limited,2012,HOLDOUT,dataset/corpus_gap_audit/reconciled/gap_audit_document_reconciled.csv,document_id=INE171A01029_2012
layout_and_structure,running_furniture_candidate,INE171A01029_2013,The Federal Bank  Limited,2013,HOLDOUT,dataset/corpus_gap_audit/reconciled/gap_audit_document_reconciled.csv,document_id=INE171A01029_2013
layout_and_structure,running_furniture_candidate,INE171A01029_2018,The Federal Bank  Limited,2018,HOLDOUT,dataset/corpus_gap_audit/reconciled/gap_audit_document_reconciled.csv,document_id=INE171A01029_2018
layout_and_structure,running_furniture_candidate,INE171A01029_2024,The Federal Bank  Limited,2024,HOLDOUT,dataset/corpus_gap_audit/reconciled/gap_audit_document_reconciled.csv,document_id=INE171A01029_2024
layout_and_structure,running_furniture_candidate,INE171A01029_2025,The Federal Bank  Limited,2025,HOLDOUT,dataset/corpus_gap_audit/reconciled/gap_audit_document_reconciled.csv,document_id=INE171A01029_2025
layout_and_structure,running_furniture_candidate,INE191H01014_2024,PVR INOX Limited,2024,FIT,dataset/corpus_gap_audit/reconciled/gap_audit_document_reconciled.csv,document_id=INE191H01014_2024
layout_and_structure,running_furniture_candidate,INE191H01014_2025,PVR INOX Limited,2025,FIT,dataset/corpus_gap_audit/reconciled/gap_audit_document_reconciled.csv,document_id=INE191H01014_2025
layout_and_structure,running_furniture_candidate,INE192B01031_2012,Welspun Living Limited,2012,FIT,dataset/corpus_gap_audit/reconciled/gap_audit_document_reconciled.csv,document_id=INE192B01031_2012
layout_and_structure,running_furniture_candidate,INE192B01031_2017,Welspun Living Limited,2017,FIT,dataset/corpus_gap_audit/reconciled/gap_audit_document_reconciled.csv,document_id=INE192B01031_2017
layout_and_structure,running_furniture_candidate,INE192B01031_2018,Welspun Living Limited,2018,FIT,dataset/corpus_gap_audit/reconciled/gap_audit_document_reconciled.csv,document_id=INE192B01031_2018
layout_and_structure,running_furniture_candidate,INE192B01031_2025,Welspun Living Limited,2025,FIT,dataset/corpus_gap_audit/reconciled/gap_audit_document_reconciled.csv,document_id=INE192B01031_2025
layout_and_structure,running_furniture_candidate,INE226A01021_2013,Voltas Limited,2013,HOLDOUT,dataset/corpus_gap_audit/reconciled/gap_audit_document_reconciled.csv,document_id=INE226A01021_2013
layout_and_structure,running_furniture_candidate,INE226A01021_2018,Voltas Limited,2018,HOLDOUT,dataset/corpus_gap_audit/reconciled/gap_audit_document_reconciled.csv,document_id=INE226A01021_2018
layout_and_structure,running_furniture_candidate,INE226A01021_2024,Voltas Limited,2024,HOLDOUT,dataset/corpus_gap_audit/reconciled/gap_audit_document_reconciled.csv,document_id=INE226A01021_2024
layout_and_structure,running_furniture_candidate,INE226A01021_2025,Voltas Limited,2025,HOLDOUT,dataset/corpus_gap_audit/reconciled/gap_audit_document_reconciled.csv,document_id=INE226A01021_2025
layout_and_structure,running_furniture_candidate,INE482A01020_2017,CEAT Limited,2017,VALIDATION,dataset/corpus_gap_audit/reconciled/gap_audit_document_reconciled.csv,document_id=INE482A01020_2017
layout_and_structure,running_furniture_candidate,INE482A01020_2024,CEAT Limited,2024,VALIDATION,dataset/corpus_gap_audit/reconciled/gap_audit_document_reconciled.csv,document_id=INE482A01020_2024
layout_and_structure,running_furniture_candidate,INE482A01020_2025,CEAT Limited,2025,VALIDATION,dataset/corpus_gap_audit/reconciled/gap_audit_document_reconciled.csv,document_id=INE482A01020_2025
layout_and_structure,running_furniture_candidate,INE761H01022_2018,Page Industries Limited,2018,FIT,dataset/corpus_gap_audit/reconciled/gap_audit_document_reconciled.csv,document_id=INE761H01022_2018
layout_and_structure,running_furniture_candidate,INE761H01022_2024,Page Industries Limited,2024,FIT,dataset/corpus_gap_audit/reconciled/gap_audit_document_reconciled.csv,document_id=INE761H01022_2024
layout_and_structure,running_furniture_candidate,INE761H01022_2025,Page Industries Limited,2025,FIT,dataset/corpus_gap_audit/reconciled/gap_audit_document_reconciled.csv,document_id=INE761H01022_2025
layout_and_structure,running_furniture_candidate,INE797F01020_2013,Jubilant Foodworks Limited,2013,FIT,dataset/corpus_gap_audit/reconciled/gap_audit_document_reconciled.csv,document_id=INE797F01020_2013
layout_and_structure,running_furniture_candidate,INE797F01020_2024,Jubilant Foodworks Limited,2024,FIT,dataset/corpus_gap_audit/reconciled/gap_audit_document_reconciled.csv,document_id=INE797F01020_2024
layout_and_structure,running_furniture_candidate,INE797F01020_2025,Jubilant Foodworks Limited,2025,FIT,dataset/corpus_gap_audit/reconciled/gap_audit_document_reconciled.csv,document_id=INE797F01020_2025
layout_and_structure,combined_mdna_candidate,INE001B01026_2012,KRBL Limited,2012,VALIDATION,dataset/corpus_gap_audit/reconciled/gap_audit_document_reconciled.csv,document_id=INE001B01026_2012
layout_and_structure,combined_mdna_candidate,INE001O01029_2013,Risa International Limited,2013,HOLDOUT,dataset/corpus_gap_audit/reconciled/gap_audit_document_reconciled.csv,document_id=INE001O01029_2013
layout_and_structure,combined_mdna_candidate,INE001O01029_2024,Risa International Limited,2024,HOLDOUT,dataset/corpus_gap_audit/reconciled/gap_audit_document_reconciled.csv,document_id=INE001O01029_2024
layout_and_structure,combined_mdna_candidate,INE001O01029_2025,Risa International Limited,2025,HOLDOUT,dataset/corpus_gap_audit/reconciled/gap_audit_document_reconciled.csv,document_id=INE001O01029_2025
layout_and_structure,combined_mdna_candidate,INE002A01018_2024,Reliance Industries Limited,2024,FIT,dataset/corpus_gap_audit/reconciled/gap_audit_document_reconciled.csv,document_id=INE002A01018_2024
layout_and_structure,combined_mdna_candidate,INE002B01016_2024,MADALA HOLDINGS LIMITED,2024,HOLDOUT,dataset/corpus_gap_audit/reconciled/gap_audit_document_reconciled.csv,document_id=INE002B01016_2024
layout_and_structure,combined_mdna_candidate,INE002B01016_2025,MADALA HOLDINGS LIMITED,2025,HOLDOUT,dataset/corpus_gap_audit/reconciled/gap_audit_document_reconciled.csv,document_id=INE002B01016_2025
layout_and_structure,combined_mdna_candidate,INE002L01015_2018,SJVN Limited,2018,HOLDOUT,dataset/corpus_gap_audit/reconciled/gap_audit_document_reconciled.csv,document_id=INE002L01015_2018
layout_and_structure,combined_mdna_candidate,INE002L01015_2024,SJVN Limited,2024,HOLDOUT,dataset/corpus_gap_audit/reconciled/gap_audit_document_reconciled.csv,document_id=INE002L01015_2024
layout_and_structure,combined_mdna_candidate,INE002L01015_2025,SJVN Limited,2025,HOLDOUT,dataset/corpus_gap_audit/reconciled/gap_audit_document_reconciled.csv,document_id=INE002L01015_2025
layout_and_structure,combined_mdna_candidate,INE003B01014_2013,Inter State Oil Carrier Ltd,2013,FIT,dataset/corpus_gap_audit/reconciled/gap_audit_document_reconciled.csv,document_id=INE003B01014_2013
layout_and_structure,combined_mdna_candidate,INE003B01014_2024,Inter State Oil Carrier Ltd,2024,FIT,dataset/corpus_gap_audit/reconciled/gap_audit_document_reconciled.csv,document_id=INE003B01014_2024
layout_and_structure,combined_mdna_candidate,INE003B01014_2025,Inter State Oil Carrier Ltd,2025,FIT,dataset/corpus_gap_audit/reconciled/gap_audit_document_reconciled.csv,document_id=INE003B01014_2025
layout_and_structure,combined_mdna_candidate,INE004E01016_2017,Span Divergent Limited,2017,FIT,dataset/corpus_gap_audit/reconciled/gap_audit_document_reconciled.csv,document_id=INE004E01016_2017
layout_and_structure,combined_mdna_candidate,INE004E01016_2024,Span Divergent Limited,2024,FIT,dataset/corpus_gap_audit/reconciled/gap_audit_document_reconciled.csv,document_id=INE004E01016_2024
layout_and_structure,combined_mdna_candidate,INE004E01016_2025,Span Divergent Limited,2025,FIT,dataset/corpus_gap_audit/reconciled/gap_audit_document_reconciled.csv,document_id=INE004E01016_2025
layout_and_structure,combined_mdna_candidate,INE004Z01011_2025,Mac Hotels Limited,2025,FIT,dataset/corpus_gap_audit/reconciled/gap_audit_document_reconciled.csv,document_id=INE004Z01011_2025
layout_and_structure,combined_mdna_candidate,INE005E01013_2012,Ekansh Concepts Limited,2012,VALIDATION,dataset/corpus_gap_audit/reconciled/gap_audit_document_reconciled.csv,document_id=INE005E01013_2012
layout_and_structure,combined_mdna_candidate,INE005E01013_2024,Ekansh Concepts Limited,2024,VALIDATION,dataset/corpus_gap_audit/reconciled/gap_audit_document_reconciled.csv,document_id=INE005E01013_2024
layout_and_structure,combined_mdna_candidate,INE005E01013_2025,Ekansh Concepts Limited,2025,VALIDATION,dataset/corpus_gap_audit/reconciled/gap_audit_document_reconciled.csv,document_id=INE005E01013_2025
layout_and_structure,combined_mdna_candidate,INE006C01015_2024,K.Z.Leasing & Finance Ltd.,2024,VALIDATION,dataset/corpus_gap_audit/reconciled/gap_audit_document_reconciled.csv,document_id=INE006C01015_2024
layout_and_structure,combined_mdna_candidate,INE006C01015_2025,K.Z.Leasing & Finance Ltd.,2025,VALIDATION,dataset/corpus_gap_audit/reconciled/gap_audit_document_reconciled.csv,document_id=INE006C01015_2025
layout_and_structure,combined_mdna_candidate,INE006I01046_2012,Astral Limited,2012,HOLDOUT,dataset/corpus_gap_audit/reconciled/gap_audit_document_reconciled.csv,document_id=INE006I01046_2012
layout_and_structure,combined_mdna_candidate,INE006I01046_2013,Astral Limited,2013,HOLDOUT,dataset/corpus_gap_audit/reconciled/gap_audit_document_reconciled.csv,document_id=INE006I01046_2013
layout_and_structure,combined_mdna_candidate,INE007A01025_2024,Crisil Limited,2024,FIT,dataset/corpus_gap_audit/reconciled/gap_audit_document_reconciled.csv,document_id=INE007A01025_2024
layout_and_structure,combined_mdna_candidate,INE007A01025_2025,Crisil Limited,2025,FIT,dataset/corpus_gap_audit/reconciled/gap_audit_document_reconciled.csv,document_id=INE007A01025_2025
layout_and_structure,combined_mdna_candidate,INE008A01015_2024,IDBI Bank Limited,2024,FIT,dataset/corpus_gap_audit/reconciled/gap_audit_document_reconciled.csv,document_id=INE008A01015_2024
layout_and_structure,combined_mdna_candidate,INE009A01021_2024,Infosys Limited,2024,VALIDATION,dataset/corpus_gap_audit/reconciled/gap_audit_document_reconciled.csv,document_id=INE009A01021_2024
layout_and_structure,combined_mdna_candidate,INE009A01021_2025,Infosys Limited,2025,VALIDATION,dataset/corpus_gap_audit/reconciled/gap_audit_document_reconciled.csv,document_id=INE009A01021_2025
layout_and_structure,combined_mdna_candidate,INE00FF01025_2025,Acutaas Chemicals Limited,2025,FIT,dataset/corpus_gap_audit/reconciled/gap_audit_document_reconciled.csv,document_id=INE00FF01025_2025
layout_and_structure,combined_mdna_candidate,INE00LO01017_2024,Craftsman Automation Limited,2024,FIT,dataset/corpus_gap_audit/reconciled/gap_audit_document_reconciled.csv,document_id=INE00LO01017_2024
layout_and_structure,combined_mdna_candidate,INE00LO01017_2025,Craftsman Automation Limited,2025,FIT,dataset/corpus_gap_audit/reconciled/gap_audit_document_reconciled.csv,document_id=INE00LO01017_2025
layout_and_structure,combined_mdna_candidate,INE044A01036_2025,Sun Pharmaceutical Industries Limited,2025,HOLDOUT,dataset/corpus_gap_audit/reconciled/gap_audit_document_reconciled.csv,document_id=INE044A01036_2025
layout_and_structure,combined_mdna_candidate,INE081A01020_2017,Tata Steel Limited,2017,FIT,dataset/corpus_gap_audit/reconciled/gap_audit_document_reconciled.csv,document_id=INE081A01020_2017
layout_and_structure,combined_mdna_candidate,INE081A01020_2018,Tata Steel Limited,2018,FIT,dataset/corpus_gap_audit/reconciled/gap_audit_document_reconciled.csv,document_id=INE081A01020_2018
layout_and_structure,combined_mdna_candidate,INE081A01020_2024,Tata Steel Limited,2024,FIT,dataset/corpus_gap_audit/reconciled/gap_audit_document_reconciled.csv,document_id=INE081A01020_2024
layout_and_structure,combined_mdna_candidate,INE081A01020_2025,Tata Steel Limited,2025,FIT,dataset/corpus_gap_audit/reconciled/gap_audit_document_reconciled.csv,document_id=INE081A01020_2025
layout_and_structure,combined_mdna_candidate,INE119A01028_2024,Balrampur Chini Mills Limited,2024,HOLDOUT,dataset/corpus_gap_audit/reconciled/gap_audit_document_reconciled.csv,document_id=INE119A01028_2024
layout_and_structure,combined_mdna_candidate,INE151A01013_2012,Tata Communications Limited,2012,FIT,dataset/corpus_gap_audit/reconciled/gap_audit_document_reconciled.csv,document_id=INE151A01013_2012
layout_and_structure,combined_mdna_candidate,INE151A01013_2013,Tata Communications Limited,2013,FIT,dataset/corpus_gap_audit/reconciled/gap_audit_document_reconciled.csv,document_id=INE151A01013_2013
layout_and_structure,combined_mdna_candidate,INE151A01013_2018,Tata Communications Limited,2018,FIT,dataset/corpus_gap_audit/reconciled/gap_audit_document_reconciled.csv,document_id=INE151A01013_2018
layout_and_structure,combined_mdna_candidate,INE154A01025_2018,ITC Limited,2018,VALIDATION,dataset/corpus_gap_audit/reconciled/gap_audit_document_reconciled.csv,document_id=INE154A01025_2018
layout_and_structure,combined_mdna_candidate,INE154A01025_2025,ITC Limited,2025,VALIDATION,dataset/corpus_gap_audit/reconciled/gap_audit_document_reconciled.csv,document_id=INE154A01025_2025
layout_and_structure,combined_mdna_candidate,INE482A01020_2018,CEAT Limited,2018,VALIDATION,dataset/corpus_gap_audit/reconciled/gap_audit_document_reconciled.csv,document_id=INE482A01020_2018
layout_and_structure,annexure_candidate,INE001B01026_2012,KRBL Limited,2012,VALIDATION,dataset/corpus_gap_audit/reconciled/gap_audit_document_reconciled.csv,document_id=INE001B01026_2012
layout_and_structure,annexure_candidate,INE001B01026_2013,KRBL Limited,2013,VALIDATION,dataset/corpus_gap_audit/reconciled/gap_audit_document_reconciled.csv,document_id=INE001B01026_2013
layout_and_structure,annexure_candidate,INE001B01026_2017,KRBL Limited,2017,VALIDATION,dataset/corpus_gap_audit/reconciled/gap_audit_document_reconciled.csv,document_id=INE001B01026_2017
layout_and_structure,annexure_candidate,INE001B01026_2018,KRBL Limited,2018,VALIDATION,dataset/corpus_gap_audit/reconciled/gap_audit_document_reconciled.csv,document_id=INE001B01026_2018
layout_and_structure,annexure_candidate,INE001B01026_2024,KRBL Limited,2024,VALIDATION,dataset/corpus_gap_audit/reconciled/gap_audit_document_reconciled.csv,document_id=INE001B01026_2024
layout_and_structure,annexure_candidate,INE001B01026_2025,KRBL Limited,2025,VALIDATION,dataset/corpus_gap_audit/reconciled/gap_audit_document_reconciled.csv,document_id=INE001B01026_2025
layout_and_structure,annexure_candidate,INE001F01019_2012,Modern Steels Limited,2012,FIT,dataset/corpus_gap_audit/reconciled/gap_audit_document_reconciled.csv,document_id=INE001F01019_2012
layout_and_structure,annexure_candidate,INE001F01019_2013,Modern Steels Limited,2013,FIT,dataset/corpus_gap_audit/reconciled/gap_audit_document_reconciled.csv,document_id=INE001F01019_2013
layout_and_structure,annexure_candidate,INE001F01019_2017,Modern Steels Limited,2017,FIT,dataset/corpus_gap_audit/reconciled/gap_audit_document_reconciled.csv,document_id=INE001F01019_2017
layout_and_structure,annexure_candidate,INE001F01019_2018,Modern Steels Limited,2018,FIT,dataset/corpus_gap_audit/reconciled/gap_audit_document_reconciled.csv,document_id=INE001F01019_2018
layout_and_structure,annexure_candidate,INE001F01019_2024,Modern Steels Limited,2024,FIT,dataset/corpus_gap_audit/reconciled/gap_audit_document_reconciled.csv,document_id=INE001F01019_2024
layout_and_structure,annexure_candidate,INE001F01019_2025,Modern Steels Limited,2025,FIT,dataset/corpus_gap_audit/reconciled/gap_audit_document_reconciled.csv,document_id=INE001F01019_2025
layout_and_structure,annexure_candidate,INE001O01029_2012,Risa International Limited,2012,HOLDOUT,dataset/corpus_gap_audit/reconciled/gap_audit_document_reconciled.csv,document_id=INE001O01029_2012
layout_and_structure,annexure_candidate,INE001O01029_2013,Risa International Limited,2013,HOLDOUT,dataset/corpus_gap_audit/reconciled/gap_audit_document_reconciled.csv,document_id=INE001O01029_2013
layout_and_structure,annexure_candidate,INE001O01029_2017,Risa International Limited,2017,HOLDOUT,dataset/corpus_gap_audit/reconciled/gap_audit_document_reconciled.csv,document_id=INE001O01029_2017
layout_and_structure,annexure_candidate,INE001O01029_2018,Risa International Limited,2018,HOLDOUT,dataset/corpus_gap_audit/reconciled/gap_audit_document_reconciled.csv,document_id=INE001O01029_2018
layout_and_structure,annexure_candidate,INE001O01029_2024,Risa International Limited,2024,HOLDOUT,dataset/corpus_gap_audit/reconciled/gap_audit_document_reconciled.csv,document_id=INE001O01029_2024
layout_and_structure,annexure_candidate,INE001O01029_2025,Risa International Limited,2025,HOLDOUT,dataset/corpus_gap_audit/reconciled/gap_audit_document_reconciled.csv,document_id=INE001O01029_2025
layout_and_structure,annexure_candidate,INE002A01018_2012,Reliance Industries Limited,2012,FIT,dataset/corpus_gap_audit/reconciled/gap_audit_document_reconciled.csv,document_id=INE002A01018_2012
layout_and_structure,annexure_candidate,INE002A01018_2013,Reliance Industries Limited,2013,FIT,dataset/corpus_gap_audit/reconciled/gap_audit_document_reconciled.csv,document_id=INE002A01018_2013
layout_and_structure,annexure_candidate,INE002A01018_2017,Reliance Industries Limited,2017,FIT,dataset/corpus_gap_audit/reconciled/gap_audit_document_reconciled.csv,document_id=INE002A01018_2017
layout_and_structure,annexure_candidate,INE002A01018_2018,Reliance Industries Limited,2018,FIT,dataset/corpus_gap_audit/reconciled/gap_audit_document_reconciled.csv,document_id=INE002A01018_2018
layout_and_structure,annexure_candidate,INE002A01018_2024,Reliance Industries Limited,2024,FIT,dataset/corpus_gap_audit/reconciled/gap_audit_document_reconciled.csv,document_id=INE002A01018_2024
layout_and_structure,annexure_candidate,INE002A01018_2025,Reliance Industries Limited,2025,FIT,dataset/corpus_gap_audit/reconciled/gap_audit_document_reconciled.csv,document_id=INE002A01018_2025
layout_and_structure,annexure_candidate,INE002B01016_2012,MADALA HOLDINGS LIMITED,2012,HOLDOUT,dataset/corpus_gap_audit/reconciled/gap_audit_document_reconciled.csv,document_id=INE002B01016_2012
layout_and_structure,annexure_candidate,INE002B01016_2013,MADALA HOLDINGS LIMITED,2013,HOLDOUT,dataset/corpus_gap_audit/reconciled/gap_audit_document_reconciled.csv,document_id=INE002B01016_2013
layout_and_structure,annexure_candidate,INE002B01016_2017,MADALA HOLDINGS LIMITED,2017,HOLDOUT,dataset/corpus_gap_audit/reconciled/gap_audit_document_reconciled.csv,document_id=INE002B01016_2017
layout_and_structure,annexure_candidate,INE002B01016_2018,MADALA HOLDINGS LIMITED,2018,HOLDOUT,dataset/corpus_gap_audit/reconciled/gap_audit_document_reconciled.csv,document_id=INE002B01016_2018
layout_and_structure,annexure_candidate,INE002B01016_2024,MADALA HOLDINGS LIMITED,2024,HOLDOUT,dataset/corpus_gap_audit/reconciled/gap_audit_document_reconciled.csv,document_id=INE002B01016_2024
layout_and_structure,annexure_candidate,INE002B01016_2025,MADALA HOLDINGS LIMITED,2025,HOLDOUT,dataset/corpus_gap_audit/reconciled/gap_audit_document_reconciled.csv,document_id=INE002B01016_2025
layout_and_structure,annexure_candidate,INE002E01010_2012,Sar  Auto Products Limited,2012,HOLDOUT,dataset/corpus_gap_audit/reconciled/gap_audit_document_reconciled.csv,document_id=INE002E01010_2012
layout_and_structure,annexure_candidate,INE002E01010_2013,Sar  Auto Products Limited,2013,HOLDOUT,dataset/corpus_gap_audit/reconciled/gap_audit_document_reconciled.csv,document_id=INE002E01010_2013
layout_and_structure,annexure_candidate,INE002E01010_2017,Sar  Auto Products Limited,2017,HOLDOUT,dataset/corpus_gap_audit/reconciled/gap_audit_document_reconciled.csv,document_id=INE002E01010_2017
layout_and_structure,annexure_candidate,INE002E01010_2018,Sar  Auto Products Limited,2018,HOLDOUT,dataset/corpus_gap_audit/reconciled/gap_audit_document_reconciled.csv,document_id=INE002E01010_2018
layout_and_structure,annexure_candidate,INE002E01010_2024,Sar  Auto Products Limited,2024,HOLDOUT,dataset/corpus_gap_audit/reconciled/gap_audit_document_reconciled.csv,document_id=INE002E01010_2024
layout_and_structure,annexure_candidate,INE002E01010_2025,Sar  Auto Products Limited,2025,HOLDOUT,dataset/corpus_gap_audit/reconciled/gap_audit_document_reconciled.csv,document_id=INE002E01010_2025
layout_and_structure,annexure_candidate,INE002L01015_2013,SJVN Limited,2013,HOLDOUT,dataset/corpus_gap_audit/reconciled/gap_audit_document_reconciled.csv,document_id=INE002L01015_2013
layout_and_structure,annexure_candidate,INE002L01015_2017,SJVN Limited,2017,HOLDOUT,dataset/corpus_gap_audit/reconciled/gap_audit_document_reconciled.csv,document_id=INE002L01015_2017
layout_and_structure,annexure_candidate,INE002L01015_2018,SJVN Limited,2018,HOLDOUT,dataset/corpus_gap_audit/reconciled/gap_audit_document_reconciled.csv,document_id=INE002L01015_2018
layout_and_structure,annexure_candidate,INE002L01015_2024,SJVN Limited,2024,HOLDOUT,dataset/corpus_gap_audit/reconciled/gap_audit_document_reconciled.csv,document_id=INE002L01015_2024
layout_and_structure,annexure_candidate,INE002L01015_2025,SJVN Limited,2025,HOLDOUT,dataset/corpus_gap_audit/reconciled/gap_audit_document_reconciled.csv,document_id=INE002L01015_2025
layout_and_structure,annexure_candidate,INE002S01010_2017,Mahanagar Gas Limited,2017,VALIDATION,dataset/corpus_gap_audit/reconciled/gap_audit_document_reconciled.csv,document_id=INE002S01010_2017
layout_and_structure,annexure_candidate,INE002S01010_2018,Mahanagar Gas Limited,2018,VALIDATION,dataset/corpus_gap_audit/reconciled/gap_audit_document_reconciled.csv,document_id=INE002S01010_2018
layout_and_structure,annexure_candidate,INE002S01010_2024,Mahanagar Gas Limited,2024,VALIDATION,dataset/corpus_gap_audit/reconciled/gap_audit_document_reconciled.csv,document_id=INE002S01010_2024
layout_and_structure,annexure_candidate,INE002S01010_2025,Mahanagar Gas Limited,2025,VALIDATION,dataset/corpus_gap_audit/reconciled/gap_audit_document_reconciled.csv,document_id=INE002S01010_2025
layout_and_structure,annexure_candidate,INE003B01014_2013,Inter State Oil Carrier Ltd,2013,FIT,dataset/corpus_gap_audit/reconciled/gap_audit_document_reconciled.csv,document_id=INE003B01014_2013
layout_and_structure,annexure_candidate,INE003B01014_2017,Inter State Oil Carrier Ltd,2017,FIT,dataset/corpus_gap_audit/reconciled/gap_audit_document_reconciled.csv,document_id=INE003B01014_2017
layout_and_structure,annexure_candidate,INE003B01014_2018,Inter State Oil Carrier Ltd,2018,FIT,dataset/corpus_gap_audit/reconciled/gap_audit_document_reconciled.csv,document_id=INE003B01014_2018
layout_and_structure,annexure_candidate,INE003B01014_2024,Inter State Oil Carrier Ltd,2024,FIT,dataset/corpus_gap_audit/reconciled/gap_audit_document_reconciled.csv,document_id=INE003B01014_2024
layout_and_structure,annexure_candidate,INE003B01014_2025,Inter State Oil Carrier Ltd,2025,FIT,dataset/corpus_gap_audit/reconciled/gap_audit_document_reconciled.csv,document_id=INE003B01014_2025
layout_and_structure,annexure_candidate,INE003F01015_2012,Muller & Phipps (India) Ltd.,2012,VALIDATION,dataset/corpus_gap_audit/reconciled/gap_audit_document_reconciled.csv,document_id=INE003F01015_2012
layout_and_structure,annexure_candidate,INE003F01015_2013,Muller & Phipps (India) Ltd.,2013,VALIDATION,dataset/corpus_gap_audit/reconciled/gap_audit_document_reconciled.csv,document_id=INE003F01015_2013
layout_and_structure,annexure_candidate,INE003F01015_2017,Muller & Phipps (India) Ltd.,2017,VALIDATION,dataset/corpus_gap_audit/reconciled/gap_audit_document_reconciled.csv,document_id=INE003F01015_2017
layout_and_structure,annexure_candidate,INE003F01015_2018,Muller & Phipps (India) Ltd.,2018,VALIDATION,dataset/corpus_gap_audit/reconciled/gap_audit_document_reconciled.csv,document_id=INE003F01015_2018
layout_and_structure,annexure_candidate,INE003F01015_2024,Muller & Phipps (India) Ltd.,2024,VALIDATION,dataset/corpus_gap_audit/reconciled/gap_audit_document_reconciled.csv,document_id=INE003F01015_2024
layout_and_structure,annexure_candidate,INE003F01015_2025,Muller & Phipps (India) Ltd.,2025,VALIDATION,dataset/corpus_gap_audit/reconciled/gap_audit_document_reconciled.csv,document_id=INE003F01015_2025
layout_and_structure,annexure_candidate,INE004C01028_2017,Gujarat Cotex Ltd,2017,FIT,dataset/corpus_gap_audit/reconciled/gap_audit_document_reconciled.csv,document_id=INE004C01028_2017
layout_and_structure,annexure_candidate,INE004C01028_2018,Gujarat Cotex Ltd,2018,FIT,dataset/corpus_gap_audit/reconciled/gap_audit_document_reconciled.csv,document_id=INE004C01028_2018
layout_and_structure,annexure_candidate,INE004C01028_2025,Gujarat Cotex Ltd,2025,FIT,dataset/corpus_gap_audit/reconciled/gap_audit_document_reconciled.csv,document_id=INE004C01028_2025
layout_and_structure,annexure_candidate,INE004E01016_2012,Span Divergent Limited,2012,FIT,dataset/corpus_gap_audit/reconciled/gap_audit_document_reconciled.csv,document_id=INE004E01016_2012
layout_and_structure,annexure_candidate,INE004E01016_2013,Span Divergent Limited,2013,FIT,dataset/corpus_gap_audit/reconciled/gap_audit_document_reconciled.csv,document_id=INE004E01016_2013
layout_and_structure,annexure_candidate,INE004E01016_2017,Span Divergent Limited,2017,FIT,dataset/corpus_gap_audit/reconciled/gap_audit_document_reconciled.csv,document_id=INE004E01016_2017
layout_and_structure,annexure_candidate,INE004E01016_2024,Span Divergent Limited,2024,FIT,dataset/corpus_gap_audit/reconciled/gap_audit_document_reconciled.csv,document_id=INE004E01016_2024
layout_and_structure,annexure_candidate,INE004E01016_2025,Span Divergent Limited,2025,FIT,dataset/corpus_gap_audit/reconciled/gap_audit_document_reconciled.csv,document_id=INE004E01016_2025
layout_and_structure,annexure_candidate,INE004Z01011_2024,Mac Hotels Limited,2024,FIT,dataset/corpus_gap_audit/reconciled/gap_audit_document_reconciled.csv,document_id=INE004Z01011_2024
layout_and_structure,annexure_candidate,INE004Z01011_2025,Mac Hotels Limited,2025,FIT,dataset/corpus_gap_audit/reconciled/gap_audit_document_reconciled.csv,document_id=INE004Z01011_2025
layout_and_structure,annexure_candidate,INE005E01013_2012,Ekansh Concepts Limited,2012,VALIDATION,dataset/corpus_gap_audit/reconciled/gap_audit_document_reconciled.csv,document_id=INE005E01013_2012
layout_and_structure,annexure_candidate,INE005E01013_2013,Ekansh Concepts Limited,2013,VALIDATION,dataset/corpus_gap_audit/reconciled/gap_audit_document_reconciled.csv,document_id=INE005E01013_2013
layout_and_structure,annexure_candidate,INE005E01013_2017,Ekansh Concepts Limited,2017,VALIDATION,dataset/corpus_gap_audit/reconciled/gap_audit_document_reconciled.csv,document_id=INE005E01013_2017
layout_and_structure,annexure_candidate,INE005E01013_2018,Ekansh Concepts Limited,2018,VALIDATION,dataset/corpus_gap_audit/reconciled/gap_audit_document_reconciled.csv,document_id=INE005E01013_2018
layout_and_structure,annexure_candidate,INE005E01013_2024,Ekansh Concepts Limited,2024,VALIDATION,dataset/corpus_gap_audit/reconciled/gap_audit_document_reconciled.csv,document_id=INE005E01013_2024
layout_and_structure,annexure_candidate,INE005E01013_2025,Ekansh Concepts Limited,2025,VALIDATION,dataset/corpus_gap_audit/reconciled/gap_audit_document_reconciled.csv,document_id=INE005E01013_2025
layout_and_structure,annexure_candidate,INE006C01015_2012,K.Z.Leasing & Finance Ltd.,2012,VALIDATION,dataset/corpus_gap_audit/reconciled/gap_audit_document_reconciled.csv,document_id=INE006C01015_2012
layout_and_structure,annexure_candidate,INE006C01015_2013,K.Z.Leasing & Finance Ltd.,2013,VALIDATION,dataset/corpus_gap_audit/reconciled/gap_audit_document_reconciled.csv,document_id=INE006C01015_2013
layout_and_structure,annexure_candidate,INE006C01015_2017,K.Z.Leasing & Finance Ltd.,2017,VALIDATION,dataset/corpus_gap_audit/reconciled/gap_audit_document_reconciled.csv,document_id=INE006C01015_2017
layout_and_structure,annexure_candidate,INE006C01015_2018,K.Z.Leasing & Finance Ltd.,2018,VALIDATION,dataset/corpus_gap_audit/reconciled/gap_audit_document_reconciled.csv,document_id=INE006C01015_2018
layout_and_structure,annexure_candidate,INE006C01015_2024,K.Z.Leasing & Finance Ltd.,2024,VALIDATION,dataset/corpus_gap_audit/reconciled/gap_audit_document_reconciled.csv,document_id=INE006C01015_2024
layout_and_structure,annexure_candidate,INE006C01015_2025,K.Z.Leasing & Finance Ltd.,2025,VALIDATION,dataset/corpus_gap_audit/reconciled/gap_audit_document_reconciled.csv,document_id=INE006C01015_2025
layout_and_structure,annexure_candidate,INE006I01046_2012,Astral Limited,2012,HOLDOUT,dataset/corpus_gap_audit/reconciled/gap_audit_document_reconciled.csv,document_id=INE006I01046_2012
layout_and_structure,annexure_candidate,INE006I01046_2013,Astral Limited,2013,HOLDOUT,dataset/corpus_gap_audit/reconciled/gap_audit_document_reconciled.csv,document_id=INE006I01046_2013
layout_and_structure,annexure_candidate,INE006I01046_2017,Astral Limited,2017,HOLDOUT,dataset/corpus_gap_audit/reconciled/gap_audit_document_reconciled.csv,document_id=INE006I01046_2017
layout_and_structure,annexure_candidate,INE006I01046_2018,Astral Limited,2018,HOLDOUT,dataset/corpus_gap_audit/reconciled/gap_audit_document_reconciled.csv,document_id=INE006I01046_2018
layout_and_structure,annexure_candidate,INE006I01046_2024,Astral Limited,2024,HOLDOUT,dataset/corpus_gap_audit/reconciled/gap_audit_document_reconciled.csv,document_id=INE006I01046_2024
layout_and_structure,annexure_candidate,INE006I01046_2025,Astral Limited,2025,HOLDOUT,dataset/corpus_gap_audit/reconciled/gap_audit_document_reconciled.csv,document_id=INE006I01046_2025
layout_and_structure,annexure_candidate,INE007A01025_2012,Crisil Limited,2012,FIT,dataset/corpus_gap_audit/reconciled/gap_audit_document_reconciled.csv,document_id=INE007A01025_2012
layout_and_structure,annexure_candidate,INE007A01025_2013,Crisil Limited,2013,FIT,dataset/corpus_gap_audit/reconciled/gap_audit_document_reconciled.csv,document_id=INE007A01025_2013
layout_and_structure,annexure_candidate,INE007A01025_2017,Crisil Limited,2017,FIT,dataset/corpus_gap_audit/reconciled/gap_audit_document_reconciled.csv,document_id=INE007A01025_2017
layout_and_structure,annexure_candidate,INE007A01025_2018,Crisil Limited,2018,FIT,dataset/corpus_gap_audit/reconciled/gap_audit_document_reconciled.csv,document_id=INE007A01025_2018
layout_and_structure,annexure_candidate,INE007A01025_2024,Crisil Limited,2024,FIT,dataset/corpus_gap_audit/reconciled/gap_audit_document_reconciled.csv,document_id=INE007A01025_2024
layout_and_structure,annexure_candidate,INE007A01025_2025,Crisil Limited,2025,FIT,dataset/corpus_gap_audit/reconciled/gap_audit_document_reconciled.csv,document_id=INE007A01025_2025
layout_and_structure,annexure_candidate,INE008A01015_2012,IDBI Bank Limited,2012,FIT,dataset/corpus_gap_audit/reconciled/gap_audit_document_reconciled.csv,document_id=INE008A01015_2012
layout_and_structure,annexure_candidate,INE008A01015_2013,IDBI Bank Limited,2013,FIT,dataset/corpus_gap_audit/reconciled/gap_audit_document_reconciled.csv,document_id=INE008A01015_2013
layout_and_structure,annexure_candidate,INE008A01015_2017,IDBI Bank Limited,2017,FIT,dataset/corpus_gap_audit/reconciled/gap_audit_document_reconciled.csv,document_id=INE008A01015_2017
layout_and_structure,annexure_candidate,INE008A01015_2018,IDBI Bank Limited,2018,FIT,dataset/corpus_gap_audit/reconciled/gap_audit_document_reconciled.csv,document_id=INE008A01015_2018
layout_and_structure,annexure_candidate,INE008A01015_2024,IDBI Bank Limited,2024,FIT,dataset/corpus_gap_audit/reconciled/gap_audit_document_reconciled.csv,document_id=INE008A01015_2024
layout_and_structure,annexure_candidate,INE008A01015_2025,IDBI Bank Limited,2025,FIT,dataset/corpus_gap_audit/reconciled/gap_audit_document_reconciled.csv,document_id=INE008A01015_2025
layout_and_structure,annexure_candidate,INE009A01021_2012,Infosys Limited,2012,VALIDATION,dataset/corpus_gap_audit/reconciled/gap_audit_document_reconciled.csv,document_id=INE009A01021_2012
layout_and_structure,annexure_candidate,INE009A01021_2017,Infosys Limited,2017,VALIDATION,dataset/corpus_gap_audit/reconciled/gap_audit_document_reconciled.csv,document_id=INE009A01021_2017
layout_and_structure,annexure_candidate,INE009A01021_2018,Infosys Limited,2018,VALIDATION,dataset/corpus_gap_audit/reconciled/gap_audit_document_reconciled.csv,document_id=INE009A01021_2018
layout_and_structure,annexure_candidate,INE009A01021_2024,Infosys Limited,2024,VALIDATION,dataset/corpus_gap_audit/reconciled/gap_audit_document_reconciled.csv,document_id=INE009A01021_2024
layout_and_structure,annexure_candidate,INE009A01021_2025,Infosys Limited,2025,VALIDATION,dataset/corpus_gap_audit/reconciled/gap_audit_document_reconciled.csv,document_id=INE009A01021_2025
layout_and_structure,annexure_candidate,INE00E101023_2024,Bikaji Foods International Limited,2024,FIT,dataset/corpus_gap_audit/reconciled/gap_audit_document_reconciled.csv,document_id=INE00E101023_2024
layout_and_structure,annexure_candidate,INE00E101023_2025,Bikaji Foods International Limited,2025,FIT,dataset/corpus_gap_audit/reconciled/gap_audit_document_reconciled.csv,document_id=INE00E101023_2025
layout_and_structure,annexure_candidate,INE00FF01025_2024,Acutaas Chemicals Limited,2024,FIT,dataset/corpus_gap_audit/reconciled/gap_audit_document_reconciled.csv,document_id=INE00FF01025_2024
layout_and_structure,annexure_candidate,INE00FF01025_2025,Acutaas Chemicals Limited,2025,FIT,dataset/corpus_gap_audit/reconciled/gap_audit_document_reconciled.csv,document_id=INE00FF01025_2025
layout_and_structure,annexure_candidate,INE00LO01017_2015,Craftsman Automation Limited,2015,FIT,dataset/corpus_gap_audit/reconciled/gap_audit_document_reconciled.csv,document_id=INE00LO01017_2015
layout_and_structure,annexure_candidate,INE00LO01017_2024,Craftsman Automation Limited,2024,FIT,dataset/corpus_gap_audit/reconciled/gap_audit_document_reconciled.csv,document_id=INE00LO01017_2024
layout_and_structure,annexure_candidate,INE00LO01017_2025,Craftsman Automation Limited,2025,FIT,dataset/corpus_gap_audit/reconciled/gap_audit_document_reconciled.csv,document_id=INE00LO01017_2025
layout_and_structure,annexure_candidate,INE00WC01027_2024,Affle 3i Limited,2024,VALIDATION,dataset/corpus_gap_audit/reconciled/gap_audit_document_reconciled.csv,document_id=INE00WC01027_2024
layout_and_structure,annexure_candidate,INE00WC01027_2025,Affle 3i Limited,2025,VALIDATION,dataset/corpus_gap_audit/reconciled/gap_audit_document_reconciled.csv,document_id=INE00WC01027_2025
layout_and_structure,annexure_candidate,INE040A01034_2012,HDFC Bank Limited,2012,FIT,dataset/corpus_gap_audit/reconciled/gap_audit_document_reconciled.csv,document_id=INE040A01034_2012
layout_and_structure,annexure_candidate,INE040A01034_2013,HDFC Bank Limited,2013,FIT,dataset/corpus_gap_audit/reconciled/gap_audit_document_reconciled.csv,document_id=INE040A01034_2013
layout_and_structure,annexure_candidate,INE040A01034_2017,HDFC Bank Limited,2017,FIT,dataset/corpus_gap_audit/reconciled/gap_audit_document_reconciled.csv,document_id=INE040A01034_2017
layout_and_structure,annexure_candidate,INE040A01034_2018,HDFC Bank Limited,2018,FIT,dataset/corpus_gap_audit/reconciled/gap_audit_document_reconciled.csv,document_id=INE040A01034_2018
layout_and_structure,annexure_candidate,INE040A01034_2024,HDFC Bank Limited,2024,FIT,dataset/corpus_gap_audit/reconciled/gap_audit_document_reconciled.csv,document_id=INE040A01034_2024
layout_and_structure,annexure_candidate,INE040A01034_2025,HDFC Bank Limited,2025,FIT,dataset/corpus_gap_audit/reconciled/gap_audit_document_reconciled.csv,document_id=INE040A01034_2025
layout_and_structure,annexure_candidate,INE044A01036_2012,Sun Pharmaceutical Industries Limited,2012,HOLDOUT,dataset/corpus_gap_audit/reconciled/gap_audit_document_reconciled.csv,document_id=INE044A01036_2012
layout_and_structure,annexure_candidate,INE044A01036_2013,Sun Pharmaceutical Industries Limited,2013,HOLDOUT,dataset/corpus_gap_audit/reconciled/gap_audit_document_reconciled.csv,document_id=INE044A01036_2013
layout_and_structure,annexure_candidate,INE044A01036_2017,Sun Pharmaceutical Industries Limited,2017,HOLDOUT,dataset/corpus_gap_audit/reconciled/gap_audit_document_reconciled.csv,document_id=INE044A01036_2017
layout_and_structure,annexure_candidate,INE044A01036_2018,Sun Pharmaceutical Industries Limited,2018,HOLDOUT,dataset/corpus_gap_audit/reconciled/gap_audit_document_reconciled.csv,document_id=INE044A01036_2018
layout_and_structure,annexure_candidate,INE044A01036_2024,Sun Pharmaceutical Industries Limited,2024,HOLDOUT,dataset/corpus_gap_audit/reconciled/gap_audit_document_reconciled.csv,document_id=INE044A01036_2024
layout_and_structure,annexure_candidate,INE044A01036_2025,Sun Pharmaceutical Industries Limited,2025,HOLDOUT,dataset/corpus_gap_audit/reconciled/gap_audit_document_reconciled.csv,document_id=INE044A01036_2025
layout_and_structure,annexure_candidate,INE081A01020_2012,Tata Steel Limited,2012,FIT,dataset/corpus_gap_audit/reconciled/gap_audit_document_reconciled.csv,document_id=INE081A01020_2012
layout_and_structure,annexure_candidate,INE081A01020_2013,Tata Steel Limited,2013,FIT,dataset/corpus_gap_audit/reconciled/gap_audit_document_reconciled.csv,document_id=INE081A01020_2013
layout_and_structure,annexure_candidate,INE081A01020_2017,Tata Steel Limited,2017,FIT,dataset/corpus_gap_audit/reconciled/gap_audit_document_reconciled.csv,document_id=INE081A01020_2017
layout_and_structure,annexure_candidate,INE081A01020_2018,Tata Steel Limited,2018,FIT,dataset/corpus_gap_audit/reconciled/gap_audit_document_reconciled.csv,document_id=INE081A01020_2018
layout_and_structure,annexure_candidate,INE081A01020_2024,Tata Steel Limited,2024,FIT,dataset/corpus_gap_audit/reconciled/gap_audit_document_reconciled.csv,document_id=INE081A01020_2024
layout_and_structure,annexure_candidate,INE081A01020_2025,Tata Steel Limited,2025,FIT,dataset/corpus_gap_audit/reconciled/gap_audit_document_reconciled.csv,document_id=INE081A01020_2025
layout_and_structure,annexure_candidate,INE119A01028_2012,Balrampur Chini Mills Limited,2012,HOLDOUT,dataset/corpus_gap_audit/reconciled/gap_audit_document_reconciled.csv,document_id=INE119A01028_2012
layout_and_structure,annexure_candidate,INE119A01028_2013,Balrampur Chini Mills Limited,2013,HOLDOUT,dataset/corpus_gap_audit/reconciled/gap_audit_document_reconciled.csv,document_id=INE119A01028_2013
layout_and_structure,annexure_candidate,INE119A01028_2017,Balrampur Chini Mills Limited,2017,HOLDOUT,dataset/corpus_gap_audit/reconciled/gap_audit_document_reconciled.csv,document_id=INE119A01028_2017
layout_and_structure,annexure_candidate,INE119A01028_2018,Balrampur Chini Mills Limited,2018,HOLDOUT,dataset/corpus_gap_audit/reconciled/gap_audit_document_reconciled.csv,document_id=INE119A01028_2018
layout_and_structure,annexure_candidate,INE119A01028_2024,Balrampur Chini Mills Limited,2024,HOLDOUT,dataset/corpus_gap_audit/reconciled/gap_audit_document_reconciled.csv,document_id=INE119A01028_2024
layout_and_structure,annexure_candidate,INE119A01028_2025,Balrampur Chini Mills Limited,2025,HOLDOUT,dataset/corpus_gap_audit/reconciled/gap_audit_document_reconciled.csv,document_id=INE119A01028_2025
layout_and_structure,annexure_candidate,INE151A01013_2012,Tata Communications Limited,2012,FIT,dataset/corpus_gap_audit/reconciled/gap_audit_document_reconciled.csv,document_id=INE151A01013_2012
layout_and_structure,annexure_candidate,INE151A01013_2013,Tata Communications Limited,2013,FIT,dataset/corpus_gap_audit/reconciled/gap_audit_document_reconciled.csv,document_id=INE151A01013_2013
layout_and_structure,annexure_candidate,INE151A01013_2017,Tata Communications Limited,2017,FIT,dataset/corpus_gap_audit/reconciled/gap_audit_document_reconciled.csv,document_id=INE151A01013_2017
layout_and_structure,annexure_candidate,INE151A01013_2018,Tata Communications Limited,2018,FIT,dataset/corpus_gap_audit/reconciled/gap_audit_document_reconciled.csv,document_id=INE151A01013_2018
layout_and_structure,annexure_candidate,INE151A01013_2024,Tata Communications Limited,2024,FIT,dataset/corpus_gap_audit/reconciled/gap_audit_document_reconciled.csv,document_id=INE151A01013_2024
layout_and_structure,annexure_candidate,INE151A01013_2025,Tata Communications Limited,2025,FIT,dataset/corpus_gap_audit/reconciled/gap_audit_document_reconciled.csv,document_id=INE151A01013_2025
layout_and_structure,annexure_candidate,INE154A01025_2012,ITC Limited,2012,VALIDATION,dataset/corpus_gap_audit/reconciled/gap_audit_document_reconciled.csv,document_id=INE154A01025_2012
layout_and_structure,annexure_candidate,INE154A01025_2013,ITC Limited,2013,VALIDATION,dataset/corpus_gap_audit/reconciled/gap_audit_document_reconciled.csv,document_id=INE154A01025_2013
layout_and_structure,annexure_candidate,INE154A01025_2017,ITC Limited,2017,VALIDATION,dataset/corpus_gap_audit/reconciled/gap_audit_document_reconciled.csv,document_id=INE154A01025_2017
layout_and_structure,annexure_candidate,INE154A01025_2018,ITC Limited,2018,VALIDATION,dataset/corpus_gap_audit/reconciled/gap_audit_document_reconciled.csv,document_id=INE154A01025_2018
layout_and_structure,annexure_candidate,INE154A01025_2024,ITC Limited,2024,VALIDATION,dataset/corpus_gap_audit/reconciled/gap_audit_document_reconciled.csv,document_id=INE154A01025_2024
layout_and_structure,annexure_candidate,INE154A01025_2025,ITC Limited,2025,VALIDATION,dataset/corpus_gap_audit/reconciled/gap_audit_document_reconciled.csv,document_id=INE154A01025_2025
layout_and_structure,annexure_candidate,INE171A01029_2012,The Federal Bank  Limited,2012,HOLDOUT,dataset/corpus_gap_audit/reconciled/gap_audit_document_reconciled.csv,document_id=INE171A01029_2012
layout_and_structure,annexure_candidate,INE171A01029_2013,The Federal Bank  Limited,2013,HOLDOUT,dataset/corpus_gap_audit/reconciled/gap_audit_document_reconciled.csv,document_id=INE171A01029_2013
layout_and_structure,annexure_candidate,INE171A01029_2017,The Federal Bank  Limited,2017,HOLDOUT,dataset/corpus_gap_audit/reconciled/gap_audit_document_reconciled.csv,document_id=INE171A01029_2017
layout_and_structure,annexure_candidate,INE171A01029_2018,The Federal Bank  Limited,2018,HOLDOUT,dataset/corpus_gap_audit/reconciled/gap_audit_document_reconciled.csv,document_id=INE171A01029_2018
layout_and_structure,annexure_candidate,INE171A01029_2024,The Federal Bank  Limited,2024,HOLDOUT,dataset/corpus_gap_audit/reconciled/gap_audit_document_reconciled.csv,document_id=INE171A01029_2024
layout_and_structure,annexure_candidate,INE171A01029_2025,The Federal Bank  Limited,2025,HOLDOUT,dataset/corpus_gap_audit/reconciled/gap_audit_document_reconciled.csv,document_id=INE171A01029_2025
layout_and_structure,annexure_candidate,INE191H01014_2012,PVR INOX Limited,2012,FIT,dataset/corpus_gap_audit/reconciled/gap_audit_document_reconciled.csv,document_id=INE191H01014_2012
layout_and_structure,annexure_candidate,INE191H01014_2013,PVR INOX Limited,2013,FIT,dataset/corpus_gap_audit/reconciled/gap_audit_document_reconciled.csv,document_id=INE191H01014_2013
layout_and_structure,annexure_candidate,INE191H01014_2017,PVR INOX Limited,2017,FIT,dataset/corpus_gap_audit/reconciled/gap_audit_document_reconciled.csv,document_id=INE191H01014_2017
layout_and_structure,annexure_candidate,INE191H01014_2018,PVR INOX Limited,2018,FIT,dataset/corpus_gap_audit/reconciled/gap_audit_document_reconciled.csv,document_id=INE191H01014_2018
layout_and_structure,annexure_candidate,INE191H01014_2024,PVR INOX Limited,2024,FIT,dataset/corpus_gap_audit/reconciled/gap_audit_document_reconciled.csv,document_id=INE191H01014_2024
layout_and_structure,annexure_candidate,INE191H01014_2025,PVR INOX Limited,2025,FIT,dataset/corpus_gap_audit/reconciled/gap_audit_document_reconciled.csv,document_id=INE191H01014_2025
layout_and_structure,annexure_candidate,INE192B01031_2012,Welspun Living Limited,2012,FIT,dataset/corpus_gap_audit/reconciled/gap_audit_document_reconciled.csv,document_id=INE192B01031_2012
layout_and_structure,annexure_candidate,INE192B01031_2013,Welspun Living Limited,2013,FIT,dataset/corpus_gap_audit/reconciled/gap_audit_document_reconciled.csv,document_id=INE192B01031_2013
layout_and_structure,annexure_candidate,INE192B01031_2017,Welspun Living Limited,2017,FIT,dataset/corpus_gap_audit/reconciled/gap_audit_document_reconciled.csv,document_id=INE192B01031_2017
layout_and_structure,annexure_candidate,INE192B01031_2018,Welspun Living Limited,2018,FIT,dataset/corpus_gap_audit/reconciled/gap_audit_document_reconciled.csv,document_id=INE192B01031_2018
layout_and_structure,annexure_candidate,INE192B01031_2024,Welspun Living Limited,2024,FIT,dataset/corpus_gap_audit/reconciled/gap_audit_document_reconciled.csv,document_id=INE192B01031_2024
layout_and_structure,annexure_candidate,INE192B01031_2025,Welspun Living Limited,2025,FIT,dataset/corpus_gap_audit/reconciled/gap_audit_document_reconciled.csv,document_id=INE192B01031_2025
layout_and_structure,annexure_candidate,INE226A01021_2012,Voltas Limited,2012,HOLDOUT,dataset/corpus_gap_audit/reconciled/gap_audit_document_reconciled.csv,document_id=INE226A01021_2012
layout_and_structure,annexure_candidate,INE226A01021_2013,Voltas Limited,2013,HOLDOUT,dataset/corpus_gap_audit/reconciled/gap_audit_document_reconciled.csv,document_id=INE226A01021_2013
layout_and_structure,annexure_candidate,INE226A01021_2017,Voltas Limited,2017,HOLDOUT,dataset/corpus_gap_audit/reconciled/gap_audit_document_reconciled.csv,document_id=INE226A01021_2017
layout_and_structure,annexure_candidate,INE226A01021_2018,Voltas Limited,2018,HOLDOUT,dataset/corpus_gap_audit/reconciled/gap_audit_document_reconciled.csv,document_id=INE226A01021_2018
layout_and_structure,annexure_candidate,INE226A01021_2024,Voltas Limited,2024,HOLDOUT,dataset/corpus_gap_audit/reconciled/gap_audit_document_reconciled.csv,document_id=INE226A01021_2024
layout_and_structure,annexure_candidate,INE226A01021_2025,Voltas Limited,2025,HOLDOUT,dataset/corpus_gap_audit/reconciled/gap_audit_document_reconciled.csv,document_id=INE226A01021_2025
layout_and_structure,annexure_candidate,INE482A01020_2012,CEAT Limited,2012,VALIDATION,dataset/corpus_gap_audit/reconciled/gap_audit_document_reconciled.csv,document_id=INE482A01020_2012
layout_and_structure,annexure_candidate,INE482A01020_2013,CEAT Limited,2013,VALIDATION,dataset/corpus_gap_audit/reconciled/gap_audit_document_reconciled.csv,document_id=INE482A01020_2013
layout_and_structure,annexure_candidate,INE482A01020_2017,CEAT Limited,2017,VALIDATION,dataset/corpus_gap_audit/reconciled/gap_audit_document_reconciled.csv,document_id=INE482A01020_2017
layout_and_structure,annexure_candidate,INE482A01020_2018,CEAT Limited,2018,VALIDATION,dataset/corpus_gap_audit/reconciled/gap_audit_document_reconciled.csv,document_id=INE482A01020_2018
layout_and_structure,annexure_candidate,INE482A01020_2024,CEAT Limited,2024,VALIDATION,dataset/corpus_gap_audit/reconciled/gap_audit_document_reconciled.csv,document_id=INE482A01020_2024
layout_and_structure,annexure_candidate,INE482A01020_2025,CEAT Limited,2025,VALIDATION,dataset/corpus_gap_audit/reconciled/gap_audit_document_reconciled.csv,document_id=INE482A01020_2025
layout_and_structure,annexure_candidate,INE761H01022_2012,Page Industries Limited,2012,FIT,dataset/corpus_gap_audit/reconciled/gap_audit_document_reconciled.csv,document_id=INE761H01022_2012
layout_and_structure,annexure_candidate,INE761H01022_2013,Page Industries Limited,2013,FIT,dataset/corpus_gap_audit/reconciled/gap_audit_document_reconciled.csv,document_id=INE761H01022_2013
layout_and_structure,annexure_candidate,INE761H01022_2017,Page Industries Limited,2017,FIT,dataset/corpus_gap_audit/reconciled/gap_audit_document_reconciled.csv,document_id=INE761H01022_2017
layout_and_structure,annexure_candidate,INE761H01022_2018,Page Industries Limited,2018,FIT,dataset/corpus_gap_audit/reconciled/gap_audit_document_reconciled.csv,document_id=INE761H01022_2018
layout_and_structure,annexure_candidate,INE761H01022_2024,Page Industries Limited,2024,FIT,dataset/corpus_gap_audit/reconciled/gap_audit_document_reconciled.csv,document_id=INE761H01022_2024
layout_and_structure,annexure_candidate,INE761H01022_2025,Page Industries Limited,2025,FIT,dataset/corpus_gap_audit/reconciled/gap_audit_document_reconciled.csv,document_id=INE761H01022_2025
layout_and_structure,annexure_candidate,INE797F01020_2012,Jubilant Foodworks Limited,2012,FIT,dataset/corpus_gap_audit/reconciled/gap_audit_document_reconciled.csv,document_id=INE797F01020_2012
layout_and_structure,annexure_candidate,INE797F01020_2013,Jubilant Foodworks Limited,2013,FIT,dataset/corpus_gap_audit/reconciled/gap_audit_document_reconciled.csv,document_id=INE797F01020_2013
layout_and_structure,annexure_candidate,INE797F01020_2017,Jubilant Foodworks Limited,2017,FIT,dataset/corpus_gap_audit/reconciled/gap_audit_document_reconciled.csv,document_id=INE797F01020_2017
layout_and_structure,annexure_candidate,INE797F01020_2018,Jubilant Foodworks Limited,2018,FIT,dataset/corpus_gap_audit/reconciled/gap_audit_document_reconciled.csv,document_id=INE797F01020_2018
layout_and_structure,annexure_candidate,INE797F01020_2024,Jubilant Foodworks Limited,2024,FIT,dataset/corpus_gap_audit/reconciled/gap_audit_document_reconciled.csv,document_id=INE797F01020_2024
layout_and_structure,annexure_candidate,INE797F01020_2025,Jubilant Foodworks Limited,2025,FIT,dataset/corpus_gap_audit/reconciled/gap_audit_document_reconciled.csv,document_id=INE797F01020_2025
layout_and_structure,toc_candidate,INE001B01026_2012,KRBL Limited,2012,VALIDATION,dataset/corpus_gap_audit/reconciled/gap_audit_document_reconciled.csv,document_id=INE001B01026_2012
layout_and_structure,toc_candidate,INE001B01026_2013,KRBL Limited,2013,VALIDATION,dataset/corpus_gap_audit/reconciled/gap_audit_document_reconciled.csv,document_id=INE001B01026_2013
layout_and_structure,toc_candidate,INE001B01026_2017,KRBL Limited,2017,VALIDATION,dataset/corpus_gap_audit/reconciled/gap_audit_document_reconciled.csv,document_id=INE001B01026_2017
layout_and_structure,toc_candidate,INE001B01026_2018,KRBL Limited,2018,VALIDATION,dataset/corpus_gap_audit/reconciled/gap_audit_document_reconciled.csv,document_id=INE001B01026_2018
layout_and_structure,toc_candidate,INE001B01026_2024,KRBL Limited,2024,VALIDATION,dataset/corpus_gap_audit/reconciled/gap_audit_document_reconciled.csv,document_id=INE001B01026_2024
layout_and_structure,toc_candidate,INE001B01026_2025,KRBL Limited,2025,VALIDATION,dataset/corpus_gap_audit/reconciled/gap_audit_document_reconciled.csv,document_id=INE001B01026_2025
layout_and_structure,toc_candidate,INE001F01019_2012,Modern Steels Limited,2012,FIT,dataset/corpus_gap_audit/reconciled/gap_audit_document_reconciled.csv,document_id=INE001F01019_2012
layout_and_structure,toc_candidate,INE001F01019_2013,Modern Steels Limited,2013,FIT,dataset/corpus_gap_audit/reconciled/gap_audit_document_reconciled.csv,document_id=INE001F01019_2013
layout_and_structure,toc_candidate,INE001F01019_2017,Modern Steels Limited,2017,FIT,dataset/corpus_gap_audit/reconciled/gap_audit_document_reconciled.csv,document_id=INE001F01019_2017
layout_and_structure,toc_candidate,INE001F01019_2018,Modern Steels Limited,2018,FIT,dataset/corpus_gap_audit/reconciled/gap_audit_document_reconciled.csv,document_id=INE001F01019_2018
layout_and_structure,toc_candidate,INE001F01019_2024,Modern Steels Limited,2024,FIT,dataset/corpus_gap_audit/reconciled/gap_audit_document_reconciled.csv,document_id=INE001F01019_2024
layout_and_structure,toc_candidate,INE001F01019_2025,Modern Steels Limited,2025,FIT,dataset/corpus_gap_audit/reconciled/gap_audit_document_reconciled.csv,document_id=INE001F01019_2025
layout_and_structure,toc_candidate,INE001O01029_2012,Risa International Limited,2012,HOLDOUT,dataset/corpus_gap_audit/reconciled/gap_audit_document_reconciled.csv,document_id=INE001O01029_2012
layout_and_structure,toc_candidate,INE001O01029_2013,Risa International Limited,2013,HOLDOUT,dataset/corpus_gap_audit/reconciled/gap_audit_document_reconciled.csv,document_id=INE001O01029_2013
layout_and_structure,toc_candidate,INE001O01029_2017,Risa International Limited,2017,HOLDOUT,dataset/corpus_gap_audit/reconciled/gap_audit_document_reconciled.csv,document_id=INE001O01029_2017
layout_and_structure,toc_candidate,INE001O01029_2018,Risa International Limited,2018,HOLDOUT,dataset/corpus_gap_audit/reconciled/gap_audit_document_reconciled.csv,document_id=INE001O01029_2018
layout_and_structure,toc_candidate,INE001O01029_2024,Risa International Limited,2024,HOLDOUT,dataset/corpus_gap_audit/reconciled/gap_audit_document_reconciled.csv,document_id=INE001O01029_2024
layout_and_structure,toc_candidate,INE001O01029_2025,Risa International Limited,2025,HOLDOUT,dataset/corpus_gap_audit/reconciled/gap_audit_document_reconciled.csv,document_id=INE001O01029_2025
layout_and_structure,toc_candidate,INE002A01018_2012,Reliance Industries Limited,2012,FIT,dataset/corpus_gap_audit/reconciled/gap_audit_document_reconciled.csv,document_id=INE002A01018_2012
layout_and_structure,toc_candidate,INE002A01018_2013,Reliance Industries Limited,2013,FIT,dataset/corpus_gap_audit/reconciled/gap_audit_document_reconciled.csv,document_id=INE002A01018_2013
layout_and_structure,toc_candidate,INE002A01018_2017,Reliance Industries Limited,2017,FIT,dataset/corpus_gap_audit/reconciled/gap_audit_document_reconciled.csv,document_id=INE002A01018_2017
layout_and_structure,toc_candidate,INE002A01018_2018,Reliance Industries Limited,2018,FIT,dataset/corpus_gap_audit/reconciled/gap_audit_document_reconciled.csv,document_id=INE002A01018_2018
layout_and_structure,toc_candidate,INE002A01018_2024,Reliance Industries Limited,2024,FIT,dataset/corpus_gap_audit/reconciled/gap_audit_document_reconciled.csv,document_id=INE002A01018_2024
layout_and_structure,toc_candidate,INE002A01018_2025,Reliance Industries Limited,2025,FIT,dataset/corpus_gap_audit/reconciled/gap_audit_document_reconciled.csv,document_id=INE002A01018_2025
layout_and_structure,toc_candidate,INE002B01016_2012,MADALA HOLDINGS LIMITED,2012,HOLDOUT,dataset/corpus_gap_audit/reconciled/gap_audit_document_reconciled.csv,document_id=INE002B01016_2012
layout_and_structure,toc_candidate,INE002B01016_2013,MADALA HOLDINGS LIMITED,2013,HOLDOUT,dataset/corpus_gap_audit/reconciled/gap_audit_document_reconciled.csv,document_id=INE002B01016_2013
layout_and_structure,toc_candidate,INE002B01016_2017,MADALA HOLDINGS LIMITED,2017,HOLDOUT,dataset/corpus_gap_audit/reconciled/gap_audit_document_reconciled.csv,document_id=INE002B01016_2017
layout_and_structure,toc_candidate,INE002B01016_2018,MADALA HOLDINGS LIMITED,2018,HOLDOUT,dataset/corpus_gap_audit/reconciled/gap_audit_document_reconciled.csv,document_id=INE002B01016_2018
layout_and_structure,toc_candidate,INE002B01016_2024,MADALA HOLDINGS LIMITED,2024,HOLDOUT,dataset/corpus_gap_audit/reconciled/gap_audit_document_reconciled.csv,document_id=INE002B01016_2024
layout_and_structure,toc_candidate,INE002B01016_2025,MADALA HOLDINGS LIMITED,2025,HOLDOUT,dataset/corpus_gap_audit/reconciled/gap_audit_document_reconciled.csv,document_id=INE002B01016_2025
layout_and_structure,toc_candidate,INE002E01010_2017,Sar  Auto Products Limited,2017,HOLDOUT,dataset/corpus_gap_audit/reconciled/gap_audit_document_reconciled.csv,document_id=INE002E01010_2017
layout_and_structure,toc_candidate,INE002E01010_2018,Sar  Auto Products Limited,2018,HOLDOUT,dataset/corpus_gap_audit/reconciled/gap_audit_document_reconciled.csv,document_id=INE002E01010_2018
layout_and_structure,toc_candidate,INE002E01010_2024,Sar  Auto Products Limited,2024,HOLDOUT,dataset/corpus_gap_audit/reconciled/gap_audit_document_reconciled.csv,document_id=INE002E01010_2024
layout_and_structure,toc_candidate,INE002E01010_2025,Sar  Auto Products Limited,2025,HOLDOUT,dataset/corpus_gap_audit/reconciled/gap_audit_document_reconciled.csv,document_id=INE002E01010_2025
layout_and_structure,toc_candidate,INE002L01015_2013,SJVN Limited,2013,HOLDOUT,dataset/corpus_gap_audit/reconciled/gap_audit_document_reconciled.csv,document_id=INE002L01015_2013
layout_and_structure,toc_candidate,INE002L01015_2017,SJVN Limited,2017,HOLDOUT,dataset/corpus_gap_audit/reconciled/gap_audit_document_reconciled.csv,document_id=INE002L01015_2017
layout_and_structure,toc_candidate,INE002L01015_2018,SJVN Limited,2018,HOLDOUT,dataset/corpus_gap_audit/reconciled/gap_audit_document_reconciled.csv,document_id=INE002L01015_2018
layout_and_structure,toc_candidate,INE002L01015_2024,SJVN Limited,2024,HOLDOUT,dataset/corpus_gap_audit/reconciled/gap_audit_document_reconciled.csv,document_id=INE002L01015_2024
layout_and_structure,toc_candidate,INE002L01015_2025,SJVN Limited,2025,HOLDOUT,dataset/corpus_gap_audit/reconciled/gap_audit_document_reconciled.csv,document_id=INE002L01015_2025
layout_and_structure,toc_candidate,INE002S01010_2017,Mahanagar Gas Limited,2017,VALIDATION,dataset/corpus_gap_audit/reconciled/gap_audit_document_reconciled.csv,document_id=INE002S01010_2017
layout_and_structure,toc_candidate,INE002S01010_2018,Mahanagar Gas Limited,2018,VALIDATION,dataset/corpus_gap_audit/reconciled/gap_audit_document_reconciled.csv,document_id=INE002S01010_2018
layout_and_structure,toc_candidate,INE002S01010_2024,Mahanagar Gas Limited,2024,VALIDATION,dataset/corpus_gap_audit/reconciled/gap_audit_document_reconciled.csv,document_id=INE002S01010_2024
layout_and_structure,toc_candidate,INE002S01010_2025,Mahanagar Gas Limited,2025,VALIDATION,dataset/corpus_gap_audit/reconciled/gap_audit_document_reconciled.csv,document_id=INE002S01010_2025
layout_and_structure,toc_candidate,INE003B01014_2017,Inter State Oil Carrier Ltd,2017,FIT,dataset/corpus_gap_audit/reconciled/gap_audit_document_reconciled.csv,document_id=INE003B01014_2017
layout_and_structure,toc_candidate,INE003B01014_2018,Inter State Oil Carrier Ltd,2018,FIT,dataset/corpus_gap_audit/reconciled/gap_audit_document_reconciled.csv,document_id=INE003B01014_2018
layout_and_structure,toc_candidate,INE003B01014_2024,Inter State Oil Carrier Ltd,2024,FIT,dataset/corpus_gap_audit/reconciled/gap_audit_document_reconciled.csv,document_id=INE003B01014_2024
layout_and_structure,toc_candidate,INE003B01014_2025,Inter State Oil Carrier Ltd,2025,FIT,dataset/corpus_gap_audit/reconciled/gap_audit_document_reconciled.csv,document_id=INE003B01014_2025
layout_and_structure,toc_candidate,INE003F01015_2012,Muller & Phipps (India) Ltd.,2012,VALIDATION,dataset/corpus_gap_audit/reconciled/gap_audit_document_reconciled.csv,document_id=INE003F01015_2012
layout_and_structure,toc_candidate,INE003F01015_2013,Muller & Phipps (India) Ltd.,2013,VALIDATION,dataset/corpus_gap_audit/reconciled/gap_audit_document_reconciled.csv,document_id=INE003F01015_2013
layout_and_structure,toc_candidate,INE003F01015_2017,Muller & Phipps (India) Ltd.,2017,VALIDATION,dataset/corpus_gap_audit/reconciled/gap_audit_document_reconciled.csv,document_id=INE003F01015_2017
layout_and_structure,toc_candidate,INE003F01015_2018,Muller & Phipps (India) Ltd.,2018,VALIDATION,dataset/corpus_gap_audit/reconciled/gap_audit_document_reconciled.csv,document_id=INE003F01015_2018
layout_and_structure,toc_candidate,INE003F01015_2024,Muller & Phipps (India) Ltd.,2024,VALIDATION,dataset/corpus_gap_audit/reconciled/gap_audit_document_reconciled.csv,document_id=INE003F01015_2024
layout_and_structure,toc_candidate,INE003F01015_2025,Muller & Phipps (India) Ltd.,2025,VALIDATION,dataset/corpus_gap_audit/reconciled/gap_audit_document_reconciled.csv,document_id=INE003F01015_2025
layout_and_structure,toc_candidate,INE004C01028_2017,Gujarat Cotex Ltd,2017,FIT,dataset/corpus_gap_audit/reconciled/gap_audit_document_reconciled.csv,document_id=INE004C01028_2017
layout_and_structure,toc_candidate,INE004C01028_2018,Gujarat Cotex Ltd,2018,FIT,dataset/corpus_gap_audit/reconciled/gap_audit_document_reconciled.csv,document_id=INE004C01028_2018
layout_and_structure,toc_candidate,INE004C01028_2025,Gujarat Cotex Ltd,2025,FIT,dataset/corpus_gap_audit/reconciled/gap_audit_document_reconciled.csv,document_id=INE004C01028_2025
layout_and_structure,toc_candidate,INE004E01016_2012,Span Divergent Limited,2012,FIT,dataset/corpus_gap_audit/reconciled/gap_audit_document_reconciled.csv,document_id=INE004E01016_2012
layout_and_structure,toc_candidate,INE004E01016_2013,Span Divergent Limited,2013,FIT,dataset/corpus_gap_audit/reconciled/gap_audit_document_reconciled.csv,document_id=INE004E01016_2013
layout_and_structure,toc_candidate,INE004E01016_2017,Span Divergent Limited,2017,FIT,dataset/corpus_gap_audit/reconciled/gap_audit_document_reconciled.csv,document_id=INE004E01016_2017
layout_and_structure,toc_candidate,INE004E01016_2024,Span Divergent Limited,2024,FIT,dataset/corpus_gap_audit/reconciled/gap_audit_document_reconciled.csv,document_id=INE004E01016_2024
layout_and_structure,toc_candidate,INE004E01016_2025,Span Divergent Limited,2025,FIT,dataset/corpus_gap_audit/reconciled/gap_audit_document_reconciled.csv,document_id=INE004E01016_2025
layout_and_structure,toc_candidate,INE004Z01011_2024,Mac Hotels Limited,2024,FIT,dataset/corpus_gap_audit/reconciled/gap_audit_document_reconciled.csv,document_id=INE004Z01011_2024
layout_and_structure,toc_candidate,INE004Z01011_2025,Mac Hotels Limited,2025,FIT,dataset/corpus_gap_audit/reconciled/gap_audit_document_reconciled.csv,document_id=INE004Z01011_2025
layout_and_structure,toc_candidate,INE005E01013_2012,Ekansh Concepts Limited,2012,VALIDATION,dataset/corpus_gap_audit/reconciled/gap_audit_document_reconciled.csv,document_id=INE005E01013_2012
layout_and_structure,toc_candidate,INE005E01013_2013,Ekansh Concepts Limited,2013,VALIDATION,dataset/corpus_gap_audit/reconciled/gap_audit_document_reconciled.csv,document_id=INE005E01013_2013
layout_and_structure,toc_candidate,INE005E01013_2017,Ekansh Concepts Limited,2017,VALIDATION,dataset/corpus_gap_audit/reconciled/gap_audit_document_reconciled.csv,document_id=INE005E01013_2017
layout_and_structure,toc_candidate,INE005E01013_2018,Ekansh Concepts Limited,2018,VALIDATION,dataset/corpus_gap_audit/reconciled/gap_audit_document_reconciled.csv,document_id=INE005E01013_2018
layout_and_structure,toc_candidate,INE005E01013_2024,Ekansh Concepts Limited,2024,VALIDATION,dataset/corpus_gap_audit/reconciled/gap_audit_document_reconciled.csv,document_id=INE005E01013_2024
layout_and_structure,toc_candidate,INE005E01013_2025,Ekansh Concepts Limited,2025,VALIDATION,dataset/corpus_gap_audit/reconciled/gap_audit_document_reconciled.csv,document_id=INE005E01013_2025
layout_and_structure,toc_candidate,INE006C01015_2017,K.Z.Leasing & Finance Ltd.,2017,VALIDATION,dataset/corpus_gap_audit/reconciled/gap_audit_document_reconciled.csv,document_id=INE006C01015_2017
layout_and_structure,toc_candidate,INE006C01015_2018,K.Z.Leasing & Finance Ltd.,2018,VALIDATION,dataset/corpus_gap_audit/reconciled/gap_audit_document_reconciled.csv,document_id=INE006C01015_2018
layout_and_structure,toc_candidate,INE006C01015_2024,K.Z.Leasing & Finance Ltd.,2024,VALIDATION,dataset/corpus_gap_audit/reconciled/gap_audit_document_reconciled.csv,document_id=INE006C01015_2024
layout_and_structure,toc_candidate,INE006C01015_2025,K.Z.Leasing & Finance Ltd.,2025,VALIDATION,dataset/corpus_gap_audit/reconciled/gap_audit_document_reconciled.csv,document_id=INE006C01015_2025
layout_and_structure,toc_candidate,INE006I01046_2012,Astral Limited,2012,HOLDOUT,dataset/corpus_gap_audit/reconciled/gap_audit_document_reconciled.csv,document_id=INE006I01046_2012
layout_and_structure,toc_candidate,INE006I01046_2013,Astral Limited,2013,HOLDOUT,dataset/corpus_gap_audit/reconciled/gap_audit_document_reconciled.csv,document_id=INE006I01046_2013
layout_and_structure,toc_candidate,INE006I01046_2017,Astral Limited,2017,HOLDOUT,dataset/corpus_gap_audit/reconciled/gap_audit_document_reconciled.csv,document_id=INE006I01046_2017
layout_and_structure,toc_candidate,INE006I01046_2018,Astral Limited,2018,HOLDOUT,dataset/corpus_gap_audit/reconciled/gap_audit_document_reconciled.csv,document_id=INE006I01046_2018
layout_and_structure,toc_candidate,INE006I01046_2024,Astral Limited,2024,HOLDOUT,dataset/corpus_gap_audit/reconciled/gap_audit_document_reconciled.csv,document_id=INE006I01046_2024
layout_and_structure,toc_candidate,INE007A01025_2012,Crisil Limited,2012,FIT,dataset/corpus_gap_audit/reconciled/gap_audit_document_reconciled.csv,document_id=INE007A01025_2012
layout_and_structure,toc_candidate,INE007A01025_2013,Crisil Limited,2013,FIT,dataset/corpus_gap_audit/reconciled/gap_audit_document_reconciled.csv,document_id=INE007A01025_2013
layout_and_structure,toc_candidate,INE007A01025_2017,Crisil Limited,2017,FIT,dataset/corpus_gap_audit/reconciled/gap_audit_document_reconciled.csv,document_id=INE007A01025_2017
layout_and_structure,toc_candidate,INE007A01025_2018,Crisil Limited,2018,FIT,dataset/corpus_gap_audit/reconciled/gap_audit_document_reconciled.csv,document_id=INE007A01025_2018
layout_and_structure,toc_candidate,INE007A01025_2024,Crisil Limited,2024,FIT,dataset/corpus_gap_audit/reconciled/gap_audit_document_reconciled.csv,document_id=INE007A01025_2024
layout_and_structure,toc_candidate,INE007A01025_2025,Crisil Limited,2025,FIT,dataset/corpus_gap_audit/reconciled/gap_audit_document_reconciled.csv,document_id=INE007A01025_2025
layout_and_structure,toc_candidate,INE008A01015_2012,IDBI Bank Limited,2012,FIT,dataset/corpus_gap_audit/reconciled/gap_audit_document_reconciled.csv,document_id=INE008A01015_2012
layout_and_structure,toc_candidate,INE008A01015_2013,IDBI Bank Limited,2013,FIT,dataset/corpus_gap_audit/reconciled/gap_audit_document_reconciled.csv,document_id=INE008A01015_2013
layout_and_structure,toc_candidate,INE008A01015_2017,IDBI Bank Limited,2017,FIT,dataset/corpus_gap_audit/reconciled/gap_audit_document_reconciled.csv,document_id=INE008A01015_2017
layout_and_structure,toc_candidate,INE008A01015_2018,IDBI Bank Limited,2018,FIT,dataset/corpus_gap_audit/reconciled/gap_audit_document_reconciled.csv,document_id=INE008A01015_2018
layout_and_structure,toc_candidate,INE008A01015_2024,IDBI Bank Limited,2024,FIT,dataset/corpus_gap_audit/reconciled/gap_audit_document_reconciled.csv,document_id=INE008A01015_2024
layout_and_structure,toc_candidate,INE008A01015_2025,IDBI Bank Limited,2025,FIT,dataset/corpus_gap_audit/reconciled/gap_audit_document_reconciled.csv,document_id=INE008A01015_2025
layout_and_structure,toc_candidate,INE009A01021_2012,Infosys Limited,2012,VALIDATION,dataset/corpus_gap_audit/reconciled/gap_audit_document_reconciled.csv,document_id=INE009A01021_2012
layout_and_structure,toc_candidate,INE009A01021_2017,Infosys Limited,2017,VALIDATION,dataset/corpus_gap_audit/reconciled/gap_audit_document_reconciled.csv,document_id=INE009A01021_2017
layout_and_structure,toc_candidate,INE009A01021_2018,Infosys Limited,2018,VALIDATION,dataset/corpus_gap_audit/reconciled/gap_audit_document_reconciled.csv,document_id=INE009A01021_2018
layout_and_structure,toc_candidate,INE009A01021_2024,Infosys Limited,2024,VALIDATION,dataset/corpus_gap_audit/reconciled/gap_audit_document_reconciled.csv,document_id=INE009A01021_2024
layout_and_structure,toc_candidate,INE009A01021_2025,Infosys Limited,2025,VALIDATION,dataset/corpus_gap_audit/reconciled/gap_audit_document_reconciled.csv,document_id=INE009A01021_2025
layout_and_structure,toc_candidate,INE00E101023_2024,Bikaji Foods International Limited,2024,FIT,dataset/corpus_gap_audit/reconciled/gap_audit_document_reconciled.csv,document_id=INE00E101023_2024
layout_and_structure,toc_candidate,INE00E101023_2025,Bikaji Foods International Limited,2025,FIT,dataset/corpus_gap_audit/reconciled/gap_audit_document_reconciled.csv,document_id=INE00E101023_2025
layout_and_structure,toc_candidate,INE00FF01025_2025,Acutaas Chemicals Limited,2025,FIT,dataset/corpus_gap_audit/reconciled/gap_audit_document_reconciled.csv,document_id=INE00FF01025_2025
layout_and_structure,toc_candidate,INE00LO01017_2024,Craftsman Automation Limited,2024,FIT,dataset/corpus_gap_audit/reconciled/gap_audit_document_reconciled.csv,document_id=INE00LO01017_2024
layout_and_structure,toc_candidate,INE00WC01027_2024,Affle 3i Limited,2024,VALIDATION,dataset/corpus_gap_audit/reconciled/gap_audit_document_reconciled.csv,document_id=INE00WC01027_2024
layout_and_structure,toc_candidate,INE00WC01027_2025,Affle 3i Limited,2025,VALIDATION,dataset/corpus_gap_audit/reconciled/gap_audit_document_reconciled.csv,document_id=INE00WC01027_2025
layout_and_structure,toc_candidate,INE040A01034_2012,HDFC Bank Limited,2012,FIT,dataset/corpus_gap_audit/reconciled/gap_audit_document_reconciled.csv,document_id=INE040A01034_2012
layout_and_structure,toc_candidate,INE040A01034_2013,HDFC Bank Limited,2013,FIT,dataset/corpus_gap_audit/reconciled/gap_audit_document_reconciled.csv,document_id=INE040A01034_2013
layout_and_structure,toc_candidate,INE040A01034_2017,HDFC Bank Limited,2017,FIT,dataset/corpus_gap_audit/reconciled/gap_audit_document_reconciled.csv,document_id=INE040A01034_2017
layout_and_structure,toc_candidate,INE040A01034_2018,HDFC Bank Limited,2018,FIT,dataset/corpus_gap_audit/reconciled/gap_audit_document_reconciled.csv,document_id=INE040A01034_2018
layout_and_structure,toc_candidate,INE040A01034_2024,HDFC Bank Limited,2024,FIT,dataset/corpus_gap_audit/reconciled/gap_audit_document_reconciled.csv,document_id=INE040A01034_2024
layout_and_structure,toc_candidate,INE040A01034_2025,HDFC Bank Limited,2025,FIT,dataset/corpus_gap_audit/reconciled/gap_audit_document_reconciled.csv,document_id=INE040A01034_2025
layout_and_structure,toc_candidate,INE044A01036_2012,Sun Pharmaceutical Industries Limited,2012,HOLDOUT,dataset/corpus_gap_audit/reconciled/gap_audit_document_reconciled.csv,document_id=INE044A01036_2012
layout_and_structure,toc_candidate,INE044A01036_2013,Sun Pharmaceutical Industries Limited,2013,HOLDOUT,dataset/corpus_gap_audit/reconciled/gap_audit_document_reconciled.csv,document_id=INE044A01036_2013
layout_and_structure,toc_candidate,INE044A01036_2017,Sun Pharmaceutical Industries Limited,2017,HOLDOUT,dataset/corpus_gap_audit/reconciled/gap_audit_document_reconciled.csv,document_id=INE044A01036_2017
layout_and_structure,toc_candidate,INE044A01036_2018,Sun Pharmaceutical Industries Limited,2018,HOLDOUT,dataset/corpus_gap_audit/reconciled/gap_audit_document_reconciled.csv,document_id=INE044A01036_2018
layout_and_structure,toc_candidate,INE044A01036_2024,Sun Pharmaceutical Industries Limited,2024,HOLDOUT,dataset/corpus_gap_audit/reconciled/gap_audit_document_reconciled.csv,document_id=INE044A01036_2024
layout_and_structure,toc_candidate,INE081A01020_2012,Tata Steel Limited,2012,FIT,dataset/corpus_gap_audit/reconciled/gap_audit_document_reconciled.csv,document_id=INE081A01020_2012
layout_and_structure,toc_candidate,INE081A01020_2013,Tata Steel Limited,2013,FIT,dataset/corpus_gap_audit/reconciled/gap_audit_document_reconciled.csv,document_id=INE081A01020_2013
layout_and_structure,toc_candidate,INE081A01020_2017,Tata Steel Limited,2017,FIT,dataset/corpus_gap_audit/reconciled/gap_audit_document_reconciled.csv,document_id=INE081A01020_2017
layout_and_structure,toc_candidate,INE081A01020_2018,Tata Steel Limited,2018,FIT,dataset/corpus_gap_audit/reconciled/gap_audit_document_reconciled.csv,document_id=INE081A01020_2018
layout_and_structure,toc_candidate,INE081A01020_2024,Tata Steel Limited,2024,FIT,dataset/corpus_gap_audit/reconciled/gap_audit_document_reconciled.csv,document_id=INE081A01020_2024
layout_and_structure,toc_candidate,INE081A01020_2025,Tata Steel Limited,2025,FIT,dataset/corpus_gap_audit/reconciled/gap_audit_document_reconciled.csv,document_id=INE081A01020_2025
layout_and_structure,toc_candidate,INE119A01028_2012,Balrampur Chini Mills Limited,2012,HOLDOUT,dataset/corpus_gap_audit/reconciled/gap_audit_document_reconciled.csv,document_id=INE119A01028_2012
layout_and_structure,toc_candidate,INE119A01028_2013,Balrampur Chini Mills Limited,2013,HOLDOUT,dataset/corpus_gap_audit/reconciled/gap_audit_document_reconciled.csv,document_id=INE119A01028_2013
layout_and_structure,toc_candidate,INE119A01028_2017,Balrampur Chini Mills Limited,2017,HOLDOUT,dataset/corpus_gap_audit/reconciled/gap_audit_document_reconciled.csv,document_id=INE119A01028_2017
layout_and_structure,toc_candidate,INE119A01028_2018,Balrampur Chini Mills Limited,2018,HOLDOUT,dataset/corpus_gap_audit/reconciled/gap_audit_document_reconciled.csv,document_id=INE119A01028_2018
layout_and_structure,toc_candidate,INE119A01028_2024,Balrampur Chini Mills Limited,2024,HOLDOUT,dataset/corpus_gap_audit/reconciled/gap_audit_document_reconciled.csv,document_id=INE119A01028_2024
layout_and_structure,toc_candidate,INE119A01028_2025,Balrampur Chini Mills Limited,2025,HOLDOUT,dataset/corpus_gap_audit/reconciled/gap_audit_document_reconciled.csv,document_id=INE119A01028_2025
layout_and_structure,toc_candidate,INE151A01013_2012,Tata Communications Limited,2012,FIT,dataset/corpus_gap_audit/reconciled/gap_audit_document_reconciled.csv,document_id=INE151A01013_2012
layout_and_structure,toc_candidate,INE151A01013_2013,Tata Communications Limited,2013,FIT,dataset/corpus_gap_audit/reconciled/gap_audit_document_reconciled.csv,document_id=INE151A01013_2013
layout_and_structure,toc_candidate,INE151A01013_2017,Tata Communications Limited,2017,FIT,dataset/corpus_gap_audit/reconciled/gap_audit_document_reconciled.csv,document_id=INE151A01013_2017
layout_and_structure,toc_candidate,INE151A01013_2018,Tata Communications Limited,2018,FIT,dataset/corpus_gap_audit/reconciled/gap_audit_document_reconciled.csv,document_id=INE151A01013_2018
layout_and_structure,toc_candidate,INE151A01013_2024,Tata Communications Limited,2024,FIT,dataset/corpus_gap_audit/reconciled/gap_audit_document_reconciled.csv,document_id=INE151A01013_2024
layout_and_structure,toc_candidate,INE151A01013_2025,Tata Communications Limited,2025,FIT,dataset/corpus_gap_audit/reconciled/gap_audit_document_reconciled.csv,document_id=INE151A01013_2025
layout_and_structure,toc_candidate,INE154A01025_2012,ITC Limited,2012,VALIDATION,dataset/corpus_gap_audit/reconciled/gap_audit_document_reconciled.csv,document_id=INE154A01025_2012
layout_and_structure,toc_candidate,INE154A01025_2013,ITC Limited,2013,VALIDATION,dataset/corpus_gap_audit/reconciled/gap_audit_document_reconciled.csv,document_id=INE154A01025_2013
layout_and_structure,toc_candidate,INE154A01025_2017,ITC Limited,2017,VALIDATION,dataset/corpus_gap_audit/reconciled/gap_audit_document_reconciled.csv,document_id=INE154A01025_2017
layout_and_structure,toc_candidate,INE154A01025_2018,ITC Limited,2018,VALIDATION,dataset/corpus_gap_audit/reconciled/gap_audit_document_reconciled.csv,document_id=INE154A01025_2018
layout_and_structure,toc_candidate,INE154A01025_2024,ITC Limited,2024,VALIDATION,dataset/corpus_gap_audit/reconciled/gap_audit_document_reconciled.csv,document_id=INE154A01025_2024
layout_and_structure,toc_candidate,INE154A01025_2025,ITC Limited,2025,VALIDATION,dataset/corpus_gap_audit/reconciled/gap_audit_document_reconciled.csv,document_id=INE154A01025_2025
layout_and_structure,toc_candidate,INE171A01029_2012,The Federal Bank  Limited,2012,HOLDOUT,dataset/corpus_gap_audit/reconciled/gap_audit_document_reconciled.csv,document_id=INE171A01029_2012
layout_and_structure,toc_candidate,INE171A01029_2013,The Federal Bank  Limited,2013,HOLDOUT,dataset/corpus_gap_audit/reconciled/gap_audit_document_reconciled.csv,document_id=INE171A01029_2013
layout_and_structure,toc_candidate,INE171A01029_2017,The Federal Bank  Limited,2017,HOLDOUT,dataset/corpus_gap_audit/reconciled/gap_audit_document_reconciled.csv,document_id=INE171A01029_2017
layout_and_structure,toc_candidate,INE171A01029_2018,The Federal Bank  Limited,2018,HOLDOUT,dataset/corpus_gap_audit/reconciled/gap_audit_document_reconciled.csv,document_id=INE171A01029_2018
layout_and_structure,toc_candidate,INE171A01029_2024,The Federal Bank  Limited,2024,HOLDOUT,dataset/corpus_gap_audit/reconciled/gap_audit_document_reconciled.csv,document_id=INE171A01029_2024
layout_and_structure,toc_candidate,INE191H01014_2012,PVR INOX Limited,2012,FIT,dataset/corpus_gap_audit/reconciled/gap_audit_document_reconciled.csv,document_id=INE191H01014_2012
layout_and_structure,toc_candidate,INE191H01014_2013,PVR INOX Limited,2013,FIT,dataset/corpus_gap_audit/reconciled/gap_audit_document_reconciled.csv,document_id=INE191H01014_2013
layout_and_structure,toc_candidate,INE191H01014_2024,PVR INOX Limited,2024,FIT,dataset/corpus_gap_audit/reconciled/gap_audit_document_reconciled.csv,document_id=INE191H01014_2024
layout_and_structure,toc_candidate,INE191H01014_2025,PVR INOX Limited,2025,FIT,dataset/corpus_gap_audit/reconciled/gap_audit_document_reconciled.csv,document_id=INE191H01014_2025
layout_and_structure,toc_candidate,INE192B01031_2012,Welspun Living Limited,2012,FIT,dataset/corpus_gap_audit/reconciled/gap_audit_document_reconciled.csv,document_id=INE192B01031_2012
layout_and_structure,toc_candidate,INE192B01031_2013,Welspun Living Limited,2013,FIT,dataset/corpus_gap_audit/reconciled/gap_audit_document_reconciled.csv,document_id=INE192B01031_2013
layout_and_structure,toc_candidate,INE192B01031_2017,Welspun Living Limited,2017,FIT,dataset/corpus_gap_audit/reconciled/gap_audit_document_reconciled.csv,document_id=INE192B01031_2017
layout_and_structure,toc_candidate,INE192B01031_2018,Welspun Living Limited,2018,FIT,dataset/corpus_gap_audit/reconciled/gap_audit_document_reconciled.csv,document_id=INE192B01031_2018
layout_and_structure,toc_candidate,INE192B01031_2024,Welspun Living Limited,2024,FIT,dataset/corpus_gap_audit/reconciled/gap_audit_document_reconciled.csv,document_id=INE192B01031_2024
layout_and_structure,toc_candidate,INE226A01021_2012,Voltas Limited,2012,HOLDOUT,dataset/corpus_gap_audit/reconciled/gap_audit_document_reconciled.csv,document_id=INE226A01021_2012
layout_and_structure,toc_candidate,INE226A01021_2013,Voltas Limited,2013,HOLDOUT,dataset/corpus_gap_audit/reconciled/gap_audit_document_reconciled.csv,document_id=INE226A01021_2013
layout_and_structure,toc_candidate,INE226A01021_2017,Voltas Limited,2017,HOLDOUT,dataset/corpus_gap_audit/reconciled/gap_audit_document_reconciled.csv,document_id=INE226A01021_2017
layout_and_structure,toc_candidate,INE226A01021_2018,Voltas Limited,2018,HOLDOUT,dataset/corpus_gap_audit/reconciled/gap_audit_document_reconciled.csv,document_id=INE226A01021_2018
layout_and_structure,toc_candidate,INE226A01021_2024,Voltas Limited,2024,HOLDOUT,dataset/corpus_gap_audit/reconciled/gap_audit_document_reconciled.csv,document_id=INE226A01021_2024
layout_and_structure,toc_candidate,INE226A01021_2025,Voltas Limited,2025,HOLDOUT,dataset/corpus_gap_audit/reconciled/gap_audit_document_reconciled.csv,document_id=INE226A01021_2025
layout_and_structure,toc_candidate,INE482A01020_2012,CEAT Limited,2012,VALIDATION,dataset/corpus_gap_audit/reconciled/gap_audit_document_reconciled.csv,document_id=INE482A01020_2012
layout_and_structure,toc_candidate,INE482A01020_2013,CEAT Limited,2013,VALIDATION,dataset/corpus_gap_audit/reconciled/gap_audit_document_reconciled.csv,document_id=INE482A01020_2013
layout_and_structure,toc_candidate,INE482A01020_2017,CEAT Limited,2017,VALIDATION,dataset/corpus_gap_audit/reconciled/gap_audit_document_reconciled.csv,document_id=INE482A01020_2017
layout_and_structure,toc_candidate,INE482A01020_2018,CEAT Limited,2018,VALIDATION,dataset/corpus_gap_audit/reconciled/gap_audit_document_reconciled.csv,document_id=INE482A01020_2018
layout_and_structure,toc_candidate,INE482A01020_2024,CEAT Limited,2024,VALIDATION,dataset/corpus_gap_audit/reconciled/gap_audit_document_reconciled.csv,document_id=INE482A01020_2024
layout_and_structure,toc_candidate,INE482A01020_2025,CEAT Limited,2025,VALIDATION,dataset/corpus_gap_audit/reconciled/gap_audit_document_reconciled.csv,document_id=INE482A01020_2025
layout_and_structure,toc_candidate,INE761H01022_2012,Page Industries Limited,2012,FIT,dataset/corpus_gap_audit/reconciled/gap_audit_document_reconciled.csv,document_id=INE761H01022_2012
layout_and_structure,toc_candidate,INE761H01022_2013,Page Industries Limited,2013,FIT,dataset/corpus_gap_audit/reconciled/gap_audit_document_reconciled.csv,document_id=INE761H01022_2013
layout_and_structure,toc_candidate,INE761H01022_2017,Page Industries Limited,2017,FIT,dataset/corpus_gap_audit/reconciled/gap_audit_document_reconciled.csv,document_id=INE761H01022_2017
layout_and_structure,toc_candidate,INE761H01022_2018,Page Industries Limited,2018,FIT,dataset/corpus_gap_audit/reconciled/gap_audit_document_reconciled.csv,document_id=INE761H01022_2018
layout_and_structure,toc_candidate,INE761H01022_2024,Page Industries Limited,2024,FIT,dataset/corpus_gap_audit/reconciled/gap_audit_document_reconciled.csv,document_id=INE761H01022_2024
layout_and_structure,toc_candidate,INE761H01022_2025,Page Industries Limited,2025,FIT,dataset/corpus_gap_audit/reconciled/gap_audit_document_reconciled.csv,document_id=INE761H01022_2025
layout_and_structure,toc_candidate,INE797F01020_2012,Jubilant Foodworks Limited,2012,FIT,dataset/corpus_gap_audit/reconciled/gap_audit_document_reconciled.csv,document_id=INE797F01020_2012
layout_and_structure,toc_candidate,INE797F01020_2013,Jubilant Foodworks Limited,2013,FIT,dataset/corpus_gap_audit/reconciled/gap_audit_document_reconciled.csv,document_id=INE797F01020_2013
layout_and_structure,toc_candidate,INE797F01020_2017,Jubilant Foodworks Limited,2017,FIT,dataset/corpus_gap_audit/reconciled/gap_audit_document_reconciled.csv,document_id=INE797F01020_2017
layout_and_structure,toc_candidate,INE797F01020_2018,Jubilant Foodworks Limited,2018,FIT,dataset/corpus_gap_audit/reconciled/gap_audit_document_reconciled.csv,document_id=INE797F01020_2018
layout_and_structure,toc_candidate,INE797F01020_2024,Jubilant Foodworks Limited,2024,FIT,dataset/corpus_gap_audit/reconciled/gap_audit_document_reconciled.csv,document_id=INE797F01020_2024
layout_and_structure,toc_candidate,INE797F01020_2025,Jubilant Foodworks Limited,2025,FIT,dataset/corpus_gap_audit/reconciled/gap_audit_document_reconciled.csv,document_id=INE797F01020_2025
layout_and_structure,no_toc_keyword_candidate,INE002E01010_2012,Sar  Auto Products Limited,2012,HOLDOUT,dataset/corpus_gap_audit/reconciled/gap_audit_document_reconciled.csv,document_id=INE002E01010_2012
layout_and_structure,no_toc_keyword_candidate,INE002E01010_2013,Sar  Auto Products Limited,2013,HOLDOUT,dataset/corpus_gap_audit/reconciled/gap_audit_document_reconciled.csv,document_id=INE002E01010_2013
layout_and_structure,no_toc_keyword_candidate,INE002L01015_2012,SJVN Limited,2012,HOLDOUT,dataset/corpus_gap_audit/reconciled/gap_audit_document_reconciled.csv,document_id=INE002L01015_2012
layout_and_structure,no_toc_keyword_candidate,INE003B01014_2011,Inter State Oil Carrier Ltd,2011,FIT,dataset/corpus_gap_audit/reconciled/gap_audit_document_reconciled.csv,document_id=INE003B01014_2011
layout_and_structure,no_toc_keyword_candidate,INE003B01014_2013,Inter State Oil Carrier Ltd,2013,FIT,dataset/corpus_gap_audit/reconciled/gap_audit_document_reconciled.csv,document_id=INE003B01014_2013
layout_and_structure,no_toc_keyword_candidate,INE004C01028_2024,Gujarat Cotex Ltd,2024,FIT,dataset/corpus_gap_audit/reconciled/gap_audit_document_reconciled.csv,document_id=INE004C01028_2024
layout_and_structure,no_toc_keyword_candidate,INE004E01016_2018,Span Divergent Limited,2018,FIT,dataset/corpus_gap_audit/reconciled/gap_audit_document_reconciled.csv,document_id=INE004E01016_2018
layout_and_structure,no_toc_keyword_candidate,INE006C01015_2012,K.Z.Leasing & Finance Ltd.,2012,VALIDATION,dataset/corpus_gap_audit/reconciled/gap_audit_document_reconciled.csv,document_id=INE006C01015_2012
layout_and_structure,no_toc_keyword_candidate,INE006C01015_2013,K.Z.Leasing & Finance Ltd.,2013,VALIDATION,dataset/corpus_gap_audit/reconciled/gap_audit_document_reconciled.csv,document_id=INE006C01015_2013
layout_and_structure,no_toc_keyword_candidate,INE006I01046_2025,Astral Limited,2025,HOLDOUT,dataset/corpus_gap_audit/reconciled/gap_audit_document_reconciled.csv,document_id=INE006I01046_2025
layout_and_structure,no_toc_keyword_candidate,INE009A01021_2013,Infosys Limited,2013,VALIDATION,dataset/corpus_gap_audit/reconciled/gap_audit_document_reconciled.csv,document_id=INE009A01021_2013
layout_and_structure,no_toc_keyword_candidate,INE00FF01025_2015,Acutaas Chemicals Limited,2015,FIT,dataset/corpus_gap_audit/reconciled/gap_audit_document_reconciled.csv,document_id=INE00FF01025_2015
layout_and_structure,no_toc_keyword_candidate,INE00FF01025_2024,Acutaas Chemicals Limited,2024,FIT,dataset/corpus_gap_audit/reconciled/gap_audit_document_reconciled.csv,document_id=INE00FF01025_2024
layout_and_structure,no_toc_keyword_candidate,INE00LO01017_2015,Craftsman Automation Limited,2015,FIT,dataset/corpus_gap_audit/reconciled/gap_audit_document_reconciled.csv,document_id=INE00LO01017_2015
layout_and_structure,no_toc_keyword_candidate,INE00LO01017_2025,Craftsman Automation Limited,2025,FIT,dataset/corpus_gap_audit/reconciled/gap_audit_document_reconciled.csv,document_id=INE00LO01017_2025
layout_and_structure,no_toc_keyword_candidate,INE044A01036_2025,Sun Pharmaceutical Industries Limited,2025,HOLDOUT,dataset/corpus_gap_audit/reconciled/gap_audit_document_reconciled.csv,document_id=INE044A01036_2025
layout_and_structure,no_toc_keyword_candidate,INE171A01029_2025,The Federal Bank  Limited,2025,HOLDOUT,dataset/corpus_gap_audit/reconciled/gap_audit_document_reconciled.csv,document_id=INE171A01029_2025
layout_and_structure,no_toc_keyword_candidate,INE191H01014_2017,PVR INOX Limited,2017,FIT,dataset/corpus_gap_audit/reconciled/gap_audit_document_reconciled.csv,document_id=INE191H01014_2017
layout_and_structure,no_toc_keyword_candidate,INE191H01014_2018,PVR INOX Limited,2018,FIT,dataset/corpus_gap_audit/reconciled/gap_audit_document_reconciled.csv,document_id=INE191H01014_2018
layout_and_structure,no_toc_keyword_candidate,INE192B01031_2025,Welspun Living Limited,2025,FIT,dataset/corpus_gap_audit/reconciled/gap_audit_document_reconciled.csv,document_id=INE192B01031_2025
coverage_intersections,scanned_with_multi_column,INE001B01026_2013,KRBL Limited,2013,VALIDATION,dataset/corpus_gap_audit/reconciled/gap_audit_document_reconciled.csv,document_id=INE001B01026_2013
coverage_intersections,scanned_with_multi_column,INE001B01026_2017,KRBL Limited,2017,VALIDATION,dataset/corpus_gap_audit/reconciled/gap_audit_document_reconciled.csv,document_id=INE001B01026_2017
coverage_intersections,scanned_with_multi_column,INE001B01026_2018,KRBL Limited,2018,VALIDATION,dataset/corpus_gap_audit/reconciled/gap_audit_document_reconciled.csv,document_id=INE001B01026_2018
coverage_intersections,scanned_with_multi_column,INE001B01026_2025,KRBL Limited,2025,VALIDATION,dataset/corpus_gap_audit/reconciled/gap_audit_document_reconciled.csv,document_id=INE001B01026_2025
coverage_intersections,scanned_with_multi_column,INE001F01019_2018,Modern Steels Limited,2018,FIT,dataset/corpus_gap_audit/reconciled/gap_audit_document_reconciled.csv,document_id=INE001F01019_2018
coverage_intersections,scanned_with_multi_column,INE001O01029_2013,Risa International Limited,2013,HOLDOUT,dataset/corpus_gap_audit/reconciled/gap_audit_document_reconciled.csv,document_id=INE001O01029_2013
coverage_intersections,scanned_with_multi_column,INE001O01029_2017,Risa International Limited,2017,HOLDOUT,dataset/corpus_gap_audit/reconciled/gap_audit_document_reconciled.csv,document_id=INE001O01029_2017
coverage_intersections,scanned_with_multi_column,INE002A01018_2013,Reliance Industries Limited,2013,FIT,dataset/corpus_gap_audit/reconciled/gap_audit_document_reconciled.csv,document_id=INE002A01018_2013
coverage_intersections,scanned_with_multi_column,INE002A01018_2017,Reliance Industries Limited,2017,FIT,dataset/corpus_gap_audit/reconciled/gap_audit_document_reconciled.csv,document_id=INE002A01018_2017
coverage_intersections,scanned_with_multi_column,INE002B01016_2012,MADALA HOLDINGS LIMITED,2012,HOLDOUT,dataset/corpus_gap_audit/reconciled/gap_audit_document_reconciled.csv,document_id=INE002B01016_2012
coverage_intersections,scanned_with_multi_column,INE002E01010_2013,Sar  Auto Products Limited,2013,HOLDOUT,dataset/corpus_gap_audit/reconciled/gap_audit_document_reconciled.csv,document_id=INE002E01010_2013
coverage_intersections,scanned_with_multi_column,INE002L01015_2013,SJVN Limited,2013,HOLDOUT,dataset/corpus_gap_audit/reconciled/gap_audit_document_reconciled.csv,document_id=INE002L01015_2013
coverage_intersections,scanned_with_multi_column,INE002L01015_2017,SJVN Limited,2017,HOLDOUT,dataset/corpus_gap_audit/reconciled/gap_audit_document_reconciled.csv,document_id=INE002L01015_2017
coverage_intersections,scanned_with_multi_column,INE002L01015_2018,SJVN Limited,2018,HOLDOUT,dataset/corpus_gap_audit/reconciled/gap_audit_document_reconciled.csv,document_id=INE002L01015_2018
coverage_intersections,scanned_with_multi_column,INE002L01015_2025,SJVN Limited,2025,HOLDOUT,dataset/corpus_gap_audit/reconciled/gap_audit_document_reconciled.csv,document_id=INE002L01015_2025
coverage_intersections,scanned_with_multi_column,INE002S01010_2017,Mahanagar Gas Limited,2017,VALIDATION,dataset/corpus_gap_audit/reconciled/gap_audit_document_reconciled.csv,document_id=INE002S01010_2017
coverage_intersections,scanned_with_multi_column,INE002S01010_2024,Mahanagar Gas Limited,2024,VALIDATION,dataset/corpus_gap_audit/reconciled/gap_audit_document_reconciled.csv,document_id=INE002S01010_2024
coverage_intersections,scanned_with_multi_column,INE003F01015_2024,Muller & Phipps (India) Ltd.,2024,VALIDATION,dataset/corpus_gap_audit/reconciled/gap_audit_document_reconciled.csv,document_id=INE003F01015_2024
coverage_intersections,scanned_with_multi_column,INE003F01015_2025,Muller & Phipps (India) Ltd.,2025,VALIDATION,dataset/corpus_gap_audit/reconciled/gap_audit_document_reconciled.csv,document_id=INE003F01015_2025
coverage_intersections,scanned_with_multi_column,INE004C01028_2024,Gujarat Cotex Ltd,2024,FIT,dataset/corpus_gap_audit/reconciled/gap_audit_document_reconciled.csv,document_id=INE004C01028_2024
coverage_intersections,scanned_with_multi_column,INE004E01016_2013,Span Divergent Limited,2013,FIT,dataset/corpus_gap_audit/reconciled/gap_audit_document_reconciled.csv,document_id=INE004E01016_2013
coverage_intersections,scanned_with_multi_column,INE004E01016_2017,Span Divergent Limited,2017,FIT,dataset/corpus_gap_audit/reconciled/gap_audit_document_reconciled.csv,document_id=INE004E01016_2017
coverage_intersections,scanned_with_multi_column,INE004E01016_2018,Span Divergent Limited,2018,FIT,dataset/corpus_gap_audit/reconciled/gap_audit_document_reconciled.csv,document_id=INE004E01016_2018
coverage_intersections,scanned_with_multi_column,INE005E01013_2025,Ekansh Concepts Limited,2025,VALIDATION,dataset/corpus_gap_audit/reconciled/gap_audit_document_reconciled.csv,document_id=INE005E01013_2025
coverage_intersections,scanned_with_multi_column,INE006C01015_2017,K.Z.Leasing & Finance Ltd.,2017,VALIDATION,dataset/corpus_gap_audit/reconciled/gap_audit_document_reconciled.csv,document_id=INE006C01015_2017
coverage_intersections,scanned_with_multi_column,INE006I01046_2017,Astral Limited,2017,HOLDOUT,dataset/corpus_gap_audit/reconciled/gap_audit_document_reconciled.csv,document_id=INE006I01046_2017
coverage_intersections,scanned_with_multi_column,INE008A01015_2017,IDBI Bank Limited,2017,FIT,dataset/corpus_gap_audit/reconciled/gap_audit_document_reconciled.csv,document_id=INE008A01015_2017
coverage_intersections,scanned_with_multi_column,INE008A01015_2018,IDBI Bank Limited,2018,FIT,dataset/corpus_gap_audit/reconciled/gap_audit_document_reconciled.csv,document_id=INE008A01015_2018
coverage_intersections,scanned_with_multi_column,INE008A01015_2024,IDBI Bank Limited,2024,FIT,dataset/corpus_gap_audit/reconciled/gap_audit_document_reconciled.csv,document_id=INE008A01015_2024
coverage_intersections,scanned_with_multi_column,INE008A01015_2025,IDBI Bank Limited,2025,FIT,dataset/corpus_gap_audit/reconciled/gap_audit_document_reconciled.csv,document_id=INE008A01015_2025
coverage_intersections,scanned_with_multi_column,INE009A01021_2012,Infosys Limited,2012,VALIDATION,dataset/corpus_gap_audit/reconciled/gap_audit_document_reconciled.csv,document_id=INE009A01021_2012
coverage_intersections,scanned_with_multi_column,INE00E101023_2025,Bikaji Foods International Limited,2025,FIT,dataset/corpus_gap_audit/reconciled/gap_audit_document_reconciled.csv,document_id=INE00E101023_2025
coverage_intersections,scanned_with_multi_column,INE040A01034_2012,HDFC Bank Limited,2012,FIT,dataset/corpus_gap_audit/reconciled/gap_audit_document_reconciled.csv,document_id=INE040A01034_2012
coverage_intersections,scanned_with_multi_column,INE040A01034_2013,HDFC Bank Limited,2013,FIT,dataset/corpus_gap_audit/reconciled/gap_audit_document_reconciled.csv,document_id=INE040A01034_2013
coverage_intersections,scanned_with_multi_column,INE040A01034_2017,HDFC Bank Limited,2017,FIT,dataset/corpus_gap_audit/reconciled/gap_audit_document_reconciled.csv,document_id=INE040A01034_2017
coverage_intersections,scanned_with_multi_column,INE040A01034_2025,HDFC Bank Limited,2025,FIT,dataset/corpus_gap_audit/reconciled/gap_audit_document_reconciled.csv,document_id=INE040A01034_2025
coverage_intersections,scanned_with_multi_column,INE044A01036_2017,Sun Pharmaceutical Industries Limited,2017,HOLDOUT,dataset/corpus_gap_audit/reconciled/gap_audit_document_reconciled.csv,document_id=INE044A01036_2017
coverage_intersections,scanned_with_multi_column,INE044A01036_2018,Sun Pharmaceutical Industries Limited,2018,HOLDOUT,dataset/corpus_gap_audit/reconciled/gap_audit_document_reconciled.csv,document_id=INE044A01036_2018
coverage_intersections,scanned_with_multi_column,INE081A01020_2017,Tata Steel Limited,2017,FIT,dataset/corpus_gap_audit/reconciled/gap_audit_document_reconciled.csv,document_id=INE081A01020_2017
coverage_intersections,scanned_with_multi_column,INE119A01028_2013,Balrampur Chini Mills Limited,2013,HOLDOUT,dataset/corpus_gap_audit/reconciled/gap_audit_document_reconciled.csv,document_id=INE119A01028_2013
coverage_intersections,scanned_with_multi_column,INE119A01028_2017,Balrampur Chini Mills Limited,2017,HOLDOUT,dataset/corpus_gap_audit/reconciled/gap_audit_document_reconciled.csv,document_id=INE119A01028_2017
coverage_intersections,scanned_with_multi_column,INE119A01028_2018,Balrampur Chini Mills Limited,2018,HOLDOUT,dataset/corpus_gap_audit/reconciled/gap_audit_document_reconciled.csv,document_id=INE119A01028_2018
coverage_intersections,scanned_with_multi_column,INE151A01013_2017,Tata Communications Limited,2017,FIT,dataset/corpus_gap_audit/reconciled/gap_audit_document_reconciled.csv,document_id=INE151A01013_2017
coverage_intersections,scanned_with_multi_column,INE151A01013_2018,Tata Communications Limited,2018,FIT,dataset/corpus_gap_audit/reconciled/gap_audit_document_reconciled.csv,document_id=INE151A01013_2018
coverage_intersections,scanned_with_multi_column,INE171A01029_2017,The Federal Bank  Limited,2017,HOLDOUT,dataset/corpus_gap_audit/reconciled/gap_audit_document_reconciled.csv,document_id=INE171A01029_2017
coverage_intersections,scanned_with_multi_column,INE171A01029_2018,The Federal Bank  Limited,2018,HOLDOUT,dataset/corpus_gap_audit/reconciled/gap_audit_document_reconciled.csv,document_id=INE171A01029_2018
coverage_intersections,scanned_with_multi_column,INE171A01029_2025,The Federal Bank  Limited,2025,HOLDOUT,dataset/corpus_gap_audit/reconciled/gap_audit_document_reconciled.csv,document_id=INE171A01029_2025
coverage_intersections,scanned_with_multi_column,INE191H01014_2012,PVR INOX Limited,2012,FIT,dataset/corpus_gap_audit/reconciled/gap_audit_document_reconciled.csv,document_id=INE191H01014_2012
coverage_intersections,scanned_with_multi_column,INE191H01014_2013,PVR INOX Limited,2013,FIT,dataset/corpus_gap_audit/reconciled/gap_audit_document_reconciled.csv,document_id=INE191H01014_2013
coverage_intersections,scanned_with_multi_column,INE191H01014_2017,PVR INOX Limited,2017,FIT,dataset/corpus_gap_audit/reconciled/gap_audit_document_reconciled.csv,document_id=INE191H01014_2017
coverage_intersections,scanned_with_multi_column,INE191H01014_2018,PVR INOX Limited,2018,FIT,dataset/corpus_gap_audit/reconciled/gap_audit_document_reconciled.csv,document_id=INE191H01014_2018
coverage_intersections,scanned_with_multi_column,INE192B01031_2017,Welspun Living Limited,2017,FIT,dataset/corpus_gap_audit/reconciled/gap_audit_document_reconciled.csv,document_id=INE192B01031_2017
coverage_intersections,scanned_with_multi_column,INE192B01031_2025,Welspun Living Limited,2025,FIT,dataset/corpus_gap_audit/reconciled/gap_audit_document_reconciled.csv,document_id=INE192B01031_2025
coverage_intersections,scanned_with_multi_column,INE226A01021_2017,Voltas Limited,2017,HOLDOUT,dataset/corpus_gap_audit/reconciled/gap_audit_document_reconciled.csv,document_id=INE226A01021_2017
coverage_intersections,scanned_with_multi_column,INE226A01021_2025,Voltas Limited,2025,HOLDOUT,dataset/corpus_gap_audit/reconciled/gap_audit_document_reconciled.csv,document_id=INE226A01021_2025
coverage_intersections,scanned_with_multi_column,INE482A01020_2012,CEAT Limited,2012,VALIDATION,dataset/corpus_gap_audit/reconciled/gap_audit_document_reconciled.csv,document_id=INE482A01020_2012
coverage_intersections,scanned_with_multi_column,INE482A01020_2013,CEAT Limited,2013,VALIDATION,dataset/corpus_gap_audit/reconciled/gap_audit_document_reconciled.csv,document_id=INE482A01020_2013
coverage_intersections,scanned_with_multi_column,INE482A01020_2017,CEAT Limited,2017,VALIDATION,dataset/corpus_gap_audit/reconciled/gap_audit_document_reconciled.csv,document_id=INE482A01020_2017
coverage_intersections,scanned_with_multi_column,INE482A01020_2018,CEAT Limited,2018,VALIDATION,dataset/corpus_gap_audit/reconciled/gap_audit_document_reconciled.csv,document_id=INE482A01020_2018
coverage_intersections,scanned_with_multi_column,INE761H01022_2017,Page Industries Limited,2017,FIT,dataset/corpus_gap_audit/reconciled/gap_audit_document_reconciled.csv,document_id=INE761H01022_2017
coverage_intersections,scanned_with_multi_column,INE797F01020_2017,Jubilant Foodworks Limited,2017,FIT,dataset/corpus_gap_audit/reconciled/gap_audit_document_reconciled.csv,document_id=INE797F01020_2017
coverage_intersections,scanned_with_table_candidate,INE001B01026_2013,KRBL Limited,2013,VALIDATION,dataset/corpus_gap_audit/reconciled/gap_audit_document_reconciled.csv,document_id=INE001B01026_2013
coverage_intersections,scanned_with_table_candidate,INE001B01026_2017,KRBL Limited,2017,VALIDATION,dataset/corpus_gap_audit/reconciled/gap_audit_document_reconciled.csv,document_id=INE001B01026_2017
coverage_intersections,scanned_with_table_candidate,INE001B01026_2018,KRBL Limited,2018,VALIDATION,dataset/corpus_gap_audit/reconciled/gap_audit_document_reconciled.csv,document_id=INE001B01026_2018
coverage_intersections,scanned_with_table_candidate,INE001B01026_2025,KRBL Limited,2025,VALIDATION,dataset/corpus_gap_audit/reconciled/gap_audit_document_reconciled.csv,document_id=INE001B01026_2025
coverage_intersections,scanned_with_table_candidate,INE001F01019_2018,Modern Steels Limited,2018,FIT,dataset/corpus_gap_audit/reconciled/gap_audit_document_reconciled.csv,document_id=INE001F01019_2018
coverage_intersections,scanned_with_table_candidate,INE001O01029_2013,Risa International Limited,2013,HOLDOUT,dataset/corpus_gap_audit/reconciled/gap_audit_document_reconciled.csv,document_id=INE001O01029_2013
coverage_intersections,scanned_with_table_candidate,INE001O01029_2017,Risa International Limited,2017,HOLDOUT,dataset/corpus_gap_audit/reconciled/gap_audit_document_reconciled.csv,document_id=INE001O01029_2017
coverage_intersections,scanned_with_table_candidate,INE002A01018_2013,Reliance Industries Limited,2013,FIT,dataset/corpus_gap_audit/reconciled/gap_audit_document_reconciled.csv,document_id=INE002A01018_2013
coverage_intersections,scanned_with_table_candidate,INE002A01018_2017,Reliance Industries Limited,2017,FIT,dataset/corpus_gap_audit/reconciled/gap_audit_document_reconciled.csv,document_id=INE002A01018_2017
coverage_intersections,scanned_with_table_candidate,INE002B01016_2012,MADALA HOLDINGS LIMITED,2012,HOLDOUT,dataset/corpus_gap_audit/reconciled/gap_audit_document_reconciled.csv,document_id=INE002B01016_2012
coverage_intersections,scanned_with_table_candidate,INE002E01010_2013,Sar  Auto Products Limited,2013,HOLDOUT,dataset/corpus_gap_audit/reconciled/gap_audit_document_reconciled.csv,document_id=INE002E01010_2013
coverage_intersections,scanned_with_table_candidate,INE002L01015_2013,SJVN Limited,2013,HOLDOUT,dataset/corpus_gap_audit/reconciled/gap_audit_document_reconciled.csv,document_id=INE002L01015_2013
coverage_intersections,scanned_with_table_candidate,INE002L01015_2017,SJVN Limited,2017,HOLDOUT,dataset/corpus_gap_audit/reconciled/gap_audit_document_reconciled.csv,document_id=INE002L01015_2017
coverage_intersections,scanned_with_table_candidate,INE002L01015_2018,SJVN Limited,2018,HOLDOUT,dataset/corpus_gap_audit/reconciled/gap_audit_document_reconciled.csv,document_id=INE002L01015_2018
coverage_intersections,scanned_with_table_candidate,INE002L01015_2025,SJVN Limited,2025,HOLDOUT,dataset/corpus_gap_audit/reconciled/gap_audit_document_reconciled.csv,document_id=INE002L01015_2025
coverage_intersections,scanned_with_table_candidate,INE002S01010_2017,Mahanagar Gas Limited,2017,VALIDATION,dataset/corpus_gap_audit/reconciled/gap_audit_document_reconciled.csv,document_id=INE002S01010_2017
coverage_intersections,scanned_with_table_candidate,INE002S01010_2024,Mahanagar Gas Limited,2024,VALIDATION,dataset/corpus_gap_audit/reconciled/gap_audit_document_reconciled.csv,document_id=INE002S01010_2024
coverage_intersections,scanned_with_table_candidate,INE003F01015_2024,Muller & Phipps (India) Ltd.,2024,VALIDATION,dataset/corpus_gap_audit/reconciled/gap_audit_document_reconciled.csv,document_id=INE003F01015_2024
coverage_intersections,scanned_with_table_candidate,INE003F01015_2025,Muller & Phipps (India) Ltd.,2025,VALIDATION,dataset/corpus_gap_audit/reconciled/gap_audit_document_reconciled.csv,document_id=INE003F01015_2025
coverage_intersections,scanned_with_table_candidate,INE004E01016_2013,Span Divergent Limited,2013,FIT,dataset/corpus_gap_audit/reconciled/gap_audit_document_reconciled.csv,document_id=INE004E01016_2013
coverage_intersections,scanned_with_table_candidate,INE004E01016_2017,Span Divergent Limited,2017,FIT,dataset/corpus_gap_audit/reconciled/gap_audit_document_reconciled.csv,document_id=INE004E01016_2017
coverage_intersections,scanned_with_table_candidate,INE004E01016_2018,Span Divergent Limited,2018,FIT,dataset/corpus_gap_audit/reconciled/gap_audit_document_reconciled.csv,document_id=INE004E01016_2018
coverage_intersections,scanned_with_table_candidate,INE005E01013_2025,Ekansh Concepts Limited,2025,VALIDATION,dataset/corpus_gap_audit/reconciled/gap_audit_document_reconciled.csv,document_id=INE005E01013_2025
coverage_intersections,scanned_with_table_candidate,INE006C01015_2017,K.Z.Leasing & Finance Ltd.,2017,VALIDATION,dataset/corpus_gap_audit/reconciled/gap_audit_document_reconciled.csv,document_id=INE006C01015_2017
coverage_intersections,scanned_with_table_candidate,INE006I01046_2017,Astral Limited,2017,HOLDOUT,dataset/corpus_gap_audit/reconciled/gap_audit_document_reconciled.csv,document_id=INE006I01046_2017
coverage_intersections,scanned_with_table_candidate,INE008A01015_2017,IDBI Bank Limited,2017,FIT,dataset/corpus_gap_audit/reconciled/gap_audit_document_reconciled.csv,document_id=INE008A01015_2017
coverage_intersections,scanned_with_table_candidate,INE008A01015_2018,IDBI Bank Limited,2018,FIT,dataset/corpus_gap_audit/reconciled/gap_audit_document_reconciled.csv,document_id=INE008A01015_2018
coverage_intersections,scanned_with_table_candidate,INE008A01015_2024,IDBI Bank Limited,2024,FIT,dataset/corpus_gap_audit/reconciled/gap_audit_document_reconciled.csv,document_id=INE008A01015_2024
coverage_intersections,scanned_with_table_candidate,INE008A01015_2025,IDBI Bank Limited,2025,FIT,dataset/corpus_gap_audit/reconciled/gap_audit_document_reconciled.csv,document_id=INE008A01015_2025
coverage_intersections,scanned_with_table_candidate,INE009A01021_2012,Infosys Limited,2012,VALIDATION,dataset/corpus_gap_audit/reconciled/gap_audit_document_reconciled.csv,document_id=INE009A01021_2012
coverage_intersections,scanned_with_table_candidate,INE00E101023_2025,Bikaji Foods International Limited,2025,FIT,dataset/corpus_gap_audit/reconciled/gap_audit_document_reconciled.csv,document_id=INE00E101023_2025
coverage_intersections,scanned_with_table_candidate,INE040A01034_2012,HDFC Bank Limited,2012,FIT,dataset/corpus_gap_audit/reconciled/gap_audit_document_reconciled.csv,document_id=INE040A01034_2012
coverage_intersections,scanned_with_table_candidate,INE040A01034_2013,HDFC Bank Limited,2013,FIT,dataset/corpus_gap_audit/reconciled/gap_audit_document_reconciled.csv,document_id=INE040A01034_2013
coverage_intersections,scanned_with_table_candidate,INE040A01034_2017,HDFC Bank Limited,2017,FIT,dataset/corpus_gap_audit/reconciled/gap_audit_document_reconciled.csv,document_id=INE040A01034_2017
coverage_intersections,scanned_with_table_candidate,INE040A01034_2025,HDFC Bank Limited,2025,FIT,dataset/corpus_gap_audit/reconciled/gap_audit_document_reconciled.csv,document_id=INE040A01034_2025
coverage_intersections,scanned_with_table_candidate,INE044A01036_2017,Sun Pharmaceutical Industries Limited,2017,HOLDOUT,dataset/corpus_gap_audit/reconciled/gap_audit_document_reconciled.csv,document_id=INE044A01036_2017
coverage_intersections,scanned_with_table_candidate,INE044A01036_2018,Sun Pharmaceutical Industries Limited,2018,HOLDOUT,dataset/corpus_gap_audit/reconciled/gap_audit_document_reconciled.csv,document_id=INE044A01036_2018
coverage_intersections,scanned_with_table_candidate,INE081A01020_2017,Tata Steel Limited,2017,FIT,dataset/corpus_gap_audit/reconciled/gap_audit_document_reconciled.csv,document_id=INE081A01020_2017
coverage_intersections,scanned_with_table_candidate,INE119A01028_2013,Balrampur Chini Mills Limited,2013,HOLDOUT,dataset/corpus_gap_audit/reconciled/gap_audit_document_reconciled.csv,document_id=INE119A01028_2013
coverage_intersections,scanned_with_table_candidate,INE119A01028_2017,Balrampur Chini Mills Limited,2017,HOLDOUT,dataset/corpus_gap_audit/reconciled/gap_audit_document_reconciled.csv,document_id=INE119A01028_2017
coverage_intersections,scanned_with_table_candidate,INE119A01028_2018,Balrampur Chini Mills Limited,2018,HOLDOUT,dataset/corpus_gap_audit/reconciled/gap_audit_document_reconciled.csv,document_id=INE119A01028_2018
coverage_intersections,scanned_with_table_candidate,INE151A01013_2017,Tata Communications Limited,2017,FIT,dataset/corpus_gap_audit/reconciled/gap_audit_document_reconciled.csv,document_id=INE151A01013_2017
coverage_intersections,scanned_with_table_candidate,INE151A01013_2018,Tata Communications Limited,2018,FIT,dataset/corpus_gap_audit/reconciled/gap_audit_document_reconciled.csv,document_id=INE151A01013_2018
coverage_intersections,scanned_with_table_candidate,INE171A01029_2017,The Federal Bank  Limited,2017,HOLDOUT,dataset/corpus_gap_audit/reconciled/gap_audit_document_reconciled.csv,document_id=INE171A01029_2017
coverage_intersections,scanned_with_table_candidate,INE171A01029_2018,The Federal Bank  Limited,2018,HOLDOUT,dataset/corpus_gap_audit/reconciled/gap_audit_document_reconciled.csv,document_id=INE171A01029_2018
coverage_intersections,scanned_with_table_candidate,INE171A01029_2025,The Federal Bank  Limited,2025,HOLDOUT,dataset/corpus_gap_audit/reconciled/gap_audit_document_reconciled.csv,document_id=INE171A01029_2025
coverage_intersections,scanned_with_table_candidate,INE191H01014_2012,PVR INOX Limited,2012,FIT,dataset/corpus_gap_audit/reconciled/gap_audit_document_reconciled.csv,document_id=INE191H01014_2012
coverage_intersections,scanned_with_table_candidate,INE191H01014_2013,PVR INOX Limited,2013,FIT,dataset/corpus_gap_audit/reconciled/gap_audit_document_reconciled.csv,document_id=INE191H01014_2013
coverage_intersections,scanned_with_table_candidate,INE191H01014_2017,PVR INOX Limited,2017,FIT,dataset/corpus_gap_audit/reconciled/gap_audit_document_reconciled.csv,document_id=INE191H01014_2017
coverage_intersections,scanned_with_table_candidate,INE191H01014_2018,PVR INOX Limited,2018,FIT,dataset/corpus_gap_audit/reconciled/gap_audit_document_reconciled.csv,document_id=INE191H01014_2018
coverage_intersections,scanned_with_table_candidate,INE192B01031_2017,Welspun Living Limited,2017,FIT,dataset/corpus_gap_audit/reconciled/gap_audit_document_reconciled.csv,document_id=INE192B01031_2017
coverage_intersections,scanned_with_table_candidate,INE192B01031_2025,Welspun Living Limited,2025,FIT,dataset/corpus_gap_audit/reconciled/gap_audit_document_reconciled.csv,document_id=INE192B01031_2025
coverage_intersections,scanned_with_table_candidate,INE226A01021_2017,Voltas Limited,2017,HOLDOUT,dataset/corpus_gap_audit/reconciled/gap_audit_document_reconciled.csv,document_id=INE226A01021_2017
coverage_intersections,scanned_with_table_candidate,INE226A01021_2025,Voltas Limited,2025,HOLDOUT,dataset/corpus_gap_audit/reconciled/gap_audit_document_reconciled.csv,document_id=INE226A01021_2025
coverage_intersections,scanned_with_table_candidate,INE482A01020_2012,CEAT Limited,2012,VALIDATION,dataset/corpus_gap_audit/reconciled/gap_audit_document_reconciled.csv,document_id=INE482A01020_2012
coverage_intersections,scanned_with_table_candidate,INE482A01020_2013,CEAT Limited,2013,VALIDATION,dataset/corpus_gap_audit/reconciled/gap_audit_document_reconciled.csv,document_id=INE482A01020_2013
coverage_intersections,scanned_with_table_candidate,INE482A01020_2017,CEAT Limited,2017,VALIDATION,dataset/corpus_gap_audit/reconciled/gap_audit_document_reconciled.csv,document_id=INE482A01020_2017
coverage_intersections,scanned_with_table_candidate,INE482A01020_2018,CEAT Limited,2018,VALIDATION,dataset/corpus_gap_audit/reconciled/gap_audit_document_reconciled.csv,document_id=INE482A01020_2018
coverage_intersections,scanned_with_table_candidate,INE761H01022_2017,Page Industries Limited,2017,FIT,dataset/corpus_gap_audit/reconciled/gap_audit_document_reconciled.csv,document_id=INE761H01022_2017
coverage_intersections,scanned_with_table_candidate,INE797F01020_2017,Jubilant Foodworks Limited,2017,FIT,dataset/corpus_gap_audit/reconciled/gap_audit_document_reconciled.csv,document_id=INE797F01020_2017
