company_id,canonical_name,isin,cin,nse_symbol,bse_scrip,aliases,sector,cap_band,status
IN9175A01010,Jain Irrigation Systems Limited,IN9175A01010,,JISLDVREQS,,,,,active
IN9623B01058,Future Enterprises Limited,IN9623B01058,,FELDVR,,FRLDVR|PRETAILDVR,,,active
INE001B01026,KRBL Limited,INE001B01026,,KRBL,,,,,active
INE001E01012,Premco Global Limited,INE001E01012,,PREMCO,,,,,active
INE002A01018,Reliance Industries Limited,INE002A01018,,RELIANCE,,,,,active
INE002L01015,SJVN Limited,INE002L01015,,SJVN,,,,,active
INE002S01010,Mahanagar Gas Limited,INE002S01010,,MGL,,,,,active
INE003A01024,Siemens Limited,INE003A01024,,SIEMENS,,,,,active
INE004A01022,Protean eGov Technologies Limited,INE004A01022,,PROTEAN,,,,,active
INE005B01027,Avantel Limited,INE005B01027,,AVANTEL,,,,,active
INE005C01017,RTS Power Corporation Limited,INE005C01017,,RTSPOWR,,,,,active
INE005I01014,AMD Industries Limited,INE005I01014,,AMDIND,,AMDMET,,,active
INE006I01046,Astral Limited,INE006I01046,,ASTRAL,,,,,active
INE006Z01016,Arvee Laboratories (India) Limited,INE006Z01016,,ARVEE,,,,,active
INE007A01025,Crisil Limited,INE007A01025,,CRISIL,,,,,active
INE007B01023,Geojit Financial Services Limited,INE007B01023,,GEOJITFSL,,GEOJIT|GEOJITBNPP,,,active
INE007N01010,Fedbank Financial Services Limited,INE007N01010,,FEDFINA,,,,,active
INE008A01015,IDBI Bank Limited,INE008A01015,,IDBI,,,,,active
INE009A01021,Infosys Limited,INE009A01021,,INFY,,INFOSYSTCH,,,active
INE009C01019,Sri KPR Industries Limited,INE009C01019,,SRIKPRIND,,,,,active
INE00CA01015,TREJHARA SOLUTIONS LIMITED,INE00CA01015,,TREJHARA,,,,,active
INE00CE01017,Shree Vasu Logistics Limited,INE00CE01017,,SVLL,,,,,active
INE00E101023,Bikaji Foods International Limited,INE00E101023,,BIKAJI,,,,,active
INE00EM01016,Megastar Foods Limited,INE00EM01016,,MEGASTAR,,,,,active
INE00EV01017,Hariom Pipe Industries Limited,INE00EV01017,,HARIOMPIPE,,,,,active
INE00F201020,Prudent Corporate Advisory Services Limited,INE00F201020,,PRUDENT,,,,,active
INE00FF01025,Acutaas Chemicals Limited,INE00FF01025,,ACUTAAS,,AMIORG,,,active
INE00GO01025,LEAP India Limited,INE00GO01025,,LEAPIND,,LEAP,,,active
INE00H001014,Swiggy Limited,INE00H001014,,SWIGGY,,,,,active
INE00HZ01011,BN Agrochem Limited,INE00HZ01011,,BNAGROCHEM,,,,,active
INE00IK01029,ShreeOswal Seeds And Chemicals Limited,INE00IK01029,,OSWALSEEDS,,,,,active
INE00IN01015,Stove Kraft Limited,INE00IN01015,,STOVEKRAFT,,,,,active
INE00IT01020,Milky Mist Dairy Food Limited,INE00IT01020,,MILKYMIST,,,,,active
INE00IY01012,Deep Polymers Limited,INE00IY01012,,DEEP,,,,,active
INE00KV01022,Rajnandini Metal Limited,INE00KV01022,,RAJMET,,,,,active
INE00LM01029,SONAM LIMITED,INE00LM01029,,SONAMLTD,,SONAMCLOCK,,,active
INE00LO01017,Craftsman Automation Limited,INE00LO01017,,CRAFTSMAN,,,,,active
INE00M201021,Sterling and Wilson Renewable Energy Limited,INE00M201021,,SWSOLAR,,,,,active
INE00M901018,Interarch Building Solutions Limited,INE00M901018,,INTERARCH,,,,,active
INE00OQ01016,Dharmaj Crop Guard Limited,INE00OQ01016,,DHARMAJ,,,,,active
INE00PV01013,Ahlada Engineers Limited,INE00PV01013,,AHLADA,,,,,active
INE00Q601028,Studds Accessories Limited,INE00Q601028,,STUDDS,,,,,active
INE00QT01015,Synergy Green Industries Limited,INE00QT01015,,SGIL,,,,,active
INE00R701025,Dalmia Bharat Limited,INE00R701025,,DALBHARAT,,,,,active
INE00RL01028,Highway Infrastructure Limited,INE00RL01028,,HILINFRA,,,,,active
INE00S901012,Nila Spaces Limited,INE00S901012,,NILASPACES,,,,,active
INE00SW01015,BCPL Railway Infrastructure Limited,INE00SW01015,,BCPL,,,,,active
INE00U401027,Unicommerce Esolutions Limited,INE00U401027,,UNIECOM,,,,,active
INE00VM01036,Manorama Industries Limited,INE00VM01036,,MANORAMA,,,,,active
INE00WC01027,Affle 3i Limited,INE00WC01027,,AFFLE,,,,,active
INE00WV01027,CMR Green Technologies Limited,INE00WV01027,,CMRGREEN,,,,,active
INE00XB01019,SEDEMAC Mechatronics Limited,INE00XB01019,,SEDEMAC,,,,,active
INE00Y201027,Flair Writing Industries Limited,INE00Y201027,,FLAIR,,,,,active
INE00Y801016,Akg Exim Limited,INE00Y801016,,AKG,,,,,active
INE00YB01025,A B Infrabuild Limited,INE00YB01025,,ABINFRA,,,,,active
INE00YJ01010,Jaro Institute of Technology Management and Research Limited,INE00YJ01010,,JARO,,,,,active
INE00Z501029,Kritika Wires Limited,INE00Z501029,,KRITIKA,,,,,active
INE00ZE01026,Abans Financial Services Limited,INE00ZE01026,,AFSL,,AHL,,,active
INE010601016,Entero Healthcare Solutions Limited,INE010601016,,ENTERO,,,,,active
INE010A01011,Prism Johnson Limited,INE010A01011,,PRSMJOHNSN,,PRISMCEM,,,active
INE010B01027,Zydus Lifesciences Limited,INE010B01027,,ZYDUSLIFE,,CADILAHC,,,active
INE010C01025,Swiss Military Consumer Goods Limited,INE010C01025,,SWISSMLTRY,,,,,active
INE010J01012,Tejas Networks Limited,INE010J01012,,TEJASNET,,,,,active
INE010V01017,L&T Technology Services Limited,INE010V01017,,LTTS,,,,,active
INE011D01013,Shervani Industrial Syndicate Limited,INE011D01013,,SHERVANI,,,,,active
INE011E01029,Balu Forge Industries Limited,INE011E01029,,BALUFORGE,,,,,active
INE011K01018,Tega Industries Limited,INE011K01018,,TEGA,,,,,active
INE012A01025,ACC Limited,INE012A01025,,ACC,,,,,active
INE012Q01039,R&B Denims Limited,INE012Q01039,,RNBDENIMS,,,,,active
INE013801027,Kshitij Polyline Limited,INE013801027,,KSHITIJPOL,,,,,active
INE013P01021,Onesource Specialty Pharma Limited,INE013P01021,,ONESOURCE,,,,,active
INE014B01011,TECIL Chemicals and Hydro Power Limited,INE014B01011,,TECILCHEM,,,,,active
INE015C01016,Tinna Rubber and Infrastructure Limited,INE015C01016,,TINNARUBR,,,,,active
INE015D01022,Manaksia Limited,INE015D01022,,MANAKSIA,,,,,active
INE016A01026,Dabur India Limited,INE016A01026,,DABUR,,,,,active
INE016M01021,Diligent Media Corporation Limited,INE016M01021,,DNAMEDIA,,,,,active
INE016Q01014,Ceinsys Tech Limited,INE016Q01014,,CEINSYS,,,,,active
INE017A01032,The Great Eastern Shipping Company Limited,INE017A01032,,GESHIP,,,,,active
INE017W01010,Sarthak Metals Limited,INE017W01010,,SMLT,,,,,active
INE018401013,Suvidhaa Infoserve Limited,INE018401013,,SUVIDHAA,,,,,active
INE018A01030,Larsen & Toubro Limited,INE018A01030,,LT,,,,,active
INE018E01016,SBI Cards and Payment Services Limited,INE018E01016,,SBICARD,,,,,active
INE019A01038,JSW Steel Limited,INE019A01038,,JSWSTEEL,,JSWSTL,,,active
INE019C01026,Himadri Speciality Chemical Limited,INE019C01026,,HSCL,,HCIL|HIMADCHEM,,,active
INE019J01013,Health X Platform Limited,INE019J01013,,HEALTHX,,MICROSEC|SASTASUNDR,,,active
INE01A001028,Stanley Lifestyles Limited,INE01A001028,,STANLEY,,,,,active
INE01BK01022,Antony Waste Handling Cell Limited,INE01BK01022,,AWHCL,,,,,active
INE01C001026,Aartech Solonics Limited,INE01C001026,,AARTECH,,,,,active
INE01EA01019,Vishal Mega Mart Limited,INE01EA01019,,VMM,,,,,active
INE01EE01011,B&B Triplewall Containers Limited,INE01EE01011,,BBTCL,,,,,active
INE01EG01016,Ritco Logistics Limited,INE01EG01016,,RITCO,,,,,active
INE01EO01010,Spectrum Electrical Industries Limited,INE01EO01010,,SPECTRUM,,,,,active
INE01FR01028,Baazar Style Retail Limited,INE01FR01028,,STYLEBAAZA,,,,,active
INE01GN01025,Iris Clothings Limited,INE01GN01025,,IRISDOREME,,,,,active
INE01II01013,Silgo Retail Limited,INE01II01013,,SILGO,,,,,active
INE01IU01018,SKY GOLD AND DIAMONDS LIMITED,INE01IU01018,,SKYGOLD,,,,,active
INE01JE01028,Marine Electricals (India) Limited,INE01JE01028,,MARINE,,,,,active
INE01KI01027,Vinny Overseas Limited,INE01KI01027,,VINNY,,,,,active
INE01NE01012,Shankar Lal Rampal Dye-Chem Limited,INE01NE01012,,SRD,,,,,active
INE01NH01023,Dhoot Transmission Limited,INE01NH01023,,DHOOTTRANS,,,,,active
INE01P501012,Xelpmoc Design And Tech Limited,INE01P501012,,XELPMOC,,,,,active
INE01QM01018,eMudhra Limited,INE01QM01018,,EMUDHRA,,,,,active
INE01R501028,Vikran Engineering Limited,INE01R501028,,VIKRAN,,,,,active
INE01TY01017,Canara HSBC Life Insurance Company Limited,INE01TY01017,,CANHLIFE,,,,,active
INE020801028,Spencer's Retail Limited,INE020801028,,SPENCERS,,,,,active
INE020B01018,REC Limited,INE020B01018,,RECLTD,,,,,active
INE020D01022,Baid Finserv Limited,INE020D01022,,BAIDFIN,,,,,active
INE020G01017,Inspirisys Solutions Limited,INE020G01017,,INSPIRISYS,,AFL,,,active
INE020J01029,Gokul Refoils and Solvent Limited,INE020J01029,,GOKUL,,,,,active
INE021A01026,Asian Paints Limited,INE021A01026,,ASIANPAINT,,,,,active
INE021O01019,Dodla Dairy Limited,INE021O01019,,DODLA,,,,,active
INE022C01012,Eurotex Industries and Exports Limited,INE022C01012,,EUROTEXIND,,,,,active
INE022I01019,Asian Granito India Limited,INE022I01019,,ASIANTILES,,,,,active
INE022Q01020,Indian Energy Exchange Limited,INE022Q01020,,IEX,,,,,active
INE023A01030,Nalwa Sons Investments Limited,INE023A01030,,NSIL,,JSTRIPS,,,active
INE023H01027,Nectar Lifesciences Limited,INE023H01027,,NECLIFE,,,,,active
INE023M01027,Setubandhan Infrastructure Limited,INE023M01027,,SETUINFRA,,PRAKASHCON,,,active
INE024001021,Aeroflex Industries Limited,INE024001021,,AEROFLEX,,,,,active
INE024D01016,Prudential Sugar Corporation Limited,INE024D01016,,PRUDMOULI,,,,,active
INE024F01011,Shilchar Technologies Limited,INE024F01011,,SHILCTECH,,,,,active
INE024L01027,Gravita India Limited,INE024L01027,,GRAVITA,,,,,active
INE025A01027,Consolidated Finvest & Holdings Limited,INE025A01027,,CONSOFINVT,,,,,active
INE025B01025,Goldiam International Limited,INE025B01025,,GOLDIAM,,,,,active
INE025R01021,Artemis Medicare Services Limited,INE025R01021,,ARTEMISMED,,,,,active
INE026A01025,Gujarat State Fertilizers & Chemicals Limited,INE026A01025,,GSFC,,,,,active
INE026D01011,Lotus Chocolate Company Limited,INE026D01011,,LOTUSCHO,,,,,active
INE027A01015,Rashtriya Chemicals and Fertilizers Limited,INE027A01015,,RCF,,,,,active
INE027H01010,Max Healthcare Institute Limited,INE027H01010,,MAXHEALTH,,,,,active
INE027T01023,Rudra Global Infra Products Limited,INE027T01023,,RUDRA,,,,,active
INE028A01039,Bank of Baroda,INE028A01039,,BANKBARODA,,,,,active
INE029A01011,Bharat Petroleum Corporation Limited,INE029A01011,,BPCL,,,,,active
INE029L01018,Kalyani Investment Company Limited,INE029L01018,,KICL,,,,,active
INE02A801020,Rossari Biotech Limited,INE02A801020,,ROSSARI,,,,,active
INE02AR01019,Anmol India Limited,INE02AR01019,,ANMOL,,,,,active
INE02EZ01022,Axita Cotton Limited,INE02EZ01022,,AXITA,,,,,active
INE02H701025,Nova Agritech Limited,INE02H701025,,NOVAAGRI,,,,,active
INE02ID01020,Raymond Lifestyle Limited,INE02ID01020,,RAYMONDLSL,,,,,active
INE02IJ01035,Azad Engineering Limited,INE02IJ01035,,AZAD,,,,,active
INE02L001032,Borosil Scientific Limited,INE02L001032,,BOROSCI,,,,,active
INE02NC01014,Fino Payments Bank Limited,INE02NC01014,,FINOPB,,,,,active
INE02PY01013,Borosil Limited,INE02PY01013,,BOROLTD,,,,,active
INE02RE01045,Brainbees Solutions Limited,INE02RE01045,,FIRSTCRY,,,,,active
INE02WG01024,Wonder Electricals Limited,INE02WG01024,,WEL,,WFL,,,active
INE02YR01019,Electronics Mart India Limited,INE02YR01019,,EMIL,,,,,active
INE02ZQ01018,CORONA Remedies Limited,INE02ZQ01018,,CORONA,,,,,active
INE030A01027,Hindustan Unilever Limited,INE030A01027,,HINDUNILVR,,HINDLEVER,,,active
INE030C01015,Ansal Buildwell Limited,INE030C01015,,ANSALBU,,,,,active
INE031A01017,Housing & Urban Development Corporation Limited,INE031A01017,,HUDCO,,,,,active
INE031B01049,Ajanta Pharma Limited,INE031B01049,,AJANTPHARM,,,,,active
INE031G01022,Optimus Finance Limited,INE031G01022,,OPTIFIN,,,,,active
INE032A01023,Bombay Dyeing & Mfg Company Limited,INE032A01023,,BOMDYEING,,,,,active
INE032B01021,Prime Securities Limited,INE032B01021,,PRIMESECU,,,,,active
INE032E01017,Aryaman Financial Services Limited,INE032E01017,,ARYAMAN,,,,,active
INE032Z01020,Bombay Super Hybrid Seeds Limited,INE032Z01020,,BSHSL,,,,,active
INE034A01011,Arvind Limited,INE034A01011,,ARVIND,,ARVINDMILL,,,active
INE034D01049,PTL Enterprises Limited,INE034D01049,,PTL,,,,,active
INE034S01021,Arvind SmartSpaces Limited,INE034S01021,,ARVSMART,,ARVINFRA,,,active
INE035801013,Aeroflex Neu Limited,INE035801013,,AERONEU,,SAH,,,active
INE035D01020,Savita Oil Technologies Limited,INE035D01020,,SOTL,,SAVITACHEM,,,active
INE035S01028,POCL Enterprises Limited,INE035S01028,,POEL,,,,,active
INE036A01016,Reliance Infrastructure Limited,INE036A01016,,RELINFRA,,BSES|REL,,,active
INE036B01030,Gujarat Ambuja Exports Limited,INE036B01030,,GAEL,,,,,active
INE036D01028,Karur Vysya Bank Limited,INE036D01028,,KARURVYSYA,,,,,active
INE037A01022,Uniphos Enterprises Limited,INE037A01022,,UNIENTER,,,,,active
INE037B01020,Shardul Securities Limited,INE037B01020,,SHARDUL,,,,,active
INE037Z01029,Concord Enviro Systems Limited,INE037Z01029,,CEWATER,,,,,active
INE038A01020,Hindalco Industries Limited,INE038A01020,,HINDALCO,,HINDALC0,,,active
INE038F01029,TV Today Network Limited,INE038F01029,,TVTODAY,,,,,active
INE039A01010,IFCI Limited,INE039A01010,,IFCI,,,,,active
INE039B01026,Cinevista Limited,INE039B01026,,CINEVISTA,,,,,active
INE039C01032,Jamna Auto Industries Limited,INE039C01032,,JAMNAAUTO,,,,,active
INE039O01029,Jash Engineering Limited,INE039O01029,,JASH,,,,,active
INE03CC01015,Jubilant Agri and Consumer Products Limited,INE03CC01015,,JUBLCPL,,JACPL,,,active
INE03DD01011,JHS Svendgaard Retail Ventures Limited,INE03DD01011,,RETAIL,,,,,active
INE03EI01018,Max Estates Limited,INE03EI01018,,MAXESTATES,,,,,active
INE03HW01020,VL E-Governance & IT Solutions Limited,INE03HW01020,,VLEGOV,,,,,active
INE03JI01017,Digicontent Limited,INE03JI01017,,DGCONTENT,,,,,active
INE03JT01014,Go Digit General Insurance Limited,INE03JT01014,,GODIGIT,,,,,active
INE03NU01014,Brigade Hotel Ventures Limited,INE03NU01014,,BRIGHOTEL,,,,,active
INE03Q201024,Alivus Life Sciences Limited,INE03Q201024,,ALIVUS,,GLS,,,active
INE03QK01018,Cohance Lifesciences Limited,INE03QK01018,,COHANCE,,SUVENPHAR,,,active
INE03RS01027,DRC Systems India Limited,INE03RS01027,,DRCSYSTEMS,,,,,active
INE03V001013,Universus Photo Imagings Limited,INE03V001013,,UNIVPHOTO,,,,,active
INE03YM01018,Chemcon Speciality Chemicals Limited,INE03YM01018,,CHEMCON,,,,,active
INE040A01034,HDFC Bank Limited,INE040A01034,,HDFCBANK,,,,,active
INE040D01038,Mayur Uniquoters Ltd,INE040D01038,,MAYURUNIQ,,,,,active
INE040H01021,Suzlon Energy Limited,INE040H01021,,SUZLON,,,,,active
INE040M01013,Tree House Education & Accessories Limited,INE040M01013,,TREEHOUSE,,,,,active
INE041A01016,Dhampur Sugar Mills Limited,INE041A01016,,DHAMPURSUG,,,,,active
INE042A01014,Escorts Kubota Limited,INE042A01014,,ESCORTS,,,,,active
INE043A01012,GTL Limited,INE043A01012,,GTL,,GLOBALTELE,,,active
INE043C01018,IVP Limited,INE043C01018,,IVP,,,,,active
INE043W01024,Vijaya Diagnostic Centre Limited,INE043W01024,,VIJAYA,,,,,active
INE044A01036,Sun Pharmaceutical Industries Limited,INE044A01036,,SUNPHARMA,,,,,active
INE045601023,Paras Defence and Space Technologies Limited,INE045601023,,PARAS,,,,,active
INE045A01017,Ador Welding Limited,INE045A01017,,ADOR,,ADORWELD|ADVANIORLI,,,active
INE045B01015,NELCO Limited,INE045B01015,,NELCO,,,,,active
INE045J01034,Fineotex Chemical Limited,INE045J01034,,FCL,,,,,active
INE046A01015,Reliance Industrial Infrastructure Limited,INE046A01015,,RIIL,,,,,active
INE046W01019,Muthoot Microfin Limited,INE046W01019,,MUTHOOTMF,,,,,active
INE047A01021,Grasim Industries Limited,INE047A01021,,GRASIM,,,,,active
INE047B01011,Gillanders Arbuthnot & Company Limited,INE047B01011,,GILLANDERS,,,,,active
INE047O01014,NRB Industrial Bearings Limited,INE047O01014,,NIBL,,,,,active
INE048B01035,Jagsonpal Pharmaceuticals Limited,INE048B01035,,JAGSNPHARM,,,,,active
INE048C01025,Viceroy Hotels Limited,INE048C01025,,VHLTD,,,,,active
INE048G01026,Navin Fluorine International Limited,INE048G01026,,NAVINFLUOR,,,,,active
INE049A01027,Himatsingka Seide Limited,INE049A01027,,HIMATSEIDE,,,,,active
INE049B01025,Wockhardt Limited,INE049B01025,,WOCKPHARMA,,,,,active
INE049I01012,Nahar Capital and Financial Services Limited,INE049I01012,,NAHARCAP,,,,,active
INE04AK01028,SBC Exports Limited,INE04AK01028,,SBC,,,,,active
INE04I401011,KPIT Technologies Limited,INE04I401011,,KPITTECH,,,,,active
INE04LG01015,Par Drugs And Chemicals Limited,INE04LG01015,,PAR,,,,,active
INE04TZ01018,Ethos Limited,INE04TZ01018,,ETHOSLTD,,,,,active
INE04VU01023,Seshaasai Technologies Limited,INE04VU01023,,STYL,,,,,active
INE050001010,Prakash Pipes Limited,INE050001010,,PPL,,,,,active
INE050401020,Elin Electronics Limited,INE050401020,,ELIN,,,,,active
INE050A01025,The Bombay Burmah Trading Corporation Limited,INE050A01025,,BBTC,,,,,active
INE050B01023,IL&FS Investment Managers Limited,INE050B01023,,IVC,,,,,active
INE050E01027,Balaji Amines Limited,INE050E01027,,BALAMINES,,,,,active
INE050H01012,Rane (Madras) Limited,INE050H01012,,RML,,,,,active
INE050M01012,Vardhman Special Steels Limited,INE050M01012,,VSSL,,,,,active
INE051B01021,Vakrangee Limited,INE051B01021,,VAKRANGEE,,VAKRANSOFT,,,active
INE052A01021,Windsor Machines Limited,INE052A01021,,WINDMACHIN,,,,,active
INE052I01032,Camlin Fine Sciences Limited,INE052I01032,,CAMLINFINE,,,,,active
INE052T01021,Best Agrolife Limited,INE052T01021,,BESTAGRO,,,,,active
INE053A01029,The Indian Hotels Company Limited,INE053A01029,,INDHOTEL,,,,,active
INE053F01010,Indian Railway Finance Corporation Limited,INE053F01010,,IRFC,,,,,active
INE054301028,Odigma Consultancy Solutions Limited,INE054301028,,ODIGMA,,,,,active
INE054A01027,VIP Industries Limited,INE054A01027,,VIPIND,,,,,active
INE054C01015,Waterbase Limited,INE054C01015,,WATERBASE,,,,,active
INE055A01016,Aditya Birla Real Estate Limited,INE055A01016,,ABREL,,CENTURYTEX,,,active
INE055C01020,DSJ Keep Learning Limited,INE055C01020,,KEEPLEARN,,,,,active
INE055S01018,Cyient DLM Limited,INE055S01018,,CYIENTDLM,,,,,active
INE056801025,Ivalue Infosolutions Limited,INE056801025,,IVALUE,,,,,active
INE056I01025,Refex Industries Limited,INE056I01025,,REFEX,,,,,active
INE058A01010,Sanofi India Limited,INE058A01010,,SANOFI,,AVENTIS|HOECHST,,,active
INE058B01018,Zenith Exports Limited,INE058B01018,,ZENITHEXPO,,,,,active
INE058F01019,Alufluoride Limited,INE058F01019,,ALUFLUOR,,,,,active
INE059A01026,Cipla Limited,INE059A01026,,CIPLA,,,,,active
INE059B01024,Simplex Infrastructures Limited,INE059B01024,,SIMPLEXINF,,SIMPLEXCON,,,active
INE059D01020,La Opala RG Limited,INE059D01020,,LAOPALA,,,,,active
INE05AN01011,Hindware Home Innovation Limited,INE05AN01011,,HINDWAREAP,,SHIL,,,active
INE05C901015,Juniper Green Energy Limited,INE05C901015,,JNPR,,,,,active
INE05CZ01011,Ratnaveer Precision Engineering Limited,INE05CZ01011,,RATNAVEER,,,,,active
INE05HV01027,Central Mine Planning & Design Institute Limited,INE05HV01027,,CMPDI,,,,,active
INE05J901018,Indogulf Cropsciences Limited,INE05J901018,,IGCL,,,,,active
INE05ST01028,Suratwwala Business Group Limited,INE05ST01028,,SBGLP,,,,,active
INE05TO01019,Amir Chand Jagdish Kumar (Exports) Limited,INE05TO01019,,AEROPLANE,,AMIRCHAND,,,active
INE05X901010,Hindprakash Industries Limited,INE05X901010,,HPIL,,,,,active
INE05XR01022,Bharat Coking Coal Limited,INE05XR01022,,BHARATCOAL,,,,,active
INE060901027,Likhitha Infrastructure Limited,INE060901027,,LIKHITHA,,,,,active
INE060A01024,Navneet Education Limited,INE060A01024,,NAVNETEDUL,,NAVNETPUBL,,,active
INE060B01014,Khandwala Securities Limited,INE060B01014,,KHANDSE,,,,,active
INE060J01017,Flexituff Ventures International Limited,INE060J01017,,FLEXITUFF,,,,,active
INE060X01034,Dev Information Technology Limited,INE060X01034,,DEVIT,,,,,active
INE061A01014,Indian Card Clothing Company Limited,INE061A01014,,INDIANCARD,,,,,active
INE061F01013,Fortis Healthcare Limited,INE061F01013,,FORTIS,,,,,active
INE062A01020,State Bank of India,INE062A01020,,SBIN,,,,,active
INE062D01024,Alicon Castalloy Limited,INE062D01024,,ALICON,,ENKEI,,,active
INE063E01061,Pondy Oxides & Chemicals Limited,INE063E01061,,POCL,,,,,active
INE063P01018,Equitas Small Finance Bank Limited,INE063P01018,,EQUITASBNK,,,,,active
INE064A01026,Timex Group India Limited,INE064A01026,,TIMEX,,,,,active
INE064C01022,Trident Limited,INE064C01022,,TRIDENT,,ABSHEKINDS,,,active
INE065D01027,Aeroflex Enterprises Limited,INE065D01027,,AEROENTER,,SATINDLTD,,,active
INE065J01024,Teamo Productions HQ Limited,INE065J01024,,TPHQ,,GISOLUTION,,,active
INE065X01017,Indegene Limited,INE065X01017,,INDGN,,,,,active
INE066A01021,Eicher Motors Limited,INE066A01021,,EICHERMOT,,,,,active
INE066F01020,Hindustan Aeronautics Limited,INE066F01020,,HAL,,,,,active
INE066O01014,Wonderla Holidays Limited,INE066O01014,,WONDERLA,,,,,active
INE066P01011,Inox Wind Limited,INE066P01011,,INOXWIND,,,,,active
INE067A01029,CG Power and Industrial Solutions Limited,INE067A01029,,CGPOWER,,CROMPGREAV,,,active
INE068B01017,Saint Gobain Sekurit India Limited,INE068B01017,,SEKURITIND,,,,,active
INE068L01024,Cantabil Retail India Limited,INE068L01024,,CANTABIL,,,,,active
INE068V01023,Gland Pharma Limited,INE068V01023,,GLAND,,,,,active
INE069I01010,Embassy Developments Limited,INE069I01010,,EMBDL,,IBREALEST,,,active
INE06H201014,Gensol Engineering Limited,INE06H201014,,GENSOL,,,,,active
INE06HJ01020,Ecos (India) Mobility & Hospitality Limited,INE06HJ01020,,ECOSMOBLTY,,,,,active
INE06IR01021,Osia Hyper Retail Limited,INE06IR01021,,OSIAHYPER,,,,,active
INE06ST01018,Indiqube Spaces Limited,INE06ST01018,,INDIQUBE,,,,,active
INE06WU01026,Laxmi India Finance Limited,INE06WU01026,,LAXMIINDIA,,,,,active
INE06XZ01023,Gem Aromatics Limited,INE06XZ01023,,GEMAROMA,,,,,active
INE06ZD01017,Shanti Gold International Limited,INE06ZD01017,,SHANTIGOLD,,,,,active
INE070A01015,SHREE CEMENT LIMITED,INE070A01015,,SHREECEM,,,,,active
INE070C01037,Compuage Infocom Limited,INE070C01037,,COMPINFO,,,,,active
INE070D01027,Jai Corp Limited,INE070D01027,,JAICORPLTD,,,,,active
INE070I01018,Insecticides (India) Limited,INE070I01018,,INSECTICID,,IILTD,,,active
INE071A01013,BIL VYAPAR LIMITED,INE071A01013,,BILVYAPAR,,BINANIIND,,,active
INE071D01033,Menon Bearings Limited,INE071D01033,,MENONBE,,,,,active
INE071E01023,The Ugar Sugar Works Limited,INE071E01023,,UGARSUGAR,,,,,active
INE071F01012,Anjani Portland Cement Limited,INE071F01012,,APCL,,,,,active
INE071N01016,Epigral Limited,INE071N01016,,EPIGRAL,,MFL,,,active
INE073D01013,Sundaram Brake Linings Limited,INE073D01013,,SUNDRMBRAK,,,,,active
INE073G01016,Associated Alcohols & Breweries Ltd.,INE073G01016,,ASALCBR,,,,,active
INE073K01018,Sona BLW Precision Forgings Limited,INE073K01018,,SONACOMS,,,,,active
INE073V01015,Commercial Syn Bags Limited,INE073V01015,,COMSYN,,,,,active
INE074A01025,Praj Industries Limited,INE074A01025,,PRAJIND,,,,,active
INE074B01023,Paramount Communications Limited,INE074B01023,,PARACABLES,,,,,active
INE074C01013,Hindustan Adhesives Limited,INE074C01013,,HINDADH,,,,,active
INE075A01022,Wipro Limited,INE075A01022,,WIPRO,,,,,active
INE075B01020,Sical Logistics Limited,INE075B01020,,SICALLOG,,,,,active
INE075D01018,GM Breweries Limited,INE075D01018,,GMBREW,,,,,active
INE075I01017,Healthcare Global Enterprises Limited,INE075I01017,,HCG,,,,,active
INE076B01028,Siyaram Silk Mills Limited,INE076B01028,,SIYSIL,,SIYARSILK,,,active
INE076C01018,IFB Agro Industries Limited,INE076C01018,,IFBAGRO,,,,,active
INE077F01035,GOCL Corporation Limited,INE077F01035,,GOCLCORP,,GULFCORP,,,active
INE077P01034,Thacker & Company Limited,INE077P01034,,THACKER,,,,,active
INE078V01014,Vikram Solar Limited,INE078V01014,,VIKRAMSOLR,,,,,active
INE079A01024,Ambuja Cements Limited,INE079A01024,,AMBUJACEM,,GUJAMBCEM,,,active
INE079J01017,Gateway Distriparks Limited,INE079J01017,,GATEWAY,,,,,active
INE07K301024,Zaggle Prepaid Ocean Services Limited,INE07K301024,,ZAGGLE,,,,,active
INE07O001026,Easy Trip Planners Limited,INE07O001026,,EASEMYTRIP,,,,,active
INE07OG01012,Ndr Auto Components Limited,INE07OG01012,,NDRAUTO,,,,,active
INE07RO01027,Supriya Lifescience Limited,INE07RO01027,,SUPRIYA,,,,,active
INE07S101038,Pavna Industries Limited,INE07S101038,,PAVNAIND,,,,,active
INE07T201019,Restaurant Brands Asia Limited,INE07T201019,,RBA,,,,,active
INE07U701015,IRM Energy Limited,INE07U701015,,IRMENERGY,,,,,active
INE07Y701011,Hitachi Energy India Limited,INE07Y701011,,POWERINDIA,,,,,active
INE080A01014,Weizmann Limited,INE080A01014,,WEIZMANIND,,,,,active
INE080B01012,Kohinoor Foods Limited,INE080B01012,,KOHINOOR,,SATNAMOVER,,,active
INE080I01025,Lloyds Enterprises Limited,INE080I01025,,LLOYDSENT,,,,,active
INE081A01020,Tata Steel Limited,INE081A01020,,TATASTEEL,,TISCO,,,active
INE081G01019,Kanchi Karpooram Limited,INE081G01019,,KANCHI,,,,,active
INE082A01010,Kopran Limited,INE082A01010,,KOPRAN,,,,,active
INE082W01014,WE WIN LIMITED,INE082W01014,,WEWIN,,SUREVIN,,,active
INE083A01026,Morepen Laboratories Limited,INE083A01026,,MOREPENLAB,,,,,active
INE083B01024,Themis Medicare Limited,INE083B01024,,THEMISMED,,,,,active
INE083C01022,Plastiblends India Limited,INE083C01022,,PLASTIBLEN,,,,,active
INE083D01012,Bal Pharma Limited,INE083D01012,,BALPHARMA,,,,,active
INE083K01017,Bengal & Assam Company Limited,INE083K01017,,BENGALASM,,,,,active
INE084101034,INDO-MIM Limited,INE084101034,,INDOMIM,,,,,active
INE084A01016,Bank of India,INE084A01016,,BANKINDIA,,,,,active
INE084D01010,CG Vak Software & Exports Limited,INE084D01010,,CGVAK,,,,,active
INE084K01015,Amanta Healthcare Limited,INE084K01015,,AMANTA,,,,,active
INE084Q01012,Race Eco Chain Limited,INE084Q01012,,RACE,,,,,active
INE085001019,WeWork India Management Limited,INE085001019,,WEWORK,,,,,active
INE085A01013,Chambal Fertilizers & Chemicals Limited,INE085A01013,,CHAMBLFERT,,,,,active
INE085D01033,Metroglobal Limited,INE085D01033,,METROGLOBL,,,,,active
INE085J01014,Thangamayil Jewellery Limited,INE085J01014,,THANGAMAYL,,,,,active
INE086A01029,Electrosteel Castings Limited,INE086A01029,,ELECTCAST,,,,,active
INE087A01019,Kesoram Industries Limited,INE087A01019,,KESORAMIND,,,,,active
INE087B01017,Anik Industries Limited,INE087B01017,,ANIKINDS,,MPGLYCEM,,,active
INE087H01022,Shree Renuka Sugars Limited,INE087H01022,,RENUKA,,,,,active
INE087Z01024,Aakash Exploration Services Limited,INE087Z01024,,AAKASH,,,,,active
INE088F01024,Paradeep Phosphates Limited,INE088F01024,,PARADEEP,,,,,active
INE089A01031,Dr. Reddy's Laboratories Limited,INE089A01031,,DRREDDY,,,,,active
INE089C01029,Sterlite Technologies Limited,INE089C01029,,STLTECH,,STROPTICAL|STRTECH,,,active
INE08KJ01020,Mufin Green Finance Limited,INE08KJ01020,,MUFIN,,,,,active
INE08KP01019,DCM Nouvelle Limited,INE08KP01019,,DCMNVL,,,,,active
INE08LI01020,Krsnaa Diagnostics Limited,INE08LI01020,,KRSNAA,,,,,active
INE08N601015,M & B Engineering Limited,INE08N601015,,MBEL,,,,,active
INE08NE01025,Sanstar Limited,INE08NE01025,,SANSTAR,,,,,active
INE08PH01015,A B Cotspin India Limited,INE08PH01015,,ABCOTS,,,,,active
INE08U801020,Samhi Hotels Limited,INE08U801020,,SAMHI,,,,,active
INE08ZM01014,Greenpanel Industries Limited,INE08ZM01014,,GREENPANEL,,,,,active
INE090501011,Scoda Tubes Limited,INE090501011,,SCODATUBES,,,,,active
INE090A01021,ICICI Bank Limited,INE090A01021,,ICICIBANK,,,,,active
INE090B01011,Omax Autos Limited,INE090B01011,,OMAXAUTO,,,,,active
INE091G01026,Jai Balaji Industries Limited,INE091G01026,,JAIBALAJI,,BALASPONGE,,,active
INE092A01019,Tata Chemicals Limited,INE092A01019,,TATACHEM,,,,,active
INE092B01025,India Nippon Electricals Limited,INE092B01025,,INDNIPPON,,,,,active
INE092T01019,IDFC First Bank Limited,INE092T01019,,IDFCFIRSTB,,IDFCBANK,,,active
INE093A01041,Hexaware Technologies Limited,INE093A01041,,HEXT,,,,,active
INE093I01010,Oberoi Realty Limited,INE093I01010,,OBEROIRLTY,,OBEROIREAL,,,active
INE093R01011,LLOYDS ENGINEERING WORKS LIMITED,INE093R01011,,LLOYDSENGG,,LSIL,,,active
INE094A01015,Hindustan Petroleum Corporation Limited,INE094A01015,,HINDPETRO,,,,,active
INE094B01013,Ashika Global Securities Limited,INE094B01013,,ASHIKAG,,ASHIKA,,,active
INE094I01018,Kolte - Patil Developers Limited,INE094I01018,,KOLTEPATIL,,,,,active
INE094J01016,UTI Asset Management Company Limited,INE094J01016,,UTIAMC,,,,,active
INE095A01012,IndusInd Bank Limited,INE095A01012,,INDUSINDBK,,,,,active
INE095I01015,PPAP Automotive Limited,INE095I01015,,PPAP,,,,,active
INE095N01031,NBCC (India) Limited,INE095N01031,,NBCC,,,,,active
INE096B01018,Nucleus Software Exports Limited,INE096B01018,,NUCLEUS,,,,,active
INE097E01028,Minal Industries Limited,INE097E01028,,MINALIND,,,,,active
INE098201036,Vaxtex Cotfab Limited,INE098201036,,VCL,,,,,active
INE098F01031,Amrutanjan Health Care Limited,INE098F01031,,AMRUTANJAN,,,,,active
INE099F01013,Sreeleathers Limited,INE099F01013,,SREEL,,,,,active
INE099G01011,Scan Steels Limited,INE099G01011,,SCANSTL,,,,,active
INE099Z01011,Mishra Dhatu Nigam Limited,INE099Z01011,,MIDHANI,,,,,active
INE09E501017,Ravinder Heights Limited,INE09E501017,,RVHL,,,,,active
INE09EO01013,Aarti Surfactants Limited,INE09EO01013,,AARTISURF,,,,,active
INE09KD01013,Atam Valves Limited,INE09KD01013,,ATAM,,,,,active
INE09N301011,Gujarat Fluorochemicals Limited,INE09N301011,,FLUOROCHEM,,,,,active
INE09VQ01012,Indigo Paints Limited,INE09VQ01012,,INDIGOPNTS,,,,,active
INE09XN01023,Akums Drugs and Pharmaceuticals Limited,INE09XN01023,,AKUMS,,,,,active
INE0A0S01028,Sigma Solve Limited,INE0A0S01028,,SIGMA,,,,,active
INE0A1101019,Dc Infotech And Communication Limited,INE0A1101019,,DCI,,,,,active
INE0ADB01012,Innovision Limited,INE0ADB01012,,INNOVISION,,,,,active
INE0AE001013,Vishnu Prakash R Punglia Limited,INE0AE001013,,VPRPL,,,,,active
INE0AG901020,Ceigall India Limited,INE0AG901020,,CEIGALL,,,,,active
INE0AJG01018,Hemisphere Properties India Limited,INE0AJG01018,,HEMIPROP,,,,,active
INE0AK901016,RDB Real Estate Constructions Limited,INE0AK901016,,RRECL,,,,,active
INE0ALI01010,Advait Energy Transitions Limited,INE0ALI01010,,ADVAIT,,,,,active
INE0ALR01029,Atal Realtech Limited,INE0ALR01029,,ATALREAL,,,,,active
INE0APB01032,Mangalam Global Enterprise Limited,INE0APB01032,,MGEL,,,,,active
INE0AQ201015,Leela Palaces Hotels & Resorts Limited,INE0AQ201015,,THELEELA,,,,,active
INE0ATZ01017,Kronox Lab Sciences Limited,INE0ATZ01017,,KRONOX,,,,,active
INE0B1K01014,DJ Mediaprint & Logistics Limited,INE0B1K01014,,DJML,,,,,active
INE0B9A01018,Bonlon Industries Limited,INE0B9A01018,,BONLON,,,,,active
INE0B9K01025,Bansal Wire Industries Limited,INE0B9K01025,,BANSALWIRE,,,,,active
INE0BJS01011,Go Fashion (India) Limited,INE0BJS01011,,GOCOLORS,,,,,active
INE0BS701011,Premier Energies Limited,INE0BS701011,,PREMIERENE,,,,,active
INE0BTI01037,Kamdhenu Ventures Limited,INE0BTI01037,,KAMOPAINTS,,,,,active
INE0BTM01013,SecMark Consultancy Limited,INE0BTM01013,,SECMARK,,,,,active
INE0BV301023,C.E. Info Systems Limited,INE0BV301023,,MAPMYINDIA,,,,,active
INE0BWX01014,Aether Industries Limited,INE0BWX01014,,AETHER,,,,,active
INE0BX301013,Prostarm Info Systems Limited,INE0BX301013,,PROSTARM,,,,,active
INE0BY001018,Jubilant Ingrevia Limited,INE0BY001018,,JUBLINGREA,,,,,active
INE0BYP01024,Oswal Pumps Limited,INE0BYP01024,,OSWALPUMPS,,,,,active
INE0CAZ01013,Urban Company Limited,INE0CAZ01013,,URBANCO,,,,,active
INE0CG401037,Mukka Proteins Limited,INE0CG401037,,MUKKA,,,,,active
INE0CG601016,Max India Limited,INE0CG601016,,MAXIND,,,,,active
INE0CHO01012,Archidply Decor Limited,INE0CHO01012,,ADL,,,,,active
INE0CJD01029,Knowledge Marine & Engineering Works Limited,INE0CJD01029,,KMEW,,,,,active
INE0CJF01024,Western Carriers (India) Limited,INE0CJF01024,,WCIL,,,,,active
INE0CLI01024,Rategain Travel Technologies Limited,INE0CLI01024,,RATEGAIN,,,,,active
INE0CPR01018,EKI Energy Services Limited,INE0CPR01018,,EKI,,,,,active
INE0CT101020,Meghmani Organics Limited,INE0CT101020,,MOL,,,,,active
INE0CU601026,GMR Power and Urban Infra Limited,INE0CU601026,,GMRP&UI,,,,,active
INE0CZ201020,Anthem Biosciences Limited,INE0CZ201020,,ANTHEM,,,,,active
INE0D0K01022,Sigachi Industries Limited,INE0D0K01022,,SIGACHI,,,,,active
INE0D0U01013,AAA Technologies Limited,INE0D0U01013,,AAATECH,,,,,active
INE0D6701023,India Pesticides Limited,INE0D6701023,,IPL,,,,,active
INE0D6I01023,Ksolves India Limited,INE0D6I01023,,KSOLVES,,,,,active
INE0DAB01012,Revathi Equipment India Limited,INE0DAB01012,,RVTH,,REVATHIEQU,,,active
INE0DD101019,Railtel Corporation Of India Limited,INE0DD101019,,RAILTEL,,,,,active
INE0DK501011,Piramal Pharma Limited,INE0DK501011,,PPLPHARMA,,,,,active
INE0DNW01011,Fairchem Organics Limited,INE0DNW01011,,FAIRCHEMOR,,,,,active
INE0DRI01029,ESDS Software Solution Limited,INE0DRI01029,,ESDS,,,,,active
INE0DSF01015,Nureca Limited,INE0DSF01015,,NURECA,,,,,active
INE0DUT01020,Innova Captab Limited,INE0DUT01020,,INNOVACAP,,,,,active
INE0DYJ01015,Syrma SGS Technology Limited,INE0DYJ01015,,SYRMA,,,,,active
INE0E7301029,Wakefit Innovations Limited,INE0E7301029,,WAKEFIT,,,,,active
INE0ECP01024,HMA Agro Industries Limited,INE0ECP01024,,HMAAGRO,,,,,active
INE0EEJ01023,Bodhi Tree Multimedia Limited,INE0EEJ01023,,BTML,,,,,active
INE0EK901012,TARC Limited,INE0EK901012,,TARC,,,,,active
INE0FFK01017,Network People Services Technologies Limited,INE0FFK01017,,NPST,,,,,active
INE0FHS01024,Deep Industries Limited,INE0FHS01024,,DEEPINDS,,,,,active
INE0FMW01018,QMS Medical Allied Services Limited,INE0FMW01018,,QMSMEDI,,,,,active
INE0FOO01011,Shiprocket Limited,INE0FOO01011,,SHIPROCKET,,,,,active
INE0FRK01020,Motisons Jewellers Limited,INE0FRK01020,,MOTISONS,,,,,active
INE0FS801015,Motherson Sumi Wiring India Limited,INE0FS801015,,MSUMI,,,,,active
INE0FW001016,Markolines Pavement Technologies Limited,INE0FW001016,,MARKOLINES,,,,,active
INE0G1L01025,Le Merite Exports Limited,INE0G1L01025,,LEMERITE,,,,,active
INE0G5901015,EPACK Durable Limited,INE0G5901015,,EPACK,,,,,active
INE0GFE01026,Exxaro Tiles Limited,INE0GFE01026,,EXXARO,,,,,active
INE0GGO01015,Krishival Foods Limited,INE0GGO01015,,KRISHIVAL,,,,,active
INE0GIU01018,Uma Exports Limited,INE0GIU01018,,UMAEXPORTS,,,,,active
INE0GK401011,Tatva Chintan Pharma Chem Limited,INE0GK401011,,TATVA,,,,,active
INE0GMR01016,Swaraj Suiting Limited,INE0GMR01016,,SWARAJ,,,,,active
INE0GSL01024,HP Adhesives Limited,INE0GSL01024,,HPAL,,,,,active
INE0GV601021,All Time Plastics Limited,INE0GV601021,,ALLTIME,,,,,active
INE0H5O01029,Windlas Biotech Limited,INE0H5O01029,,WINDLAS,,,,,active
INE0H9F01037,Sai Parenterals Limited,INE0H9F01037,,SAIPARENT,,,,,active
INE0H9P01028,Arisinfra Solutions Limited,INE0H9P01028,,ARIS,,ARISINFRA,,,active
INE0HF201011,Fabtech Technologies Limited,INE0HF201011,,FABTECH,,,,,active
INE0HLU01028,One Mobikwik Systems Limited,INE0HLU01028,,MOBIKWIK,,,,,active
INE0HMF01019,Tracxn Technologies Limited,INE0HMF01019,,TRACXN,,,,,active
INE0HOQ01053,Billionbrains Garage Ventures Limited,INE0HOQ01053,,GROWW,,,,,active
INE0HR601026,Ddev Plastiks Industries Limited,INE0HR601026,,DDEVPLSTIK,,,,,active
INE0HV901016,Le Travenues Technology Limited,INE0HV901016,,IXIGO,,,,,active
INE0I0M01023,Prabha Energy Limited,INE0I0M01023,,PRABHA,,,,,active
INE0I0T01010,Virtuoso Optoelectronics Limited,INE0I0T01010,,VOEPL,,,,,active
INE0I1B01016,Purple Style Labs Limited,INE0I1B01016,,PERNIASPOP,,,,,active
INE0I3401014,Dhampur Bio Organics Limited,INE0I3401014,,DBOL,,,,,active
INE0I7C01011,Latent View Analytics Limited,INE0I7C01011,,LATENTVIEW,,,,,active
INE0ILV01024,Capillary Technologies India Limited,INE0ILV01024,,CAPILLARY,,,,,active
INE0INJ01017,Plaza Wires Limited,INE0INJ01017,,PLAZACABLE,,,,,active
INE0INX01018,Aegis Vopak Terminals Limited,INE0INX01018,,AEGISVOPAK,,,,,active
INE0IQ001011,Veranda Learning Solutions Limited,INE0IQ001011,,VERANDA,,,,,active
INE0ISX01025,Kusumgar Limited,INE0ISX01025,,KUSUMGAR,,,,,active
INE0IX101010,Data Patterns (India) Limited,INE0IX101010,,DATAPATTNS,,,,,active
INE0J0B01017,Kotyark Industries Limited,INE0J0B01017,,KOTYARK,,,,,active
INE0J1F01024,Rashi Peripherals Limited,INE0J1F01024,,RPTECH,,,,,active
INE0J1Y01017,Life Insurance Corporation Of India,INE0J1Y01017,,LICI,,,,,active
INE0J5401028,Honasa Consumer Limited,INE0J5401028,,HONASA,,,,,active
INE0J5601015,Krishna Defence And Allied Industries Limited,INE0J5601015,,KRISHNADEF,,,,,active
INE0J5801029,Jeena Sikho Lifecare Limited,INE0J5801029,,JSLL,,,,,active
INE0JA001018,Venus Pipes & Tubes Limited,INE0JA001018,,VENUSPIPES,,,,,active
INE0JM501013,Nupur Recyclers Limited,INE0JM501013,,NRL,,,,,active
INE0JO301016,Yatharth Hospital & Trauma Care Services Limited,INE0JO301016,,YATHARTH,,,,,active
INE0JPD01013,Sanathan Textiles Limited,INE0JPD01013,,SANATHAN,,,,,active
INE0JR601024,Yatra Online Limited,INE0JR601024,,YATRA,,,,,active
INE0JS101016,Dreamfolks Services Limited,INE0JS101016,,DREAMFOLKS,,,,,active
INE0JSX01015,Global Surfaces Limited,INE0JSX01015,,GSLSU,,,,,active
INE0JUI01012,Hexagon Nutrition Limited,INE0JUI01012,,HEXAGON,,,,,active
INE0JUS01029,Harsha Engineers International Limited,INE0JUS01029,,HARSHA,,,,,active
INE0JVO01026,Garuda Construction and Engineering Limited,INE0JVO01026,,GARUDA,,,,,active
INE0JWS01017,Valiant Laboratories Limited,INE0JWS01017,,VALIANTLAB,,,,,active
INE0JYY01029,Mangalam Worldwide Limited,INE0JYY01029,,MWL,,,,,active
INE0K9O01026,Lalithaa Jewellery Mart Limited,INE0K9O01026,,LALITHAA,,,,,active
INE0KBH01020,Blue Jet Healthcare Limited,INE0KBH01020,,BLUEJET,,,,,active
INE0KCE01017,Eureka Forbes Limited,INE0KCE01017,,EUREKAFORB,,,,,active
INE0KGZ01021,Signpost India Limited,INE0KGZ01021,,SIGNPOST,,,,,active
INE0KKN01029,Rhetan TMT Limited,INE0KKN01029,,RHETAN,,,,,active
INE0KL801015,DCX Systems Limited,INE0KL801015,,DCXINDIA,,,,,active
INE0KNT01012,Manoj Vaibhav Gems N Jewellers Limited,INE0KNT01012,,MVGJL,,,,,active
INE0KNW01016,KN Agri Resources Limited,INE0KNW01016,,KNAGRI,,,,,active
INE0KQN01018,Bajel Projects Limited,INE0KQN01018,,BAJEL,,,,,active
INE0L0L01012,Modis Navnirman Limited,INE0L0L01012,,MODIS,,,,,active
INE0L4K01016,Vital Chemtech Limited,INE0L4K01016,,VITAL,,,,,active
INE0L9R01028,Gopal Snacks Limited,INE0L9R01028,,GOPAL,,,,,active
INE0LCL01028,Avalon Technologies Limited,INE0LCL01028,,AVALON,,,,,active
INE0LEG01024,Hy-Tech Engineers Limited,INE0LEG01024,,HTEL,,,,,active
INE0LEZ01016,Ather Energy Limited,INE0LEZ01016,,ATHERENERG,,,,,active
INE0LGX01024,Insolation Energy Limited,INE0LGX01024,,INA,,,,,active
INE0LLY01014,Enviro Infra Engineers Limited,INE0LLY01014,,EIEL,,,,,active
INE0LMW01024,Cello World Limited,INE0LMW01024,,CELLO,,,,,active
INE0LOJ01019,IKIO Technologies Limited,INE0LOJ01019,,IKIO,,,,,active
INE0LP301011,Physicswallah Limited,INE0LP301011,,PWL,,,,,active
INE0LQS01015,Tips Films Limited,INE0LQS01015,,TIPSFILMS,,,,,active
INE0LRU01027,Aarti Pharmalabs Limited,INE0LRU01027,,AARTIPHARM,,,,,active
INE0LRY01011,Quadrant Future Tek Limited,INE0LRY01011,,QUADFUTURE,,,,,active
INE0LXG01040,Ola Electric Mobility Limited,INE0LXG01040,,OLAELEC,,,,,active
INE0LXT01019,Redtape Limited,INE0LXT01019,,REDTAPE,,,,,active
INE0LZF01039,Waterways Leisure Tourism Limited,INE0LZF01039,,CORDELIA,,,,,active
INE0M4D01010,Standard Engineering Technology Limited,INE0M4D01010,,SETL,,SGLTL,,,active
INE0MB501011,J.G.Chemicals Limited,INE0MB501011,,JGCHEM,,,,,active
INE0MEG01014,Viviana Power Tech Limited,INE0MEG01014,,VIVIANA,,,,,active
INE0MGM01017,Annapurna Swadisht Limited,INE0MGM01017,,ANNAPURNA,,,,,active
INE0MHO01029,Regaal Resources Limited,INE0MHO01029,,REGAAL,,,,,active
INE0MIS01010,Pyramid Technoplast Limited,INE0MIS01010,,PYRAMID,,,,,active
INE0MLS01022,EPack Prefab Technologies Limited,INE0MLS01022,,EPACKPEB,,,,,active
INE0MWH01014,TruAlt Bioenergy Limited,INE0MWH01014,,TRUALT,,,,,active
INE0N0Y01013,Udayshivakumar Infra Limited,INE0N0Y01013,,USK,,,,,active
INE0N2P01017,Rishabh Instruments Limited,INE0N2P01017,,RISHABH,,,,,active
INE0N7W01012,BEML Land Assets Limited,INE0N7W01012,,BLAL,,,,,active
INE0NAZ01010,Smartworks Coworking Spaces Limited,INE0NAZ01010,,SMARTWORKS,,,,,active
INE0NG701011,Xtranet Technologies Limited,INE0NG701011,,XTRANET,,,,,active
INE0NLT01010,BLS E-Services Limited,INE0NLT01010,,BLSE,,,,,active
INE0NN701020,Allcargo Terminals Limited,INE0NN701020,,ATL,,,,,active
INE0NNS01018,NMDC Steel Limited,INE0NNS01018,,NSLNISP,,,,,active
INE0NQ801033,R K Swamy Limited,INE0NQ801033,,RKSWAMY,,,,,active
INE0NT901020,Netweb Technologies India Limited,INE0NT901020,,NETWEB,,,,,active
INE0O3901029,Transindia Real Estate Limited,INE0O3901029,,TREL,,,,,active
INE0O6601022,Kross Limited,INE0O6601022,,KROSS,,,,,active
INE0O9T01021,Indef Manufacturing Limited,INE0O9T01021,,BAJAJINDEF,,,,,active
INE0OAF01028,JNK India Limited,INE0OAF01028,,JNKINDIA,,,,,active
INE0OC301013,Turtlemint Fintech Solutions Limited,INE0OC301013,,TURTLEMINT,,,,,active
INE0OFM01015,DCM Shriram Fine Chemicals Limited,INE0OFM01015,,DSFCL,,,,,active
INE0OJW01016,Rossell Techsys Limited,INE0OJW01016,,ROSSTECH,,,,,active
INE0ONG01011,NTPC Green Energy Limited,INE0ONG01011,,NTPCGREEN,,,,,active
INE0OPA01027,Deepak Builders & Engineers India Limited,INE0OPA01027,,DBEIL,,,,,active
INE0OU201013,DCM Shriram International Limited,INE0OU201013,,DCMSIL,,,,,active
INE0OV601013,EMS Limited,INE0OV601013,,EMSLIMITED,,,,,active
INE0OWZ01020,MV Electrosystems Limited,INE0OWZ01020,,MVELECTRO,,,,,active
INE0P6P01016,Career Point Edutech Limited,INE0P6P01016,,CPEDU,,,,,active
INE0P8B01020,Gaudium IVF and Women Health Limited,INE0P8B01020,,GAUDIUMIVF,,,,,active
INE0PA801013,GHCL Textiles Limited,INE0PA801013,,GHCLTEXTIL,,,,,active
INE0PB301013,Shipping Corporation of India Land and Assets Limited,INE0PB301013,,SCILAL,,,,,active
INE0PEQ01016,RBZ Jewellers Limited,INE0PEQ01016,,RBZJEWEL,,,,,active
INE0PK601023,OCCL Limited,INE0PK601023,,OCCLLTD,,,,,active
INE0PKD01011,Mangal Electrical Industries Limited,INE0PKD01011,,MEIL,,,,,active
INE0PPK01015,Orient Technologies Limited,INE0PPK01015,,ORIENTTECH,,,,,active
INE0PQ101010,Saraswati Saree Depot Limited,INE0PQ101010,,SSDL,,,,,active
INE0PSC01024,Digidrive Distributors Limited,INE0PSC01024,,DIGIDRIVE,,,,,active
INE0PT501018,Platinum Industries Limited,INE0PT501018,,PLATIND,,,,,active
INE0PX301025,Skyways Air Services Limited,INE0PX301025,,SKYWAYS,,,,,active
INE0Q3J01015,KRN Heat Exchanger and Refrigeration Limited,INE0Q3J01015,,KRN,,,,,active
INE0Q3R01026,Sundaram Clayton Limited,INE0Q3R01026,,SUNCLAY,,,,,active
INE0Q9301021,International Gemological Institute Limited,INE0Q9301021,,IGIL,,,,,active
INE0QJW01029,Lohia Corp Limited,INE0QJW01029,,LCL,,,,,active
INE0QN801017,Krystal Integrated Services Limited,INE0QN801017,,KRYSTAL,,,,,active
INE0QPI01025,Sudeep Pharma Limited,INE0QPI01025,,SUDEEPPHRM,,,,,active
INE0QRL01017,Arkade Developers Limited,INE0QRL01017,,ARKADE,,,,,active
INE0QTF01015,Vibhor Steel Tubes Limited,INE0QTF01015,,VSTL,,,,,active
INE0R4L01018,Denta Water and Infra Solutions Limited,INE0R4L01018,,DENTA,,,,,active
INE0R6Z01013,SRM Contractors Limited,INE0R6Z01013,,SRM,,,,,active
INE0R8B01010,Patel Retail Limited,INE0R8B01010,,PATELRMART,,,,,active
INE0RB801010,Senores Pharmaceuticals Limited,INE0RB801010,,SENORES,,,,,active
INE0RE001014,Gala Precision Engineering Limited,INE0RE001014,,GALAPREC,,,,,active
INE0RWQ01014,Tolins Tyres Limited,INE0RWQ01014,,TOLINS,,,,,active
INE0RYC01010,Stallion India Fluorochemicals Limited,INE0RYC01010,,STALLION,,,,,active
INE0S2G01011,Shree Tirupati Balajee Agro Trading Company Limited,INE0S2G01011,,BALAJEE,,,,,active
INE0S2V01010,Vraj Iron and Steel Limited,INE0S2V01010,,VRAJ,,,,,active
INE0S3G01027,Pace Digitek Limited,INE0S3G01027,,PACEDIGITK,,,,,active
INE0S4R01014,Crizac Limited,INE0S4R01014,,CRIZAC,,,,,active
INE0SII01026,Quality Power Electrical Equipments Limited,INE0SII01026,,QPOWER,,,,,active
INE0SJA01013,VMS TMT Limited,INE0SJA01013,,VMSTMT,,,,,active
INE0TGX01019,Chembond Chemicals Limited,INE0TGX01019,,CHEMBONDCH,,CHEMBONDIN,,,active
INE0TO701015,Mamata Machinery Limited,INE0TO701015,,MAMATA,,,,,active
INE0TQE01026,Glottis Limited,INE0TQE01026,,GLOTTIS,,,,,active
INE0TY101024,Solarworld Energy Solutions Limited,INE0TY101024,,SOLARWORLD,,,,,active
INE0U3I01011,Unimech Aerospace and Manufacturing Limited,INE0U3I01011,,UNIMECH,,,,,active
INE0U4101014,Bluspring Enterprises Limited,INE0U4101014,,BLUSPRING,,,,,active
INE0U4701011,Digitide Solutions Limited,INE0U4701011,,DIGITIDE,,,,,active
INE0UH301010,Omnitech Engineering Limited,INE0UH301010,,OMNI,,,,,active
INE0UIZ01018,BLACKBUCK LIMITED,INE0UIZ01018,,BLACKBUCK,,,,,active
INE0UOS01011,Sanofi Consumer Healthcare India Limited,INE0UOS01011,,SANOFICONR,,,,,active
INE0URU01010,Globale Tessile Limited,INE0URU01010,,GLOBALE,,,,,active
INE0US801024,Mahalaxmi Fabric Mills Limited,INE0US801024,,MFML,,,,,active
INE0V0W01025,Gujarat Kidney And Super Speciality Limited,INE0V0W01025,,GKSL,,,,,active
INE0V3U01015,Globe Civil Projects Limited,INE0V3U01015,,GLOBECIVIL,,,,,active
INE0V6F01027,Hyundai Motor India Limited,INE0V6F01027,,HYUNDAI,,,,,active
INE0V7W01012,Carraro India Limited,INE0V7W01012,,CARRARO,,,,,active
INE0V9Q01010,Sri Lotus Developers and Realty Limited,INE0V9Q01010,,LOTUSDEV,,,,,active
INE0VDM01015,Meesho Limited,INE0VDM01015,,MEESHO,,,,,active
INE0VOV01021,Dev Accelerator Limited,INE0VOV01021,,DEVX,,,,,active
INE0W2G01015,SAGILITY LIMITED,INE0W2G01015,,SAGILITY,,,,,active
INE0WO601020,Laxmi Dental Limited,INE0WO601020,,LAXMIDENTL,,,,,active
INE0XAD01024,Midwest Limited,INE0XAD01024,,MIDWESTLTD,,,,,active
INE0XNF01022,Ardee Industries Limited,INE0XNF01022,,ARDEE,,,,,active
INE0Y8W01025,Anlon Healthcare Limited,INE0Y8W01025,,AHCL,,,,,active
INE0YD401026,Jain Resource Recycling Limited,INE0YD401026,,JAINREC,,,,,active
INE0Z4F01028,Atlanta Electricals Limited,INE0Z4F01028,,ATLANTAELE,,,,,active
INE0ZK601013,CSM Technologies Limited,INE0ZK601013,,CSM,,,,,active
INE100A01010,Atul Limited,INE100A01010,,ATUL,,ATULPROD,,,active
INE100D01014,W S Industries (I) Limited,INE100D01014,,WSI,,WSIND,,,active
INE101A01026,Mahindra & Mahindra Limited,INE101A01026,,M&M,,,,,active
INE101D01020,Granules India Limited,INE101D01020,,GRANULES,,,,,active
INE101I01011,Afcons Infrastructure Limited,INE101I01011,,AFCONS,,,,,active
INE102A01024,HLV LIMITED,INE102A01024,,HLVLTD,,HOTELEELA,,,active
INE102B01014,Choice International Limited,INE102B01014,,CHOICEIN,,,,,active
INE102D01028,Godrej Consumer Products Limited,INE102D01028,,GODREJCP,,,,,active
INE102I01027,Allied Digital Services Limited,INE102I01027,,ADSL,,,,,active
INE103001017,Annu Projects Limited,INE103001017,,ANNU,,,,,active
INE103A01014,Mangalore Refinery and Petrochemicals Limited,INE103A01014,,MRPL,,,,,active
INE103C01036,SMC Global Securities Limited,INE103C01036,,SMCGLOBAL,,,,,active
INE103V01028,Travel Food Services Limited,INE103V01028,,TRAVELFOOD,,,,,active
INE105A01035,TVS Holdings Limited,INE105A01035,,TVSHLTD,,SUNCLAYLTD,,,active
INE105C01023,3P Land Holdings Limited,INE105C01023,,3PLAND,,PDUMJEAGRO|PDUMJEIND,,,active
INE105I01020,SEL Manufacturing Company Limited,INE105I01020,,SELMC,,,,,active
INE105J01010,RPG Life Sciences Limited,INE105J01010,,RPGLIFE,,,,,active
INE106I01010,Ankit Metal & Power Limited,INE106I01010,,ANKITMETAL,,,,,active
INE106T01025,Hi-Tech Pipes Limited,INE106T01025,,HITECH,,,,,active
INE107A01015,Tamil Nadu Newsprint & Papers Limited,INE107A01015,,TNPL,,,,,active
INE107F01022,Wanbury Limited,INE107F01022,,WANBURY,,,,,active
INE108E01023,Sundaram Multi Pap Limited,INE108E01023,,SUNDARAM,,,,,active
INE108V01019,Awfis Space Solutions Limited,INE108V01019,,AWFIS,,,,,active
INE109A01011,Shipping Corporation Of India Limited,INE109A01011,,SCI,,,,,active
INE109C01017,Arman Financial Services Limited,INE109C01017,,ARMANFIN,,,,,active
INE110A01019,BPL Limited,INE110A01019,,BPL,,,,,active
INE110B01017,Mindteck (India) Limited,INE110B01017,,MINDTECK,,,,,active
INE111A01025,Container Corporation of India Limited,INE111A01025,,CONCOR,,,,,active
INE111B01023,63 moons technologies limited,INE111B01023,,63MOONS,,FINANTECH,,,active
INE111F01024,Paushak Limited,INE111F01024,,PAUSHAKLTD,,,,,active
INE111Q01021,PDS Limited,INE111Q01021,,PDSL,,,,,active
INE112D01035,Mahalaxmi Rubtech Limited,INE112D01035,,MHLXMIRU,,,,,active
INE112F01022,Lambodhara Textiles Limited,INE112F01022,,LAMBODHARA,,,,,active
INE112L01020,Metropolis Healthcare Limited,INE112L01020,,METROPOLIS,,,,,active
INE112X01025,Sikko Industries Limited,INE112X01025,,SIKKO,,,,,active
INE113A01013,Gujarat Narmada Valley Fertilizers and Chemicals Limited,INE113A01013,,GNFC,,,,,active
INE114A01011,Steel Authority of India Limited,INE114A01011,,SAIL,,,,,active
INE115A01026,LIC Housing Finance Limited,INE115A01026,,LICHSGFIN,,,,,active
INE115Q01022,Inventurus Knowledge Solutions Limited,INE115Q01022,,IKS,,,,,active
INE115S01010,Halder Venture Limited,INE115S01010,,HALDER,,,,,active
INE116A01032,Apcotex Industries Limited,INE116A01032,,APCOTEXIND,,APCOTEXLAT,,,active
INE116C01012,ZF Steering Gear (India) Limited,INE116C01012,,ZFSTEERING,,,,,active
INE116D01028,B.A.G Films and Media Limited,INE116D01028,,BAGFILMS,,,,,active
INE116G01013,Vardhman Acrylics Limited,INE116G01013,,VARDHACRLC,,,,,active
INE117A01022,ABB India Limited,INE117A01022,,ABB,,,,,active
INE117B01020,Cura Technologies Limited,INE117B01020,,CURAA,,,,,active
INE117Z01029,Narmada Agrobase Limited,INE117Z01029,,NARMADA,,,,,active
INE118A01012,Bajaj Holdings & Investment Limited,INE118A01012,,BAJAJHLDNG,,BAJAJAUTO,,,active
INE118D01016,Nuvoco Vistas Corporation Limited,INE118D01016,,NUVOCO,,,,,active
INE118H01025,BSE Limited,INE118H01025,,BSE,,,,,active
INE119201023,Park Medi World Limited,INE119201023,,PARKHOSPS,,,,,active
INE119A01028,Balrampur Chini Mills Limited,INE119A01028,,BALRAMCHIN,,,,,active
INE11XY01018,Caliber Mining and Logistics Limited,INE11XY01018,,CMLL,,,,,active
INE120A01034,Carborundum Universal Limited,INE120A01034,,CARBORUNIV,,,,,active
INE120D01012,Hitech Corporation Limited,INE120D01012,,HITECHCORP,,HITECHPLAS,,,active
INE121A01024,Cholamandalam Investment and Finance Company Limited,INE121A01024,,CHOLAFIN,,CHOLADBS|CHOLAINV,,,active
INE121E01018,JSW Energy Limited,INE121E01018,,JSWENERGY,,,,,active
INE121J01017,Indus Towers Limited,INE121J01017,,INDUSTOWER,,INFRATEL,,,active
INE121N01019,Thejo Engineering Limited,INE121N01019,,THEJO,,,,,active
INE121R01077,Amagi Media Labs Limited,INE121R01077,,AMAGI,,,,,active
INE122M01019,Essar Shipping Limited,INE122M01019,,ESSARSHPNG,,,,,active
INE123B01028,Nagreeka Exports Limited,INE123B01028,,NAGREEKEXP,,,,,active
INE123C01018,Tainwala Chemical and Plastic (I) Limited,INE123C01018,,TAINWALCHM,,,,,active
INE123F01029,MMTC Limited,INE123F01029,,MMTC,,,,,active
INE123W01016,SBI Life Insurance Company Limited,INE123W01016,,SBILIFE,,,,,active
INE124E01038,Steelcast Limited,INE124E01038,,STEELCAS,,,,,active
INE124G01033,Delta Corp Limited,INE124G01033,,DELTACORP,,ARROWGROUP,,,active
INE124Y01028,Pashupati Cotspin Limited,INE124Y01028,,PASHUPATI,,,,,active
INE126A01031,EID Parry India Limited,INE126A01031,,EIDPARRY,,,,,active
INE126J01016,Apollo Pipes Limited,INE126J01016,,APOLLOPIPE,,,,,active
INE126M01010,Indiabulls Limited,INE126M01010,,IBULLSLTD,,IBULISL|IBWSL|SORILHOLD|YAARI|YAARII,,,active
INE127B01011,The Hi-Tech Gears Limited,INE127B01011,,HITECHGEAR,,,,,active
INE127D01025,HDFC Asset Management Company Limited,INE127D01025,,HDFCAMC,,,,,active
INE127I01024,Goodluck India Limited,INE127I01024,,GOODLUCK,,,,,active
INE127T01021,K.P. Energy Limited,INE127T01021,,KPEL,,,,,active
INE128A01029,Eveready Industries India Limited,INE128A01029,,EVEREADY,,,,,active
INE128S01021,Five-Star Business Finance Limited,INE128S01021,,FIVESTAR,,,,,active
INE128X01021,Archean Chemical Industries Limited,INE128X01021,,ACI,,,,,active
INE129A01019,GAIL (India) Limited,INE129A01019,,GAIL,,,,,active
INE129Z01016,Sintercom India Limited,INE129Z01016,,SINTERCOM,,,,,active
INE12F801023,OnEMI Technology Solutions Limited,INE12F801023,,KISSHT,,,,,active
INE12NJ01018,Sambhv Steel Tubes Limited,INE12NJ01018,,SAMBHV,,,,,active
INE12UN01015,Shadowfax Technologies Limited,INE12UN01015,,SHADOWFAX,,,,,active
INE12UR01024,Fujiyama Power Systems Limited,INE12UR01024,,UTLSOLAR,,,,,active
INE130B01031,Surana Telecom and Power Limited,INE130B01031,,SURANAT&P,,SURANATELE,,,active
INE130L01014,Enkei Wheels (India) Limited,INE130L01014,,ENKEIWHEL,,,,,active
INE131A01031,Gujarat Mineral Development Corporation Limited,INE131A01031,,GMDCLTD,,,,,active
INE131B01039,Relaxo Footwears Limited,INE131B01039,,RELAXO,,,,,active
INE131C01011,Disa India Limited,INE131C01011,,DISAQ,,,,,active
INE132C01027,Suryalata Spinning Mills Limited,INE132C01027,,SURYALA,,,,,active
INE132H01018,Aurionpro Solutions Limited,INE132H01018,,AURIONPRO,,,,,active
INE133A01011,JSW Dulux Limited,INE133A01011,,JSWDULUX,,AKZOINDIA|ICI,,,active
INE133E01013,Tilaknagar Industries Limited,INE133E01013,,TI,,,,,active
INE133Y01011,IFGL Refractories Limited,INE133Y01011,,IFGLEXPOR,,,,,active
INE134B01017,Kirloskar Electric Company Limited,INE134B01017,,KECL,,KIRELECTRI,,,active
INE134E01011,Power Finance Corporation Limited,INE134E01011,,PFC,,,,,active
INE136B01020,Cyient Limited,INE136B01020,,CYIENT,,INFOTECENT,,,active
INE136S01016,Neogen Chemicals Limited,INE136S01016,,NEOGEN,,,,,active
INE137C01018,Alphageo (India) Limited,INE137C01018,,ALPHAGEO,,,,,active
INE137I01015,GRP Limited,INE137I01015,,GRPLTD,,,,,active
INE137M01017,SAB Industries Limited,INE137M01017,,SAB,,,,,active
INE138A01028,Peninsula Land Limited,INE138A01028,,PENINLAND,,MORAREALTY|MORARJESPG,,,active
INE138C01024,Kanoria Chemicals & Industries Limited,INE138C01024,,KANORICHEM,,,,,active
INE138Y01010,Kfin Technologies Limited,INE138Y01010,,KFINTECH,,,,,active
INE139A01034,National Aluminium Company Limited,INE139A01034,,NATIONALUM,,,,,active
INE139B01016,UCAL LIMITED,INE139B01016,,UCAL,,UCALFUEL,,,active
INE139I01011,Barak Valley Cements Limited,INE139I01011,,BVCL,,,,,active
INE139R01012,Fusion Finance Limited,INE139R01012,,FUSION,,,,,active
INE13B501022,Saatvik Green Energy Limited,INE13B501022,,SAATVIKGL,,,,,active
INE141D01018,Tamilnadu Telecommunication Limited,INE141D01018,,TNTELE,,,,,active
INE141K01013,Texmo Pipes and Products Limited,INE141K01013,,TEXMOPIPES,,,,,active
INE142A01012,Oswal Agro Mills Limited,INE142A01012,,OSWALAGRO,,,,,active
INE142I01023,TAKE Limited,INE142I01023,,TAKE,,,,,active
INE142K01011,AURUS GEM CORPORATION LIMITED,INE142K01011,,AURUS,,LYPSAGEMS,,,active
INE142M01025,Tata Technologies Limited,INE142M01025,,TATATECH,,,,,active
INE142Q01026,Sula Vineyards Limited,INE142Q01026,,SULA,,,,,active
INE142Z01019,Orient Electric Limited,INE142Z01019,,ORIENTELEC,,,,,active
INE143A01010,Oswal Greentech Limited,INE143A01010,,OSWALGREEN,,BINDALAGRO,,,active
INE144D01012,Cubex Tubings Limited,INE144D01012,,CUBEXTUB,,,,,active
INE144J01027,20 Microns Limited,INE144J01027,,20MICRONS,,,,,active
INE144Z01023,Tarsons Products Limited,INE144Z01023,,TARSONS,,,,,active
INE145E01017,Cravatex Limited,INE145E01017,,CRAVATEX,,,,,active
INE146L01010,Kirloskar Oil Engines Limited,INE146L01010,,KIRLOSENG,,,,,active
INE147A01011,Southern Petrochemicals Industries Corporation  Limited,INE147A01011,,SPIC,,,,,active
INE147P01019,Jindal Poly Investment and Finance Company Limited,INE147P01019,,JPOLYINVST,,,,,active
INE148A01019,Tamilnadu PetroProducts Limited,INE148A01019,,TNPETRO,,,,,active
INE148I01020,Sammaan Capital Limited,INE148I01020,,SAMMAANCAP,,IBULHSGFIN,,,active
INE148O01028,Delhivery Limited,INE148O01028,,DELHIVERY,,,,,active
INE149A01033,Cholamandalam Financial Holdings Limited,INE149A01033,,CHOLAHLDNG,,TIFIN,,,active
INE149K01016,Sandur Manganese & Iron Ores Limited,INE149K01016,,SANDUMA,,,,,active
INE149O01018,NIBE Limited,INE149O01018,,NIBE,,,,,active
INE14LE01019,Aditya Birla Lifestyle Brands Limited,INE14LE01019,,ABLBL,,,,,active
INE14UN01029,Vidya Wires Limited,INE14UN01029,,VIDYAWIRES,,,,,active
INE150B01039,Alkyl Amines Chemicals Limited,INE150B01039,,ALKYLAMINE,,,,,active
INE150G01020,Lux Industries Limited,INE150G01020,,LUXIND,,,,,active
INE151A01013,Tata Communications Limited,INE151A01013,,TATACOMM,,VSNL,,,active
INE151G01028,Shaily Engineering Plastics Limited,INE151G01028,,SHAILY,,,,,active
INE152A01029,Thermax Limited,INE152A01029,,THERMAX,,,,,active
INE152C01025,U. Y. Fincorp Limited,INE152C01025,,UYFINCORP,,,,,active
INE152M01016,Triveni Turbine Limited,INE152M01016,,TRITURBINE,,,,,active
INE153A01019,Mahanagar Telephone Nigam Limited,INE153A01019,,MTNL,,,,,active
INE153T01027,BLS International Services Limited,INE153T01027,,BLS,,,,,active
INE154A01025,ITC Limited,INE154A01025,,ITC,,,,,active
INE154B01023,Mohite Industries Limited,INE154B01023,,MOHITE,,,,,active
INE155A01022,Tata Motors Passenger Vehicles Limited,INE155A01022,,TMPV,,TATAMOTORS|TELCO,,,active
INE155C01010,Albert David Limited,INE155C01010,,ALBERTDAVD,,,,,active
INE155E01016,Investment & Precision Castings Limited,INE155E01016,,INVPRECQ,,,,,active
INE155G01029,New Delhi Television Limited,INE155G01029,,NDTV,,,,,active
INE155Z01011,Macpower CNC Machines Limited,INE155Z01011,,MACPOWER,,,,,active
INE156A01020,Indo Rama Synthetics (India) Limited,INE156A01020,,INDORAMA,,,,,active
INE156C01018,Pioneer Embroideries Limited,INE156C01018,,PIONEEREMB,,,,,active
INE157H01023,K.M.Sugar Mills Limited,INE157H01023,,KMSUGAR,,,,,active
INE158A01026,Hero MotoCorp Limited,INE158A01026,,HEROMOTOCO,,HEROHONDA,,,active
INE158B01016,Eimco Elecon (India) Limited,INE158B01016,,EIMCOELECO,,,,,active
INE159A01016,GlaxoSmithKline Pharmaceuticals Limited,INE159A01016,,GLAXO,,,,,active
INE159L01013,S V Global Mill Limited,INE159L01013,,SVGLOBAL,,,,,active
INE159N01027,Viji Finance Limited,INE159N01027,,VIJIFIN,,,,,active
INE15B701018,Pine Labs Limited,INE15B701018,,PINELABS,,,,,active
INE15EH01014,Priority Jewels Limited,INE15EH01014,,PRIORITY,,,,,active
INE160A01022,Punjab National Bank,INE160A01022,,PNB,,,,,active
INE161A01038,NIIT Limited,INE161A01038,,NIITLTD,,,,,active
INE161L01027,Vikas Lifecare Limited,INE161L01027,,VIKASLIFE,,VIKASMCORP,,,active
INE162A01010,Gujarat Industries Power Company Limited,INE162A01010,,GIPCL,,,,,active
INE162B01018,Lumax Industries Limited,INE162B01018,,LUMAXIND,,,,,active
INE162C01024,Paras Petrofils Limited,INE162C01024,,PARASPETRO,,,,,active
INE163A01018,NOCIL Limited,INE163A01018,,NOCIL,,,,,active
INE164A01016,Balmer Lawrie & Company Limited,INE164A01016,,BALMLAWRIE,,,,,active
INE164B01030,Kellton Tech Solutions Limited,INE164B01030,,KELLTONTEC,,,,,active
INE165B01029,R. S. Software (India) Limited,INE165B01029,,RSSOFTWARE,,,,,active
INE165G01010,Assam Entrade Limited,INE165G01010,,ASSAMENT,,,,,active
INE166R01015,National Standard (India) Limited,INE166R01015,,NATIONSTD,,,,,active
INE167H01014,Simplex Realty Limited,INE167H01014,,SIMPLXREA,,,,,active
INE168A01041,The Jammu & Kashmir Bank Limited,INE168A01041,,J&KBANK,,,,,active
INE168P01015,Emcure Pharmaceuticals Limited,INE168P01015,,EMCURE,,,,,active
INE169A01031,Coromandel International Limited,INE169A01031,,COROMANDEL,,COROMNFERT,,,active
INE16NZ01023,Orkla India Limited,INE16NZ01023,,ORKLAINDIA,,,,,active
INE16SF01016,Borana Weaves Limited,INE16SF01016,,BORANA,,,,,active
INE16W401027,Augmont Enterprises Limited,INE16W401027,,AUGMONT,,,,,active
INE170E01023,Satia Industries Limited,INE170E01023,,SATIA,,,,,active
INE170I01016,Hinduja Global Solutions Limited,INE170I01016,,HGS,,HGSL|HTMTGLOBAL,,,active
INE170V01027,Salasar Techno Engineering Limited,INE170V01027,,SALASAR,,,,,active
INE171A01029,The Federal Bank  Limited,INE171A01029,,FEDERALBNK,,,,,active
INE171Z01026,Bharat Dynamics Limited,INE171Z01026,,BDL,,,,,active
INE172A01027,Castrol India Limited,INE172A01027,,CASTROLIND,,,,,active
INE172N01012,Imagicaaworld Entertainment Limited,INE172N01012,,IMAGICAA,,ADLABS,,,active
INE173A01025,Standard Industries Limited,INE173A01025,,SIL,,,,,active
INE173M01012,Onix Solar Energy Limited,INE173M01012,,ONIXSOLAR,,,,,active
INE175A01038,Jain Irrigation Systems Limited,INE175A01038,,JISLJALEQS,,,,,active
INE176A01028,Bata India Limited,INE176A01028,,BATAINDIA,,,,,active
INE176B01034,Havells India Limited,INE176B01034,,HAVELLS,,,,,active
INE176J01011,Sicagen India Limited,INE176J01011,,SICAGEN,,,,,active
INE177A01018,Ingersoll Rand (India) Limited,INE177A01018,,INGERRAND,,,,,active
INE177C01022,Batliboi Limited,INE177C01022,,BATLIBOI,,,,,active
INE177F01017,Kovai Medical Center & Hospital Limited,INE177F01017,,KOVAI,,,,,active
INE177H01039,Godawari Power And Ispat limited,INE177H01039,,GPIL,,,,,active
INE178A01016,Chennai Petroleum Corporation Limited,INE178A01016,,CHENNPETRO,,MADRASREFN,,,active
INE178C01020,Smartlink Holdings Limited,INE178C01020,,SMARTLINK,,D-LINK,,,active
INE178T01024,Advik Capital Limited,INE178T01024,,ADVIKCA,,,,,active
INE179A01014,Procter & Gamble Hygiene and Health Care Limited,INE179A01014,,PGHH,,P&G,,,active
INE179G01029,Davangere Sugar Company Limited,INE179G01029,,DAVANGERE,,,,,active
INE17IR01028,Laser Power & Infra Limited,INE17IR01028,,LASERPOWER,,,,,active
INE17QZ01016,Knack Packaging Limited,INE17QZ01016,,KNACK,,,,,active
INE180A01020,Max Financial Services Limited,INE180A01020,,MFSL,,MAX,,,active
INE180C01042,Capri Global Capital Limited,INE180C01042,,CGCL,,MMFSL,,,active
INE182A01018,Pfizer Limited,INE182A01018,,PFIZER,,,,,active
INE182D01020,Marathon Nextgen Realty Limited,INE182D01020,,MARATHON,,,,,active
INE183A01024,Finolex Industries Limited,INE183A01024,,FINPIPE,,,,,active
INE184H01027,Everest Kanto Cylinder Limited,INE184H01027,,EKC,,,,,active
INE184O01015,Diffusion Engineers Limited,INE184O01015,,DIFFNKG,,,,,active
INE185C01017,Shree Ajit Pulp & Paper Limited,INE185C01017,,SAPPL,,,,,active
INE185E01021,Filatex Fashions Limited,INE185E01021,,FILATFASH,,,,,active
INE185H01016,Celebrity Fashions Limited,INE185H01016,,CELEBRITY,,,,,active
INE185Q01025,Lumino Industries Limited,INE185Q01025,,LUMINO,,,,,active
INE186A01019,Gujarat Alkalies and Chemicals Limited,INE186A01019,,GUJALKALI,,,,,active
INE186H01022,Bannari Amman Spinning Mills Limited,INE186H01022,,BASML,,,,,active
INE187D01029,Talbros Automotive Components Limited,INE187D01029,,TALBROAUTO,,,,,active
INE188A01015,Fertilizers and Chemicals Travancore Limited,INE188A01015,,FACT,,,,,active
INE188B01013,Igarashi Motors India Limited,INE188B01013,,IGARASHI,,CGIGARSH,,,active
INE188Y01031,Vertoz Limited,INE188Y01031,,VERTOZ,,,,,active
INE189B01011,Styrenix Performance Materials Limited,INE189B01011,,STYRENIX,,ABSIND|INEABS|INEOSSTYRO|LANABS|STYABS,,,active
INE189I01024,Nelcast Limited,INE189I01024,,NELCAST,,,,,active
INE18JU01028,GNG Electronics Limited,INE18JU01028,,EBGNG,,,,,active
INE18UN01038,Gaja Alternative Asset Management Limited,INE18UN01038,,GAJA,,,,,active
INE190H01024,Sakuma Exports Limited,INE190H01024,,SAKUMA,,,,,active
INE191A01027,Orchid Pharma Limited,INE191A01027,,ORCHPHARMA,,,,,active
INE191B01025,Welspun Corp Limited,INE191B01025,,WELCORP,,WELGUJ,,,active
INE191H01014,PVR INOX Limited,INE191H01014,,PVRINOX,,PVR,,,active
INE191I01012,Housing Development and Infrastructure Limited,INE191I01012,,HDIL,,,,,active
INE192A01025,TATA CONSUMER PRODUCTS LIMITED,INE192A01025,,TATACONSUM,,TATAGLOBAL|TATATEA,,,active
INE192B01031,Welspun Living Limited,INE192B01031,,WELSPUNLIV,,WELSPUNIND,,,active
INE192H01020,GRM Overseas Limited,INE192H01020,,GRMOVER,,,,,active
INE192R01011,Avenue Supermarts Limited,INE192R01011,,DMART,,,,,active
INE193B01039,AYM Syntex Limited,INE193B01039,,AYMSYNTEX,,WELSYNTEX,,,active
INE193E01025,Bajaj Electricals Limited,INE193E01025,,BAJAJELEC,,,,,active
INE194D01017,Asian Star Company Limited,INE194D01017,,ASTAR,,,,,active
INE194R01017,Fredun Pharmaceuticals Limited,INE194R01017,,FREDUN,,,,,active
INE195A01028,Supreme Industries Limited,INE195A01028,,SUPREMEIND,,,,,active
INE195J01029,PNC Infratech Limited,INE195J01029,,PNCINFRA,,,,,active
INE195N01013,Prozone Realty Limited,INE195N01013,,PROZONER,,PROZONE|PROZONECSC|PROZONINTU,,,active
INE196A01026,Marico Limited,INE196A01026,,MARICO,,MARICOIND,,,active
INE196Y01018,Worth Peripherals Limited,INE196Y01018,,WORTHPERI,,WORTH,,,active
INE197A01024,Jyoti Structures Limited,INE197A01024,,JYOTISTRUC,,,,,active
INE197D01010,Jindal Poly Films Limited,INE197D01010,,JINDALPOLY,,,,,active
INE197J01017,Landmark Property Development Company Limited,INE197J01017,,LPDC,,,,,active
INE198501012,Euro Pratik Sales Limited,INE198501012,,EUROPRATIK,,,,,active
INE198H01019,Aarey Drugs & Pharmaceuticals Limited,INE198H01019,,AAREYDRUGS,,,,,active
INE199A01012,Procter & Gamble Health Limited,INE199A01012,,PGHL,,EMERCK|MERCK,,,active
INE199C01026,Advani Hotels & Resorts (India) Limited,INE199C01026,,ADVANIHOTR,,RAMADHOTEL,,,active
INE199E01014,Sunshield Chemicals Limited,INE199E01014,,SUNSHIEL,,,,,active
INE199G01027,Jagran Prakashan Limited,INE199G01027,,JAGRAN,,,,,active
INE199P01028,Gretex Corporate Services Limited,INE199P01028,,GCSL,,,,,active
INE19GK01015,Shree Ram Twistex Limited,INE19GK01015,,SRTL,,,,,active
INE19RI01016,Tenneco Clean Air India Limited,INE19RI01016,,TENNIND,,,,,active
INE1AG301022,GK Energy Limited,INE1AG301022,,GKENERGY,,,,,active
INE1B0W01010,Advance Agrolife Limited,INE1B0W01010,,ADVANCE,,,,,active
INE1B3L01017,Shringar House of Mangalsutra Limited,INE1B3L01017,,SHRINGARMS,,,,,active
INE1B3O01011,Sunshine Pictures Limited,INE1B3O01011,,SUNSHINE,,,,,active
INE1B6101010,Shreeji Shipping Global Limited,INE1B6101010,,SHREEJISPG,,,,,active
INE1BZC01019,Om Freight Forwarders Limited,INE1BZC01019,,OMFREIGHT,,,,,active
INE1C6T01020,Emmvee Photovoltaic Power Limited,INE1C6T01020,,EMMVEE,,,,,active
INE1CDF01017,Vedanta Aluminium Metal Limited,INE1CDF01017,,VAML,,,,,active
INE1CLE01013,Vedanta Iron and Steel Limited,INE1CLE01013,,VISL,,,,,active
INE1D0W01018,Technocraft Ventures Limited,INE1D0W01018,,TECHNOCRAF,,,,,active
INE1EEM01017,Behari Lal Engineering Limited,INE1EEM01017,,BLEL,,,,,active
INE1FCO01014,Rays of Belief Limited,INE1FCO01014,,MOMSBELIEF,,,,,active
INE1FF001016,Jinkushal Industries Limited,INE1FF001016,,JKIPL,,,,,active
INE1JCQ01037,Alpine Texworld Limited,INE1JCQ01037,,ALPINETEX,,,,,active
INE1KZI01025,Tempsens Instruments (India) Limited,INE1KZI01025,,TEMPSENS,,,,,active
INE1M2N01020,Deepa Jewellers Limited,INE1M2N01020,,DEEPA,,,,,active
INE1NPP01017,Siemens Energy India Limited,INE1NPP01017,,ENRIN,,,,,active
INE1RDG01013,PNGS Reva Diamond Jewellery Limited,INE1RDG01013,,PNGSREVA,,,,,active
INE1SJO01012,Advit Jewels Limited,INE1SJO01012,,RAMBHAJO,,,,,active
INE1SPP01016,KSR Footwear Limited,INE1SPP01016,,KSR,,,,,active
INE1SY401010,Raymond Realty Limited,INE1SY401010,,RAYMONDREL,,RRL,,,active
INE1TAE01010,Tata Motors Limited,INE1TAE01010,,TMCV,,,,,active
INE1VXE01018,STL Networks Limited,INE1VXE01018,,STLNETWORK,,,,,active
INE1WFC01025,Shankesh Jewellers Limited,INE1WFC01025,,SHANKESH,,,,,active
INE1YPB01014,Allcargo Global Limited,INE1YPB01014,,AGL,,,,,active
INE200A01026,GE Vernova T&D India Limited,INE200A01026,,GVT&D,,ALSTOMT&D|AREVA|AREVAT&D|GECALSTHOM|GET&D,,,active
INE200D01020,Media Matrix Worldwide Limited,INE200D01020,,MMWL,,,,,active
INE200M01039,Varun Beverages Limited,INE200M01039,,VBL,,,,,active
INE201A01024,Manali Petrochemicals Limited,INE201A01024,,MANALIPETC,,,,,active
INE201B01022,Majestic Auto Limited,INE201B01022,,MAJESAUT,,,,,active
INE201K01015,Expleo Solutions Limited,INE201K01015,,EXPLEOSOL,,SQSBFSI|THINKSOFT,,,active
INE201M01029,CL Educate Limited,INE201M01029,,CLEDUCATE,,,,,active
INE201P01022,G R Infraprojects Limited,INE201P01022,,GRINFRA,,,,,active
INE202B01038,Piramal Finance Limited,INE202B01038,,PIRAMALFIN,,,,,active
INE202E01016,Indian Renewable Energy Development Agency Limited,INE202E01016,,IREDA,,,,,active
INE202H01019,Kernex Microsystems (India) Limited,INE202H01019,,KERNEX,,,,,active
INE202Z01029,TSF INVESTMENTS LIMITED,INE202Z01029,,TSFINV,,SUNDARMHLD,,,active
INE203A01020,AstraZeneca Pharma India Limited,INE203A01020,,ASTRAZEN,,ASTRAIDL,,,active
INE203G01027,Indraprastha Gas Limited,INE203G01027,,IGL,,,,,active
INE203Y01012,Silly Monks Entertainment Limited,INE203Y01012,,SILLYMONKS,,,,,active
INE204A01010,IG Petrochemicals Limited,INE204A01010,,IGPL,,IGPETRO,,,active
INE204E01012,Agarwal Industrial Corporation Limited,INE204E01012,,AGARIND,,,,,active
INE205A01025,Vedanta Limited,INE205A01025,,VEDL,,SESAGOA|SSLT,,,active
INE205B01031,Elecon Engineering Company Limited,INE205B01031,,ELECON,,ELECONENGG,,,active
INE205C01021,Poly Medicure Limited,INE205C01021,,POLYMED,,,,,active
INE205F01016,Steel Strips Infrastructures Limited,INE205F01016,,STLSTRINF,,,,,active
INE206B01013,Zodiac Clothing Company Limited,INE206B01013,,ZODIACLOTH,,,,,active
INE206F01022,Authum Investment & Infrastructure Limited,INE206F01022,,AIIL,,,,,active
INE206N01018,Ravindra Energy Limited,INE206N01018,,RELTD,,,,,active
INE207E01023,Ram Ratna Wires Limited,INE207E01023,,RAMRAT,,,,,active
INE207H01018,Gujarat Natural Resources Limited,INE207H01018,,GNRL,,,,,active
INE208A01029,Ashok Leyland Limited,INE208A01029,,ASHOKLEY,,,,,active
INE208C01025,Aegis Logistics Limited,INE208C01025,,AEGISLOG,,AEGISCHEM,,,active
INE209A01019,Sundrop Brands Limited,INE209A01019,,SUNDROP,,ATFL|ITCAGRO,,,active
INE209B01025,Rico Auto Industries Limited,INE209B01025,,RICOAUTO,,,,,active
INE209L01016,Jupiter Wagons Limited,INE209L01016,,JWL,,CEBBCO,,,active
INE210A01017,Williamson Magor & Company Limited,INE210A01017,,WILLAMAGOR,,,,,active
INE210C01013,Aro Granite Industries Limited,INE210C01013,,AROGRANITE,,,,,active
INE211B01039,The Phoenix Mills Limited,INE211B01039,,PHOENIXLTD,,,,,active
INE211R01019,Power Mech Projects Limited,INE211R01019,,POWERMECH,,,,,active
INE212H01026,AIA Engineering Limited,INE212H01026,,AIAENG,,,,,active
INE212I01016,S. P. Apparels Limited,INE212I01016,,SPAL,,,,,active
INE212S01015,Fractal Analytics Limited,INE212S01015,,FRACTAL,,,,,active
INE213A01029,Oil & Natural Gas Corporation Limited,INE213A01029,,ONGC,,,,,active
INE213C01025,Banco Products (I) Limited,INE213C01025,,BANCOINDIA,,BANCOPROD,,,active
INE213D01015,Beekay Steel Industries Limited,INE213D01015,,BEEKAY,,,,,active
INE214A01019,Cybertech Systems And Software Limited,INE214A01019,,CYBERTECH,,,,,active
INE214F01026,Graviss Hospitality Limited,INE214F01026,,GRAVISSHO,,,,,active
INE214T01019,LTM Limited,INE214T01019,,LTM,,LTI|LTIM,,,active
INE215B01022,Orchasp Limited,INE215B01022,,ORCHASP,,,,,active
INE215D01010,Mahindra EPC Irrigation Limited,INE215D01010,,MAHEPC,,,,,active
INE215F01023,The Western India Plywoods Limited,INE215F01023,,WIPL,,,,,active
INE215I01027,Maan Aluminium Limited,INE215I01027,,MAANALU,,MANALU,,,active
INE216A01030,Britannia Industries Limited,INE216A01030,,BRITANNIA,,,,,active
INE216P01012,Aavas Financiers Limited,INE216P01012,,AAVAS,,,,,active
INE217A01012,ZUARI INDUSTRIES LIMITED,INE217A01012,,ZUARIIND,,ZUARIAGRO|ZUARIGLOB,,,active
INE217B01036,Kajaria Ceramics Limited,INE217B01036,,KAJARIACER,,,,,active
INE217G01035,Equippp Social Impact Technologies Limited,INE217G01035,,EQUIPPP,,PROINDIA,,,active
INE217K01011,Reliance Home Finance Limited,INE217K01011,,RHFL,,,,,active
INE217L01019,Shriram Properties Limited,INE217L01019,,SHRIRAMPPS,,,,,active
INE217S01014,Apoorva Leasing Finance and Investment Company Limited,INE217S01014,,APOORVA,,,,,active
INE218C01016,Ausom Enterprise Limited,INE218C01016,,AUSOMENT,,COREBIO|COREEMBLG,,,active
INE218G01033,Palred Technologies Limited,INE218G01033,,PALREDTEC,,,,,active
INE218I01013,Canara Robeco Asset Management Company Limited,INE218I01013,,CRAMC,,,,,active
INE219Y01026,R M Drip and Sprinklers Systems Limited,INE219Y01026,,RMDRIP,,,,,active
INE220B01022,Kalpataru Projects International Limited,INE220B01022,,KPIL,,KALPATPOWR,,,active
INE220G01021,Jindal Stainless Limited,INE220G01021,,JSL,,JSTAINLESS,,,active
INE220Q01020,Credo Brands Marketing Limited,INE220Q01020,,MUFTI,,,,,active
INE220Z01013,Sharat Industries Limited,INE220Z01013,,SHINDL,,,,,active
INE221B01012,Dynamatic Technologies Limited,INE221B01012,,DYNAMATECH,,,,,active
INE221H01019,GTL Infrastructure Limited,INE221H01019,,GTLINFRA,,,,,active
INE221J01015,Sharda Cropchem Limited,INE221J01015,,SHARDACROP,,,,,active
INE222F01029,VTM Limited,INE222F01029,,VTMLTD,,,,,active
INE224A01026,Greaves Cotton Limited,INE224A01026,,GREAVESCOT,,GREAVES,,,active
INE224E01028,GACM Technologies Limited,INE224E01028,,GATECH,,STAMPEDE,,,active
INE224E01036,GACM Technologies Limited,INE224E01036,,GATECHDVR,,SCAPDVR,,,active
INE225B01021,Fermenta Biotech Limited,INE225B01021,,FERMENTA,,,,,active
INE225D01027,Symphony Limited,INE225D01027,,SYMPHONY,,,,,active
INE226A01021,Voltas Limited,INE226A01021,,VOLTAS,,,,,active
INE226H01026,Sadbhav Engineering Limited,INE226H01026,,SADBHAV,,,,,active
INE227B01019,Hind Aluminium Industries Limited,INE227B01019,,HINDALUMI,,,,,active
INE227C01017,MM Forgings Limited,INE227C01017,,MMFL,,MMFORGINGS,,,active
INE227F01010,M.K. Exim (India) Limited,INE227F01010,,MKEXIM,,,,,active
INE227G01018,Indowind Energy Limited,INE227G01018,,INDOWIND,,,,,active
INE227J01012,Kalpataru Limited,INE227J01012,,KALPATARU,,,,,active
INE227W01023,Clean Science and Technology Limited,INE227W01023,,CLEAN,,,,,active
INE228A01035,Usha Martin Limited,INE228A01035,,USHAMART,,USHABEL,,,active
INE228I01012,Asahi Songwon Colors Limited,INE228I01012,,ASAHISONG,,,,,active
INE229A01017,Onward Technologies Limited,INE229A01017,,ONWARDTEC,,,,,active
INE229C01021,Sagar Cements Limited,INE229C01021,,SAGCEM,,SAGARCEM,,,active
INE229H01012,Nitin Spinners Limited,INE229H01012,,NITINSPIN,,,,,active
INE230A01023,EIH Limited,INE230A01023,,EIHOTEL,,,,,active
INE230B01021,Creative Eye Limited,INE230B01021,,CREATIVEYE,,,,,active
INE230R01035,Rama Steel Tubes Limited,INE230R01035,,RAMASTEEL,,,,,active
INE231C01019,Shreyans Industries Limited,INE231C01019,,SHREYANIND,,,,,active
INE231F01020,Sasken Technologies Limited,INE231F01020,,SASKEN,,,,,active
INE231G01010,Orbit Exports Limited,INE231G01010,,ORBTEXP,,,,,active
INE232A01011,Shree Digvijay Cement Co.Ltd,INE232A01011,,SHREDIGCEM,,,,,active
INE232E01013,Veljan Denison Limited,INE232E01013,,VELJAN,,,,,active
INE232I01014,Sun Pharma Advanced Research Company Limited,INE232I01014,,SPARC,,,,,active
INE233A01035,Godrej Industries Limited,INE233A01035,,GODREJIND,,,,,active
INE233B01017,Blue Dart Express Limited,INE233B01017,,BLUEDART,,,,,active
INE234A01025,Novartis India Limited,INE234A01025,,NOVARTIND,,,,,active
INE234I01028,Kaushalya Infrastructure Development Corporation Limited,INE234I01028,,KAUSHALYA,,,,,active
INE235A01022,Finolex Cables Limited,INE235A01022,,FINCABLES,,,,,active
INE235C01036,Sumeet Industries Limited,INE235C01036,,SUMEETINDS,,,,,active
INE236A01020,HCL Infosystems Limited,INE236A01020,,HCL-INSYS,,HCL-HP,,,active
INE236E01022,Ellenbarrie Industrial Gases Limited,INE236E01022,,ELLEN,,,,,active
INE236G01019,TVS Electronics Limited,INE236G01019,,TVSELECT,,,,,active
INE236Y01012,Nakoda Group of Industries Limited,INE236Y01012,,NGIL,,,,,active
INE237A01036,Kotak Mahindra Bank Limited,INE237A01036,,KOTAKBANK,,KOTAKMAH,,,active
INE238A01034,Axis Bank Limited,INE238A01034,,AXISBANK,,UTIBANK,,,active
INE239A01024,Nestle India Limited,INE239A01024,,NESTLEIND,,,,,active
INE239C01020,Stylam Industries Limited,INE239C01020,,STYLAMIND,,,,,active
INE239D01028,OM INFRA LIMITED,INE239D01028,,OMINFRAL,,OMMETALS,,,active
INE240C01028,Usha Martin Education & Solutions Limited,INE240C01028,,UMESLTD,,,,,active
INE242A01010,Indian Oil Corporation Limited,INE242A01010,,IOC,,,,,active
INE242C01024,Anant Raj Limited,INE242C01024,,ANANTRAJ,,,,,active
INE243D01012,BF Utilities Limited,INE243D01012,,BFUTILITIE,,,,,active
INE244A01016,De Nora India Limited,INE244A01016,,DENORA,,TITANOCOMP,,,active
INE244B01030,Patel Engineering Limited,INE244B01030,,PATELENG,,,,,active
INE244O01017,Uniparts India Limited,INE244O01017,,UNIPARTS,,,,,active
INE245A01021,Tata Power Company Limited,INE245A01021,,TATAPOWER,,,,,active
INE245B01011,Phoenix International Limited,INE245B01011,,PHOENXINTL,,,,,active
INE245I01016,Nagreeka Capital & Infrastructure Limited,INE245I01016,,NAGREEKCAP,,,,,active
INE246B01019,Ramco Systems Limited,INE246B01019,,RAMCOSYS,,,,,active
INE247C01023,Virtual Global Education Limited,INE247C01023,,VIRTUALG,,,,,active
INE247D01039,Jindal Worldwide Limited,INE247D01039,,JINDWORLD,,,,,active
INE247M01014,Speciality Restaurants Limited,INE247M01014,,SPECIALITY,,,,,active
INE248A01017,ITI Limited,INE248A01017,,ITI,,,,,active
INE249Z01020,Mazagon Dock Shipbuilders Limited,INE249Z01020,,MAZDOCK,,,,,active
INE24OJ01011,Shankara Buildpro Limited,INE24OJ01011,,BUILDPRO,,,,,active
INE250A01039,Kirloskar Industries Limited,INE250A01039,,KIRLOSIND,,,,,active
INE250B01029,Vinyl Chemicals (India) Limited,INE250B01029,,VINYLINDIA,,,,,active
INE250K01012,D-Link (India) Limited,INE250K01012,,DLINKINDIA,,,,,active
INE250Z01010,Indo Us Biotech Limited,INE250Z01010,,INDOUS,,,,,active
INE251B01027,Zen Technologies Limited,INE251B01027,,ZENTEC,,,,,active
INE251C01025,ABM International Limited,INE251C01025,,ABMINTLLTD,,,,,active
INE251H01024,GVK Power & Infrastructure Limited,INE251H01024,,GVKPIL,,,,,active
INE252A01019,SPEL Semiconductor Limited,INE252A01019,,SPELS,,,,,active
INE253B01015,21st Century Management Services Limited,INE253B01015,,21STCENMGM,,,,,active
INE254N01026,Hindustan Foods Limited,INE254N01026,,HNDFDS,,,,,active
INE255A01020,EPL Limited,INE255A01020,,EPL,,ESSELPACK,,,active
INE255D01024,Gulshan Polyols Limited,INE255D01024,,GULPOLY,,,,,active
INE255X01014,Mstc Limited,INE255X01014,,MSTCLTD,,,,,active
INE255Z01027,E2E Networks Limited,INE255Z01027,,E2E,,,,,active
INE256A01028,Zee Entertainment Enterprises Limited,INE256A01028,,ZEEL,,ZEETELE,,,active
INE256C01024,Triveni Engineering & Industries Limited,INE256C01024,,TRIVENI,,,,,active
INE256H01015,Dynemic Products Limited,INE256H01015,,DYNPRO,,,,,active
INE256Z01025,Akshar Spintex Limited,INE256Z01025,,AKSHAR,,,,,active
INE257A01026,Bharat Heavy Electricals Limited,INE257A01026,,BHEL,,,,,active
INE258A01024,BEML Limited,INE258A01024,,BEML,,,,,active
INE258B01022,FDC Limited,INE258B01022,,FDC,,,,,active
INE258G01013,Sumitomo Chemical India Limited,INE258G01013,,SUMICHEM,,,,,active
INE258R01028,Panorama Studios International Limited,INE258R01028,,PANORAMA,,,,,active
INE258Y01016,Laxmi Goldorna House Limited,INE258Y01016,,LGHL,,,,,active
INE259A01022,Colgate Palmolive (India) Limited,INE259A01022,,COLPAL,,,,,active
INE25E901019,Om Power Transmission Limited,INE25E901019,,OMPOWER,,,,,active
INE260B01028,Godfrey Phillips India Limited,INE260B01028,,GODFRYPHLP,,,,,active
INE260D01016,Olectra Greentech Limited,INE260D01016,,OLECTRA,,GOLDINFRA|GOLDTELE,,,active
INE260R01016,Dhabriya Polywood Limited,INE260R01016,,DHABRIYA,,,,,active
INE262A01018,HMT Limited,INE262A01018,,HMT,,,,,active
INE262H01021,Persistent Systems Limited,INE262H01021,,PERSISTENT,,,,,active
INE262Z01023,Latteys Industries Limited,INE262Z01023,,LATTEYS,,,,,active
INE263A01024,Bharat Electronics Limited,INE263A01024,,BEL,,,,,active
INE263M01029,Keystone Realtors Limited,INE263M01029,,RUSTOMJEE,,,,,active
INE263W01010,Maheshwari Logistics Limited,INE263W01010,,MAHESHWARI,,,,,active
INE264T01014,Capacit'e Infraprojects Limited,INE264T01014,,CAPACITE,,,,,active
INE265B01019,Nitta Gelatin India Limited,INE265B01019,,NITTAGELA,,,,,active
INE265D01015,GKB Ophthalmics Limited,INE265D01015,,GKB,,,,,active
INE265F01028,Entertainment Network (India) Limited,INE265F01028,,ENIL,,,,,active
INE266D01021,Grauer & Weil India Limited,INE266D01021,,GRAUWEIL,,,,,active
INE266F01018,Aptech Limited,INE266F01018,,APTECHT,,,,,active
INE266Y01019,D. P. Abhushan Limited,INE266Y01019,,DPABHUSHAN,,,,,active
INE267A01025,Hindustan Zinc Limited,INE267A01025,,HINDZINC,,,,,active
INE268B01013,Krebs Biochemicals and Industries Limited,INE268B01013,,KREBSBIO,,,,,active
INE268H01044,Navkar Urbanstructure Limited,INE268H01044,,NAVKARURB,,,,,active
INE268L01046,Shekhawati Industries Limited,INE268L01046,,SHEKHAWATI,,SPYL,,,active
INE269A01021,Sonata Software Limited,INE269A01021,,SONATSOFTW,,,,,active
INE269B01029,LMW Limited,INE269B01029,,LMW,,LAXMIMACH,,,active
INE270A01029,Alok Industries Limited,INE270A01029,,ALOKINDS,,,,,active
INE270B01035,Mafatlal Industries Limited,INE270B01035,,MAFATIND,,,,,active
INE270I01022,Vishnu Chemicals Limited,INE270I01022,,VISHNU,,,,,active
INE271B01025,Maharashtra Seamless Limited,INE271B01025,,MAHSEAMLES,,,,,active
INE271C01023,DLF Limited,INE271C01023,,DLF,,,,,active
INE272L01022,Surana Solar Limited,INE272L01022,,SURANASOL,,SURANAVEL,,,active
INE273D01027,VARVEE GLOBAL LIMITED,INE273D01027,,VGL,,AARVEEDEN,,,active
INE274C01019,Wendt (India) Limited,INE274C01019,,WENDT,,WENDTINDIA,,,active
INE274F01020,WESTLIFE FOODWORLD LIMITED,INE274F01020,,WESTLIFE,,,,,active
INE274J01014,Oil India Limited,INE274J01014,,OIL,,,,,active
INE274K01012,Bhilwara Technical Textiles Limited,INE274K01012,,BTTL,,,,,active
INE274V01019,Shankara Building Products Limited,INE274V01019,,SHANKARA,,,,,active
INE274Y01021,Ajax Engineering Limited,INE274Y01021,,AJAXENGG,,,,,active
INE275B01026,Huhtamaki India Limited,INE275B01026,,HUHTAMAKI,,PAPERPROD,,,active
INE275D01022,Amines & Plasticizers Limited,INE275D01022,,AMNPLST,,,,,active
INE276A01018,Garware Technical Fibres Limited,INE276A01018,,GARFIBRES,,GARWALLROP,,,active
INE276C01014,EIH Associated Hotels Limited,INE276C01014,,EIHAHOTELS,,OBERHOTEL,,,active
INE276G01015,Asian Energy Services Limited,INE276G01015,,ASIANENE,,,,,active
INE277A01016,Swaraj Engines Limited,INE277A01016,,SWARAJENG,,,,,active
INE277B01014,Punjab Chemicals & Crop Protection Limited,INE277B01014,,PUNJABCHEM,,,,,active
INE277C01012,Regency Ceramics Limited,INE277C01012,,REGENCERAM,,,,,active
INE278B01020,Shree Rama Newsprint Limited,INE278B01020,,RAMANEWS,,,,,active
INE278G01037,Cyber Media (India) Limited,INE278G01037,,CYBERMEDIA,,,,,active
INE278H01035,Sandhar Technologies Limited,INE278H01035,,SANDHAR,,,,,active
INE278M01019,Navkar Corporation Limited,INE278M01019,,NAVKARCORP,,,,,active
INE278R01034,DHARAN INFRA-EPC LIMITED,INE278R01034,,DHARAN,,KARDA|KBCGLOBAL,,,active
INE278Y01022,Campus Activewear Limited,INE278Y01022,,CAMPUS,,,,,active
INE279A01012,Universal Cables Limited,INE279A01012,,UNIVCABLES,,,,,active
INE280A01028,Titan Company Limited,INE280A01028,,TITAN,,,,,active
INE280B01018,Elantas Beck India Limited,INE280B01018,,ELANTAS,,,,,active
INE280H01015,Sahyadri Industries Limited,INE280H01015,,SAHYADRI,,,,,active
INE281A01026,Century Extrusions Limited,INE281A01026,,CENTEXT,,,,,active
INE281B01032,Lloyds Metals And Energy Limited,INE281B01032,,LLOYDSME,,,,,active
INE283A01014,Precot Limited,INE283A01014,,PRECOT,,PRECOTMILL,,,active
INE283H01019,Royal Orchid Hotels Limited,INE283H01019,,ROHLTD,,,,,active
INE284A01012,Esab India Limited,INE284A01012,,ESABINDIA,,,,,active
INE284B01028,TGV Sraac Limited,INE284B01028,,TGVSL,,,,,active
INE284H01025,Dam Capital Advisors Limited,INE284H01025,,DAMCAPITAL,,,,,active
INE284S01014,S.J.S. Enterprises Limited,INE284S01014,,SJS,,,,,active
INE285A01027,Elgi Equipments Limited,INE285A01027,,ELGIEQUIP,,,,,active
INE285C01015,Voith Paper Fabrics India Limited,INE285C01015,,VOITHPAPR,,,,,active
INE285H01022,ATLANTAA LIMITED,INE285H01022,,ATLANTAA,,ATLANTA,,,active
INE285J01028,SIS LIMITED,INE285J01028,,SIS,,,,,active
INE285K01026,Techno Electric & Engineering Company Limited,INE285K01026,,TECHNOE,,,,,active
INE286H01012,VISA Chrome Limited,INE286H01012,,VISACHROME,,VISASTEEL,,,active
INE286N01028,Prismx Global Ventures Limited,INE286N01028,,PRISMX,,,,,active
INE287B01021,Subros Limited,INE287B01021,,SUBROS,,,,,active
INE287C01037,MIC Electronics Limited,INE287C01037,,MICEL,,,,,active
INE287Z01012,Gayatri Highways Limited,INE287Z01012,,GAYAHWS,,,,,active
INE288A01013,Maharashtra Scooters Limited,INE288A01013,,MAHSCOOTER,,,,,active
INE288B01029,Deepak Nitrite Limited,INE288B01029,,DEEPAKNTR,,,,,active
INE289A01011,Nahar Industrial Enterprises Limited,INE289A01011,,NAHARINDUS,,,,,active
INE289B01019,GIC Housing Finance Limited,INE289B01019,,GICHSGFIN,,,,,active
INE289C01025,Team India Guaranty Limited,INE289C01025,,TEAMGTY,,TIMESGTY,,,active
INE28GN01010,Advent Hotels International Limited,INE28GN01010,,ADVENTHTL,,,,,active
INE290A01027,Nahar Spinning Mills Limited,INE290A01027,,NAHARSPING,,,,,active
INE290E01011,Yogi Limited,INE290E01011,,YOGI,,,,,active
INE290S01011,Cartrade Tech Limited,INE290S01011,,CARTRADE,,,,,active
INE291A01017,Garware Hi-Tech Films Limited,INE291A01017,,GRWRHITECH,,,,,active
INE291D01011,KDDL Limited,INE291D01011,,KDDL,,,,,active
INE291E01019,Paul Merchants Limited,INE291E01019,,PML,,,,,active
INE291W01037,Global Education Limited,INE291W01037,,GLOBAL,,,,,active
INE292B01021,HBL Engineering Limited,INE292B01021,,HBLENGINE,,HBLPOWER,,,active
INE293B01029,Sri Havisha Hospitality and Infrastructure Limited,INE293B01029,,HAVISHA,,SHAKTIGAS,,,active
INE294B01019,SML Mahindra Limited,INE294B01019,,SMLMAH,,SMLISUZU|SWARAJMAZD,,,active
INE294G01026,Raj Oil Mills Limited,INE294G01026,,ROML,,,,,active
INE294Z01018,The Anup Engineering Limited,INE294Z01018,,ANUP,,,,,active
INE295A01018,Everest Industries Limited,INE295A01018,,EVERESTIND,,ETERNEVRST,,,active
INE295D01020,NACL Industries Limited,INE295D01020,,NACLIND,,NAGAAGRI,,,active
INE295F01017,Butterfly Gandhimathi Appliances Limited,INE295F01017,,BUTTERFLY,,,,,active
INE296A01032,Bajaj Finance Limited,INE296A01032,,BAJFINANCE,,BAJAUTOFIN,,,active
INE296C01020,Fiberweb (India) Limited,INE296C01020,,FIBERWEB,,,,,active
INE296E01026,Rajapalayam Mills Limited,INE296E01026,,RAJPALAYAM,,,,,active
INE296G01013,Muthoot Capital Services Limited,INE296G01013,,MUTHOOTCAP,,,,,active
INE296H01011,Emkay Global Financial Services Limited,INE296H01011,,EMKAY,,,,,active
INE296Q01012,Moneyboxx Finance Limited,INE296Q01012,,MONEYBOXX,,,,,active
INE297H01019,Gallantt Ispat Limited,INE297H01019,,GALLANTT,,,,,active
INE298A01020,Cummins India Limited,INE298A01020,,CUMMINSIND,,KIRLOSKCUM,,,active
INE298G01035,Ajmera Realty & Infra India Limited,INE298G01035,,AJMERA,,SHREE,,,active
INE298I01015,Aries Agro Limited,INE298I01015,,ARIES,,,,,active
INE298J01013,Nippon Life India Asset Management Limited,INE298J01013,,NAM-INDIA,,RNAM,,,active
INE298W01016,Chemcrux Enterprises Limited,INE298W01016,,CHEMCRUX,,,,,active
INE299D01022,Hampton Sky Realty Limited,INE299D01022,,HAMPTON,,,,,active
INE299N01021,Waaree Renewable Technologies Limited,INE299N01021,,WAAREERTL,,,,,active
INE299U01018,Crompton Greaves Consumer Electricals Limited,INE299U01018,,CROMPTON,,,,,active
INE2FMX01012,Aastha Spintex Limited,INE2FMX01012,,AASTHA,,,,,active
INE2J8701016,SKF India (Industrial) Limited,INE2J8701016,,SKFINDUS,,,,,active
INE2KCE01013,Kwality Wall's (India) Limited,INE2KCE01013,,KWIL,,,,,active
INE301A01014,Raymond Limited,INE301A01014,,RAYMOND,,,,,active
INE301D01026,The Ruby Mills Limited,INE301D01026,,RUBYMILLS,,,,,active
INE302A01020,Exide Industries Limited,INE302A01020,,EXIDEIND,,CHLORIDIND,,,active
INE302D01024,RIR Power Electronics Limited,INE302D01024,,RIR,,,,,active
INE303A01010,DIC India Limited,INE303A01010,,DICIND,,COATESIND,,,active
INE303R01014,Kalyan Jewellers India Limited,INE303R01014,,KALYANKJIL,,,,,active
INE304A01026,Mukand Limited,INE304A01026,,MUKANDLTD,,,,,active
INE304D01012,Sambandam Spinning Mills Limited,INE304D01012,,SAMBANDAM,,,,,active
INE304W01038,BlueStone Jewellery and Lifestyle Limited,INE304W01038,,BLUESTONE,,,,,active
INE305A01023,Tourism Finance Corporation of India Limited,INE305A01023,,TFCILTD,,,,,active
INE305C01029,Panama Petrochem Limited,INE305C01029,,PANAMAPET,,,,,active
INE306A01021,Bajaj Hindusthan Sugar Limited,INE306A01021,,BAJAJHIND,,,,,active
INE306C01019,Energy Development Company Limited,INE306C01019,,ENERGYDEV,,,,,active
INE306L01010,Quick Heal Technologies Limited,INE306L01010,,QUICKHEAL,,,,,active
INE306R01017,Intellect Design Arena Limited,INE306R01017,,INTELLECT,,,,,active
INE308A01027,Nahar Poly Films Limited,INE308A01027,,NAHARPOLY,,NAHAREXPOT|NAHARINVST,,,active
INE308E01029,SVP GLOBAL TEXTILES LIMITED,INE308E01029,,SVPGLOB,,,,,active
INE309M01020,Premier Polyfilm Limited,INE309M01020,,PREMIERPOL,,,,,active
INE310A01015,Nilkamal Limited,INE310A01015,,NILKAMAL,,NILKAMPLST,,,active
INE310C01029,Hindustan Composites Limited,INE310C01029,,HINDCOMPOS,,,,,active
INE311M01018,Shraddha Prime Projects Limited,INE311M01018,,SHRADDHA,,,,,active
INE312C01025,Syncom Formulations (India) Limited,INE312C01025,,SYNCOMF,,,,,active
INE313L01016,Rajputana Stainless Limited,INE313L01016,,RSL,,,,,active
INE314C01013,Soma Textiles & Industries Limited,INE314C01013,,SOMATEX,,,,,active
INE314G01014,Kalyani Forge Limited,INE314G01014,,KALYANIFRG,,,,,active
INE314H01012,TechNVision Ventures Limited,INE314H01012,,TECHNVISN,,,,,active
INE314T01033,Gokul Agro Resources Limited,INE314T01033,,GOKULAGRO,,,,,active
INE316A01038,Eco Recycling Limited,INE316A01038,,ECORECO,,,,,active
INE316L01019,Bharat Wire Ropes Limited,INE316L01019,,BHARATWIRE,,,,,active
INE317F01035,Nesco Limited,INE317F01035,,NESCO,,,,,active
INE317I01021,Metro Brands Limited,INE317I01021,,METROBRAND,,,,,active
INE318A01026,Pidilite Industries Limited,INE318A01026,,PIDILITIND,,,,,active
INE318C01014,Sayaji Hotels Limited,INE318C01014,,SAYAJIHOTL,,,,,active
INE318D01020,Zenith Steel Pipes & Industries Limited,INE318D01020,,ZENITHSTL,,ZENITHBIR,,,active
INE319B01014,The Byke Hospitality Ltd,INE319B01014,,BYKE,,,,,active
INE319Y01024,Tirupati Forge Limited,INE319Y01024,,TIRUPATIFL,,FORGE,,,active
INE319Z01021,Supreme Engineering Limited,INE319Z01021,,SUPREMEENG,,,,,active
INE320B01020,Centum Electronics Limited,INE320B01020,,CENTUM,,,,,active
INE320I01017,Brahmaputra Infrastructure Limited,INE320I01017,,BRAHMINFRA,,,,,active
INE320J01015,RITES Limited,INE320J01015,,RITES,,,,,active
INE320L01011,Dhunseri Investments Limited,INE320L01011,,DHUNINV,,,,,active
INE320X01016,HALEOS LABS LIMITED,INE320X01016,,HALEOSLABS,,SMSLIFE,,,active
INE321M01017,Sonal Mercantile Limited,INE321M01017,,SONAL,,,,,active
INE321T01012,DOMS Industries Limited,INE321T01012,,DOMS,,,,,active
INE322A01010,Gillette India Limited,INE322A01010,,GILLETTE,,INDSHAVING,,,active
INE323A01026,Bosch Limited,INE323A01026,,BOSCHLTD,,MICO,,,active
INE323B01024,Avonmore Capital & Management Services Limited,INE323B01024,,AVONMORE,,,,,active
INE323C01030,Indian Hume Pipe Company Limited,INE323C01030,,INDIANHUME,,,,,active
INE323I01011,Puravankara Limited,INE323I01011,,PURVA,,,,,active
INE323J01019,Somi Conveyor Beltings Limited,INE323J01019,,SOMICONVEY,,,,,active
INE324A01032,Jindal Saw Limited,INE324A01032,,JINDALSAW,,SAWPIPES,,,active
INE324D01010,LG Electronics India Limited,INE324D01010,,LGEINDIA,,,,,active
INE324L01013,R.P.P. Infra Projects Limited,INE324L01013,,RPPINFRA,,,,,active
INE324X01026,Sarveshwar Foods Limited,INE324X01026,,SARVESHWAR,,,,,active
INE325A01013,Timken India Limited,INE325A01013,,TIMKEN,,TATATIMKEN,,,active
INE325C01035,Dollar Industries Limited,INE325C01035,,DOLLAR,,,,,active
INE325D01025,Sindhu Trade Links Limited,INE325D01025,,SINDHUTRAD,,,,,active
INE326A01037,Lupin Limited,INE326A01037,,LUPIN,,,,,active
INE326B01035,Almondz Global Securities Limited,INE326B01035,,ALMONDZ,,,,,active
INE326T01011,Niraj Ispat Industries Limited,INE326T01011,,NIRAJISPAT,,,,,active
INE327G01032,Sayaji Industries Limited,INE327G01032,,SAYAJIIND,,,,,active
INE330E01023,Transcorp International Limited,INE330E01023,,TRANSCOR,,,,,active
INE330H01018,Reliance Communications Limited,INE330H01018,,RCOM,,RCVL,,,active
INE330T01021,Happy Forgings Limited,INE330T01021,,HAPPYFORGE,,,,,active
INE331A01037,The Ramco Cements Limited,INE331A01037,,RAMCOCEM,,MADRASCEM,,,active
INE332A01027,Thomas Cook  (India)  Limited,INE332A01027,,THOMASCOOK,,,,,active
INE332H01014,Indo Tech Transformers Limited,INE332H01014,,INDOTECH,,,,,active
INE333I01044,Neueon Corporation Limited,INE333I01044,,NEUEON,,NTL|SUJANATWR,,,active
INE334A01023,Sterling Tools Limited,INE334A01023,,STERTOOLS,,,,,active
INE335A01020,Surya Roshni Limited,INE335A01020,,SURYAROSNI,,,,,active
INE335K01011,Coffee Day Enterprises Limited,INE335K01011,,COFFEEDAY,,,,,active
INE335W01016,Ganges Securities Limited,INE335W01016,,GANGESSECU,,,,,active
INE335Y01020,Indian Railway Catering And Tourism Corporation Limited,INE335Y01020,,IRCTC,,,,,active
INE336H01023,Gayatri Projects Limited,INE336H01023,,GAYAPROJ,,,,,active
INE336X01012,Total Transport Systems Limited,INE336X01012,,TOTAL,,,,,active
INE337A01034,LG Balakrishnan & Bros Limited,INE337A01034,,LGBBROSLTD,,,,,active
INE337M01021,Indo Thai Securities Limited,INE337M01021,,INDOTHAI,,,,,active
INE338A01024,Thirumalai Chemicals Limited,INE338A01024,,TIRUMALCHM,,,,,active
INE338D01028,Bodal Chemicals Limited,INE338D01028,,BODALCHEM,,,,,active
INE338F01015,Kilburn Engineering Limited,INE338F01015,,KLBRENG-B,,,,,active
INE338H01029,Concord Biotech Limited,INE338H01029,,CONCORDBIO,,,,,active
INE338I01027,Motilal Oswal Financial Services Limited,INE338I01027,,MOTILALOFS,,,,,active
INE340A01012,Birla Corporation Limited,INE340A01012,,BIRLACORPN,,BIRLAJUTE,,,active
INE341H01023,LKP Securities Limited,INE341H01023,,LKPSEC,,,,,active
INE341R01014,Dhunseri Tea & Industries Limited,INE341R01014,,DTIL,,,,,active
INE342A01018,Premier Limited,INE342A01018,,PREMIER,,PREMAUTO,,,active
INE342G01023,NIIT Learning Systems Limited,INE342G01023,,NIITMTS,,,,,active
INE342J01019,ZF Commercial Vehicle Control Systems India Limited,INE342J01019,,ZFCVINDIA,,,,,active
INE343B01030,Rajesh Exports Limited,INE343B01030,,RAJESHEXPO,,,,,active
INE343G01021,Bharti Hexacom Limited,INE343G01021,,BHARTIHEXA,,LIST000857,,,active
INE343H01029,Solar Industries India Limited,INE343H01029,,SOLARINDS,,SOLAREX,,,active
INE344D01018,Kamanwala Housing Construction Limited,INE344D01018,,KAMANWALA,,,,,active
INE344S01016,InfoBeans Technologies Limited,INE344S01016,,INFOBEAN,,,,,active
INE344T01014,Bella Casa Fashion & Retail Limited,INE344T01014,,BELLACASA,,,,,active
INE345A01011,Hindustan Oil Exploration Company Limited,INE345A01011,,HINDOILEXP,,,,,active
INE345B01019,Cerebra Integrated Technologies Limited,INE345B01019,,CEREBRAINT,,,,,active
INE345H01024,Capital India Finance Limited,INE345H01024,,CIFL,,,,,active
INE346A01027,ICICI Prudential Asset Management Company Limited,INE346A01027,,ICICIAMC,,,,,active
INE346W01013,Apex Frozen Foods Limited,INE346W01013,,APEX,,,,,active
INE347A01017,Mangalam Cement Limited,INE347A01017,,MANGLMCEM,,,,,active
INE347G01014,Petronet LNG Limited,INE347G01014,,PETRONET,,,,,active
INE347W01011,Magadh Sugar & Energy Limited,INE347W01011,,MAGADSUGAR,,,,,active
INE348A01023,Ashapura Minechem Limited,INE348A01023,,ASHAPURMIN,,,,,active
INE348B01021,Century Plyboards (India) Limited,INE348B01021,,CENTURYPLY,,,,,active
INE348L01012,MAS Financial Services Limited,INE348L01012,,MASFIN,,,,,active
INE348N01042,KD Green Industries Limited,INE348N01042,,KDGREEN,,MANBRO,,,active
INE349A01021,NRB Bearing Limited,INE349A01021,,NRBBEARING,,,,,active
INE349W01017,Avadh Sugar & Energy Limited,INE349W01017,,AVADHSUGAR,,,,,active
INE349Y01013,Ideaforge Technology Limited,INE349Y01013,,IDEAFORGE,,,,,active
INE350C01017,Optiemus Infracom Limited,INE350C01017,,OPTIEMUS,,,,,active
INE350H01032,B. L. Kashyap and Sons Limited,INE350H01032,,BLKASHYAP,,,,,active
INE350Z01018,Gloster Limited,INE350Z01018,,GLOSTERLTD,,,,,active
INE351A01035,Unichem Laboratories Limited,INE351A01035,,UNICHEMLAB,,,,,active
INE351F01018,Jaiprakash Power Ventures Limited,INE351F01018,,JPPOWER,,JPHYDRO,,,active
INE351Y01019,Beta Drugs Limited,INE351Y01019,,BETA,,,,,active
INE353A01023,NDL Ventures Limited,INE353A01023,,NDLVENTURE,,HINDUJATMT|HINDUJAVEN|NXTDIGITAL,,,active
INE353H01010,STL Global Limited,INE353H01010,,SGL,,,,,active
INE353K01014,India Tourism Development Corporation Limited,INE353K01014,,ITDC,,,,,active
INE354A01013,Jenburkt Pharmaceuticals Limited,INE354A01013,,JENBURPH,,,,,active
INE354C01027,Bhageria Industries Limited,INE354C01027,,BHAGERIA,,,,,active
INE355A01028,Somany Ceramics Limited,INE355A01028,,SOMANYCERA,,SPLLTD,,,active
INE356A01018,MphasiS Limited,INE356A01018,,MPHASIS,,BFLSOFTWAR|MPHASISBFL,,,active
INE356B01024,Systematix Corporate Services Limited,INE356B01024,,SYSTMTXC,,,,,active
INE358A01014,Abbott India Limited,INE358A01014,,ABBOTINDIA,,,,,active
INE358U01012,Zota Health Care LImited,INE358U01012,,ZOTA,,,,,active
INE359B01010,VEDAVAAG Systems Limited,INE359B01010,,VEDAVAAG,,,,,active
INE359U01028,Lancer Container Lines Limited,INE359U01028,,LANCER,,,,,active
INE360C01024,DPSC Limited,INE360C01024,,DPSCLTD,,,,,active
INE360L01017,Future Market Networks Limited,INE360L01017,,FMNL,,AGRE,,,active
INE361B01024,Divi's Laboratories Limited,INE361B01024,,DIVISLAB,,,,,active
INE361K01017,Gradiente Infotainment Limited,INE361K01017,,GRADIENTE,,,,,active
INE362A01016,PVP Ventures Limited,INE362A01016,,PVP,,SOFTSOLINT,,,active
INE362D01010,Vijay Solvex Limited,INE362D01010,,VIJSOLX,,,,,active
INE363A01022,Asian Hotels (North) Limited,INE363A01022,,ASIANHOTNR,,,,,active
INE363M01019,Shemaroo Entertainment Limited,INE363M01019,,SHEMAROO,,,,,active
INE364A01020,Jayshree Tea & Industries Limited,INE364A01020,,JAYSREETEA,,,,,active
INE364U01010,Adani Green Energy Limited,INE364U01010,,ADANIGREEN,,,,,active
INE364Z01019,Rudrabhishek Enterprises Limited,INE364Z01019,,REPL,,,,,active
INE365B01017,Datamatics Global Services Limited,INE365B01017,,DATAMATICS,,DATATECH,,,active
INE365D01021,Ashiana Housing Limited,INE365D01021,,ASHIANA,,,,,active
INE365I01020,N. B. I. Industrial Finance Company Limited,INE365I01020,,NBIFIN,,,,,active
INE365O01028,Abans Enterprises Limited,INE365O01028,,ABANSENT,,,,,active
INE365Y01019,Bharat Parenterals Limited,INE365Y01019,,BPLPHARMA,,,,,active
INE366A01041,Dwarikesh Sugar Industries Limited,INE366A01041,,DWARKESH,,,,,active
INE366C01021,ACS Technologies Limited,INE366C01021,,ACSTECH,,,,,active
INE366I01010,VRL Logistics Limited,INE366I01010,,VRLLOG,,,,,active
INE367G01038,Prime Focus Limited,INE367G01038,,PFOCUS,,,,,active
INE368I01016,Niraj Cement Structurals Limited,INE368I01016,,NIRAJ,,,,,active
INE368U01029,United Polyfab Gujarat Limited,INE368U01029,,UNITEDPOLY,,,,,active
INE369A01029,Excel Industries Limited,INE369A01029,,EXCELINDUS,,,,,active
INE369C01017,Norben Tea & Exports Limited,INE369C01017,,NORBTEAEXP,,,,,active
INE369I01014,IL&FS Engineering and Construction Company Limited,INE369I01014,,IL&FSENGG,,MAYTASINFR,,,active
INE370D01013,Mangalam Organics Limited,INE370D01013,,MANORG,,,,,active
INE370E01029,Visagar Polytex Limited,INE370E01029,,VIVIDHA,,,,,active
INE371A01025,Graphite India Limited,INE371A01025,,GRAPHITE,,CARBEVFLOW,,,active
INE371C01013,Poddar Pigments Limited,INE371C01013,,PODDARMENT,,,,,active
INE371P01015,Amber Enterprises India Limited,INE371P01015,,AMBER,,,,,active
INE372A01015,Apar Industries Limited,INE372A01015,,APARINDS,,,,,active
INE372C01037,Precision Wires India Limited,INE372C01037,,PRECWIRE,,,,,active
INE372E01025,Birla Precision Technologies Limited,INE372E01025,,BIRLAPREC,,,,,active
INE372M01010,ARCL Organics Limited,INE372M01010,,ARCL,,,,,active
INE373A01013,BASF India Limited,INE373A01013,,BASF,,,,,active
INE373T01047,Blue Cloud Softech Solutions Limited,INE373T01047,,BLUECLOUDS,,,,,active
INE374B01019,Mukta Arts Limited,INE374B01019,,MUKTAARTS,,,,,active
INE375Y01018,Reliable Data Services Limited,INE375Y01018,,RELIABLE,,,,,active
INE376G01013,Biocon Limited,INE376G01013,,BIOCON,,,,,active
INE377E01024,Coastal Corporation Limited,INE377E01024,,COASTCORP,,,,,active
INE377N01017,Waaree Energies Limited,INE377N01017,,WAAREEENER,,,,,active
INE377Y01014,Bajaj Housing Finance Limited,INE377Y01014,,BAJAJHFL,,,,,active
INE378D01032,Madhucon Projects Limited,INE378D01032,,MADHUCON,,,,,active
INE379A01028,ITC Hotels Limited,INE379A01028,,ITCHOTELS,,,,,active
INE380K01017,Vivo Bio Tech Limited,INE380K01017,,VIVOBIOT,,,,,active
INE382M01027,United Foodbrands Limited,INE382M01027,,UFBL,,BARBEQUE,,,active
INE382T01030,GVP Infotech Limited,INE382T01030,,GVPTECH,,4THDIM,,,active
INE382Z01011,Garden Reach Shipbuilders & Engineers Limited,INE382Z01011,,GRSE,,,,,active
INE383A01012,The India Cements Limited,INE383A01012,,INDIACEM,,,,,active
INE383H01017,Malu Paper Mills Limited,INE383H01017,,MALUPAPER,,,,,active
INE383L01019,Parnax Lab Limited,INE383L01019,,PARNAXLAB,,,,,active
INE384A01010,Rane Holdings Limited,INE384A01010,,RANEHOLDIN,,RANEMADRAS,,,active
INE384C01016,Yuken India Limited,INE384C01016,,YUKEN,,,,,active
INE385C01021,Sarda Energy & Minerals Limited,INE385C01021,,SARDAEN,,,,,active
INE385F01024,SG Mart Limited,INE385F01024,,SGMART,,,,,active
INE385I01010,Alpa Laboratories Limited,INE385I01010,,ALPA,,,,,active
INE385W01011,Dishman Carbogen Amcis Limited,INE385W01011,,DCAL,,,,,active
INE386A01023,Vesuvius India Limited,INE386A01023,,VESUVIUS,,,,,active
INE386C01029,Astra Microwave Products Limited,INE386C01029,,ASTRAMICRO,,,,,active
INE386D01027,Shivalik Bimetal Controls Limited,INE386D01027,,SBCL,,,,,active
INE387A01021,Sundram Fasteners Limited,INE387A01021,,SUNDRMFAST,,,,,active
INE387I01016,Magnum Ventures Limited,INE387I01016,,MAGNUM,,,,,active
INE388A01029,Ganesh Benzoplast Limited,INE388A01029,,GANESHBE,,,,,active
INE388G01026,Twamev Construction and Infrastructure Limited,INE388G01026,,TICL,,TCLCONS,,,active
INE388Y01029,FSN E-Commerce Ventures Limited,INE388Y01029,,NYKAA,,,,,active
INE389C01015,Mallcom (India) Limited,INE389C01015,,MALLCOM,,,,,active
INE389H01022,KEC International Limited,INE389H01022,,KEC,,,,,active
INE389K01018,Welspun Investments and Commercials Limited,INE389K01018,,WELINV,,,,,active
INE390D01011,Terai Tea Company Limited,INE390D01011,,TERAI,,,,,active
INE390G01014,GPT Infraprojects Limited,INE390G01014,,GPTINFRA,,,,,active
INE390H01020,Kamdhenu Limited,INE390H01020,,KAMDHENU,,KIL,,,active
INE391D01019,TRF Limited,INE391D01019,,TRF,,,,,active
INE391J01032,JTL INDUSTRIES LIMITED,INE391J01032,,JTLIND,,JTLINFRA,,,active
INE392A01021,Visaka Industries Limited,INE392A01021,,VISAKAIND,,,,,active
INE392B01011,Pritish Nandy Communications Limited,INE392B01011,,PNC,,,,,active
INE393A01011,Delta Manufacturing Limited,INE393A01011,,DELTAMAGNT,,GPELECT,,,active
INE393P01035,Prataap Snacks Limited,INE393P01035,,DIAMONDYD,,,,,active
INE395H01011,Steel City Securities Limited,INE395H01011,,STEELCITY,,,,,active
INE395N01027,TVS Supply Chain Solutions Limited,INE395N01027,,TVSSCS,,,,,active
INE395U01014,NINtec Systems Limited,INE395U01014,,NINSYS,,,,,active
INE397D01024,Bharti Airtel Limited,INE397D01024,,BHARTIARTL,,BHARTI,,,active
INE397H01017,Lokesh Machines Limited,INE397H01017,,LOKESHMACH,,,,,active
INE398A01010,Venky's (India) Limited,INE398A01010,,VENKEYS,,WESTHATCH,,,active
INE398B01018,UMIYA BUILDCON LIMITED,INE398B01018,,UMIYA-MRO,,MRO-TEK,,,active
INE398L01017,Kanco Tea & Industries Limited,INE398L01017,,KANCOTEA,,,,,active
INE398R01022,Syngene International Limited,INE398R01022,,SYNGENE,,,,,active
INE399C01030,Suprajit Engineering Limited,INE399C01030,,SUPRAJIT,,,,,active
INE399G01023,Ramkrishna Forgings Limited,INE399G01023,,RKFORGE,,,,,active
INE399K01017,RattanIndia Power Limited,INE399K01017,,RTNPOWER,,IBPOW,,,active
INE399L01023,Adani Total Gas Limited,INE399L01023,,ATGL,,ADANIGAS,,,active
INE400A01014,Tuticorin Alkali Chemicals & Fertilizers Limited,INE400A01014,,TUTIALKA,,,,,active
INE400G01011,Hariyana Ship Breakers Limited,INE400G01011,,HRYNSHP,,,,,active
INE401H01017,Kewal Kiran Clothing Limited,INE401H01017,,KKCL,,,,,active
INE402H01015,Shri Bajrang Alliance Limited,INE402H01015,,SHBAJRG,,,,,active
INE403F01017,Thakkers Developers Limited,INE403F01017,,THAKDEV,,,,,active
INE403Y01018,Innovana Thinklabs Limited,INE403Y01018,,INNOVANA,,,,,active
INE404A01024,Aditya Birla Sun Life AMC Limited,INE404A01024,,ABSLAMC,,,,,active
INE405A01021,Ultramarine & Pigments Limited,INE405A01021,,ULTRAMAR,,,,,active
INE405C01035,Lincoln Pharmaceuticals Limited,INE405C01035,,LINCOLN,,,,,active
INE405E01023,UNO Minda Limited,INE405E01023,,UNOMINDA,,MINDAIND,,,active
INE406A01037,Aurobindo Pharma Limited,INE406A01037,,AUROPHARMA,,,,,active
INE406M01024,Eris Lifesciences Limited,INE406M01024,,ERIS,,,,,active
INE409B01013,Swelect Energy Systems Limited,INE409B01013,,SWELECTES,,NUMERICPW,,,active
INE410B01037,Vinati Organics Limited,INE410B01037,,VINATIORGA,,,,,active
INE410P01011,Narayana Hrudayalaya Ltd.,INE410P01011,,NH,,,,,active
INE411B01019,Venus Remedies Limited,INE411B01019,,VENUSREM,,,,,active
INE411D01023,SKM Egg Products Export (India) Limited,INE411D01023,,SKMEGGPROD,,,,,active
INE411F01010,Kama Holdings Limited,INE411F01010,,KAMAHOLD,,,,,active
INE411H01032,R Systems International Limited,INE411H01032,,RSYSTEMS,,,,,active
INE411U01027,Bajaj Healthcare Limited,INE411U01027,,BAJAJHCARE,,,,,active
INE412C01023,Jullundur Motor Agency (Delhi) Limited,INE412C01023,,JMA,,,,,active
INE412G01024,Bcl Industries Limited,INE412G01024,,BCLIND,,,,,active
INE412U01025,Bigbloc Construction Limited,INE412U01025,,BIGBLOC,,,,,active
INE413B01023,Ruchi Infrastructure Limited,INE413B01023,,RUCHINFRA,,,,,active
INE413D01011,Arihant Foundations & Housing Limited,INE413D01011,,ARIHANT,,,,,active
INE413G01022,TPL Plastech Limited,INE413G01022,,TPLPLASTEH,,,,,active
INE414A01015,Madras Fertilizers Limited,INE414A01015,,MADRASFERT,,,,,active
INE414B01021,Antarctica Limited,INE414B01021,,ANTGRAPHIC,,,,,active
INE414D01027,Bhagiradha Chemicals & Industries Limited,INE414D01027,,BHAGCHEM,,,,,active
INE414G01012,Muthoot Finance Limited,INE414G01012,,MUTHOOTFIN,,,,,active
INE414Y01015,Shree Ganesh Remedies Limited,INE414Y01015,,SGRL,,,,,active
INE415A01038,AGI Greenpac Limited,INE415A01038,,AGI,,HINDSANIT|HSIL,,,active
INE415B01044,Marsons Limited,INE415B01044,,MARSONS,,,,,active
INE415D01024,Bharat Seats Limited,INE415D01024,,BHARATSE,,,,,active
INE415G01027,Rail Vikas Nigam Limited,INE415G01027,,RVNL,,,,,active
INE415I01015,Kiri Industries Limited,INE415I01015,,KIRIINDUS,,KIRIDYES,,,active
INE416A01051,Aqylon Nexus Limited,INE416A01051,,AQYLON,,SABTNL,,,active
INE416D01022,Bliss GVS Pharma Limited,INE416D01022,,BLISSGVS,,,,,active
INE417B01040,Dynacons Systems & Solutions Limited,INE417B01040,,DSSL,,,,,active
INE417C01014,Pilani Investment and Industries Corporation Limited,INE417C01014,,PILANIINVS,,,,,active
INE417D01020,Fedders Holding Limited,INE417D01020,,FEDDERSHOL,,,,,active
INE417T01026,PB Fintech Limited,INE417T01026,,POLICYBZR,,,,,active
INE418E01018,Permanent Magnets Limited,INE418E01018,,PERMAGN,,,,,active
INE418H01029,Allcargo Logistics Limited,INE418H01029,,ALLCARGO,,,,,active
INE418L01047,Nazara Technologies Limited,INE418L01047,,NAZARA,,,,,active
INE418N01035,Integra Essentia Limited,INE418N01035,,ESSENTIA,,,,,active
INE419A01022,Kothari Sugars And Chemicals Limited,INE419A01022,,KOTARISUG,,,,,active
INE419D01026,Chaman Lal Setia Exports Limited,INE419D01026,,CLSEL,,,,,active
INE419M01035,TD Power Systems Limited,INE419M01035,,TDPOWERSYS,,,,,active
INE419U01012,Happiest Minds Technologies Limited,INE419U01012,,HAPPSTMNDS,,,,,active
INE420B01036,Arihant Capital Markets Limited,INE420B01036,,ARIHANTCAP,,,,,active
INE420C01059,Paisalo Digital Limited,INE420C01059,,PAISALO,,SEINV,,,active
INE421A01028,Aban Offshore Limited,INE421A01028,,ABAN,,ABANLLOYD|ABANLOYD,,,active
INE421C01016,TVS Srichakra Limited,INE421C01016,,TVSSRICHAK,,SRICHAKTYR,,,active
INE421D01022,CCL Products (India) Limited,INE421D01022,,CCL,,,,,active
INE423A01024,Adani Enterprises Limited,INE423A01024,,ADANIENT,,ADANIEXPO,,,active
INE423Y01016,SBFC Finance Limited,INE423Y01016,,SBFC,,,,,active
INE424C01010,Ginni Filaments Limited,INE424C01010,,GINNIFILA,,,,,active
INE424H01027,Sun TV Network Limited,INE424H01027,,SUNTV,,,,,active
INE425B01027,Brightcom Group Limited,INE425B01027,,BCG,,LYCOS,,,active
INE425Y01011,RPSG VENTURES LIMITED,INE425Y01011,,RPSGVENT,,CESCVENT,,,active
INE426A01027,Alembic Limited,INE426A01027,,ALEMBICLTD,,ALMBICHEM,,,active
INE426D01013,Goa Carbon Limited,INE426D01013,,GOACARBON,,,,,active
INE426Z01016,OBCL Limited,INE426Z01016,,OBCL,,,,,active
INE427F01016,Chalet Hotels Limited,INE427F01016,,CHALET,,,,,active
INE428Q01011,Suryoday Small Finance Bank Limited,INE428Q01011,,SURYODAY,,,,,active
INE428V01029,Nephrocare Health Services Limited,INE428V01029,,NEPHROPLUS,,,,,active
INE429E01023,Safari Industries (India) Limited,INE429E01023,,SAFARI,,,,,active
INE429I01024,Consolidated Construction Consortium Limited,INE429I01024,,CCCL,,,,,active
INE430N01022,Vishwaraj Sugar Industries Limited,INE430N01022,,VISHWARAJ,,,,,active
INE431F01018,The Peria Karamalai Tea & Produce Company Limited,INE431F01018,,PKTEA,,,,,active
INE432A01017,Ambalal Sarabhai Enterprises Limited,INE432A01017,,AMBALALSA,,,,,active
INE432F01032,EBIX Limited,INE432F01032,,EBIX,,,,,active
INE435A01051,ANDHRA PAPER LIMITED,INE435A01051,,ANDHRAPAP,,ANDPAPER|APPAPER|IPAPPM,,,active
INE435C01024,Texmaco Infrastructure & Holdings Limited,INE435C01024,,TEXINFRA,,TEXMACOLTD,,,active
INE435D01014,Mac Charles India Limited,INE435D01014,,MCCHRLS-B,,,,,active
INE435G01025,Dhanuka Agritech Limited,INE435G01025,,DHANUKA,,,,,active
INE436A01026,Ansal Properties & Infrastructure Limited,INE436A01026,,ANSALAPI,,ANSALINFRA|ANSALPROP,,,active
INE437A01024,Apollo Hospitals Enterprise Limited,INE437A01024,,APOLLOHOSP,,,,,active
INE437B01014,Kakatiya Cement Sugar & Industries Limited,INE437B01014,,KAKATCEM,,,,,active
INE438A01022,Apollo Tyres Limited,INE438A01022,,APOLLOTYRE,,,,,active
INE438E01032,Sika Interplant Systems Limited,INE438E01032,,SIKA,,,,,active
INE438K01021,Sai Silks (Kalamandir) Limited,INE438K01021,,KALAMANDIR,,,,,active
INE439A01020,Asahi India Glass Limited,INE439A01020,,ASAHIINDIA,,,,,active
INE439E01022,Skipper Limited,INE439E01022,,SKIPPER,,,,,active
INE439T01012,Nitiraj Engineers Limited,INE439T01012,,NITIRAJ,,,,,active
INE440A01010,Ashima Limited,INE440A01010,,ASHIMASYN,,,,,active
INE440G01017,Triton Valves Limited,INE440G01017,,TRITONV,,,,,active
INE440L01017,Tijaria Polypipes Limited,INE440L01017,,TIJARIA,,,,,active
INE440T01028,Shanti Educational Initiatives Limited,INE440T01028,,SEIL,,,,,active
INE442D01010,Medi Caps Limited,INE442D01010,,MEDICAPQ,,,,,active
INE442H01029,Ashoka Buildcon Limited,INE442H01029,,ASHOKA,,,,,active
INE442P01014,Suyog Telematics Limited,INE442P01014,,SUYOG,,,,,active
INE445C01015,Xpro India Limited,INE445C01015,,XPROINDIA,,,,,active
INE445D01013,Nile Limited,INE445D01013,,NILE,,,,,active
INE446A01025,Atlas Cycles (Haryana) Limited,INE446A01025,,ATLASCYCLE,,,,,active
INE448G01010,Nath Bio-Genes (India) Limited,INE448G01010,,NATHBIOGEN,,,,,active
INE449A01011,Automotive Axles Limited,INE449A01011,,AUTOAXLES,,,,,active
INE449C01025,Andrew Yule & Company Limited,INE449C01025,,ANDREWYU,,,,,active
INE449G01018,Agri-Tech (India) Limited,INE449G01018,,AGRITECH,,,,,active
INE450D01021,Pitti Engineering Limited,INE450D01021,,PITTIENG,,PITTILAM,,,active
INE450E01029,Sukhjit Starch & Chemicals Limited,INE450E01029,,SUKHJITS,,,,,active
INE450G01024,VIP Clothing Limited,INE450G01024,,VIPCLOTHNG,,MAXWELL,,,active
INE450U01017,ROUTE MOBILE LIMITED,INE450U01017,,ROUTE,,,,,active
INE451A01017,FORCE MOTORS LTD,INE451A01017,,FORCEMOT,,BAJAJTEMPO,,,active
INE451C01013,Automobile Corporation of Goa Limited,INE451C01013,,ACGL,,,,,active
INE451D01029,Rajratan Global Wire Limited,INE451D01029,,RAJRATAN,,,,,active
INE451F01024,Apollo Sindoori Hotels Limited,INE451F01024,,APOLSINHOT,,,,,active
INE451L01014,Mahamaya Steel Industries Limited,INE451L01014,,MAHASTEEL,,,,,active
INE452L01012,INCREDIBLE INDUSTRIES LIMITED,INE452L01012,,INCREDIBLE,,ADHUNIKIND,,,active
INE452O01016,Future Lifestyle Fashions Limited,INE452O01016,,FLFL,,,,,active
INE453B01029,Compucom Software Limited,INE453B01029,,COMPUSOFT,,,,,active
INE453D01025,Sarla Performance Fibers Limited,INE453D01025,,SARLAPOLY,,,,,active
INE454P01035,Transrail Lighting Limited,INE454P01035,,TRANSRAILL,,,,,active
INE455I01029,Kaveri Seed Company Limited,INE455I01029,,KSCL,,,,,active
INE455K01017,Polycab India Limited,INE455K01017,,POLYCAB,,,,,active
INE456Z01021,Medi Assist Healthcare Services Limited,INE456Z01021,,MEDIASSIST,,,,,active
INE457A01014,Bank of Maharashtra,INE457A01014,,MAHABANK,,,,,active
INE457F01013,Salzer Electronics Limited,INE457F01013,,SALZERELEC,,,,,active
INE457G01029,Oriental Rail Infrastructure Limited,INE457G01029,,ORIRAIL,,,,,active
INE457L01029,PG Electroplast Limited,INE457L01029,,PGEL,,,,,active
INE457P01020,Toyam Sports Limited,INE457P01020,,TOYAMSL,,,,,active
INE458B01036,Bhagyanagar India Limited,INE458B01036,,BHAGYANGR,,,,,active
INE458F01011,The United Nilgiri Tea Estates Company Limited,INE458F01011,,UNITEDTEA,,,,,active
INE459A01010,Bannari Amman Sugars Limited,INE459A01010,,BANARISUG,,,,,active
INE459N01021,Manipal Health Enterprises Limited,INE459N01021,,MANIPALHOS,,,,,active
INE460C01014,GANESH HOUSING LIMITED,INE460C01014,,GANESHHOU,,GANESHHOUC|GANHSGFIN,,,active
INE460D01038,Super Tannery Limited,INE460D01038,,SUPTANERY,,,,,active
INE460H01021,Star Cement Limited,INE460H01021,,STARCEMENT,,,,,active
INE461B01014,Repro India Limited,INE461B01014,,REPRO,,,,,active
INE461C01038,Greenply Industries Limited,INE461C01038,,GREENPLY,,MITTALLAMI,,,active
INE461D01028,HLE Glascoat Limited,INE461D01028,,HLEGLAS,,,,,active
INE462A01022,Bayer Cropscience Limited,INE462A01022,,BAYERCROP,,,,,active
INE463A01038,Berger Paints (I) Limited,INE463A01038,,BERGEPAINT,,,,,active
INE463V01026,Anand Rathi Wealth Limited,INE463V01026,,ANANDRATHI,,,,,active
INE464A01036,Bharat Bijlee Limited,INE464A01036,,BBL,,BARATBIJLE,,,active
INE465A01025,Bharat Forge Limited,INE465A01025,,BHARATFORG,,,,,active
INE466L01038,360 ONE WAM LIMITED,INE466L01038,,360ONE,,IIFLWAM,,,active
INE467B01029,Tata Consultancy Services Limited,INE467B01029,,TCS,,,,,active
INE467D01017,Virat Industries Limited,INE467D01017,,VIRAT,,,,,active
INE469A01019,Bimetal Bearings Limited,INE469A01019,,BIMETAL,,,,,active
INE470A01017,3M India Limited,INE470A01017,,3MINDIA,,BIRLA3M,,,active
INE470Y01017,The New India Assurance Company Limited,INE470Y01017,,NIACL,,,,,active
INE471W01019,Palash Securities Limited,INE471W01019,,PALASHSECU,,,,,active
INE472A01039,Blue Star Limited,INE472A01039,,BLUESTARCO,,,,,active
INE472B01011,Blue Coast Hotels Limited,INE472B01011,,BLUECOAST,,MOREPENHTL,,,active
INE472M01018,MT Educare Limited,INE472M01018,,MTEDUCARE,,,,,active
INE473A01011,Linde India Limited,INE473A01011,,LINDEINDIA,,BOC|IOL,,,active
INE473B01035,Hatsun Agro Product Limited,INE473B01035,,HATSUN,,,,,active
INE473D01015,Kingfa Science & Technology (India) Limited,INE473D01015,,KINGFA,,,,,active
INE474C01023,Remsons Industries Limited,INE474C01023,,REMSONSIND,,,,,active
INE474E01029,Bhandari Hosiery Exports Limited,INE474E01029,,BHANDARI,,,,,active
INE474Q01031,Global Health Limited,INE474Q01031,,MEDANTA,,,,,active
INE475B01022,Hikal Limited,INE475B01022,,HIKAL,,,,,active
INE475E01026,Caplin Point Laboratories Limited,INE475E01026,,CAPLIPOINT,,,,,active
INE476A01022,Canara Bank,INE476A01022,,CANBK,,,,,active
INE477A01020,Can Fin Homes Limited,INE477A01020,,CANFINHOME,,,,,active
INE477B01010,Dhunseri Ventures Limited,INE477B01010,,DVL,,DPL|DPTL|DTIL,,,active
INE478D01014,ITL Industries Limited,INE478D01014,,ITL,,,,,active
INE479D01038,Kriti Industries (India) Limited,INE479D01038,,KRITI,,,,,active
INE480C01038,Som Distilleries & Breweries Limited,INE480C01038,,SDBL,,,,,active
INE480M01011,Thomas Scott (India) Limited,INE480M01011,,THOMASCOTT,,,,,active
INE481G01011,UltraTech Cement Limited,INE481G01011,,ULTRACEMCO,,,,,active
INE481N01025,Home First Finance Company India Limited,INE481N01025,,HOMEFIRST,,,,,active
INE481Y01014,General Insurance Corporation of India,INE481Y01014,,GICRE,,,,,active
INE481Z01011,Uniinfo Telecom Services Limited,INE481Z01011,,UNIINFO,,,,,active
INE482A01020,CEAT Limited,INE482A01020,,CEATLTD,,,,,active
INE482B01010,Tera Software Limited,INE482B01010,,TERASOFT,,,,,active
INE482D01024,CARYSIL LIMITED,INE482D01024,,CARYSIL,,1201210518|ACRYSIL,,,active
INE482J01021,Shah Metacorp Limited,INE482J01021,,SHAH,,GAL,,,active
INE483A01010,Central Bank of India,INE483A01010,,CENTRALBK,,,,,active
INE483B01026,Indo Count Industries Limited,INE483B01026,,ICIL,,INDOCOUNT,,,active
INE483C01032,Tanla Platforms Limited,INE483C01032,,TANLA,,,,,active
INE483S01020,AvenuesAI Limited,INE483S01020,,CCAVENUE,,INFIBEAM,,,active
INE484C01030,Veedol Corporation Limited,INE484C01030,,VEEDOL,,TIDEWATER,,,active
INE484D01012,Amarjothi Spinning Mills Limited,INE484D01012,,AMARJOTHI,,,,,active
INE484I01029,Precision Camshafts Limited,INE484I01029,,PRECAM,,,,,active
INE484J01027,Godrej Properties Limited,INE484J01027,,GODREJPROP,,,,,active
INE485A01015,Century Enka Limited,INE485A01015,,CENTENKA,,,,,active
INE485C01029,IOL Chemicals and Pharmaceuticals Limited,INE485C01029,,IOLCP,,,,,active
INE486A01021,CESC Limited,INE486A01021,,CESC,,,,,active
INE486R01017,GPT Healthcare Limited,INE486R01017,,GPTHEALTH,,,,,active
INE486Y01013,Touchwood Entertainment Limited,INE486Y01013,,TOUCHWOOD,,,,,active
INE488A01050,Chemplast Sanmar Limited,INE488A01050,,CHEMPLASTS,,,,,active
INE488B01017,Tasty Bite Eatables Limited,INE488B01017,,TASTYBITE,,,,,active
INE488D01021,AVT Natural Products Limited,INE488D01021,,AVTNPL,,,,,active
INE488V01015,PSP Projects Limited,INE488V01015,,PSPPROJECT,,,,,active
INE489D01011,B & A Limited,INE489D01011,,BNALTD,,,,,active
INE489G01022,Anuh Pharma Limited,INE489G01022,,ANUHPHR,,,,,active
INE489L01022,IIFL Capital Services Limited,INE489L01022,,IIFLCAPS,,IIFLSEC,,,active
INE490G01020,MOIL Limited,INE490G01020,,MOIL,,,,,active
INE491A01021,City Union Bank Limited,INE491A01021,,CUB,,,,,active
INE491J01022,ASK Automotive Limited,INE491J01022,,ASKAUTOLTD,,,,,active
INE491V01019,Crown Lifters Limited,INE491V01019,,CROWN,,,,,active
INE492A01029,Sudarshan Colorants India Limited,INE492A01029,,SUDARCOLOR,,CLNINDIA|COLORCHEM|HEUBACHIND,,,active
INE493H01014,MPDL Limited,INE493H01014,,MPDL,,,,,active
INE494B01023,TVS Motor Company Limited,INE494B01023,,TVSMOTOR,,TVS-SUZUKI,,,active
INE495A01022,Dalmia Bharat Sugar and Industries Limited,INE495A01022,,DALMIASUG,,DALMIACEM,,,active
INE495B01038,Suven Life Sciences Limited,INE495B01038,,SUVEN,,,,,active
INE495C01010,Sangam (India) Limited,INE495C01010,,SANGAMIND,,,,,active
INE495P01020,Mrs. Bectors Food Specialities Limited,INE495P01020,,BECTORFOOD,,,,,active
INE495S01016,HPL Electric & Power Limited,INE495S01016,,HPL,,,,,active
INE497B01018,Seamec Limited,INE497B01018,,SEAMECLTD,,PEERLESHIP,,,active
INE497D01022,Damodar Industries Limited,INE497D01022,,DAMODARIND,,,,,active
INE497S01012,Godavari Biorefineries Limited,INE497S01012,,GODAVARIB,,,,,active
INE498A01018,DCM  Limited,INE498A01018,,DCM,,,,,active
INE498B01024,Shoppers Stop Limited,INE498B01024,,SHOPERSTOP,,,,,active
INE498E01010,Salona Cotspin Limited,INE498E01010,,SALONA,,,,,active
INE498L01015,L&T Finance Limited,INE498L01015,,LTF,,L&TFH,,,active
INE498Q01014,Vintage Coffee And Beverages Limited,INE498Q01014,,VINCOFE,,,,,active
INE499A01024,DCM Shriram Limited,INE499A01024,,DCMSHRIRAM,,DCMSRMCONS,,,active
INE500A01029,DCW Limited,INE500A01029,,DCW,,,,,active
INE500L01026,S H Kelkar and Company Limited,INE500L01026,,SHK,,,,,active
INE500X01013,Lexus Granito (India) Limited,INE500X01013,,LEXUS,,,,,active
INE501A01019,Deepak Fertilizers and Petrochemicals Corporation Limited,INE501A01019,,DEEPAKFERT,,,,,active
INE501F01018,PBM Polytex Limited,INE501F01018,,PBMPOLY,,,,,active
INE501G01024,HT Media Limited,INE501G01024,,HTMEDIA,,,,,active
INE501X01029,Aye Finance Limited,INE501X01029,,AYE,,,,,active
INE501Y01019,Sheetal Cool Products Limited,INE501Y01019,,SCPL,,,,,active
INE503A01015,DCB Bank Limited,INE503A01015,,DCBBANK,,DCB,,,active
INE503B01021,STEEL EXCHANGE INDIA LIMITED,INE503B01021,,STEELXIND,,,,,active
INE505A01010,DMCC SPECIALITY CHEMICALS LIMITED,INE505A01010,,DMCC,,DHARAMSI,,,active
INE505C01016,Prajay Engineers Syndicate Limited,INE505C01016,,PRAENG,,,,,active
INE505V01016,Euro Panel Products Limited,INE505V01016,,EUROBOND,,,,,active
INE505Y01010,Vineet Laboratories Limited,INE505Y01010,,VINEETLAB,,,,,active
INE506A01018,Dredging Corporation of India Limited,INE506A01018,,DREDGECORP,,,,,active
INE506D01020,Haldyn Glass Limited,INE506D01020,,HALDYNGL,,,,,active
INE506V01022,Rubicon Research Limited,INE506V01022,,RUBICON,,,,,active
INE506W01020,Krishana Phoschem Limited,INE506W01020,,KRISHANA,,,,,active
INE506Z01015,Dhruv Consultancy Services Limited,INE506Z01015,,DHRUV,,,,,active
INE507F01023,Empower India Limited,INE507F01023,,EMPOWER,,,,,active
INE508G01029,Time Technoplast Limited,INE508G01029,,TIMETECHNO,,,,,active
INE508K01013,Robust Hotels Limited,INE508K01013,,RHL,,,,,active
INE509F01029,Cupid Limited,INE509F01029,,CUPID,,,,,active
INE510A01028,Engineers India Limited,INE510A01028,,ENGINERSIN,,,,,active
INE510W01014,Inox Green Energy Services Limited,INE510W01014,,INOXGREEN,,,,,active
INE511C01022,Poonawalla Fincorp Limited,INE511C01022,,POONAWALLA,,MAGMA,,,active
INE511Y01018,MMP Industries Limited,INE511Y01018,,MMP,,,,,active
INE512B01022,FCS Software Solutions Limited,INE512B01022,,FCSSOFT,,,,,active
INE513A01022,Schaeffler India Limited,INE513A01022,,SCHAEFFLER,,FAGBEARING|FAGPRECISN,,,active
INE514Y01020,Moksh Ornaments Limited,INE514Y01020,,MOKSH,,,,,active
INE515A01019,John Cockerill India Limited,INE515A01019,,COCKERILL,,,,,active
INE515C01023,Lahoti Overseas Limited,INE515C01023,,LAHOTIOV,,,,,active
INE515H01014,Empire Industries Limited,INE515H01014,,EMPIND,,,,,active
INE516A01017,UFLEX Limited,INE516A01017,,UFLEX,,FLEX,,,active
INE517B01013,Tata Teleservices (Maharashtra) Limited,INE517B01013,,TTML,,HUGHESTELE|TATATELSER,,,active
INE517F01014,Gujarat Pipavav Port Limited,INE517F01014,,GPPL,,,,,active
INE518E01015,Zim Laboratories Limited,INE518E01015,,ZIMLAB,,,,,active
INE519A01011,Foseco India Limited,INE519A01011,,FOSECOIND,,,,,active
INE519C01017,Summit Securities Limited,INE519C01017,,SUMMITSEC,,,,,active
INE519D01015,Ladderup Finance Limited,INE519D01015,,LADDERUP,,,,,active
INE520A01027,Zensar Technologies Limited,INE520A01027,,ZENSARTECH,,FUJITSICIM,,,active
INE520H01022,Beardsell Limited,INE520H01022,,BEARDSELL,,,,,active
INE520Y01019,Ice Make Refrigeration Limited,INE520Y01019,,ICEMAKE,,,,,active
INE521J01018,CP Capital Limited,INE521J01018,,CPCAP,,CAREERP|CPIL,,,active
INE522D01027,Manappuram Finance Limited,INE522D01027,,MANAPPURAM,,,,,active
INE522F01014,Coal India Limited,INE522F01014,,COALINDIA,,,,,active
INE523B01011,Aksh Optifibre Limited,INE523B01011,,AKSHOPTFBR,,,,,active
INE524A01029,Gabriel India Limited,INE524A01029,,GABRIEL,,,,,active
INE524B01027,Gandhi Special Tubes Limited,INE524B01027,,GANDHITUBE,,,,,active
INE524L01026,Kridhan Infra Limited,INE524L01026,,KRIDHANINF,,,,,active
INE524T01011,Taal Tech Limited,INE524T01011,,TAALTECH,,,,,active
INE525F01025,Balmer Lawrie Investments Limited,INE525F01025,,BLIL,,,,,active
INE526B01014,California Software Company Limited,INE526B01014,,CALSOFT,,,,,active
INE526E01018,SPR Auto Technologies Limited,INE526E01018,,SHRIPISTON,,,,,active
INE526G01021,Vivimed Labs Limited,INE526G01021,,VIVIMEDLAB,,,,,active
INE527H01019,UFO Moviez India Limited,INE527H01019,,UFO,,,,,active
INE528A01020,GKW Limited,INE528A01020,,GKWLIMITED,,,,,active
INE528G01035,Yes Bank Limited,INE528G01035,,YESBANK,,,,,active
INE529A01010,Federal-Mogul Goetze (India) Limited.,INE529A01010,,FMGOETZE,,GOETZEIND,,,active
INE529D01014,Patel Integrated Logistics Limited,INE529D01014,,PATINTLOG,,,,,active
INE529F01035,Signet Industries Limited,INE529F01035,,SIGIND,,,,,active
INE529I01021,Kuantum Papers Limited,INE529I01021,,KUANTUM,,,,,active
INE530B01024,IIFL Finance Limited,INE530B01024,,IIFL,,INDIAINFO,,,active
INE531A01024,Kansai Nerolac Paints Limited,INE531A01024,,KANSAINER,,GOODLASNER,,,active
INE531E01026,Hindustan Copper Limited,INE531E01026,,HINDCOPPER,,,,,active
INE531F01023,Nuvama Wealth Management Limited,INE531F01023,,NUVAMA,,,,,active
INE531X01018,Sai Capital Limited,INE531X01018,,SAICAPI,,,,,active
INE532F01054,Edelweiss Financial Services Limited,INE532F01054,,EDELWEISS,,,,,active
INE533A01012,Goodyear India Limited,INE533A01012,,GOODYEAR,,,,,active
INE533C01018,KJMC Financial Services Limited,INE533C01018,,KJMCFIN,,,,,active
INE533D01032,Raj Rayon Industries Limited,INE533D01032,,RAJRILTD,,,,,active
INE534A01028,Grand Foundry Limited,INE534A01028,,GFSTEELS,,,,,active
INE535D01037,Roto Pumps Limited,INE535D01037,,ROTO,,,,,active
INE535F01024,Rajoo Engineers Limited,INE535F01024,,RAJOOENG,,,,,active
INE536A01023,Grindwell Norton Limited,INE536A01023,,GRINDWELL,,,,,active
INE536H01010,CIE Automotive India Limited,INE536H01010,,CIEINDIA,,MAHINDCIE|MAHINDFORG,,,active
INE536P01021,Captain Polyplast Limited,INE536P01021,,CPL,,,,,active
INE537F01012,Modi Naturals Limited,INE537F01012,,MODINATUR,,,,,active
INE538A01037,GFL Limited,INE538A01037,,GFLLIMITED,,GUJFLUORO,,,active
INE539A01019,GHCL Limited,INE539A01019,,GHCL,,,,,active
INE539B01017,Virinchi Limited,INE539B01017,,VIRINCHI,,,,,active
INE540A01017,Gujarat Lease Financing Limited,INE540A01017,,GLFL,,,,,active
INE540G01014,Ambika Cotton Mills Limited,INE540G01014,,AMBIKCO,,,,,active
INE540H01012,Voltamp Transformers Limited,INE540H01012,,VOLTAMP,,,,,active
INE540L01014,Alkem Laboratories Limited,INE540L01014,,ALKEM,,,,,active
INE541A01023,GMM Pfaudler Limited,INE541A01023,,GMMPFAUDLR,,,,,active
INE542B01011,AksharChem India Limited,INE542B01011,,AKSHARCHEM,,,,,active
INE542C01019,NK Industries Limited,INE542C01019,,NKIND,,,,,active
INE542F01020,Swan Defence and Heavy Industries Limited,INE542F01020,,SWANDEF,,,,,active
INE542W01025,KPI Green Energy Limited,INE542W01025,,KPIGREEN,,KPIGLOBAL,,,active
INE542Z01028,Kapston Services Limited,INE542Z01028,,KAPSTON,,,,,active
INE543V01017,Ace Integrated Solutions Limited,INE543V01017,,ACEINTEG,,,,,active
INE544A01019,Harrisons  Malayalam Limited,INE544A01019,,HARRMALAYA,,,,,active
INE544H01014,JHS Svendgaard Laboratories Limited,INE544H01014,,JHS,,,,,active
INE544R01021,Greenlam Industries Limited,INE544R01021,,GREENLAM,,,,,active
INE545A01024,HEG Limited,INE545A01024,,HEG,,,,,active
INE545H01011,Technocraft Industries (India) Limited,INE545H01011,,TIIL,,,,,active
INE545L01039,Mangal Credit and Fincorp Limited,INE545L01039,,MANCREDIT,,,,,active
INE545U01014,Bandhan Bank Limited,INE545U01014,,BANDHANBNK,,,,,active
INE546C01010,Piccadily Agro Industries Limited,INE546C01010,,PICCADIL,,,,,active
INE546V01010,Euro India Fresh Foods Limited,INE546V01010,,EIFFL,,,,,active
INE546Y01022,Praxis Home Retail Limited,INE546Y01022,,PRAXIS,,,,,active
INE547B01028,Xtglobal Infotech Limited,INE547B01028,,XTGLOBAL,,,,,active
INE547E01014,India Motor Parts and Accessories Limited,INE547E01014,,IMPAL,,,,,active
INE548A01028,HFCL Limited,INE548A01028,,HFCL,,,,,active
INE548C01032,Emami Limited,INE548C01032,,EMAMILTD,,,,,active
INE548Z01017,Lagnam Spintex Limited,INE548Z01017,,LAGNAM,,,,,active
INE549A01026,Hindustan Construction Company Limited,INE549A01026,,HCC,,HINDCONS,,,active
INE549H01021,Anand Rathi Share and Stock Brokers Limited,INE549H01021,,ARSSBL,,,,,active
INE550B01022,HB Stockholdings Limited,INE550B01022,,HBSL,,,,,active
INE550C01020,Urja Global Limited,INE550C01020,,URJA,,,,,active
INE550F01049,Hazoor Multi Projects Limited,INE550F01049,,HAZOOR,,,,,active
INE550H01011,Supreme Infrastructure India Limited,INE550H01011,,SUPREMEINF,,,,,active
INE551B01012,Uday Jewellery Industries Limited,INE551B01012,,UDAYJEW,,,,,active
INE551C01044,Shukra Pharmaceuticals Limited,INE551C01044,,SHUKRAPHAR,,,,,active
INE551D01018,PAKKA LIMITED,INE551D01018,,PAKKA,,,,,active
INE551W01018,Ujjivan Small Finance Bank Limited,INE551W01018,,UJJIVANSFB,,,,,active
INE552D01024,Confidence Petroleum India Limited,INE552D01024,,CONFIPET,,,,,active
INE552U01010,Kwality Pharmaceuticals Limited,INE552U01010,,KPL,,,,,active
INE552Z01027,Allied Blenders and Distillers Limited,INE552Z01027,,ABDL,,,,,active
INE553C01016,North Eastern Carrying Corporation Limited,INE553C01016,,NECCLTD,,,,,active
INE555B01013,AXISCADES Technologies Limited,INE555B01013,,AXISCADES,,AXIS-IT&T|IT&T,,,active
INE555C01029,Shiva Cement Limited,INE555C01029,,SHIVACEM,,,,,active
INE555P01013,Kiran Vyapar Limited,INE555P01013,,KIRANVYPAR,,,,,active
INE555Z01020,Tara Chand InfraLogistic Solutions Limited,INE555Z01020,,TARACHAND,,,,,active
INE557A01011,BirlaNu Limited,INE557A01011,,BIRLANU,,HIL|HYDRBADIND,,,active
INE557B01019,Liberty Shoes Limited,INE557B01019,,LIBERTSHOE,,,,,active
INE557Z01018,Power & Instrumentation (Gujarat) Limited,INE557Z01018,,PIGL,,,,,active
INE558A01019,IP Rings Limited,INE558A01019,,IPRINGLTD,,,,,active
INE558D01021,Coral India Finance & Housing Limited,INE558D01021,,CORALFINAC,,,,,active
INE558R01013,HEC Infra Projects Limited,INE558R01013,,HECPROJECT,,,,,active
INE559A01017,IFB Industries Limited,INE559A01017,,IFBIND,,,,,active
INE559D01011,Crest Ventures Limited,INE559D01011,,CREST,,SHARRESLTD|SHARYANRES,,,active
INE559N01010,SRG Housing Finance Limited,INE559N01010,,SRGHFL,,,,,active
INE559R01029,Landmark Cars Limited,INE559R01029,,LANDMARK,,,,,active
INE560A01023,India Glycols Limited,INE560A01023,,INDIAGLYCO,,,,,active
INE560K01014,PTC India Financial Services Limited,INE560K01014,,PFS,,,,,active
INE561C01019,Bharat Gears Limited,INE561C01019,,BHARATGEAR,,,,,active
INE561H01026,Parsvnath Developers Limited,INE561H01026,,PARSVNATH,,,,,active
INE561M01018,Ishan Dyes and Chemicals Limited,INE561M01018,,ISHANCH,,,,,active
INE562A01011,Indian Bank,INE562A01011,,INDIANB,,,,,active
INE562B01019,Rajshree Sugars & Chemicals Limited,INE562B01019,,RAJSREESUG,,,,,active
INE562X01013,Univastu India Limited,INE562X01013,,UNIVASTU,,,,,active
INE563J01010,Astec LifeSciences Limited,INE563J01010,,ASTEC,,,,,active
INE564J01026,Shri Jagdamba Polymers Limited,INE564J01026,,SHRJAGP,,,,,active
INE565A01014,Indian Overseas Bank,INE565A01014,,IOB,,,,,active
INE565L01011,Zee Learn Limited,INE565L01011,,ZEELEARN,,,,,active
INE565V01010,Valiant Organics Limited,INE565V01010,,VALIANTORG,,,,,active
INE566K01011,Intrasoft Technologies Limited,INE566K01011,,ISFT,,,,,active
INE566M01017,Azad India Mobility Limited,INE566M01017,,AZADIND,,,,,active
INE567A01028,Indo-National Limited,INE567A01028,,NIPPOBATRY,,,,,active
INE568Z01015,Uravi Defence and Technology Limited,INE568Z01015,,URAVIDEF,,URAVI,,,active
INE569C01020,ORIENT CERATECH LIMITED,INE569C01020,,ORIENTCER,,ORIENTABRA,,,active
INE570A01022,ION Exchange (India) Limited,INE570A01022,,IONEXCHANG,,,,,active
INE570D01018,Arrow Greentech Limited,INE570D01018,,ARROWGREEN,,ARROWCOAT,,,active
INE570L01029,Sai Life Sciences Limited,INE570L01029,,SAILIFE,,,,,active
INE571A01038,IPCA Laboratories Limited,INE571A01038,,IPCALAB,,,,,active
INE571B01036,Jay Bharat Maruti Limited,INE571B01036,,JAYBARMARU,,,,,active
INE572D01014,Frontier Springs Limited,INE572D01014,,FRONTSP,,,,,active
INE572E01012,PNB Housing Finance Limited,INE572E01012,,PNBHOUSING,,,,,active
INE572G01025,Lancor Holdings Limited,INE572G01025,,LANCORHOL,,,,,active
INE572J01011,Spandana Sphoorty Financial Limited,INE572J01011,,SPANDANA,,,,,active
INE573A01042,JK Tyre & Industries Limited,INE573A01042,,JKTYRE,,,,,active
INE573K01025,Rushil Decor Limited,INE573K01025,,RUSHIL,,,,,active
INE573R01012,Seya Industries Limited,INE573R01012,,SEYAIND,,,,,active
INE574G01013,Shri Vasuprada Plantations Limited,INE574G01013,,VASUPRADA,,,,,active
INE575C01027,International Conveyors Limited,INE575C01027,,INTLCONV,,,,,active
INE575P01011,Star Health and Allied Insurance Company Limited,INE575P01011,,STARHEALTH,,,,,active
INE576I01022,J.Kumar Infraprojects Limited,INE576I01022,,JKIL,,,,,active
INE576O01020,Laxmi Organic Industries Limited,INE576O01020,,LXCHEM,,,,,active
INE577A01027,Munjal Showa Limited,INE577A01027,,MUNJALSHOW,,,,,active
INE577D01013,Jyoti Resins & Adhesives Limited,INE577D01013,,JYOTIRES,,,,,active
INE577L01016,Stel Holdings Limited,INE577L01016,,STEL,,SENTINEL,,,active
INE578A01017,HeidelbergCement India Limited,INE578A01017,,HEIDELBERG,,MYSORECEM,,,active
INE579B01039,Elpro International Limited,INE579B01039,,ELPROINTL,,,,,active
INE579C01029,Vimta Labs Limited,INE579C01029,,VIMTALABS,,,,,active
INE581X01021,GLOBE ENTERPRISES (INDIA) LIMITED,INE581X01021,,GLOBE,,,,,active
INE583B01015,The Sandesh Limited,INE583B01015,,SANDESH,,,,,active
INE583C01021,Deccan Cements Limited,INE583C01021,,DECCANCE,,DECCANCEM,,,active
INE583D01011,Ugro Capital Limited,INE583D01011,,UGROCAP,,,,,active
INE583L01014,AGS Transact Technologies Limited,INE583L01014,,AGSTRA,,,,,active
INE583R01029,Pritika Auto Industries Limited,INE583R01029,,PRITIKAUTO,,,,,active
INE583V01021,Radhika Jeweltech Limited,INE583V01021,,RADHIKAJWE,,,,,active
INE584A01023,NMDC Limited,INE584A01023,,NMDC,,,,,active
INE584F01014,Mangalam Drugs And Organics Limited,INE584F01014,,MANGALAM,,,,,active
INE585B01010,Maruti Suzuki India Limited,INE585B01010,,MARUTI,,,,,active
INE586B01026,Taj GVK Hotels & Resorts Limited,INE586B01026,,TAJGVK,,,,,active
INE586E01020,The Indian Wood Products Company Limited,INE586E01020,,IWP,,,,,active
INE586G01017,GP Petroleums Limited,INE586G01017,,GULFPETRO,,SAHPETRO,,,active
INE586V01016,TCI Express Limited,INE586V01016,,TCIEXP,,,,,active
INE586X01012,G-TEC JAINX EDUCATION LIMITED,INE586X01012,,GTECJAINX,,KEERTI,,,active
INE587G01015,Kaya Limited,INE587G01015,,KAYA,,,,,active
INE588G01021,Milkfood Limited,INE588G01021,,MLKFOOD,,,,,active
INE589A01014,NLC India Limited,INE589A01014,,NLCINDIA,,NEYVELILIG,,,active
INE590L01019,Vaswani Industries Limited,INE590L01019,,VASWANI,,,,,active
INE591A01010,Oil Country Tubular Limited,INE591A01010,,OILCOUNTUB,,,,,active
INE591D01014,Diamines & Chemicals Limited,INE591D01014,,DIAMINESQ,,,,,active
INE591G01025,Coforge Limited,INE591G01025,,COFORGE,,NIITTECH,,,active
INE592A01026,Orient Paper & Industries Limited,INE592A01026,,ORIENTPPR,,,,,active
INE592B01024,T T Limited,INE592B01024,,TTL,,,,,active
INE593W01028,Focus Lighting and Fixtures Limited,INE593W01028,,FOCUS,,,,,active
INE594B01012,BSL Limited,INE594B01012,,BSL,,,,,active
INE594H01019,Thyrocare Technologies Limited,INE594H01019,,THYROCARE,,,,,active
INE595R01023,East West Freight Carriers Limited,INE595R01023,,EASTWEST,,,,,active
INE596B01017,Mukesh Babu Financial Services Limited,INE596B01017,,MUKESHB,,,,,active
INE596F01018,PTC Industries Limited,INE596F01018,,PTCIL,,,,,active
INE596H01014,HandsOn Global Management (HGM) Limited,INE596H01014,,HGM,,HOVS,,,active
INE596I01020,Computer Age Management Services Limited,INE596I01020,,CAMS,,,,,active
INE597I01028,Sharda Motor Industries Limited,INE597I01028,,SHARDAMOTR,,,,,active
INE597J01018,Shalby Limited,INE597J01018,,SHALBY,,,,,active
INE597L01014,Lovable Lingerie Limited,INE597L01014,,LOVABLE,,,,,active
INE598C01011,Hisar Metal Industries Limited,INE598C01011,,HISARMETAL,,,,,active
INE598D01035,Algoquant Fintech Limited,INE598D01035,,ALGOQUANT,,,,,active
INE599M01018,Just Dial Limited,INE599M01018,,JUSTDIAL,,,,,active
INE600A01035,PIL ITALICA LIFESTYLE LIMITED,INE600A01035,,PILITA,,PILIND,,,active
INE600K01018,Galaxy Surfactants Limited,INE600K01018,,GALAXYSURF,,,,,active
INE600L01024,Dr. Lal Path Labs Ltd.,INE600L01024,,LALPATHLAB,,,,,active
INE600Y01019,Dynamic Cables Limited,INE600Y01019,,DYCL,,,,,active
INE602A01031,PCBL Chemical Limited,INE602A01031,,PCBL,,,,,active
INE602G01020,Kitex Garments Limited,INE602G01020,,KITEX,,,,,active
INE602W01027,Senco Gold Limited,INE602W01027,,SENCO,,,,,active
INE603A01013,Prakash Industries Limited,INE603A01013,,PRAKASH,,,,,active
INE603J01030,PI Industries Limited,INE603J01030,,PIIND,,,,,active
INE605D01012,Neelamalai Agro Industries Limited,INE605D01012,,NEAGI,,,,,active
INE606A01024,Amj Land Holdings Limited,INE606A01024,,AMJLAND,,PDUMJEPULP,,,active
INE606N01019,Excelsoft Technologies Limited,INE606N01019,,EXCELSOFT,,,,,active
INE607A01022,Primo Chemicals Limited,INE607A01022,,PRIMO,,,,,active
INE607D01018,Orient Bell Limited,INE607D01018,,ORIENTBELL,,ORIENTCERA,,,active
INE608A01012,Punjab & Sind Bank,INE608A01012,,PSB,,,,,active
INE609C01024,Orient Press Limited,INE609C01024,,ORIENTLTD,,,,,active
INE610B01024,Gujarat Raffia Industries Limited,INE610B01024,,GUJRAFFIA,,,,,active
INE610C01014,Rajdarshan Industries Limited,INE610C01014,,ARENTERP,,,,,active
INE610E01010,Kalyani Commercials Limited,INE610E01010,,KALYANI,,,,,active
INE611A01016,RSWM Limited,INE611A01016,,RSWM,,RAJASSPG,,,active
INE611L01021,Indian Terrain Fashions Limited,INE611L01021,,INDTERRAIN,,,,,active
INE612J01015,Repco Home Finance Limited,INE612J01015,,REPCOHOME,,,,,active
INE613A01020,Rallis India Limited,INE613A01020,,RALLIS,,,,,active
INE613B01010,ICDS Limited,INE613B01010,,ICDSLTD,,,,,active
INE613C01026,Magellanic Cloud Limited,INE613C01026,,MCLOUD,,,,,active
INE614A01028,Ramco Industries Limited,INE614A01028,,RAMCOIND,,,,,active
INE614B01018,The Karnataka Bank Limited,INE614B01018,,KTKBANK,,,,,active
INE614G01033,Reliance Power Limited,INE614G01033,,RPOWER,,,,,active
INE615H01020,TITAGARH RAIL SYSTEMS LIMITED,INE615H01020,,TITAGARH,,TWL,,,active
INE615I01010,Globus Spirits Limited,INE615I01010,,GLOBUSSPR,,,,,active
INE615P01015,Quess Corp Limited,INE615P01015,,QUESS,,,,,active
INE615R01029,TruCap Finance Limited,INE615R01029,,TRU,,DHANVARSHA,,,active
INE616F01022,RSD Finance Limited,INE616F01022,,RSDFIN,,,,,active
INE616N01034,INOX India Limited,INE616N01034,,INOXINDIA,,,,,active
INE616Z01012,Yasho Industries Limited,INE616Z01012,,YASHO,,,,,active
INE617A01013,Semac Construction Limited,INE617A01013,,SEMAC,,REVATHI,,,active
INE618L01018,5Paisa Capital Limited,INE618L01018,,5PAISA,,,,,active
INE618N01022,BALAXI PHARMACEUTICALS LIMITED,INE618N01022,,BALAXI,,ANANDAMRUB,,,active
INE618R01015,SG Finserve Limited,INE618R01015,,SGFIN,,,,,active
INE619A01035,Patanjali Foods Limited,INE619A01035,,PATANJALI,,,,,active
INE619B01017,Newgen Software Technologies Limited,INE619B01017,,NEWGEN,,,,,active
INE619I01012,A2Z Infra Engineering Limited,INE619I01012,,A2ZINFRA,,A2ZMES,,,active
INE620D01011,Industrial & Prudential Investment Company Limited,INE620D01011,,INDPRUD,,,,,active
INE621H01010,Religare Enterprises Limited,INE621H01010,,RELIGARE,,,,,active
INE621L01012,Texmaco Rail & Engineering Limited,INE621L01012,,TEXRAIL,,,,,active
INE622H01018,Indo Farm Equipment Limited,INE622H01018,,INDOFARM,,,,,active
INE622W01025,Acme Solar Holdings Limited,INE622W01025,,ACMESOLAR,,,,,active
INE623A01011,Sakthi Sugars Limited,INE623A01011,,SAKHTISUG,,,,,active
INE623B01027,Future Enterprises Limited,INE623B01027,,FEL,,FRL|PANTALOONR,,,active
INE624Z01016,Solara Active Pharma Sciences Limited,INE624Z01016,,SOLARA,,,,,active
INE625B01014,Rana Sugars Limited,INE625B01014,,RANASUG,,,,,active
INE625G01013,Welspun Enterprises Limited,INE625G01013,,WELENT,,MSKPROJ|WELPROJ,,,active
INE625X01026,Silver Touch Technologies Limited,INE625X01026,,SILVERTUC,,,,,active
INE626A01014,Saurashtra Cement Limited,INE626A01014,,SAURASHCEM,,,,,active
INE626Z01029,Hardwyn India Limited,INE626Z01029,,HARDWYN,,,,,active
INE627H01017,Cambridge Technology Enterprises Limited,INE627H01017,,CTE,,,,,active
INE628A01036,UPL Limited,INE628A01036,,UPL,,UNIPHOS,,,active
INE629D01020,Banswara Syntex Limited,INE629D01020,,BANSWRAS,,,,,active
INE630A01024,Seshasayee Paper and Boards Limited,INE630A01024,,SESHAPAPER,,,,,active
INE630D01010,Bright Brothers Limited,INE630D01010,,BRIGHTBR,,,,,active
INE630Y01024,Medico Remedies Limited,INE630Y01024,,MEDICO,,,,,active
INE631A01022,Shanthi Gears Limited,INE631A01022,,SHANTIGEAR,,,,,active
INE631R01026,Madhav Infra Projects Limited,INE631R01026,,MADHAVIPL,,,,,active
INE632C01026,Vidhi Specialty Food Ingredients Limited,INE632C01026,,VIDHIING,,VIDHIDYE,,,active
INE632X01030,Shrenik Limited,INE632X01030,,SHRENIK,,,,,active
INE633B01018,Polyplex Corporation Limited,INE633B01018,,POLYPLEX,,,,,active
INE634A01018,Honda India Power Products Limited,INE634A01018,,HONDAPOWER,,SHRMHONDA,,,active
INE634I01029,KNR Constructions Limited,INE634I01029,,KNRCON,,,,,active
INE634S01028,Mankind Pharma Limited,INE634S01028,,MANKIND,,,,,active
INE635A01023,Shyam Telecom Limited,INE635A01023,,SHYAMTEL,,,,,active
INE635Q01029,Gulf Oil Lubricants India Limited,INE635Q01029,,GULFOILLUB,,,,,active
INE636A01039,Mawana Sugars Limited,INE636A01039,,MAWANASUG,,,,,active
INE637C01025,Pokarna Limited,INE637C01025,,POKARNA,,,,,active
INE637H01024,Shivam Autotech Limited,INE637H01024,,SHIVAMAUTO,,,,,active
INE638A01035,Singer India Limited,INE638A01035,,SINGERIND,,,,,active
INE638B01025,HB Portfolio Limited,INE638B01025,,HBPOR,,,,,active
INE640A01023,SKF India Limited,INE640A01023,,SKFINDIA,,SKFBEARING,,,active
INE640B01021,HB Estate Developers Limited,INE640B01021,,HBESD,,,,,active
INE640C01011,Shah Alloys Limited,INE640C01011,,SHAHALLOYS,,,,,active
INE640G01020,SBI Funds Management Limited,INE640G01020,,SBIFUNDS,,,,,active
INE641C01019,Kavveri Defence & Wireless Technologies Limited,INE641C01019,,KAVDEFENCE,,KAVVERITEL,,,active
INE641R01017,Quint Digital Limited,INE641R01017,,QUINT,,,,,active
INE642C01025,Rubfila International Limited,INE642C01025,,RUBFILA,,,,,active
INE642Y01029,Hindcon Chemicals Limited,INE642Y01029,,HINDCON,,,,,active
INE642Z01026,AKI India Limited,INE642Z01026,,AKI,,,,,active
INE643A01035,Jtekt India Limited,INE643A01035,,JTEKTINDIA,,SONASTEER,,,active
INE643K01018,Arihant Superstructures Limited,INE643K01018,,ARIHANTSUP,,,,,active
INE644Y01017,Shiva Mills Limited,INE644Y01017,,SHIVAMILLS,,,,,active
INE645H01027,Sutlej Textiles and Industries Limited,INE645H01027,,SUTLEJTEX,,,,,active
INE645S01024,Rolex Rings Limited,INE645S01024,,ROLEXRINGS,,,,,active
INE645W01026,Airan Limited,INE645W01026,,AIRAN,,,,,active
INE646B01010,Medicamen Biotech Limited,INE646B01010,,MEDICAMEQ,,,,,active
INE646C01018,The Grob Tea Company Limited,INE646C01018,,GROBTEA,,,,,active
INE646H01017,Capital Small Finance Bank Limited,INE646H01017,,CAPITALSFB,,,,,active
INE646L01027,InterGlobe Aviation Limited,INE646L01027,,INDIGO,,,,,active
INE646X01014,Astron Paper & Board Mill Limited,INE646X01014,,ASTRON,,,,,active
INE647A01010,SRF Limited,INE647A01010,,SRF,,,,,active
INE647O01011,Aditya Birla Fashion and Retail Limited,INE647O01011,,ABFRL,,PFRL,,,active
INE647U01026,Clean Max Enviro Energy Solutions Limited,INE647U01026,,CLEANMAX,,,,,active
INE648Z01023,Accuracy Shipping Limited,INE648Z01023,,ACCURACY,,,,,active
INE650G01029,Menon Pistons Limited,INE650G01029,,MENNPIS,,,,,active
INE650K01021,SECUREKLOUD TECHNOLOGIES LIMITED,INE650K01021,,SECURKLOUD,,8KMILES,,,active
INE650L01011,Brooks Laboratories Limited,INE650L01011,,BROOKS,,,,,active
INE651C01018,Lakshmi Precision Screws Limited,INE651C01018,,LAKPRE,,,,,active
INE652F01027,Country Club Hospitality & Holidays Limited,INE652F01027,,CCHHL,,,,,active
INE652V01016,Ganesh Consumer Products Limited,INE652V01016,,GANESHCP,,,,,active
INE652Z01025,AVRO INDIA LIMITED,INE652Z01025,,AVROIND,,AVONMPL,,,active
INE653C01022,Nicco Parks & Resorts Limited,INE653C01022,,NICCOPAR,,,,,active
INE655A01013,The State Trading Corporation of India Limited,INE655A01013,,STCINDIA,,,,,active
INE655B01011,Banaras Beads Limited,INE655B01011,,BANARBEADS,,,,,active
INE655V01019,RMC Switchgears Limited,INE655V01019,,RMC,,,,,active
INE658G01014,S.A.L. Steel Limited,INE658G01014,,SALSTEEL,,,,,active
INE658T01017,Wealth First Portfolio Managers Limited,INE658T01017,,WEALTH,,,,,active
INE659A01023,Sudarshan Chemical Industries Limited,INE659A01023,,SUDARSCHEM,,,,,active
INE660A01013,Sundaram Finance Limited,INE660A01013,,SUNDARMFIN,,,,,active
INE660C01027,Centrum Capital Limited,INE660C01027,,CENTRUM,,,,,active
INE661I01014,BGR Energy Systems Limited,INE661I01014,,BGRENERGY,,,,,active
INE662A01027,Super Spinning Mills Limited,INE662A01027,,SUPERSPIN,,,,,active
INE663A01033,Supreme Petrochem Limited,INE663A01033,,SPLPETRO,,,,,active
INE663B01015,Control Print Limited,INE663B01015,,CONTROLPR,,,,,active
INE663F01032,Info Edge (India) Limited,INE663F01032,,NAUKRI,,,,,active
INE664D01019,Benares Hotels Limited,INE664D01019,,BENARAS,,,,,active
INE665A01038,SWAN CORP LIMITED,INE665A01038,,SWANCORP,,SWANENERGY,,,active
INE665J01013,V-Mart Retail Limited,INE665J01013,,VMART,,,,,active
INE665L01035,Varroc Engineering Limited,INE665L01035,,VARROC,,,,,active
INE666D01022,BOROSIL RENEWABLES LIMITED,INE666D01022,,BORORENEW,,BOROSIL,,,active
INE666E01020,Andhra Cements Limited,INE666E01020,,ACL,,,,,active
INE667G01023,Saksoft Limited,INE667G01023,,SAKSOFT,,,,,active
INE668A01016,Tamilnad Mercantile Bank Limited,INE668A01016,,TMB,,,,,active
INE668D01028,Donear Industries Limited,INE668D01028,,DONEAR,,,,,active
INE668F01031,Jyothy Labs Limited,INE668F01031,,JYOTHYLAB,,,,,active
INE668G01021,Eldeco Housing And Industries Limited,INE668G01021,,ELDEHSG,,,,,active
INE669A01022,Infomedia Press Limited,INE669A01022,,INFOMEDIA,,,,,active
INE669C01036,Tech Mahindra Limited,INE669C01036,,TECHM,,,,,active
INE669E01016,Vodafone Idea Limited,INE669E01016,,IDEA,,,,,active
INE669R01026,Elitecon International Limited,INE669R01026,,ELITECON,,,,,active
INE669X01032,Geekay Wires Limited,INE669X01032,,GEEKAYWIRE,,,,,active
INE670A01012,Tata Elxsi Limited,INE670A01012,,TATAELXSI,,,,,active
INE670K01029,Lodha Developers Limited,INE670K01029,,LODHA,,,,,active
INE670O01013,One Global Service Provider Limited,INE670O01013,,ONEGLOBAL,,,,,active
INE670X01014,Lasa Supergenerics Limited,INE670X01014,,LASA,,,,,active
INE671A01010,Honeywell Automation India Limited,INE671A01010,,HONAUT,,TATAHONEY,,,active
INE671C01016,Sunil Healthcare Limited,INE671C01016,,SUNLOC,,,,,active
INE671H01015,Sobha Limited,INE671H01015,,SOBHA,,,,,active
INE671K01027,Sunrakshakk Industries India Limited,INE671K01027,,SUNRAKSHAK,,,,,active
INE672A01026,Tata Investment Corporation Limited,INE672A01026,,TATAINVEST,,INVESTCORP,,,active
INE672B01032,Munjal Auto Industries Limited,INE672B01032,,MUNJALAU,,,,,active
INE673O01025,TBO Tek Limited,INE673O01025,,TBOTEK,,,,,active
INE674K01013,Aditya Birla Capital Limited,INE674K01013,,ABCAPITAL,,,,,active
INE676A01027,Black Box Limited,INE676A01027,,BBOX,,AGCNET|AVAYAGCL|TATATELECM,,,active
INE677D01037,Master Trust Limited,INE677D01037,,MASTERTR,,,,,active
INE679A01013,CSB Bank Limited,INE679A01013,,CSBBANK,,,,,active
INE679V01027,Aditya Vision Limited,INE679V01027,,AVL,,,,,active
INE680A01011,Dhanlaxmi Bank Limited,INE680A01011,,DHANBANK,,,,,active
INE680Z01018,AVG Logistics Limited,INE680Z01018,,AVG,,,,,active
INE681B01017,Indraprastha Medical Corporation Limited,INE681B01017,,INDRAMEDCO,,,,,active
INE681C01015,Keynote Financial Services Limited,INE681C01015,,KEYFINSERV,,KEYCORPSER,,,active
INE682M01020,Jupiter Life Line Hospitals Limited,INE682M01020,,JLHL,,,,,active
INE683A01023,The South Indian Bank Limited,INE683A01023,,SOUTHBANK,,,,,active
INE683C01011,Maithan Alloys Limited,INE683C01011,,MAITHANALL,,,,,active
INE684B01029,I S T Limited,INE684B01029,,ISTLTD,,,,,active
INE684F01012,Firstsource Solutions Limited,INE684F01012,,FSL,,,,,active
INE685A01028,Torrent Pharmaceuticals Limited,INE685A01028,,TORNTPHARM,,,,,active
INE685T01010,Horizon Industrial Parks Limited,INE685T01010,,HORIZONIND,,,,,active
INE686A01026,Cemindia Projects Limited,INE686A01026,,CEMPRO,,ITDCEM|TRAFALHSE,,,active
INE686F01025,United Breweries Limited,INE686F01025,,UBL,,,,,active
INE686Y01026,Fine Organic Industries Limited,INE686Y01026,,FINEORG,,,,,active
INE687A01016,Transpek Industry Limited,INE687A01016,,TRANSPEK,,,,,active
INE688A01022,Transport Corporation of India Limited,INE688A01022,,TCI,,,,,active
INE688D01026,Responsive Industries Limited,INE688D01026,,RESPONIND,,,,,active
INE688J01023,Landsmill Green Limited,INE688J01023,,LANDSMILL,,EXCEL|EXCELINFO,,,active
INE688Y01022,Dangee Dums Limited,INE688Y01022,,DANGEE,,,,,active
INE689O01013,Mercantile Ventures Limited,INE689O01013,,MERCANTILE,,,,,active
INE689W01016,Prince Pipes And Fittings Limited,INE689W01016,,PRINCEPIPE,,,,,active
INE690A01028,TTK Prestige Limited,INE690A01028,,TTKPRESTIG,,,,,active
INE691A01018,UCO Bank,INE691A01018,,UCOBANK,,,,,active
INE691G01015,Impex Ferro Tech Limited,INE691G01015,,IMPEXFERRO,,,,,active
INE691Z01023,Ganga Forging Limited,INE691Z01023,,GANGAFORGE,,,,,active
INE692A01016,Union Bank of India,INE692A01016,,UNIONBANK,,,,,active
INE692B01014,Murudeshwar Ceramics Limited,INE692B01014,,MURUDCERA,,,,,active
INE692C01020,Taneja Aerospace & Aviation Limited,INE692C01020,,TANAA,,,,,active
INE692G01013,Xchanging Solutions Limited,INE692G01013,,XCHANGING,,CAMBRIDGE|SCANDENT,,,active
INE692Z01013,Affordable Robotic & Automation Limited,INE692Z01013,,AFFORDABLE,,,,,active
INE693D01018,Vadilal Enterprises Limited,INE693D01018,,VADILENT,,,,,active
INE694A01020,Unitech Limited,INE694A01020,,UNITECH,,,,,active
INE694D01016,Vadilal Industries Limited,INE694D01016,,VADILALIND,,,,,active
INE694E01014,Kanpur Plastipack Limited,INE694E01014,,KANPRPLA,,,,,active
INE694L01019,Vedanta Power Limited,INE694L01019,,VEDPOWER,,VPL,,,active
INE694N01015,Heranba Industries Limited,INE694N01015,,HERANBA,,,,,active
INE695B01025,Country Condo's Limited,INE695B01025,,COUNCODOS,,NEOCURE,,,active
INE696F01016,Juniper Hotels Limited,INE696F01016,,JUNIPER,,,,,active
INE696K01024,Prakash Steelage Limited,INE696K01024,,PRAKASHSTL,,,,,active
INE696V01013,Nandani Creation Limited,INE696V01013,,JAIPURKURT,,NANDANI,,,active
INE697V01011,Pansari Developers Limited,INE697V01011,,PANSARI,,,,,active
INE699B01027,Sambhaav Media Limited,INE699B01027,,SAMBHAAV,,PERLENGINF,,,active
INE699H01024,AWL Agri Business Limited,INE699H01024,,AWL,,,,,active
INE700A01033,Jubilant Pharmova Limited,INE700A01033,,JUBLPHARMA,,JUBILANT|VAMORGANIC,,,active
INE700F01024,Confidence Futuristic Energetech Limited,INE700F01024,,CFEL,,,,,active
INE701A01023,Vardhman Holdings Limited,INE701A01023,,VHL,,VSGML,,,active
INE701G01012,AK Capital Services Limited,INE701G01012,,AKCAPIT,,,,,active
INE702C01027,APL Apollo Tubes Limited,INE702C01027,,APLAPOLLO,,,,,active
INE703B01027,Ratnamani Metals & Tubes Limited,INE703B01027,,RATNAMANI,,,,,active
INE703H01016,Hubtown Limited,INE703H01016,,HUBTOWN,,ACKRUTI|AKRUTI,,,active
INE704B01017,RACL Geartech Limited,INE704B01017,,RACLGEAR,,,,,active
INE704G01024,Bajaj Steel Industries Limited,INE704G01024,,BAJAJST,,,,,active
INE704H01022,Cineline India Limited,INE704H01022,,CINELINE,,CINEPRO,,,active
INE704J01044,Vedanta Oil and Gas Limited,INE704J01044,,VOGL,,,,,active
INE704P01025,Cochin Shipyard Limited,INE704P01025,,COCHINSHIP,,,,,active
INE705C01020,Shiva Texyarn Limited,INE705C01020,,SHIVATEX,,,,,active
INE705X01026,Goyal Aluminiums Limited,INE705X01026,,GOYALALUM,,,,,active
INE707A01012,Vindhya Telelinks Limited,INE707A01012,,VINDHYATEL,,,,,active
INE707C01018,Capital Trust Limited,INE707C01018,,CAPTRUST,,,,,active
INE709A01018,VLS Finance Limited,INE709A01018,,VLSFINANCE,,,,,active
INE710A01016,VST Industries Limited,INE710A01016,,VSTIND,,,,,active
INE711A01022,Walchandnagar Industries Limited,INE711A01022,,WALCHANNAG,,,,,active
INE712B01010,Superhouse Limited,INE712B01010,,SUPERHOUSE,,,,,active
INE712K01011,Shree Pushkar Chemicals & Fertilisers Limited,INE712K01011,,SHREEPUSHK,,,,,active
INE713B01026,Suryalakshmi Cotton Mills Limited,INE713B01026,,SURYALAXMI,,,,,active
INE713C01016,Suraj Limited,INE713C01016,,SURAJLTD,,,,,active
INE713R01022,GSP Crop Science Limited,INE713R01022,,GSPCROP,,,,,active
INE713T01028,Apollo Micro Systems Limited,INE713T01028,,APOLLO,,,,,active
INE715A01015,Wheels India Limited,INE715A01015,,WHEELS,,,,,active
INE715B01021,The Andhra Sugars Limited,INE715B01021,,ANDHRSUGAR,,,,,active
INE715T01031,Dhatre Udyog Limited,INE715T01031,,DHATRE,,,,,active
INE715Y01031,Shradha Realty Limited,INE715Y01031,,SHRADHA,,,,,active
INE716A01013,Whirlpool of India Limited,INE716A01013,,WHIRLPOOL,,,,,active
INE716B01029,Tips Music Limited,INE716B01029,,TIPSMUSIC,,TIPSINDLTD,,,active
INE716D01033,Cressanda Railway Solutions Limited,INE716D01033,,CRSL,,,,,active
INE716F01012,Indokem Limited,INE716F01012,,INDOKEM,,,,,active
INE717A01029,Kennametal India Limited,INE717A01029,,KENNAMET,,WIDIA,,,active
INE717W01049,Gandhar Oil Refinery (India) Limited,INE717W01049,,GANDHAR,,,,,active
INE718F01018,CSL Finance Limited,INE718F01018,,CSLFINANCE,,,,,active
INE718H01014,Autoline Industries Limited,INE718H01014,,AUTOIND,,,,,active
INE718I01012,JSW Cement Limited,INE718I01012,,JSWCEMENT,,,,,active
INE719F01016,Shiv Aum Steels Limited,INE719F01016,,SHIVAUM,,,,,active
INE720A01015,Kothari Petrochemicals Limited,INE720A01015,,KOTHARIPET,,,,,active
INE721A01047,Shriram Finance Limited,INE721A01047,,SHRIRAMFIN,,SRTRANSFIN,,,active
INE721Z01010,Aaron Industries Limited,INE721Z01010,,AARON,,,,,active
INE722B01019,Praveg Limited,INE722B01019,,PRAVEG,,,,,active
INE722H01024,Renaissance Global Limited,INE722H01024,,RGL,,RJL,,,active
INE722J01012,Ravi Kumar Distilleries Limited,INE722J01012,,RKDL,,,,,active
INE724A01017,Gyftr Limited,INE724A01017,,GYFTR,,,,,active
INE725A01030,NAVA LIMITED,INE725A01030,,NAVA,,NAVBARFERO|NBVENTURES,,,active
INE725E01024,The Orissa Minerals Development Company Limited,INE725E01024,,ORISSAMINE,,,,,active
INE725G01011,ICRA Limited,INE725G01011,,ICRA,,,,,active
INE725L01011,Karma Energy Limited,INE725L01011,,KARMAENG,,,,,active
INE726E01014,U P Hotels Limited,INE726E01014,,UPHOT,,,,,active
INE726G01019,ICICI Prudential Life Insurance Company Limited,INE726G01019,,ICICIPRULI,,,,,active
INE726L01027,DELPHI WORLD MONEY LIMITED,INE726L01027,,DELPHIFX,,EBIXFOREX|WEIZFOREX,,,active
INE726V01018,Pricol Limited,INE726V01018,,PRICOLLTD,,,,,active
INE727B01026,Genesys International Corporation Limited,INE727B01026,,GENESYS,,,,,active
INE727S01012,Bharat Road Network Limited,INE727S01012,,BRNL,,,,,active
INE728Z01015,Softtech Engineers Limited,INE728Z01015,,SOFTTECH,,,,,active
INE729D01010,Kilitch Drugs (India) Limited,INE729D01010,,KILITCH,,,,,active
INE730A01022,Oricon Enterprises Limited,INE730A01022,,ORICONENT,,,,,active
INE731A01020,Archies Limited,INE731A01020,,ARCHIES,,,,,active
INE731C01018,Khaitan (India) Limited,INE731C01018,,KHAITANLTD,,,,,active
INE731F01037,Welspun Specialty Solutions Limited,INE731F01037,,WELSPLSOL,,,,,active
INE731H01025,Action Construction Equipment Limited,INE731H01025,,ACE,,,,,active
INE731U01028,Digjam Limited,INE731U01028,,DIGJAMLMTD,,,,,active
INE732A01036,Kirloskar Brothers Limited,INE732A01036,,KIRLOSBROS,,,,,active
INE732C01016,NCL Industries Limited,INE732C01016,,NCLIND,,,,,active
INE732I01021,Angel One Limited,INE732I01021,,ANGELONE,,ANGELBRKG,,,active
INE732S01012,Sakar Healthcare Limited,INE732S01012,,SAKAR,,,,,active
INE733A01018,Star Paper Mills Limited,INE733A01018,,STARPAPER,,,,,active
INE733E01010,NTPC Limited,INE733E01010,,NTPC,,,,,active
INE734I01027,Finkurve Financial Services Limited,INE734I01027,,FINKURVE,,,,,active
INE734N01019,Snowman Logistics Limited,INE734N01019,,SNOWMAN,,,,,active
INE735M01018,Sampann Utpadan India Limited,INE735M01018,,SAMPANN,,SEPOWER,,,active
INE735W01017,Utkarsh Small Finance Bank Limited,INE735W01017,,UTKARSHBNK,,,,,active
INE736A01011,Central Depository Services (India) Limited,INE736A01011,,CDSL,,,,,active
INE737B01033,Adroit Infotech Limited,INE737B01033,,ADROITINFO,,ARHAMFISCL|COLORCHIPS|SPHEREGSL,,,active
INE737D01021,MODISON LIMITED,INE737D01021,,MODISONLTD,,MODISNME,,,active
INE737H01014,Fiem Industries Limited,INE737H01014,,FIEMIND,,,,,active
INE737W01013,Akash Infra-Projects Limited,INE737W01013,,AKASH,,,,,active
INE738I01010,eClerx Services Limited,INE738I01010,,ECLERX,,,,,active
INE738V01013,Art Nirman Limited,INE738V01013,,ARTNIRMAN,,,,,active
INE739E01017,Cera Sanitaryware Limited,INE739E01017,,CERA,,,,,active
INE740D01017,N R Agarwal Industries Limited,INE740D01017,,NRAIL,,,,,active
INE740V01019,Agro Phos India Limited,INE740V01019,,AGROPHOS,,,,,active
INE740X01023,Lorenzini Apparels Limited,INE740X01023,,LAL,,,,,active
INE741A01011,Mysore Petro Chemicals Limited,INE741A01011,,MYSORPETRO,,,,,active
INE741K01010,CREDITACCESS GRAMEEN LIMITED,INE741K01010,,CREDITACC,,,,,active
INE741L01018,Ducon Infratechnologies Limited,INE741L01018,,DUCON,,DYNATECH,,,active
INE742B01025,Gufic Biosciences Limited,INE742B01025,,GUFICBIO,,,,,active
INE742C01031,Jindal Drilling And Industries Limited,INE742C01031,,JINDRILL,,,,,active
INE742F01042,Adani Ports and Special Economic Zone Limited,INE742F01042,,ADANIPORTS,,MUNDRAPORT,,,active
INE743M01012,RHI MAGNESITA INDIA LIMITED,INE743M01012,,RHIM,,ORIENTREF,,,active
INE745B01028,Khaitan Chemicals & Fertilizers Limited,INE745B01028,,KHAICHEM,,,,,active
INE745G01043,Multi Commodity Exchange of India Limited,INE745G01043,,MCX,,,,,active
INE746D01014,Pioneer Investcorp Limited,INE746D01014,,PIONRINV,,,,,active
INE747B01016,Next Mediaworks Limited,INE747B01016,,NEXTMEDIA,,MID-DAY,,,active
INE747K01017,Tarapur Transformers Limited,INE747K01017,,TARAPUR,,,,,active
INE748A01024,Mcnally Bharat Engineering Company Limited,INE748A01024,,MBECL,,,,,active
INE748C01038,3i Infotech Limited,INE748C01038,,3IINFOLTD,,,,,active
INE748T01016,Simbhaoli Sugars Limited,INE748T01016,,SIMBHALS,,,,,active
INE748Z01013,Sumit Woods Limited,INE748Z01013,,SUMIT,,,,,active
INE749A01030,JINDAL STEEL LIMITED,INE749A01030,,JINDALSTEL,,,,,active
INE749B01020,ORTIN GLOBAL LIMITED,INE749B01020,,ORTINGLOBE,,ORTINLAB,,,active
INE750A01020,Oriental Hotels Limited,INE750A01020,,ORIENTHOT,,,,,active
INE750C01026,Marksans Pharma Limited,INE750C01026,,MARKSANS,,TASCPHARMA,,,active
INE750D01016,Reliance Chemotex Industries Limited,INE750D01016,,RELCHEMQ,,,,,active
INE750M01017,Hexa Tradex Limited,INE750M01017,,HEXATRADEX,,,,,active
INE750R01016,Aarnav Fashions Limited,INE750R01016,,AARNAV,,,,,active
INE751B01018,Pix Transmissions Limited,INE751B01018,,PIXTRANS,,,,,active
INE752E01010,Power Grid Corporation of India Limited,INE752E01010,,POWERGRID,,,,,active
INE752G01015,MSP Steel & Power Limited,INE752G01015,,MSPL,,,,,active
INE752H01013,CARE Ratings Limited,INE752H01013,,CARERATING,,,,,active
INE753K01015,Emmbi Industries Limited,INE753K01015,,EMMBI,,,,,active
INE753U01022,Divgi Torqtransfer Systems Limited,INE753U01022,,DIVGIITTS,,,,,active
INE753W01010,Sanginita Chemicals Limited,INE753W01010,,SANGINITA,,,,,active
INE754A01055,Subex Limited,INE754A01055,,SUBEXLTD,,,,,active
INE754X01016,Aarvi Encon Limited,INE754X01016,,AARVI,,,,,active
INE755Q01025,Vishal Fabrics Limited,INE755Q01025,,VISHAL,,,,,active
INE756C01015,Naga Dhunseri Group Limited,INE756C01015,,NDGL,,,,,active
INE756I01012,HDB Financial Services Limited,INE756I01012,,HDBFS,,,,,active
INE757A01017,COSMO FIRST LIMITED,INE757A01017,,COSMOFIRST,,COSMOFILMS,,,active
INE757B01015,TRANSWORLD SHIPPING LINES LIMITED,INE757B01015,,TRANSWORLD,,SHREYAS|SHREYASHIP,,,active
INE757C01021,Addi Industries Limited,INE757C01021,,ADDIND,,,,,active
INE757T01025,Artemis Electricals and Projects Limited,INE757T01025,,AEPL,,,,,active
INE758A01072,Avance Technologies Limited,INE758A01072,,AVANCE,,,,,active
INE758C01029,Ahluwalia Contracts (India) Limited,INE758C01029,,AHLUCONT,,,,,active
INE758E01017,Jio Financial Services Limited,INE758E01017,,JIOFIN,,,,,active
INE758T01015,ETERNAL LIMITED,INE758T01015,,ETERNAL,,ZOMATO,,,active
INE759A01021,Mastek Limited,INE759A01021,,MASTEK,,,,,active
INE759F01012,Austin Engineering Company  Limited,INE759F01012,,AUSTENG,,,,,active
INE759V01019,Heads UP Ventures Limited,INE759V01019,,HEADSUP,,TMRVL,,,active
INE760A01029,Kokuyo Camlin Limited,INE760A01029,,KOKUYOCMLN,,CAMLIN,,,active
INE760F01028,Indo Amines Limited,INE760F01028,,INDOAMIN,,,,,active
INE760L01018,Tribhovandas Bhimji Zaveri Limited,INE760L01018,,TBZ,,,,,active
INE760W01023,Rajshree Polypack Limited,INE760W01023,,RPPL,,,,,active
INE760Y01011,Ashoka Metcast Limited,INE760Y01011,,ASHOKAMET,,,,,active
INE761G01016,Black Rose Inds. Limited,INE761G01016,,BLACKROSE,,,,,active
INE761H01022,Page Industries Limited,INE761H01022,,PAGEIND,,,,,active
INE761Q01015,Vibrant Global Capital Limited,INE761Q01015,,VGCL,,,,,active
INE761Y01019,Zodiac Energy Limited,INE761Y01019,,ZODIAC,,,,,active
INE763I01026,Transformers And Rectifiers (India) Limited,INE763I01026,,TARIL,,TRIL,,,active
INE763M01028,Mercury Ev-Tech Limited,INE763M01028,,MERCURYEV,,,,,active
INE764D01017,V.S.T Tillers Tractors Limited,INE764D01017,,VSTTILLERS,,,,,active
INE764L01010,Sadbhav Infrastructure Project Limited,INE764L01010,,SADBHIN,,,,,active
INE765D01022,WPIL Limited,INE765D01022,,WPIL,,,,,active
INE765G01017,ICICI Lombard General Insurance Company Limited,INE765G01017,,ICICIGI,,,,,active
INE766P01016,Mahindra Logistics Limited,INE766P01016,,MAHLOG,,,,,active
INE767A01016,Aarti Drugs Limited,INE767A01016,,AARTIDRUGS,,,,,active
INE767C01012,Axtel Industries Limited,INE767C01012,,AXTEL,,,,,active
INE768C01028,Zydus Wellness Limited,INE768C01028,,ZYDUSWELL,,,,,active
INE769A01020,Aarti Industries Limited,INE769A01020,,AARTIIND,,,,,active
INE770A01010,Pradeep Metals Limited,INE770A01010,,PRADPME,,,,,active
INE771A01026,Mirza International Limited,INE771A01026,,MIRZAINT,,MIRZATAN,,,active
INE771F01041,Fischer Medical Ventures Limited,INE771F01041,,FISCHER,,,,,active
INE772T01024,Popular Vehicles and Services Limited,INE772T01024,,PVSL,,,,,active
INE773I01017,Alkali Metals Limited,INE773I01017,,ALKALI,,,,,active
INE774D01024,Mahindra & Mahindra Financial Services Limited,INE774D01024,,M&MFIN,,,,,active
INE775A01035,Samvardhana Motherson International Limited,INE775A01035,,MOTHERSON,,MOTHERSUMI,,,active
INE776C01039,GMR AIRPORTS LIMITED,INE776C01039,,GMRAIRPORT,,GMRINFRA,,,active
INE776I01010,MEP Infrastructure Developers Limited,INE776I01010,,MEP,,,,,active
INE777F01014,Exicom Tele-Systems Limited,INE777F01014,,EXICOM,,,,,active
INE777K01022,R R Kabel Limited,INE777K01022,,RRKABEL,,,,,active
INE778B01029,Ester Industries Limited,INE778B01029,,ESTER,,,,,active
INE778K01012,Emami Realty Limited,INE778K01012,,EMAMIREAL,,EMAMIINFRA,,,active
INE780C01023,JM Financial Limited,INE780C01023,,JMFINANCIL,,,,,active
INE781A01025,Intense Technologies Limited,INE781A01025,,INTENTECH,,,,,active
INE781B01015,Noida Toll Bridge Company Limited,INE781B01015,,NOIDATOLL,,,,,active
INE781S01027,Ventive Hospitality Limited,INE781S01027,,VENTIVE,,,,,active
INE782A01015,BOSCH HOME COMFORT INDIA LIMITED,INE782A01015,,BOSCH-HCIL,,AMTREXAPPL|HITACHIHOM|JCHAC,,,active
INE782D01027,Alfred Herbert India Limited,INE782D01027,,ALFREDHE,,,,,active
INE782E01017,Hester Biosciences Limited,INE782E01017,,HESTERBIO,,,,,active
INE782X01033,Servotech Renewable Power System Limited,INE782X01033,,SERVOTECH,,,,,active
INE783X01023,Chemfab Alkalis Limited,INE783X01023,,CHEMFAB,,,,,active
INE784R01023,Arfin India Limited,INE784R01023,,ARFIN,,,,,active
INE784W01015,Manomay Tex India Limited,INE784W01015,,MANOMAY,,,,,active
INE785A01026,Jayant Agro Organics Limited,INE785A01026,,JAYAGROGN,,,,,active
INE785M01021,PC Jeweller Limited,INE785M01021,,PCJEWELLER,,,,,active
INE786A01032,JK Lakshmi Cement Limited,INE786A01032,,JKLAKSHMI,,,,,active
INE786F01031,Uttam Sugar Mills Limited,INE786F01031,,UTTAMSUGAR,,,,,active
INE786W01010,RKEC Projects Limited,INE786W01010,,RKEC,,,,,active
INE787D01026,Balkrishna Industries Limited,INE787D01026,,BALKRISIND,,,,,active
INE788H01017,Hilton Metal Forging Limited,INE788H01017,,HILTON,,,,,active
INE788J01021,Shivalik Rasayan Limited,INE788J01021,,SHIVALIK,,,,,active
INE789E01012,JK Paper Limited,INE789E01012,,JKPAPER,,,,,active
INE790B01024,KCP Sugar and Industries Corporation Limited,INE790B01024,,KCPSUGIND,,,,,active
INE790G01031,Shilpa Medicare Limited,INE790G01031,,SHILPAMED,,,,,active
INE791A01024,BLB Limited,INE791A01024,,BLBLIMITED,,,,,active
INE791B01014,Lee & Nee Softwares Exports Limited,INE791B01014,,LEENEE,,,,,active
INE791I01019,Brigade Enterprises Limited,INE791I01019,,BRIGADE,,,,,active
INE792B01012,Ambica Agarbathies & Aroma industries Limited,INE792B01012,,AMBICAAGAR,,,,,active
INE792H01019,Global Vectra Helicorp Limited,INE792H01019,,GLOBALVECT,,,,,active
INE792I01017,Cords Cable Industries Limited,INE792I01017,,CORDSCABLE,,,,,active
INE792Z01011,Sirca Paints India Limited,INE792Z01011,,SIRCA,,,,,active
INE793A01012,Accelya Solutions India Limited,INE793A01012,,ACCELYA,,KALECONSUL,,,active
INE794A01010,Neuland Laboratories Limited,INE794A01010,,NEULANDLAB,,,,,active
INE794B01026,Balaji Telefilms Limited,INE794B01026,,BALAJITELE,,,,,active
INE794W01014,Modern Threads (India) Limited,INE794W01014,,MODTHREAD,,,,,active
INE795G01014,HDFC Life Insurance Company Limited,INE795G01014,,HDFCLIFE,,,,,active
INE796G01012,Jindal Photo Limited,INE796G01012,,JINDALPHOT,,,,,active
INE797F01020,Jubilant Foodworks Limited,INE797F01020,,JUBLFOOD,,,,,active
INE797H01018,TGB Banquets And Hotels Limited,INE797H01018,,TGBHOTELS,,BHAGWATIHO,,,active
INE798F01010,Panchmahal Steel Limited,INE798F01010,,PANCHMAHQ,,,,,active
INE798K01010,Kriti Nutrients Limited,INE798K01010,,KRITINUT,,,,,active
INE800A01015,Birla Cable Limited,INE800A01015,,BIRLACABLE,,BIRLAERIC,,,active
INE800H01010,Omaxe Limited,INE800H01010,,OMAXE,,,,,active
INE801L01010,Airo Lam limited,INE801L01010,,AIROLAM,,,,,active
INE801V01019,Laxmi Cotspin Limited,INE801V01019,,LAXMICOT,,,,,active
INE802B01027,Linc Limited,INE802B01027,,LINC,,LINCPEN,,,active
INE802C01033,Steel Strips Wheels Limited,INE802C01033,,SSWL,,,,,active
INE802W01023,Bohra Industries Limited,INE802W01023,,BOHRAIND,,,,,active
INE803D01021,Indo Borax & Chemicals Limited,INE803D01021,,INDOBORAX,,,,,active
INE803H01014,Ruchira Papers Limited,INE803H01014,,RUCHIRA,,,,,active
INE804H01012,Transwarranty Finance Limited,INE804H01012,,TFL,,,,,active
INE804L01022,Medplus Health Services Limited,INE804L01022,,MEDPLUS,,,,,active
INE805A01014,AION-TECH SOLUTIONS LIMITED,INE805A01014,,GOLDTECH,,,,,active
INE805C01028,KCP Limited,INE805C01028,,KCP,,,,,active
INE805D01034,Sunteck Realty Limited,INE805D01034,,SUNTECK,,,,,active
INE806A01020,Vikas EcoTech Limited,INE806A01020,,VIKASECO,,VIKASGLOB,,,active
INE806C01018,TIL Limited,INE806C01018,,TIL,,,,,active
INE806T01020,Sapphire Foods India Limited,INE806T01020,,SAPPHIRE,,,,,active
INE807F01027,Viyash Scientific Limited,INE807F01027,,VIYASH,,SEQUENT,,,active
INE807K01035,S Chand And Company Limited,INE807K01035,,SCHAND,,,,,active
INE809A01032,Rama Phosphates Limited,INE809A01032,,RAMAPHO,,,,,active
INE809I01019,OnMobile Global Limited,INE809I01019,,ONMOBILE,,,,,active
INE810G01011,Shyam Metalics and Energy Limited,INE810G01011,,SHYAMMETL,,,,,active
INE811A01038,Kirloskar Pneumatic Company Limited,INE811A01038,,KIRLPNU,,,,,active
INE811K01011,Prestige Estates Projects Limited,INE811K01011,,PRESTIGE,,,,,active
INE812G01025,SMS Pharmaceuticals Limited,INE812G01025,,SMSPHARMA,,,,,active
INE813A01018,Mahindra Lifespace Developers Limited,INE813A01018,,MAHLIFE,,GESCOCORP,,,active
INE813H01021,Torrent Power Limited,INE813H01021,,TORNTPOWER,,,,,active
INE813V01022,M TEK COPPER LIMITED,INE813V01022,,MCL,,,,,active
INE814H01029,Adani Power Limited,INE814H01029,,ADANIPOWER,,,,,active
INE816B01035,Filatex India Limited,INE816B01035,,FILATEX,,,,,active
INE817H01022,Burnpur Cement Limited,INE817H01022,,BURNPUR,,,,,active
INE818A01017,Antelopus Selan Energy Limited,INE818A01017,,ANTELOPUS,,SELAN,,,active
INE818B01023,Pasupati Acrylon Limited,INE818B01023,,PASUPTAC,,,,,active
INE818H01020,LT Foods Limited,INE818H01020,,LTFOODS,,DAAWAT,,,active
INE818W01011,ESAF Small Finance Bank Limited,INE818W01011,,ESAFSFB,,,,,active
INE819A01049,Comfort Intech Limited,INE819A01049,,COMFINTE,,,,,active
INE819L01012,Elgi Rubber Company Limited,INE819L01012,,ELGIRUBCO,,,,,active
INE819V01029,Aditya Infotech Limited,INE819V01029,,CPPLUS,,,,,active
INE820Y01021,Ajooni Biotech Limited,INE820Y01021,,AJOONI,,,,,active
INE821I01022,IRB Infrastructure Developers Limited,INE821I01022,,IRB,,,,,active
INE822B01017,Asian Tea & Exports Limited,INE822B01017,,ASIANTNE,,,,,active
INE822C01015,TCPL Packaging Limited,INE822C01015,,TCPLPACK,,,,,active
INE822E01011,Supreme Holdings & Hospitality (India) Limited,INE822E01011,,SUPREME,,,,,active
INE822G01016,Electrotherm (India) Limited,INE822G01016,,ELECTHERM,,,,,active
INE823A01017,Kothari Products Limited,INE823A01017,,KOTHARIPRO,,,,,active
INE823B01015,Competent Automobiles Company Limited,INE823B01015,,COMPEAU,,,,,active
INE823G01014,JK Cement Limited,INE823G01014,,JKCEMENT,,,,,active
INE824G01012,JSW Holdings Limited,INE824G01012,,JSWHL,,JINDALSWHL,,,active
INE824Q01011,Manaksia Steels Limited,INE824Q01011,,MANAKSTEEL,,,,,active
INE825A01020,Vardhman Textiles Limited,INE825A01020,,VTL,,MAHAVIRSPG,,,active
INE825V01034,Vedant Fashions Limited,INE825V01034,,MANYAVAR,,,,,active
INE826C01016,Gujarat Apollo Industries Limited,INE826C01016,,GUJAPOLLO,,GUJAPOLEQP|GUJAPOLIND,,,active
INE828A01016,Bhartiya International Limited,INE828A01016,,BIL,,,,,active
INE828O01033,MITCON Consultancy & Engineering Services Limited,INE828O01033,,MITCON,,,,,active
INE829A01014,Biofil Chemicals & Pharmaceuticals Limited,INE829A01014,,BIOFILCHEM,,,,,active
INE829S01016,Mangalam Seeds Limited,INE829S01016,,MSL,,,,,active
INE830C01026,Emami Paper Mills Limited,INE830C01026,,EMAMIPAP,,,,,active
INE830Q01018,Manaksia Coated Metals & Industries Limited,INE830Q01018,,MANAKCOAT,,,,,active
INE831A01028,Onida Electronics Limited,INE831A01028,,ONIDA,,MIRCELECTR,,,active
INE832A01018,Modi Rubber Limited,INE832A01018,,MODIRUBBER,,,,,active
INE834I01025,Khadim India Limited,INE834I01025,,KHADIM,,,,,active
INE834M01019,RattanIndia Enterprises Limited,INE834M01019,,RTNINDIA,,IBIPL|RTNINFRA,,,active
INE835A01029,Vardhman Polytex Limited,INE835A01029,,VARDMNPOLY,,,,,active
INE835B01035,Mold-Tek Technologies Limited,INE835B01035,,MOLDTECH,,,,,active
INE835D01023,Hirect Limited,INE835D01023,,HIRECT,,,,,active
INE835G01018,Alldigi Tech Limited,INE835G01018,,ALLDIGI,,ALLSEC,,,active
INE836A01035,BIRLASOFT LIMITED,INE836A01035,,BSOFT,,KPIT,,,active
INE836B01017,Satin Creditcare Network Limited,INE836B01017,,SATIN,,,,,active
INE836F01026,Dish TV India Limited,INE836F01026,,DISHTV,,,,,active
INE837H01020,Advanced Enzyme Technologies Limited,INE837H01020,,ADVENZYMES,,,,,active
INE838B01021,Bharat Rasayan Limited,INE838B01021,,BHARATRAS,,,,,active
INE838E01017,Ponni Sugars (Erode) Limited,INE838E01017,,PONNIERODE,,,,,active
INE839E01023,Odyssey Corporation Limited,INE839E01023,,ODYCORP,,,,,active
INE839G01010,Jocil Limited,INE839G01010,,JOCIL,,,,,active
INE839M01018,Schneider Electric Infrastructure Limited,INE839M01018,,SCHNEIDER,,,,,active
INE840M01016,Zuari Agro Chemicals Limited,INE840M01016,,ZUARI,,,,,active
INE840Y01029,One Point One Solutions Limited,INE840Y01029,,ONEPOINT,,,,,active
INE841B01017,Indbank Merchant Banking Services Limited,INE841B01017,,INDBANK,,INDBANKMER,,,active
INE841D01013,Amal Limited,INE841D01013,,AMAL,,,,,active
INE841L01016,DEE Development Engineers Limited,INE841L01016,,DEEDEV,,,,,active
INE842C01021,Minda Corporation Limited,INE842C01021,,MINDACORP,,,,,active
INE843B01013,Maha Rashtra Apex Corporation Limited,INE843B01013,,MAHAPEXLTD,,,,,active
INE843D01027,DCM Shriram Industries Limited,INE843D01027,,DCMSRIND,,,,,active
INE843L01012,Superior Industrial Enterprises Limited,INE843L01012,,SIEL,,,,,active
INE843S01025,Suraj Estate Developers Limited,INE843S01025,,SURAJEST,,,,,active
INE844A01013,Pearl Polymers Limited,INE844A01013,,PEARLPOLY,,,,,active
INE844K01012,Bedmutha Industries Limited,INE844K01012,,BEDMUTHA,,,,,active
INE844O01030,GUJARAT ENERGY LIMITED,INE844O01030,,GUJENERGY,,GUJGASLTD,,,active
INE845D01014,Ganesha Ecosphere Limited,INE845D01014,,GANECOS,,,,,active
INE846D01012,Lords Chloro Alkali Limited,INE846D01012,,LORDSCHLO,,,,,active
INE847C01020,Rossell India Limited,INE847C01020,,ROSSELLIND,,,,,active
INE848A01014,IZMO Limited,INE848A01014,,IZMO,,LOGIXMICRO,,,active
INE848E01016,NHPC Limited,INE848E01016,,NHPC,,,,,active
INE849A01020,Trent Limited,INE849A01020,,TRENT,,LAKME,,,active
INE849C01026,Shalimar Paints Limited,INE849C01026,,SHALPAINTS,,SHALMPAINT,,,active
INE850B01026,ABM Knowledgeware Limited,INE850B01026,,ABMKNO,,,,,active
INE850D01014,Godrej Agrovet Limited,INE850D01014,,GODREJAGRO,,,,,active
INE850E01012,Lakshmi Finance & Industrial Corporation Limited,INE850E01012,,LFIC,,,,,active
INE850M01015,Northern Arc Capital Limited,INE850M01015,,NORTHARC,,,,,active
INE851I01011,Updater Services Limited,INE851I01011,,UDS,,,,,active
INE852O01025,Aptus Value Housing Finance India Limited,INE852O01025,,APTUS,,,,,active
INE854B01010,Jayaswal Neco Industries Limited,INE854B01010,,JAYNECOIND,,NAGPURENG,,,active
INE854D01024,United Spirits Limited,INE854D01024,,UNITDSPR,,MCDOWELL-N,,,active
INE854S01022,Generic Engineering Construction and Projects Limited,INE854S01022,,GENCON,,,,,active
INE855A01019,WH Brady & Company Limited,INE855A01019,,WHBRADY,,,,,active
INE855B01025,Rain Industries Limited,INE855B01025,,RAIN,,PRIYADCEM|RAINCOM,,,active
INE855C01023,Websol Energy System Limited,INE855C01023,,WEBELSOLAR,,,,,active
INE855F01042,Avio Smart Market Stack Limited,INE855F01042,,ASMS,,,,,active
INE855R01021,Radiant Cash Management Services Limited,INE855R01021,,RADIANTCMS,,,,,active
INE858B01029,Isgec Heavy Engineering Limited,INE858B01029,,ISGEC,,,,,active
INE858F01012,Nitco Limited,INE858F01012,,NITCO,,,,,active
INE859A01011,PNB Gilts Limited,INE859A01011,,PNBGILTS,,,,,active
INE859Q01017,Manaksia Aluminium Company Limited,INE859Q01017,,MANAKALUCO,,,,,active
INE860A01027,HCL Technologies Limited,INE860A01027,,HCLTECH,,,,,active
INE861B01023,The Motor & General Finance Limited,INE861B01023,,MOTOGENFIN,,,,,active
INE861D01011,Shalibhadra Finance Limited,INE861D01011,,SAHLIBHFI,,,,,active
INE862Y01015,Banka BioLoo Limited,INE862Y01015,,BANKA,,,,,active
INE863B01029,Premier Explosives Limited,INE863B01029,,PREMEXPLN,,,,,active
INE863I01016,Bang Overseas Limited,INE863I01016,,BANG,,,,,active
INE863T01013,JITF Infralogistics Limited,INE863T01013,,JITFINFRA,,,,,active
INE864I01014,Mtar Technologies Limited,INE864I01014,,MTARTECH,,,,,active
INE864J01012,Tamboli Industries Limited,INE864J01012,,TAMBOLIIN,,,,,active
INE864K01010,IRIS RegTech Solutions Limited,INE864K01010,,IRIS,,,,,active
INE864X01013,D P Wires Limited,INE864X01013,,DPWIRES,,,,,active
INE865C01022,Aditya Birla Money Limited,INE865C01022,,BIRLAMONEY,,APOLLOSIND,,,active
INE865T01018,Pudumjee Paper Products Limited,INE865T01018,,PDMJEPAPER,,,,,active
INE866K01023,Indosolar Limited,INE866K01023,,WAAREEINDO,,INDOSOLAR,,,active
INE866R01028,Matrimony.Com Limited,INE866R01028,,MATRIMONY,,,,,active
INE867A01022,Manugraph India Limited,INE867A01022,,MANUGRAPH,,,,,active
INE868B01028,NCC Limited,INE868B01028,,NCC,,NAGARCONST,,,active
INE869I01013,GTPL Hathway Limited,INE869I01013,,GTPL,,,,,active
INE869T01028,Molbio Diagnostics Limited,INE869T01028,,MOLBIO,,,,,active
INE869Y01028,Tembo Global Industries Limited,INE869Y01028,,TEMBO,,SAKETH,,,active
INE870D01012,National Fertilizers Limited,INE870D01012,,NFL,,,,,active
INE870H01013,Network18 Media & Investments Limited,INE870H01013,,NETWORK18,,,,,active
INE871C01038,Avanti Feeds Limited,INE871C01038,,AVANTIFEED,,,,,active
INE871H01011,GSS Infotech Limited,INE871H01011,,GSS,,GSSAMERICA,,,active
INE871K01015,Hindustan Media Ventures Limited,INE871K01015,,HMVL,,,,,active
INE871L01013,TV Vision Limited,INE871L01013,,TVVISION,,,,,active
INE872H01027,Lumax Auto Technologies Limited,INE872H01027,,LUMAXTECH,,,,,active
INE872J01023,Devyani International Limited,INE872J01023,,DEVYANI,,,,,active
INE873D01024,Indoco Remedies Limited,INE873D01024,,INDOCO,,,,,active
INE874F01027,Radaan Mediaworks India Limited,INE874F01027,,RADAAN,,,,,active
INE874I01013,Ramky Infrastructure Limited,INE874I01013,,RAMKY,,,,,active
INE875B01015,Nimbus Projects Limited,INE875B01015,,NIMBSPROJ,,,,,active
INE875G01048,Nandan Denim Limited,INE875G01048,,NDL,,NANDANEXIM,,,active
INE875R01011,Balkrishna Paper Mills Limited,INE875R01011,,BALKRISHNA,,NIRVIKARA,,,active
INE876N01018,Orient Cement Limited,INE876N01018,,ORIENTCEM,,,,,active
INE877F01012,PTC India Limited,INE877F01012,,PTC,,,,,active
INE877I01016,Archidply Industries Limited,INE877I01016,,ARCHIDPLY,,,,,active
INE877V01027,Suraksha Diagnostic Limited,INE877V01027,,SURAKSHA,,,,,active
INE878A01011,GE Power India Limited,INE878A01011,,GVPIL,,ABBALPO|AIL|APIL|GEPIL,,,active
INE878B01027,KEI Industries Limited,INE878B01027,,KEI,,,,,active
INE878E01021,Setco Automotive Limited,INE878E01021,,SETCO,,,,,active
INE878H01024,Inventure Growth & Securities Limited,INE878H01024,,INVENTURE,,,,,active
INE878I01022,Bafna Pharmaceuticals Limited,INE878I01022,,BAFNAPH,,,,,active
INE878K01010,BF Investment Limited,INE878K01010,,BFINVEST,,,,,active
INE879A01019,Shree Rama Multi-Tech Limited,INE879A01019,,SHREERAMA,,,,,active
INE879E01037,Kanani Industries Limited,INE879E01037,,KANANIIND,,,,,active
INE879I01012,Valor Estate Limited,INE879I01012,,DBREALTY,,,,,active
INE879K01018,K M C Speciality Hospitals (India) Limited,INE879K01018,,KMCSHIL,,,,,active
INE880J01026,JSW Infrastructure Limited,INE880J01026,,JSWINFRA,,,,,active
INE880L01014,KIOCL Limited,INE880L01014,,KIOCL,,,,,active
INE880Y01017,Solex Energy Limited,INE880Y01017,,SOLEX,,,,,active
INE881D01027,Oracle Financial Services Software Limited,INE881D01027,,OFSS,,I-FLEX,,,active
INE882A01013,Maral Overseas Limited,INE882A01013,,MARALOVER,,,,,active
INE883A01011,MRF Limited,INE883A01011,,MRF,,,,,active
INE883C01025,Pacific Industries Limited,INE883C01025,,PACIFICI,,,,,active
INE883F01010,Aadhar Housing Finance Limited,INE883F01010,,AADHARHFC,,,,,active
INE883N01014,Parag Milk Foods Limited,INE883N01014,,PARAGMILK,,,,,active
INE884A01027,Vaibhav Global Limited,INE884A01027,,VAIBHAVGBL,,VAIBHAVGEM,,,active
INE884B01025,Kirloskar Ferrous Industries Limited,INE884B01025,,KIRLFER,,,,,active
INE885A01032,Amara Raja Energy & Mobility Limited,INE885A01032,,ARE&M,,AMARAJABAT,,,active
INE885E01042,Mazda Limited,INE885E01042,,MAZDA,,,,,active
INE885F01015,Mask Investments Limited,INE885F01015,,MASKINVEST,,,,,active
INE885H01029,Sportking India Limited,INE885H01029,,SPORTKING,,,,,active
INE886A01014,Industrial Investment Trust Limited,INE886A01014,,IITL,,,,,active
INE886B01012,Sumedha Fiscal Services Limited,INE886B01012,,SUMEDHA,,,,,active
INE886D01026,EFC (I) Limited,INE886D01026,,EFCIL,,,,,active
INE887D01024,TCC Concept Limited,INE887D01024,,TCC,,,,,active
INE887E01022,NGL Fine-Chem Limited,INE887E01022,,NGLFINE,,,,,active
INE887G01027,Gokaldas Exports Limited,INE887G01027,,GOKEX,,,,,active
INE888C01040,Sadhana Nitrochem Limited,INE888C01040,,SADHNANIQ,,,,,active
INE890C01046,Sanwaria Consumer Limited,INE890C01046,,SANWARIA,,,,,active
INE891A01022,DS Kulkarni Developers Limited,INE891A01022,,DSKULKARNI,,,,,active
INE891B01012,DCM Financial Services Limited,INE891B01012,,DCMFINSERV,,,,,active
INE891D01026,Redington Limited,INE891D01026,,REDINGTON,,,,,active
INE893I01013,Vascon Engineers Limited,INE893I01013,,VASCONEQ,,,,,active
INE893J01029,Mold-Tek Packaging Limited,INE893J01029,,MOLDTKPAC,,,,,active
INE894V01022,Belrise Industries Limited,INE894V01022,,BELRISE,,,,,active
INE895B01021,Rupa & Company Limited,INE895B01021,,RUPA,,,,,active
INE895W01019,Panache Digilife Limited,INE895W01019,,PANACHE,,,,,active
INE896L01010,IndoStar Capital Finance Limited,INE896L01010,,INDOSTAR,,,,,active
INE898Q01015,Meghna Infracon Infrastructure Limited,INE898Q01015,,MIIL,,,,,active
INE898S01029,Aurum PropTech Limited,INE898S01029,,AURUM,,MAJESCO,,,active
INE899I01028,Symbiotec Pharmalab Limited,INE899I01028,,SYMBIOTEC,,,,,active
INE899L01030,Ujaas Energy Limited,INE899L01030,,UEL,,,,,active
INE900B01029,Kabra Extrusion Technik Limited,INE900B01029,,KABRAEXTRU,,,,,active
INE900C01027,Automotive Stampings and Assemblies Limited,INE900C01027,,ASAL,,JBMT,,,active
INE900L01028,Madhya Bharat Agro Products Limited,INE900L01028,,MBAPL,,,,,active
INE901L01018,Alembic Pharmaceuticals Limited,INE901L01018,,APLLTD,,,,,active
INE902B01017,S&S Power Switchgears Limited,INE902B01017,,S&SPOWER,,,,,active
INE903A01025,Jaykay Enterprises Limited,INE903A01025,,JAYKAY,,,,,active
INE903A20025,Jaykay Enterprises Limited-RE,INE903A20025,,JAYKAY-RE1,,,,,active
INE903D01011,Monarch Networth Capital Limited,INE903D01011,,MONARCH,,,,,active
INE903U01023,Signatureglobal (India) Limited,INE903U01023,,SIGNATURE,,,,,active
INE906O01029,Tiger Logistics (India) Limited,INE906O01029,,TIGERLOGS,,,,,active
INE907A01026,Kalyani Steels Limited,INE907A01026,,KSL,,,,,active
INE908D01010,Shakti Pumps (India) Limited,INE908D01010,,SHAKTIPUMP,,,,,active
INE908V01012,Libas Consumer Products Limited,INE908V01012,,LIBAS,,,,,active
INE910A01012,Nirlon Limited,INE910A01012,,NIRLON,,,,,active
INE910C01018,TTK Healthcare Limited,INE910C01018,,TTKHLTCARE,,,,,active
INE911B01018,TCI Finance Limited,INE911B01018,,TCIFINANCE,,,,,active
INE912H01013,MBL Infrastructure Limited,INE912H01013,,MBLINFRA,,,,,active
INE912L01015,Onelife Capital Advisors Limited,INE912L01015,,ONELIFECAP,,,,,active
INE912T01018,Raghav Productivity Enhancers Limited,INE912T01018,,RPEL,,,,,active
INE913H01037,Endurance Technologies Limited,INE913H01037,,ENDURANCE,,,,,active
INE914E01040,Alankit Limited,INE914E01040,,ALANKIT,,,,,active
INE914G01029,Polyspin Exports Limited,INE914G01029,,POLYSPIN,,,,,active
INE914M01019,Aster DM Quality Care Limited,INE914M01019,,ASTERDM,,,,,active
INE915B01019,Ind-Swift Laboratories Limited,INE915B01019,,INDSWFTLAB,,,,,active
INE915K01010,Asian Hotels (West) Limited,INE915K01010,,AHLWEST,,,,,active
INE916G01016,GeeCee Ventures Limited,INE916G01016,,GEECEE,,GWALCHEM,,,active
INE916U01025,Sheela Foam Limited,INE916U01025,,SFL,,,,,active
INE916Y01027,Akme Fintrade (India) Limited,INE916Y01027,,AFIL,,,,,active
INE917H01012,Sree Rayalaseema Hi-Strength Hypo Limited,INE917H01012,,SRHHYPOLTD,,,,,active
INE917I01010,Bajaj Auto Limited,INE917I01010,,BAJAJ-AUTO,,,,,active
INE917M01012,Dilip Buildcon Limited,INE917M01012,,DBL,,,,,active
INE918I01026,Bajaj Finserv Limited,INE918I01026,,BAJAJFINSV,,,,,active
INE918N01018,Veto Switchgears And Cables Limited,INE918N01018,,VETO,,,,,active
INE918Z01012,Kaynes Technology India Limited,INE918Z01012,,KAYNES,,,,,active
INE919H01018,Indian Metals & Ferro Alloys Limited,INE919H01018,,IMFA,,,,,active
INE919I01024,Music Broadcast Limited,INE919I01024,,RADIOCITY,,,,,active
INE920A01037,Dolphin Offshore Enterprises (India) Limited,INE920A01037,,DOLPHIN,,,,,active
INE920C01017,NTC Industries Limited,INE920C01017,,NTCIND,,,,,active
INE921B01025,DB (International) Stock Brokers Limited,INE921B01025,,DBSTOCKBRO,,,,,active
INE921L01032,Powerica Limited,INE921L01032,,POWERICA,,,,,active
INE922A01025,Bhansali Engineering Polymers Limited,INE922A01025,,BEPL,,BHANSALENG,,,active
INE922B01023,Panacea Biotec Limited,INE922B01023,,PANACEABIO,,,,,active
INE922K01024,India Shelter Finance Corporation Limited,INE922K01024,,INDIASHLTR,,,,,active
INE923A01015,SIL Investments Limited,INE923A01015,,SILINV,,SUTLEJINDS,,,active
INE924D01017,The Investment Trust Of India Limited,INE924D01017,,THEINVEST,,FORTUNEFIN,,,active
INE924H01018,Tarmat Limited,INE924H01018,,TARMAT,,ROMAN,,,active
INE925C01016,Madhav Marbles and Granites Limited,INE925C01016,,MADHAV,,,,,active
INE925R01014,CMS Info Systems Limited,INE925R01014,,CMSINFO,,,,,active
INE926B01016,Grand Oak Canyons Distillery Limited,INE926B01016,,GRANDOAK,,,,,active
INE926K01017,Asian Hotels (East) Limited,INE926K01017,,AHLEAST,,,,,active
INE926X01010,H.G. Infra Engineering Limited,INE926X01010,,HGINFRA,,,,,active
INE927A01040,Rollatainers Limited,INE927A01040,,ROLLT,,,,,active
INE927C01020,DiGiSPICE Technologies Limited,INE927C01020,,DIGISPICE,,SMOBILITY|SPICEMOBI|SPICEMOBIL,,,active
INE927D01051,JBM Auto Limited,INE927D01051,,JBMA,,JBMAUTOCOM,,,active
INE927X01018,EL CID Investments Limited,INE927X01018,,ELCIDIN,,,,,active
INE928C01010,Dai-Ichi Karkaria Limited,INE928C01010,,DAICHI,,,,,active
INE930H01031,K.P.R. Mill Limited,INE930H01031,,KPRMILL,,,,,active
INE930P01018,Anupam Rasayan India Limited,INE930P01018,,ANURAS,,,,,active
INE931S01010,Adani Energy Solutions Limited,INE931S01010,,ADANIENSOL,,ADANITRANS,,,active
INE932A01024,Pennar Industries Limited,INE932A01024,,PENIND,,,,,active
INE932C01012,Tokyo Plast International Limited,INE932C01012,,TOKYOPLAST,,,,,active
INE932X01026,Share India Securities Limited,INE932X01026,,SHAREINDIA,,,,,active
INE933A01014,Lyka Labs Limited,INE933A01014,,LYKALABS,,,,,active
INE933B01012,SIGMA ADVANCED SYSTEMS LIMITED,INE933B01012,,SIGMAADV,,MEGASOFT,,,active
INE933K01021,Bajaj Consumer Care Limited,INE933K01021,,BAJAJCON,,BAJAJCORP,,,active
INE933S01016,Indiamart Intermesh Limited,INE933S01016,,INDIAMART,,,,,active
INE933X01016,Shanti Overseas (India) Limited,INE933X01016,,SHANTI,,,,,active
INE934C01018,Dr Agarwals Eye Hospital Limited,INE934C01018,,DRAGARWQ,,,,,active
INE934S01014,GNA Axles Limited,INE934S01014,,GNA,,,,,active
INE935A01035,Glenmark Pharmaceuticals Limited,INE935A01035,,GLENMARK,,,,,active
INE935B01025,Moschip Technologies Limited,INE935B01025,,MOSCHIP,,,,,active
INE935N01020,Dixon Technologies (India) Limited,INE935N01020,,DIXON,,,,,active
INE936B01015,Natural Capsules Limited,INE936B01015,,NATCAPSUQ,,,,,active
INE937A01023,SPML Infra Limited,INE937A01023,,SPMLINFRA,,SUBHASPROJ,,,active
INE937C01029,Nila Infrastructures Limited,INE937C01029,,NILAINFRA,,,,,active
INE938A01021,LCC Infotech Limited,INE938A01021,,LCCINFOTEC,,,,,active
INE938C01019,Lakshmi Mills Company Limited,INE938C01019,,LAKSHMIMIL,,,,,active
INE939A01011,Strides Pharma Science Limited,INE939A01011,,STAR,,,,,active
INE939X01013,Manba Finance Limited,INE939X01013,,MANBA,,,,,active
INE940H01022,Pearl Global Industries Limited,INE940H01022,,PGIL,,HOPFL,,,active
INE942C01045,Gujarat Themis Biosyn Limited,INE942C01045,,GUJTHEM,,,,,active
INE942G01012,Mcleod Russel India Limited,INE942G01012,,MCLEODRUSS,,,,,active
INE943D01017,MPS Limited,INE943D01017,,MPSLTD,,MACMILLAN,,,active
INE943P01029,Dr. Agarwal's Health Care Limited,INE943P01029,,AGARWALEYE,,,,,active
INE944F01028,Radico Khaitan Limited,INE944F01028,,RADICO,,,,,active
INE945F01025,Deccan Gold Mines Limited,INE945F01025,,DECNGOLD,,,,,active
INE945H01021,V2 Retail Limited,INE945H01021,,V2RETAIL,,VISHALRET,,,active
INE945P01024,Wardwizard Innovations & Mobility Limited,INE945P01024,,WARDINMOBI,,,,,active
INE946H01037,Vipul Limited,INE946H01037,,VIPULLTD,,,,,active
INE947A01014,Sunflag Iron And Steel Company Limited,INE947A01014,,SUNFLAG,,SUNFLAGIRN,,,active
INE947I01017,Lotus Eye Hospital and Institute Limited,INE947I01017,,LOTUSEYE,,,,,active
INE947J01015,Den Networks Limited,INE947J01015,,DEN,,,,,active
INE947N01017,Aequs Limited,INE947N01017,,AEQUS,,,,,active
INE947Q01028,Laurus Labs Limited,INE947Q01028,,LAURUSLABS,,,,,active
INE947T01022,Globe International Carriers Limited,INE947T01022,,GICL,,,,,active
INE948A01012,Trigyn Technologies Limited,INE948A01012,,TRIGYN,,LEADEDSYS,,,active
INE949H01023,Man Infraconstruction Limited,INE949H01023,,MANINFRA,,,,,active
INE949L01017,AU Small Finance Bank Limited,INE949L01017,,AUBANK,,,,,active
INE949P01018,Genus Paper & Boards Limited,INE949P01018,,GENUSPAPER,,,,,active
INE950I01011,D.B.Corp Limited,INE950I01011,,DBCORP,,,,,active
INE950M01013,Monte Carlo Fashions Limited,INE950M01013,,MONTECARLO,,,,,active
INE951D01028,Atul Auto Limited,INE951D01028,,ATULAUTO,,,,,active
INE951I01027,V-Guard Industries Limited,INE951I01027,,VGUARD,,,,,active
INE951M01037,RRIL Limited,INE951M01037,,RRIL,,,,,active
INE952H01027,Raj Television Network Limited,INE952H01027,,RAJTV,,,,,active
INE953E01022,KSE Limited,INE953E01022,,KSE,,,,,active
INE953L01027,Jana Small Finance Bank Limited,INE953L01027,,JSFB,,,,,active
INE953O01021,Sansera Engineering Limited,INE953O01021,,SANSERA,,,,,active
INE953R01016,P N Gadgil Jewellers Limited,INE953R01016,,PNGJL,,,,,active
INE954E01012,Mohit Industries Limited,INE954E01012,,MOHITIND,,,,,active
INE955D01029,Genus Power Infrastructures Limited,INE955D01029,,GENUSPOWER,,GENUSOVERE,,,active
INE955I01044,Sejal Glass Limited,INE955I01044,,SEJALLTD,,,,,active
INE955V01021,Arvind Fashions Limited,INE955V01021,,ARVINDFASN,,,,,active
INE956G01038,VA Tech Wabag Limited,INE956G01038,,WABAG,,VATECH,,,active
INE956O01016,Lenskart Solutions Limited,INE956O01016,,LENSKART,,,,,active
INE959A01019,Privi Speciality Chemicals Limited,INE959A01019,,PRIVISCL,,ADI|FAIRCHEM,,,active
INE959C01023,Oriental Aromatics Limited,INE959C01023,,OAL,,,,,active
INE960A01017,Shilp Gravures Limited,INE960A01017,,SHILGRAVQ,,,,,active
INE960E01019,Shiva Global Agro Industries Limited,INE960E01019,,SHIVAAGRO,,,,,active
INE961D01019,United Drilling Tools Limited,INE961D01019,,UNIDT,,,,,active
INE961O01016,Rainbow Childrens Medicare Limited,INE961O01016,,RAINBOW,,,,,active
INE962C01035,Eastern Silk Industries Limited,INE962C01035,,EASTSILK,,,,,active
INE962Y01021,Ircon International Limited,INE962Y01021,,IRCON,,,,,active
INE963C01033,Faze Three Limited,INE963C01033,,FAZE3Q,,,,,active
INE964H01014,SEPC Limited,INE964H01014,,SEPC,,,,,active
INE964W01021,M K Proteins Limited,INE964W01021,,MKPL,,,,,active
INE965B01022,Hybrid Financial Services Limited,INE965B01022,,HYBRIDFIN,,,,,active
INE965H01011,Siti Networks Limited,INE965H01011,,SITINET,,SITICABLE|WWIL,,,active
INE965W01036,BMW Ventures Limited,INE965W01036,,BMWVENTLTD,,,,,active
INE966A01022,Dolat Algotech Limited,INE966A01022,,DOLATALGO,,DOLAT,,,active
INE966H01019,Zee Media Corporation Limited,INE966H01019,,ZEEMEDIA,,ZEENEWS,,,active
INE967A01012,Swarnsarita Jewels India Limited,INE967A01012,,SWARNSAR,,,,,active
INE967B01028,SGL Resources Limited,INE967B01028,,SGLRES,,,,,active
INE967C01018,Kamat Hotels (I) Limited,INE967C01018,,KAMATHOTEL,,,,,active
INE967G01019,Saraswati Commercial India Limited,INE967G01019,,ZSARACOM,,,,,active
INE967H01025,Krishna Institute of Medical Sciences Limited,INE967H01025,,KIMS,,,,,active
INE968D01022,Arshiya Limited,INE968D01022,,ARSHIYA,,,,,active
INE970D01010,Loyal Textile Mills Limited,INE970D01010,,LOYALTEX,,,,,active
INE970N01027,Spacenet Enterprises India Limited,INE970N01027,,SPCENET,,,,,active
INE970X01018,Lemon Tree Hotels Limited,INE970X01018,,LEMONTREE,,,,,active
INE972A01020,Kothari Industrial Corporation Limited,INE972A01020,,KOTIC,,,,,active
INE972X01022,Vaishali Pharma Limited,INE972X01022,,VAISHALI,,,,,active
INE973A01010,Golden Tobacco Limited,INE973A01010,,GOLDENTOBC,,GTCIND,,,active
INE974B01016,Cheviot Company Limited,INE974B01016,,CHEVIOT,,,,,active
INE974X01010,Tube Investments of India Limited,INE974X01010,,TIINDIA,,,,,active
INE974Z01015,Priti International Limited,INE974Z01015,,PRITI,,,,,active
INE975G01012,IL&FS Transportation Networks Limited,INE975G01012,,IL&FSTRANS,,ILFSTRANS,,,active
INE976A01021,West Coast Paper Mills Limited,INE976A01021,,WSTCSTPAPR,,,,,active
INE976E01023,Foods & Inns Limited,INE976E01023,,FOODSIN,,,,,active
INE976G01028,RBL Bank Limited,INE976G01028,,RBLBANK,,,,,active
INE976I01016,Tata Capital Limited,INE976I01016,,TATACAP,,,,,active
INE976R01033,Agi Infra Limited,INE976R01033,,AGIIL,,,,,active
INE976T01013,Sagardeep Alloys Limited,INE976T01013,,SAGARDEEP,,,,,active
INE977Y01011,Brand Concepts Limited,INE977Y01011,,BCONCEPTS,,,,,active
INE978A01027,Heritage Foods Limited,INE978A01027,,HERITGFOOD,,,,,active
INE978G01016,SPL Industries Limited,INE978G01016,,SPLIL,,,,,active
INE979A01025,Saregama India Limited,INE979A01025,,SAREGAMA,,GRAMOPHONE,,,active
INE979B01015,Hawkins Cookers Limited,INE979B01015,,HAWKINCOOK,,,,,active
INE979R01011,Shyam Century Ferrous Limited,INE979R01011,,SHYAMCENT,,,,,active
INE980O01024,Jyoti CNC Automation Limited,INE980O01024,,JYOTICNC,,,,,active
INE980Y01015,South West Pinnacle Exploration Limited,INE980Y01015,,SOUTHWEST,,,,,active
INE982B01027,ADF Foods Limited,INE982B01027,,ADFFOODS,,,,,active
INE982F01036,Hathway Cable & Datacom Limited,INE982F01036,,HATHWAY,,,,,active
INE982J01020,One 97 Communications Limited,INE982J01020,,PAYTM,,,,,active
INE982V01025,Jet Freight Logistics Limited,INE982V01025,,JETFREIGHT,,,,,active
INE985A01022,Sinclairs Hotels Limited,INE985A01022,,SINCLAIR,,,,,active
INE985S01024,Teamlease Services Limited,INE985S01024,,TEAMLEASE,,,,,active
INE985W01018,Creative Newtech Limited,INE985W01018,,CNL,,CREATIVE,,,active
INE986A01012,Bilcare Limited,INE986A01012,,BI,,,,,active
INE987A01010,Makers Laboratories Limited,INE987A01010,,MAKERSL,,,,,active
INE987B01026,Natco Pharma Limited,INE987B01026,,NATCOPHARM,,,,,active
INE987S01020,KSH International Limited,INE987S01020,,KSHINTL,,,,,active
INE988S01028,Apeejay Surrendra Park Hotels Limited,INE988S01028,,PARKHOTELS,,,,,active
INE989A01032,Sanghvi Movers Limited,INE989A01032,,SANGHVIMOV,,,,,active
INE989C01038,Diamond Power Infrastructure Limited,INE989C01038,,DIACABS,,,,,active
INE991I01015,Aspinwall and Company Limited,INE991I01015,,ASPINWALL,,,,,active
INE992I01013,Starteck Finance Limited,INE992I01013,,STARTECK,,,,,active
INE993A01026,Man Industries (India) Limited,INE993A01026,,MANINDS,,MANALUMN,,,active
INE994E01018,3B Blackbio Dx Limited,INE994E01018,,3BBLACKBIO,,,,,active
INE995D01025,Chembond Material Technologies Limited,INE995D01025,,CHEMBOND,,,,,active
INE995S01015,Niva Bupa Health Insurance Company Limited,INE995S01015,,NIVABUPA,,,,,active
INE997I01012,Shri Krishna Devcon Limited,INE997I01012,,SHRIKRISH,,,,,active
INE997Y01027,Mittal Life Style Limited,INE997Y01027,,MITTAL,,,,,active
INE998H01012,Oriental Trimex Limited,INE998H01012,,ORIENTALTL,,OTL,,,active
INE998I01010,Mahindra Holidays & Resorts India Limited,INE998I01010,,MHRIL,,,,,active
INE999A01023,Ksb Limited,INE999A01023,,KSB,,KSBPUMPS,,,active
INE999K01014,Orient Green Power Company Limited,INE999K01014,,GREENPOWER,,,,,active
